{
  "type": "FeatureCollection",
  "features": [
    {
      "type": "Feature",
      "properties": {
        "id": 94331147,
        "addr:housenumber": "G27",
        "building": "yes",
        "is_in": "Universiti Sains Malaysia",
        "name": "G27 Dewan Kuliah S T U W dan W",
        "name:en": "G27 Lecture Theatres S T U V and W",
        "name:ms": "G27 Dewan Kuliah S T U W dan W"
      },
      "geometry": {
        "type": "Polygon",
        "coordinates": [
          [
            [
              100.3013347,
              5.3569124
            ],
            [
              100.3015032,
              5.3569092
            ],
            [
              100.3015808,
              5.3569077
            ],
            [
              100.3016546,
              5.3569063
            ],
            [
              100.3018363,
              5.3569029
            ],
            [
              100.3018336,
              5.3567614
            ],
            [
              100.3018334,
              5.3567493
            ],
            [
              100.3017425,
              5.356751
            ],
            [
              100.3017311,
              5.3567071
            ],
            [
              100.3018832,
              5.356674
            ],
            [
              100.3019536,
              5.356641
            ],
            [
              100.3020263,
              5.3565897
            ],
            [
              100.3019234,
              5.356445
            ],
            [
              100.3017643,
              5.3565157
            ],
            [
              100.3016588,
              5.3565428
            ],
            [
              100.3014897,
              5.3565427
            ],
            [
              100.3013698,
              5.3565122
            ],
            [
              100.3012183,
              5.3564432
            ],
            [
              100.3011104,
              5.3565886
            ],
            [
              100.3011782,
              5.3566384
            ],
            [
              100.3012663,
              5.3566789
            ],
            [
              100.3014142,
              5.3567108
            ],
            [
              100.3014059,
              5.3567573
            ],
            [
              100.3013318,
              5.3567587
            ],
            [
              100.301332,
              5.356769
            ],
            [
              100.3013347,
              5.3569124
            ]
          ]
        ]
      }
    },
    {
      "type": "Feature",
      "properties": {
        "id": 94331153,
        "addr:housenumber": "G03",
        "building": "university",
        "is_in": "Universiti Sains Malaysia",
        "name": "G03 Dewan Kuliah G-R",
        "name:en": "G03 Lecture Theatres G-R",
        "name:ms": "G03 Dewan Kuliah G-R"
      },
      "geometry": {
        "type": "Polygon",
        "coordinates": [
          [
            [
              100.3027058,
              5.357256
            ],
            [
              100.3027037,
              5.3571143
            ],
            [
              100.302687,
              5.3571145
            ],
            [
              100.3026871,
              5.3570705
            ],
            [
              100.3026759,
              5.3570688
            ],
            [
              100.3026531,
              5.3570653
            ],
            [
              100.3026532,
              5.3570293
            ],
            [
              100.3025852,
              5.3570008
            ],
            [
              100.3025581,
              5.3570332
            ],
            [
              100.3025291,
              5.3570166
            ],
            [
              100.3025014,
              5.3570502
            ],
            [
              100.3024706,
              5.357025
            ],
            [
              100.302072,
              5.3566999
            ],
            [
              100.3019727,
              5.3568209
            ],
            [
              100.3018425,
              5.3569792
            ],
            [
              100.3022828,
              5.3573435
            ],
            [
              100.3023882,
              5.3572173
            ],
            [
              100.3023928,
              5.3572213
            ],
            [
              100.3024319,
              5.3572553
            ],
            [
              100.3026035,
              5.3573134
            ],
            [
              100.3026095,
              5.3573135
            ],
            [
              100.3026593,
              5.3573139
            ],
            [
              100.3026595,
              5.3572845
            ],
            [
              100.3026597,
              5.3572557
            ],
            [
              100.3027058,
              5.357256
            ]
          ]
        ]
      }
    },
    {
      "type": "Feature",
      "properties": {
        "id": 94505974,
        "building": "yes",
        "building:levels": "2",
        "is_in": "Universiti Sains Malaysia",
        "name": "C24 Institut Pengajian Siswazah (IPS)",
        "name:en": "C24 Institute of Postgraduate Studies",
        "name:ms": "C24 Institut Pengajian Siswazah (IPS)"
      },
      "geometry": {
        "type": "Polygon",
        "coordinates": [
          [
            [
              100.3037309,
              5.3574111
            ],
            [
              100.3039042,
              5.3575189
            ],
            [
              100.3039249,
              5.3574858
            ],
            [
              100.3039201,
              5.3574828
            ],
            [
              100.3039362,
              5.3574567
            ],
            [
              100.3039922,
              5.3573683
            ],
            [
              100.3039567,
              5.3573462
            ],
            [
              100.3039753,
              5.3573165
            ],
            [
              100.3040109,
              5.3573387
            ],
            [
              100.3040225,
              5.3573204
            ],
            [
              100.3040424,
              5.3572881
            ],
            [
              100.3040069,
              5.3572661
            ],
            [
              100.3040232,
              5.3572401
            ],
            [
              100.3040657,
              5.3572665
            ],
            [
              100.3040847,
              5.3572361
            ],
            [
              100.3041015,
              5.3572466
            ],
            [
              100.3041272,
              5.3572059
            ],
            [
              100.3041064,
              5.3571929
            ],
            [
              100.3041275,
              5.3571593
            ],
            [
              100.3040959,
              5.3571396
            ],
            [
              100.3040561,
              5.3571149
            ],
            [
              100.3039557,
              5.3570525
            ],
            [
              100.3038679,
              5.357192
            ],
            [
              100.3038564,
              5.3572109
            ],
            [
              100.3038457,
              5.3572285
            ],
            [
              100.3037309,
              5.3574111
            ]
          ]
        ]
      }
    },
    {
      "type": "Feature",
      "properties": {
        "id": 94972845,
        "addr:housenumber": "3",
        "building": "university",
        "building:levels": "4",
        "is_in": "Universiti Sains Malaysia",
        "name": "G06 Pusat Pengajian Sains Fizik",
        "name:en": "G06 School of Physics",
        "name:ms": "G06 Pusat Pengajian Sains Fizik"
      },
      "geometry": {
        "type": "Polygon",
        "coordinates": [
          [
            [
              100.3025355,
              5.3582745
            ],
            [
              100.3025361,
              5.3583289
            ],
            [
              100.3025904,
              5.3583283
            ],
            [
              100.3025891,
              5.3582207
            ],
            [
              100.3025879,
              5.3581338
            ],
            [
              100.3019596,
              5.3581405
            ],
            [
              100.3019617,
              5.3583338
            ],
            [
              100.3020173,
              5.3583332
            ],
            [
              100.3020167,
              5.3582763
            ],
            [
              100.3022038,
              5.3582743
            ],
            [
              100.302206,
              5.3584836
            ],
            [
              100.3019633,
              5.3584862
            ],
            [
              100.301964,
              5.3585624
            ],
            [
              100.3019449,
              5.3585626
            ],
            [
              100.3019454,
              5.3586146
            ],
            [
              100.3019647,
              5.3586144
            ],
            [
              100.301965,
              5.3586445
            ],
            [
              100.3025986,
              5.3586379
            ],
            [
              100.3025983,
              5.3586054
            ],
            [
              100.3026202,
              5.3586051
            ],
            [
              100.3026194,
              5.3585465
            ],
            [
              100.3026001,
              5.3585467
            ],
            [
              100.3025992,
              5.3584767
            ],
            [
              100.3023485,
              5.3584795
            ],
            [
              100.3023462,
              5.3582766
            ],
            [
              100.3025355,
              5.3582745
            ]
          ]
        ]
      }
    },
    {
      "type": "Feature",
      "properties": {
        "id": 95038738,
        "building": "yes",
        "building:levels": "1",
        "name": "G05",
        "name:en": "G05",
        "name:ms": "G05"
      },
      "geometry": {
        "type": "Polygon",
        "coordinates": [
          [
            [
              100.3028351,
              5.3581028
            ],
            [
              100.3026163,
              5.3581053
            ],
            [
              100.3026176,
              5.3582203
            ],
            [
              100.3025891,
              5.3582207
            ],
            [
              100.3025904,
              5.3583283
            ],
            [
              100.3026168,
              5.358328
            ],
            [
              100.3026185,
              5.358471
            ],
            [
              100.3028394,
              5.3584685
            ],
            [
              100.3028384,
              5.3583908
            ],
            [
              100.3028382,
              5.3583671
            ],
            [
              100.3028371,
              5.3582725
            ],
            [
              100.3028364,
              5.3582189
            ],
            [
              100.3028351,
              5.3581028
            ]
          ]
        ]
      }
    },
    {
      "type": "Feature",
      "properties": {
        "id": 136567978,
        "building": "public",
        "name": "E46 Eureka Complex USM",
        "name:en": "E46 Eureka Complex USM"
      },
      "geometry": {
        "type": "Polygon",
        "coordinates": [
          [
            [
              100.3028144,
              5.3545936
            ],
            [
              100.302874,
              5.3543903
            ],
            [
              100.3026499,
              5.3543254
            ],
            [
              100.3028579,
              5.3535544
            ],
            [
              100.3032436,
              5.3536672
            ],
            [
              100.3032231,
              5.3537445
            ],
            [
              100.3033496,
              5.3537828
            ],
            [
              100.3033014,
              5.3540361
            ],
            [
              100.3031549,
              5.3540048
            ],
            [
              100.3030853,
              5.3542441
            ],
            [
              100.3032307,
              5.3542853
            ],
            [
              100.3031661,
              5.3544775
            ],
            [
              100.3030332,
              5.3544394
            ],
            [
              100.3029689,
              5.3546344
            ],
            [
              100.3028144,
              5.3545936
            ]
          ]
        ]
      }
    },
    {
      "type": "Feature",
      "properties": {
        "id": 139062076,
        "building": "university",
        "name": "M01 Desasiswa Restu"
      },
      "geometry": {
        "type": "Polygon",
        "coordinates": [
          [
            [
              100.289068,
              5.3558556
            ],
            [
              100.2889833,
              5.3559386
            ],
            [
              100.2888809,
              5.3560391
            ],
            [
              100.2890137,
              5.3561733
            ],
            [
              100.2891164,
              5.3560725
            ],
            [
              100.2891992,
              5.3559913
            ],
            [
              100.2893856,
              5.3561795
            ],
            [
              100.2895336,
              5.3560341
            ],
            [
              100.2893431,
              5.3558419
            ],
            [
              100.2895385,
              5.3556499
            ],
            [
              100.2894025,
              5.3555126
            ],
            [
              100.2894017,
              5.3555122
            ],
            [
              100.289201,
              5.3557091
            ],
            [
              100.2889951,
              5.355501
            ],
            [
              100.288854,
              5.3556394
            ],
            [
              100.289068,
              5.3558556
            ]
          ]
        ]
      }
    },
    {
      "type": "Feature",
      "properties": {
        "id": 160314142,
        "building": "yes",
        "name": "B01 Muzium & Galeri Tengku Fauziah",
        "name:ms": "B01 Muzium & Galeri Tengku Fauziah",
        "tourism": "museum"
      },
      "geometry": {
        "type": "Polygon",
        "coordinates": [
          [
            [
              100.3065315,
              5.3605797
            ],
            [
              100.3066352,
              5.3605073
            ],
            [
              100.3067588,
              5.3606827
            ],
            [
              100.3067799,
              5.3606679
            ],
            [
              100.3068049,
              5.3607034
            ],
            [
              100.3067955,
              5.36071
            ],
            [
              100.3069043,
              5.3608642
            ],
            [
              100.3069163,
              5.3608558
            ],
            [
              100.3069456,
              5.3609038
            ],
            [
              100.3069243,
              5.3609205
            ],
            [
              100.307033,
              5.3610735
            ],
            [
              100.3069172,
              5.3611531
            ],
            [
              100.3068801,
              5.361105
            ],
            [
              100.306747,
              5.3611994
            ],
            [
              100.3066387,
              5.361046
            ],
            [
              100.3065323,
              5.3611205
            ],
            [
              100.3064408,
              5.3609911
            ],
            [
              100.306557,
              5.3609097
            ],
            [
              100.3065663,
              5.3609229
            ],
            [
              100.306705,
              5.3608261
            ],
            [
              100.3065315,
              5.3605797
            ]
          ]
        ]
      }
    },
    {
      "type": "Feature",
      "properties": {
        "id": 170660275,
        "building": "university",
        "name": "A04 Rumah Merah",
        "name:en": "A04 Red House",
        "name:ms": "A04 Rumah Merah"
      },
      "geometry": {
        "type": "Polygon",
        "coordinates": [
          [
            [
              100.3078849,
              5.3584623
            ],
            [
              100.3079435,
              5.3584719
            ],
            [
              100.307951,
              5.3584267
            ],
            [
              100.3081775,
              5.3584638
            ],
            [
              100.3081682,
              5.35852
            ],
            [
              100.3082166,
              5.358528
            ],
            [
              100.3081948,
              5.3586599
            ],
            [
              100.3078612,
              5.3586051
            ],
            [
              100.3078849,
              5.3584623
            ]
          ]
        ]
      }
    },
    {
      "type": "Feature",
      "properties": {
        "id": 205802398,
        "building": "university",
        "is_in": "Universiti Sains Malaysia",
        "name": "H17"
      },
      "geometry": {
        "type": "Polygon",
        "coordinates": [
          [
            [
              100.3013544,
              5.3608581
            ],
            [
              100.3014893,
              5.3608641
            ],
            [
              100.3014953,
              5.3607309
            ],
            [
              100.3015428,
              5.3607331
            ],
            [
              100.3015491,
              5.3605954
            ],
            [
              100.3015927,
              5.3605973
            ],
            [
              100.301599,
              5.3604588
            ],
            [
              100.3016412,
              5.3604607
            ],
            [
              100.3016473,
              5.3603244
            ],
            [
              100.3015026,
              5.360318
            ],
            [
              100.3014964,
              5.3604557
            ],
            [
              100.3014593,
              5.3604541
            ],
            [
              100.3014533,
              5.3605874
            ],
            [
              100.3014079,
              5.3605854
            ],
            [
              100.3014015,
              5.3607257
            ],
            [
              100.3013605,
              5.3607238
            ],
            [
              100.3013544,
              5.3608581
            ]
          ]
        ]
      }
    },
    {
      "type": "Feature",
      "properties": {
        "id": 205802399,
        "building": "university",
        "building:levels": "6",
        "is_in": "Universiti Sains Malaysia",
        "name": "H51 Rumah Antarabangsa",
        "name:en": "H51 International House",
        "name:ms": "H51 Rumah Antarabangsa"
      },
      "geometry": {
        "type": "Polygon",
        "coordinates": [
          [
            [
              100.3009074,
              5.3589289
            ],
            [
              100.3009087,
              5.358805
            ],
            [
              100.3010407,
              5.3588065
            ],
            [
              100.3012096,
              5.3588083
            ],
            [
              100.3012098,
              5.3587941
            ],
            [
              100.3013408,
              5.3587955
            ],
            [
              100.301341,
              5.3587784
            ],
            [
              100.301477,
              5.3587798
            ],
            [
              100.3015322,
              5.3588324
            ],
            [
              100.301531,
              5.358934
            ],
            [
              100.3015086,
              5.3589338
            ],
            [
              100.3015064,
              5.3591282
            ],
            [
              100.3014888,
              5.359128
            ],
            [
              100.3014886,
              5.3591504
            ],
            [
              100.3014591,
              5.35915
            ],
            [
              100.3014588,
              5.3591732
            ],
            [
              100.3013745,
              5.3591722
            ],
            [
              100.3013764,
              5.3589998
            ],
            [
              100.3013771,
              5.3589341
            ],
            [
              100.3013417,
              5.3589337
            ],
            [
              100.3010388,
              5.3589303
            ],
            [
              100.3009558,
              5.3589294
            ],
            [
              100.3009405,
              5.3589292
            ],
            [
              100.3009074,
              5.3589289
            ]
          ]
        ]
      }
    },
    {
      "type": "Feature",
      "properties": {
        "id": 205809094,
        "building": "university",
        "building:levels": "2",
        "is_in": "Universiti Sains Malaysia",
        "name": "C21 Dewan Persidangan Universiti",
        "name:en": "C21 University Conference Hall",
        "name:ms": "C21 Dewan Persidangan Universiti"
      },
      "geometry": {
        "type": "Polygon",
        "coordinates": [
          [
            [
              100.30585,
              5.3590197
            ],
            [
              100.3056728,
              5.3588086
            ],
            [
              100.3058645,
              5.3586495
            ],
            [
              100.3060505,
              5.3588635
            ],
            [
              100.30585,
              5.3590197
            ]
          ]
        ]
      }
    },
    {
      "type": "Feature",
      "properties": {
        "id": 205809095,
        "building": "university",
        "is_in": "Universiti Sains Malaysia",
        "name": "C22 Canselori",
        "name:en": "C22 Chancellory",
        "name:ms": "C22 Canselori"
      },
      "geometry": {
        "type": "Polygon",
        "coordinates": [
          [
            [
              100.3056893,
              5.3586807
            ],
            [
              100.3055198,
              5.3584552
            ],
            [
              100.3055507,
              5.3581282
            ],
            [
              100.3057858,
              5.3579442
            ],
            [
              100.3059153,
              5.3581083
            ],
            [
              100.3058602,
              5.3581514
            ],
            [
              100.3059314,
              5.3582416
            ],
            [
              100.3059013,
              5.3584748
            ],
            [
              100.305821,
              5.3585346
            ],
            [
              100.3058441,
              5.3585653
            ],
            [
              100.3056893,
              5.3586807
            ]
          ]
        ]
      }
    },
    {
      "type": "Feature",
      "properties": {
        "id": 205809097,
        "building": "university",
        "building:levels": "2",
        "is_in": "Universiti Sains Malaysia",
        "name": "C09 Pusat Mobiliti dan Kolaborasi Antarabangsa",
        "name:en": "C09 International Mobility and Collaboration Centre (IMCC)",
        "name:ms": "C09 Pusat Mobiliti dan Kolaborasi Antarabangsa"
      },
      "geometry": {
        "type": "Polygon",
        "coordinates": [
          [
            [
              100.304834,
              5.3578268
            ],
            [
              100.3051475,
              5.3574265
            ],
            [
              100.3052371,
              5.3574961
            ],
            [
              100.3049235,
              5.3578963
            ],
            [
              100.304834,
              5.3578268
            ]
          ]
        ]
      }
    },
    {
      "type": "Feature",
      "properties": {
        "id": 205809098,
        "building": "university",
        "building:levels": "2",
        "is_in": "Universiti Sains Malaysia",
        "name": "C04 Jabatan Bendahari",
        "name:ms": "C04 Jabatan Bendahari"
      },
      "geometry": {
        "type": "Polygon",
        "coordinates": [
          [
            [
              100.305509,
              5.358888
            ],
            [
              100.3054695,
              5.3588373
            ],
            [
              100.3054813,
              5.3588282
            ],
            [
              100.3053606,
              5.358673
            ],
            [
              100.3053509,
              5.3586805
            ],
            [
              100.305305,
              5.3586215
            ],
            [
              100.3053429,
              5.3585923
            ],
            [
              100.3053362,
              5.3585836
            ],
            [
              100.3053798,
              5.35855
            ],
            [
              100.3053893,
              5.3585622
            ],
            [
              100.3054171,
              5.3585408
            ],
            [
              100.3056211,
              5.3588029
            ],
            [
              100.3055926,
              5.3588249
            ],
            [
              100.3055993,
              5.3588334
            ],
            [
              100.3055535,
              5.3588686
            ],
            [
              100.3055463,
              5.3588593
            ],
            [
              100.305509,
              5.358888
            ]
          ]
        ]
      }
    },
    {
      "type": "Feature",
      "properties": {
        "id": 205809101,
        "building": "university",
        "is_in": "Universiti Sains Malaysia",
        "name": "C10 Pusat Pengajian Komunikasi",
        "name:en": "C10 School of Communication",
        "name:ms": "C10 Pusat Pengajian Komunikasi"
      },
      "geometry": {
        "type": "Polygon",
        "coordinates": [
          [
            [
              100.3042969,
              5.3578138
            ],
            [
              100.3043736,
              5.3578608
            ],
            [
              100.3043557,
              5.3578898
            ],
            [
              100.3044471,
              5.3579459
            ],
            [
              100.304652,
              5.3576146
            ],
            [
              100.3045625,
              5.3575598
            ],
            [
              100.3045513,
              5.3575778
            ],
            [
              100.3044726,
              5.3575295
            ],
            [
              100.3042969,
              5.3578138
            ]
          ]
        ]
      }
    },
    {
      "type": "Feature",
      "properties": {
        "id": 205809102,
        "building": "university",
        "is_in": "Universiti Sains Malaysia",
        "name": "C20 Pusat Pengajian Ilmu Kemanusiaan",
        "name:en": "C20 School of Humanities",
        "name:ms": "C20 Pusat Pengajian Ilmu Kemanusiaan"
      },
      "geometry": {
        "type": "Polygon",
        "coordinates": [
          [
            [
              100.3036091,
              5.3582735
            ],
            [
              100.3036495,
              5.358285
            ],
            [
              100.3037582,
              5.3583176
            ],
            [
              100.3038096,
              5.3583323
            ],
            [
              100.3039694,
              5.3577927
            ],
            [
              100.3037688,
              5.3577338
            ],
            [
              100.3036091,
              5.3582735
            ]
          ]
        ]
      }
    },
    {
      "type": "Feature",
      "properties": {
        "id": 205809104,
        "building": "university",
        "building:levels": "2",
        "is_in": "Universiti Sains Malaysia",
        "name": "C03 Pusat Perancangan Institusi & Strategik",
        "name:en": "C03 Institutional Planning & Strategic Centre (IPSC)",
        "name:ms": "C03 Pusat Perancangan Institusi & Strategik"
      },
      "geometry": {
        "type": "Polygon",
        "coordinates": [
          [
            [
              100.3052383,
              5.358365
            ],
            [
              100.3054401,
              5.3584072
            ],
            [
              100.3054637,
              5.3582022
            ],
            [
              100.3052862,
              5.3581584
            ],
            [
              100.3052383,
              5.358365
            ]
          ]
        ]
      }
    },
    {
      "type": "Feature",
      "properties": {
        "id": 205816678,
        "amenity": "library",
        "building": "university",
        "building:levels": "5",
        "is_in": "Universiti Sains Malaysia",
        "name": "G02A Perpustakaan Hamzah Sendut 1",
        "name:en": "G02A Hamzah Sendut Library 1",
        "name:ms": "G02A Perpustakaan Hamzah Sendut 1"
      },
      "geometry": {
        "type": "Polygon",
        "coordinates": [
          [
            [
              100.3032288,
              5.3583603
            ],
            [
              100.3032535,
              5.3583603
            ],
            [
              100.3033189,
              5.3583603
            ],
            [
              100.3033189,
              5.3583784
            ],
            [
              100.3033503,
              5.3583886
            ],
            [
              100.3034325,
              5.3584154
            ],
            [
              100.3034714,
              5.3582975
            ],
            [
              100.3034863,
              5.3583024
            ],
            [
              100.3035256,
              5.3581831
            ],
            [
              100.3035285,
              5.3581744
            ],
            [
              100.3035556,
              5.3581744
            ],
            [
              100.3035556,
              5.3581255
            ],
            [
              100.3035724,
              5.3581189
            ],
            [
              100.303586,
              5.3581071
            ],
            [
              100.3035948,
              5.3580915
            ],
            [
              100.3035979,
              5.3580738
            ],
            [
              100.3035948,
              5.3580561
            ],
            [
              100.3035859,
              5.3580404
            ],
            [
              100.3035723,
              5.3580287
            ],
            [
              100.3035555,
              5.3580221
            ],
            [
              100.3035554,
              5.3579779
            ],
            [
              100.3035319,
              5.3579779
            ],
            [
              100.3035319,
              5.3579693
            ],
            [
              100.3035319,
              5.3578905
            ],
            [
              100.3036036,
              5.3578905
            ],
            [
              100.3036036,
              5.3577891
            ],
            [
              100.3035323,
              5.3577891
            ],
            [
              100.303519,
              5.3577895
            ],
            [
              100.3035061,
              5.3577898
            ],
            [
              100.3035062,
              5.3578003
            ],
            [
              100.3034608,
              5.3578009
            ],
            [
              100.3034608,
              5.3578993
            ],
            [
              100.303319,
              5.3578994
            ],
            [
              100.3033193,
              5.357932
            ],
            [
              100.3033193,
              5.3579646
            ],
            [
              100.3033191,
              5.3580572
            ],
            [
              100.3033191,
              5.3580844
            ],
            [
              100.3033191,
              5.358163
            ],
            [
              100.3032704,
              5.358163
            ],
            [
              100.3032412,
              5.3581628
            ],
            [
              100.3032415,
              5.3582584
            ],
            [
              100.3032287,
              5.3582584
            ],
            [
              100.3032288,
              5.3583603
            ]
          ]
        ]
      }
    },
    {
      "type": "Feature",
      "properties": {
        "id": 205816679,
        "amenity": "post_office",
        "building": "university",
        "is_in": "Universiti Sains Malaysia",
        "name": "C18 Pejabat Pos Universiti Sains Malaysia",
        "name:ms": "C18 Pejabat Pos Universiti Sains Malaysia",
        "operator": "Pos Malaysia",
        "operator:wikidata": "Q6112623",
        "operator:wikipedia": "en:Pos Malaysia",
        "short_name": "Pejabat Pos USM"
      },
      "geometry": {
        "type": "Polygon",
        "coordinates": [
          [
            [
              100.3036487,
              5.3567809
            ],
            [
              100.3037573,
              5.3566518
            ],
            [
              100.3038393,
              5.3567201
            ],
            [
              100.3037676,
              5.3568054
            ],
            [
              100.303793,
              5.3568265
            ],
            [
              100.3038135,
              5.3568021
            ],
            [
              100.3038541,
              5.3568359
            ],
            [
              100.3037872,
              5.3569154
            ],
            [
              100.3037457,
              5.3568808
            ],
            [
              100.3037759,
              5.3568449
            ],
            [
              100.3037521,
              5.3568251
            ],
            [
              100.3037313,
              5.3568498
            ],
            [
              100.3036487,
              5.3567809
            ]
          ]
        ]
      }
    },
    {
      "type": "Feature",
      "properties": {
        "id": 205875598,
        "building": "university",
        "is_in": "Universiti Sains Malaysia"
      },
      "geometry": {
        "type": "Polygon",
        "coordinates": [
          [
            [
              100.3054736,
              5.3572807
            ],
            [
              100.3054834,
              5.3572432
            ],
            [
              100.3055175,
              5.3571137
            ],
            [
              100.3056455,
              5.3571471
            ],
            [
              100.3056016,
              5.3573141
            ],
            [
              100.3054736,
              5.3572807
            ]
          ]
        ]
      }
    },
    {
      "type": "Feature",
      "properties": {
        "id": 205875599,
        "building": "university",
        "building:levels": "2",
        "is_in": "Universiti Sains Malaysia",
        "name": "H23 Pusat Perumahan dan Penginapan",
        "name:en": "H23 Housing and Accomodation Centre"
      },
      "geometry": {
        "type": "Polygon",
        "coordinates": [
          [
            [
              100.3022518,
              5.3603088
            ],
            [
              100.3024325,
              5.3602779
            ],
            [
              100.3024157,
              5.36018
            ],
            [
              100.3024554,
              5.3601732
            ],
            [
              100.3024417,
              5.3600936
            ],
            [
              100.3023987,
              5.3601009
            ],
            [
              100.3023781,
              5.3599814
            ],
            [
              100.3022024,
              5.3600115
            ],
            [
              100.3022195,
              5.3601108
            ],
            [
              100.3021363,
              5.360125
            ],
            [
              100.3021502,
              5.3602058
            ],
            [
              100.3022317,
              5.3601918
            ],
            [
              100.3022518,
              5.3603088
            ]
          ]
        ]
      }
    },
    {
      "type": "Feature",
      "properties": {
        "id": 205875600,
        "building": "university",
        "name": "D12",
        "name:en": "D12",
        "name:ms": "D12"
      },
      "geometry": {
        "type": "Polygon",
        "coordinates": [
          [
            [
              100.3054834,
              5.3572432
            ],
            [
              100.3054112,
              5.3572241
            ],
            [
              100.3054015,
              5.3572603
            ],
            [
              100.3052254,
              5.3572138
            ],
            [
              100.3052701,
              5.357046
            ],
            [
              100.3052939,
              5.3570522
            ],
            [
              100.3053108,
              5.3569884
            ],
            [
              100.3054999,
              5.3570383
            ],
            [
              100.3054825,
              5.3571037
            ],
            [
              100.3055175,
              5.3571137
            ],
            [
              100.3054834,
              5.3572432
            ]
          ]
        ]
      }
    },
    {
      "type": "Feature",
      "properties": {
        "id": 205875602,
        "alt_name": "Old Library Building",
        "alt_name:en": "Old Library Building",
        "amenity": "library",
        "building": "yes",
        "is_in": "Universiti Sains Malaysia",
        "name": "E41 Perpustakaan Hamzah Sendut 2",
        "name:en": "E41 Hamzah Sendut Library 2",
        "name:ms": "E41 Perpustakaan Hamzah Sendut 2"
      },
      "geometry": {
        "type": "Polygon",
        "coordinates": [
          [
            [
              100.3036101,
              5.3550334
            ],
            [
              100.303339,
              5.3544955
            ],
            [
              100.3035937,
              5.3543728
            ],
            [
              100.3038669,
              5.3549025
            ],
            [
              100.3036101,
              5.3550334
            ]
          ]
        ]
      }
    },
    {
      "type": "Feature",
      "properties": {
        "id": 205875603,
        "building": "university",
        "building:levels": "3",
        "is_in": "Universiti Sains Malaysia",
        "name": "D19 Anjung Semarak"
      },
      "geometry": {
        "type": "Polygon",
        "coordinates": [
          [
            [
              100.3045119,
              5.3569405
            ],
            [
              100.3042926,
              5.3567443
            ],
            [
              100.304279,
              5.356732
            ],
            [
              100.3042738,
              5.3567377
            ],
            [
              100.3042601,
              5.3567255
            ],
            [
              100.3042266,
              5.3567626
            ],
            [
              100.3041719,
              5.3567137
            ],
            [
              100.3042055,
              5.3566765
            ],
            [
              100.3042427,
              5.3567098
            ],
            [
              100.3042658,
              5.3566842
            ],
            [
              100.3042313,
              5.3566533
            ],
            [
              100.3042644,
              5.3566167
            ],
            [
              100.3042842,
              5.3565948
            ],
            [
              100.3043088,
              5.3565676
            ],
            [
              100.3043746,
              5.3566265
            ],
            [
              100.3046073,
              5.3568347
            ],
            [
              100.3045989,
              5.356844
            ],
            [
              100.3045887,
              5.3568554
            ],
            [
              100.3045788,
              5.3568664
            ],
            [
              100.3045119,
              5.3569405
            ]
          ]
        ]
      }
    },
    {
      "type": "Feature",
      "properties": {
        "id": 205875604,
        "building": "university",
        "building:levels": "5",
        "is_in": "Universiti Sains Malaysia",
        "name": "H35",
        "name:en": "H35",
        "name:ms": "H35"
      },
      "geometry": {
        "type": "Polygon",
        "coordinates": [
          [
            [
              100.3033821,
              5.3597734
            ],
            [
              100.3035636,
              5.3600173
            ],
            [
              100.3035396,
              5.360035
            ],
            [
              100.3036257,
              5.3601507
            ],
            [
              100.3036883,
              5.3601599
            ],
            [
              100.3036921,
              5.3601342
            ],
            [
              100.3039943,
              5.3601784
            ],
            [
              100.3039918,
              5.3601956
            ],
            [
              100.3040473,
              5.3602037
            ],
            [
              100.304064,
              5.3600908
            ],
            [
              100.3040167,
              5.3600839
            ],
            [
              100.3040229,
              5.3600418
            ],
            [
              100.3037226,
              5.359998
            ],
            [
              100.3037268,
              5.359969
            ],
            [
              100.3036836,
              5.3599627
            ],
            [
              100.3034858,
              5.3596969
            ],
            [
              100.3033821,
              5.3597734
            ]
          ]
        ]
      }
    },
    {
      "type": "Feature",
      "properties": {
        "id": 205875607,
        "building": "university",
        "is_in": "Universiti Sains Malaysia"
      },
      "geometry": {
        "type": "Polygon",
        "coordinates": [
          [
            [
              100.3043339,
              5.3565496
            ],
            [
              100.3044263,
              5.3566355
            ],
            [
              100.3046379,
              5.3564064
            ],
            [
              100.3046984,
              5.3564557
            ],
            [
              100.3045085,
              5.3566723
            ],
            [
              100.3046297,
              5.3567807
            ],
            [
              100.3048302,
              5.3565655
            ],
            [
              100.304792,
              5.3565312
            ],
            [
              100.3048906,
              5.3564228
            ],
            [
              100.3048063,
              5.3563389
            ],
            [
              100.3047755,
              5.3563655
            ],
            [
              100.3047237,
              5.3563117
            ],
            [
              100.3046297,
              5.3562142
            ],
            [
              100.3043339,
              5.3565496
            ]
          ]
        ]
      }
    },
    {
      "type": "Feature",
      "properties": {
        "id": 205875608,
        "building": "university",
        "is_in": "Universiti Sains Malaysia"
      },
      "geometry": {
        "type": "Polygon",
        "coordinates": [
          [
            [
              100.3044243,
              5.3552056
            ],
            [
              100.3047216,
              5.3554806
            ],
            [
              100.3048598,
              5.3556085
            ],
            [
              100.3050245,
              5.3554598
            ],
            [
              100.3052254,
              5.3553529
            ],
            [
              100.3052443,
              5.3553438
            ],
            [
              100.3055579,
              5.3551927
            ],
            [
              100.3055993,
              5.3551728
            ],
            [
              100.3055097,
              5.3549905
            ],
            [
              100.3052918,
              5.3550912
            ],
            [
              100.3052418,
              5.3549728
            ],
            [
              100.3052196,
              5.3549184
            ],
            [
              100.3054452,
              5.354819
            ],
            [
              100.3054041,
              5.3547147
            ],
            [
              100.3051823,
              5.3548108
            ],
            [
              100.3051309,
              5.3547126
            ],
            [
              100.3049132,
              5.3548108
            ],
            [
              100.3049912,
              5.3549847
            ],
            [
              100.3050488,
              5.3549642
            ],
            [
              100.3051474,
              5.355181
            ],
            [
              100.3049859,
              5.3552501
            ],
            [
              100.30487,
              5.3552996
            ],
            [
              100.3047201,
              5.3551585
            ],
            [
              100.304755,
              5.3551115
            ],
            [
              100.3046174,
              5.3549928
            ],
            [
              100.3044243,
              5.3552056
            ]
          ]
        ]
      }
    },
    {
      "type": "Feature",
      "properties": {
        "id": 205875609,
        "building": "university",
        "building:levels": "2",
        "is_in": "Universiti Sains Malaysia",
        "name": "H24 Unit Kaunseling"
      },
      "geometry": {
        "type": "Polygon",
        "coordinates": [
          [
            [
              100.3023455,
              5.3608196
            ],
            [
              100.3023232,
              5.3606981
            ],
            [
              100.3022315,
              5.3607148
            ],
            [
              100.3022181,
              5.3606422
            ],
            [
              100.3023032,
              5.3606267
            ],
            [
              100.3022828,
              5.3605156
            ],
            [
              100.302474,
              5.3604807
            ],
            [
              100.3025302,
              5.3607859
            ],
            [
              100.3023455,
              5.3608196
            ]
          ]
        ]
      }
    },
    {
      "type": "Feature",
      "properties": {
        "id": 205876338,
        "building": "university",
        "is_in": "Universiti Sains Malaysia",
        "name": "B06 Rumah Tetamu",
        "name:en": "B06 Guest House"
      },
      "geometry": {
        "type": "Polygon",
        "coordinates": [
          [
            [
              100.307534,
              5.3620868
            ],
            [
              100.3076477,
              5.3620791
            ],
            [
              100.3076518,
              5.3621384
            ],
            [
              100.3076995,
              5.3621352
            ],
            [
              100.3077046,
              5.3622099
            ],
            [
              100.3076564,
              5.3622131
            ],
            [
              100.3076607,
              5.362276
            ],
            [
              100.3075424,
              5.362284
            ],
            [
              100.3075409,
              5.362262
            ],
            [
              100.3074584,
              5.3622676
            ],
            [
              100.3074479,
              5.3621155
            ],
            [
              100.3075355,
              5.3621095
            ],
            [
              100.307534,
              5.3620868
            ]
          ]
        ]
      }
    },
    {
      "type": "Feature",
      "properties": {
        "id": 208697647,
        "amenity": "library",
        "building": "university",
        "building:levels": "4",
        "is_in": "Universiti Sains Malaysia",
        "name": "G02 Perpustakaan Hamzah Sendut 1",
        "name:en": "G02 Hamzah Sendut Library 1",
        "name:ms": "G02 Perpustakaan Hamzah Sendut 1"
      },
      "geometry": {
        "type": "Polygon",
        "coordinates": [
          [
            [
              100.3034607,
              5.357261
            ],
            [
              100.3034605,
              5.3572863
            ],
            [
              100.3034595,
              5.3574454
            ],
            [
              100.3034581,
              5.357646
            ],
            [
              100.3031813,
              5.3576442
            ],
            [
              100.302658,
              5.3576408
            ],
            [
              100.3026588,
              5.357508
            ],
            [
              100.3026306,
              5.3575078
            ],
            [
              100.302631,
              5.3574528
            ],
            [
              100.3026583,
              5.3574529
            ],
            [
              100.3026593,
              5.3573139
            ],
            [
              100.3026595,
              5.3572845
            ],
            [
              100.3026597,
              5.3572557
            ],
            [
              100.3027058,
              5.357256
            ],
            [
              100.3030347,
              5.3572581
            ],
            [
              100.3031814,
              5.3572591
            ],
            [
              100.3032186,
              5.3572594
            ],
            [
              100.3032462,
              5.3572595
            ],
            [
              100.303402,
              5.3572606
            ],
            [
              100.3034607,
              5.357261
            ]
          ]
        ]
      }
    },
    {
      "type": "Feature",
      "properties": {
        "id": 262601149,
        "building": "yes",
        "leisure": "sports_centre",
        "name": "A12 Kompleks Sukan Universiti"
      },
      "geometry": {
        "type": "Polygon",
        "coordinates": [
          [
            [
              100.308461,
              5.357096
            ],
            [
              100.3086058,
              5.3574046
            ],
            [
              100.3086314,
              5.3573927
            ],
            [
              100.3086789,
              5.357494
            ],
            [
              100.3083037,
              5.3576684
            ],
            [
              100.3082547,
              5.357564
            ],
            [
              100.3083151,
              5.3575359
            ],
            [
              100.3081718,
              5.3572306
            ],
            [
              100.308461,
              5.357096
            ]
          ]
        ]
      }
    },
    {
      "type": "Feature",
      "properties": {
        "id": 262968466,
        "building": "university"
      },
      "geometry": {
        "type": "Polygon",
        "coordinates": [
          [
            [
              100.2905083,
              5.3550059
            ],
            [
              100.2905166,
              5.354209
            ],
            [
              100.2908387,
              5.3542123
            ],
            [
              100.2908304,
              5.3550092
            ],
            [
              100.2905083,
              5.3550059
            ]
          ]
        ]
      }
    },
    {
      "type": "Feature",
      "properties": {
        "id": 262968467,
        "building": "university"
      },
      "geometry": {
        "type": "Polygon",
        "coordinates": [
          [
            [
              100.2900069,
              5.3547442
            ],
            [
              100.2898186,
              5.3545792
            ],
            [
              100.2902529,
              5.3540876
            ],
            [
              100.2901543,
              5.3540011
            ],
            [
              100.2902001,
              5.3539493
            ],
            [
              100.2901455,
              5.3539016
            ],
            [
              100.2901917,
              5.3538493
            ],
            [
              100.2901475,
              5.3538105
            ],
            [
              100.290232,
              5.3537149
            ],
            [
              100.2905223,
              5.3539692
            ],
            [
              100.2904115,
              5.3540947
            ],
            [
              100.2905069,
              5.3541782
            ],
            [
              100.2900069,
              5.3547442
            ]
          ]
        ]
      }
    },
    {
      "type": "Feature",
      "properties": {
        "id": 262968468,
        "building": "university"
      },
      "geometry": {
        "type": "Polygon",
        "coordinates": [
          [
            [
              100.2910501,
              5.3541032
            ],
            [
              100.2905576,
              5.353962
            ],
            [
              100.2905772,
              5.3538943
            ],
            [
              100.2904427,
              5.3538557
            ],
            [
              100.2904958,
              5.3536722
            ],
            [
              100.2906657,
              5.353721
            ],
            [
              100.2906804,
              5.3536703
            ],
            [
              100.2911374,
              5.3538015
            ],
            [
              100.2910501,
              5.3541032
            ]
          ]
        ]
      }
    },
    {
      "type": "Feature",
      "properties": {
        "id": 262968469,
        "building": "university"
      },
      "geometry": {
        "type": "Polygon",
        "coordinates": [
          [
            [
              100.2909687,
              5.3536385
            ],
            [
              100.2908429,
              5.3535072
            ],
            [
              100.2911268,
              5.353274
            ],
            [
              100.2910373,
              5.3532092
            ],
            [
              100.2910292,
              5.353112
            ],
            [
              100.2910658,
              5.3530473
            ],
            [
              100.291143,
              5.3530109
            ],
            [
              100.291204,
              5.353023
            ],
            [
              100.2912691,
              5.3530675
            ],
            [
              100.2913016,
              5.3531323
            ],
            [
              100.2915199,
              5.3529538
            ],
            [
              100.2916304,
              5.3530878
            ],
            [
              100.2909687,
              5.3536385
            ]
          ]
        ]
      }
    },
    {
      "type": "Feature",
      "properties": {
        "id": 266767722,
        "building": "university"
      },
      "geometry": {
        "type": "Polygon",
        "coordinates": [
          [
            [
              100.3057309,
              5.3550423
            ],
            [
              100.3056981,
              5.3549727
            ],
            [
              100.3057461,
              5.3549494
            ],
            [
              100.3056517,
              5.354724
            ],
            [
              100.3057977,
              5.3546634
            ],
            [
              100.3058579,
              5.354807
            ],
            [
              100.3059943,
              5.3547503
            ],
            [
              100.3059686,
              5.3546888
            ],
            [
              100.3060385,
              5.3546597
            ],
            [
              100.3060257,
              5.354629
            ],
            [
              100.3060928,
              5.3546011
            ],
            [
              100.306024,
              5.3544369
            ],
            [
              100.3060594,
              5.3544016
            ],
            [
              100.30607,
              5.3543664
            ],
            [
              100.306109,
              5.3543311
            ],
            [
              100.3061846,
              5.3543309
            ],
            [
              100.3061765,
              5.3542217
            ],
            [
              100.306357,
              5.3542083
            ],
            [
              100.3063508,
              5.3541251
            ],
            [
              100.306485,
              5.3541152
            ],
            [
              100.3065032,
              5.35436
            ],
            [
              100.3062189,
              5.354381
            ],
            [
              100.3062222,
              5.3544263
            ],
            [
              100.3061868,
              5.3544686
            ],
            [
              100.3061479,
              5.3544897
            ],
            [
              100.306109,
              5.3544791
            ],
            [
              100.3061583,
              5.3545675
            ],
            [
              100.3062505,
              5.3547328
            ],
            [
              100.3062459,
              5.3549463
            ],
            [
              100.3060333,
              5.3549417
            ],
            [
              100.3059886,
              5.3549407
            ],
            [
              100.3059171,
              5.3549689
            ],
            [
              100.3057309,
              5.3550423
            ]
          ]
        ]
      }
    },
    {
      "type": "Feature",
      "properties": {
        "id": 266767725,
        "building": "university",
        "name": "E40",
        "name:en": "E40",
        "name:ms": "E40"
      },
      "geometry": {
        "type": "Polygon",
        "coordinates": [
          [
            [
              100.3066347,
              5.3542802
            ],
            [
              100.3066306,
              5.3541296
            ],
            [
              100.3066092,
              5.3541233
            ],
            [
              100.3066084,
              5.3540428
            ],
            [
              100.3067624,
              5.3540414
            ],
            [
              100.3067628,
              5.3540893
            ],
            [
              100.3067946,
              5.354089
            ],
            [
              100.3067948,
              5.3541072
            ],
            [
              100.3069663,
              5.3541054
            ],
            [
              100.306966,
              5.3540755
            ],
            [
              100.3070936,
              5.354074
            ],
            [
              100.3070939,
              5.3540994
            ],
            [
              100.3072527,
              5.3540974
            ],
            [
              100.3072525,
              5.3540787
            ],
            [
              100.3072756,
              5.3540783
            ],
            [
              100.3072744,
              5.354001
            ],
            [
              100.307438,
              5.3539983
            ],
            [
              100.3074394,
              5.3540813
            ],
            [
              100.3075522,
              5.3540794
            ],
            [
              100.3075553,
              5.3542553
            ],
            [
              100.3074171,
              5.3542577
            ],
            [
              100.3074179,
              5.3543044
            ],
            [
              100.3071237,
              5.3543099
            ],
            [
              100.3071235,
              5.3543
            ],
            [
              100.3070259,
              5.3543025
            ],
            [
              100.3069017,
              5.3543057
            ],
            [
              100.3069009,
              5.3542731
            ],
            [
              100.3066347,
              5.3542802
            ]
          ]
        ]
      }
    },
    {
      "type": "Feature",
      "properties": {
        "id": 266767728,
        "building": "university",
        "building:levels": "1",
        "name": "E19",
        "name:en": "E19",
        "name:ms": "E19"
      },
      "geometry": {
        "type": "Polygon",
        "coordinates": [
          [
            [
              100.3080332,
              5.3549123
            ],
            [
              100.3080655,
              5.3548823
            ],
            [
              100.3081619,
              5.3547926
            ],
            [
              100.3083394,
              5.3549817
            ],
            [
              100.3082395,
              5.3550746
            ],
            [
              100.3082107,
              5.3551014
            ],
            [
              100.3080332,
              5.3549123
            ]
          ]
        ]
      }
    },
    {
      "type": "Feature",
      "properties": {
        "id": 266767730,
        "building": "university",
        "building:levels": "1",
        "name": "E20",
        "name:en": "E20",
        "name:ms": "E20"
      },
      "geometry": {
        "type": "Polygon",
        "coordinates": [
          [
            [
              100.3085029,
              5.3553709
            ],
            [
              100.3084417,
              5.3553009
            ],
            [
              100.3084061,
              5.3553318
            ],
            [
              100.3083573,
              5.3552761
            ],
            [
              100.3085023,
              5.3551502
            ],
            [
              100.3086123,
              5.3552759
            ],
            [
              100.3085029,
              5.3553709
            ]
          ]
        ]
      }
    },
    {
      "type": "Feature",
      "properties": {
        "id": 266767733,
        "building": "university",
        "building:levels": "3",
        "name": "E08 Pusat Pengajian Perumahan, Bangunan dan Perancangan",
        "name:en": "E08 School of Housing, Building and Planning (HBP)",
        "name:ms": "E08 Pusat Pengajian Perumahan, Bangunan dan Perancangan"
      },
      "geometry": {
        "type": "Polygon",
        "coordinates": [
          [
            [
              100.3065445,
              5.3549712
            ],
            [
              100.306484,
              5.3548643
            ],
            [
              100.3068031,
              5.3546853
            ],
            [
              100.3068246,
              5.3547233
            ],
            [
              100.3068249,
              5.3547143
            ],
            [
              100.3068275,
              5.3547072
            ],
            [
              100.3068325,
              5.3547015
            ],
            [
              100.3068391,
              5.3546978
            ],
            [
              100.3068466,
              5.3546965
            ],
            [
              100.3068541,
              5.3546979
            ],
            [
              100.30686,
              5.3547013
            ],
            [
              100.3068647,
              5.3547063
            ],
            [
              100.3068675,
              5.3547126
            ],
            [
              100.3068674,
              5.3547193
            ],
            [
              100.3068672,
              5.3547403
            ],
            [
              100.3068817,
              5.3547405
            ],
            [
              100.3068821,
              5.3546904
            ],
            [
              100.3072139,
              5.3546936
            ],
            [
              100.3072129,
              5.354803
            ],
            [
              100.3072352,
              5.3547719
            ],
            [
              100.3072424,
              5.3547656
            ],
            [
              100.3072512,
              5.354762
            ],
            [
              100.3072607,
              5.3547614
            ],
            [
              100.3072699,
              5.3547639
            ],
            [
              100.3072778,
              5.3547692
            ],
            [
              100.3072836,
              5.3547767
            ],
            [
              100.3072867,
              5.3547857
            ],
            [
              100.3072867,
              5.3547951
            ],
            [
              100.3072852,
              5.3547996
            ],
            [
              100.3072985,
              5.3547783
            ],
            [
              100.3075958,
              5.3549634
            ],
            [
              100.307535,
              5.3550601
            ],
            [
              100.3072326,
              5.3548718
            ],
            [
              100.3072274,
              5.3548801
            ],
            [
              100.3072195,
              5.3548853
            ],
            [
              100.30721,
              5.3548879
            ],
            [
              100.3072003,
              5.3548871
            ],
            [
              100.3071913,
              5.3548832
            ],
            [
              100.3071841,
              5.3548766
            ],
            [
              100.3071796,
              5.3548679
            ],
            [
              100.3071781,
              5.3548583
            ],
            [
              100.3071799,
              5.3548487
            ],
            [
              100.3071862,
              5.3548393
            ],
            [
              100.3071628,
              5.3548238
            ],
            [
              100.3068617,
              5.3548222
            ],
            [
              100.3068616,
              5.3548548
            ],
            [
              100.3068615,
              5.3548631
            ],
            [
              100.306859,
              5.3548675
            ],
            [
              100.306854,
              5.3548721
            ],
            [
              100.3068477,
              5.3548749
            ],
            [
              100.3068409,
              5.3548756
            ],
            [
              100.3068342,
              5.3548742
            ],
            [
              100.3068277,
              5.3548704
            ],
            [
              100.3068228,
              5.3548645
            ],
            [
              100.3068203,
              5.3548574
            ],
            [
              100.3068216,
              5.3548158
            ],
            [
              100.3065445,
              5.3549712
            ]
          ]
        ]
      }
    },
    {
      "type": "Feature",
      "properties": {
        "id": 266767740,
        "building": "university",
        "name": "D03 Pusat Penyelidikan Dasar dan Kajian Antarabangsa (CenPRIS)",
        "name:en": "D03 Centre for Policy Research and International Studied (CenPRIS)"
      },
      "geometry": {
        "type": "Polygon",
        "coordinates": [
          [
            [
              100.3067529,
              5.3571373
            ],
            [
              100.3067833,
              5.3569935
            ],
            [
              100.3068059,
              5.3569982
            ],
            [
              100.3068171,
              5.3569449
            ],
            [
              100.3068674,
              5.3569555
            ],
            [
              100.3068808,
              5.3568921
            ],
            [
              100.3071046,
              5.3569389
            ],
            [
              100.30708,
              5.3570555
            ],
            [
              100.3071152,
              5.3570628
            ],
            [
              100.3070849,
              5.3572067
            ],
            [
              100.3067529,
              5.3571373
            ]
          ]
        ]
      }
    },
    {
      "type": "Feature",
      "properties": {
        "id": 266767742,
        "building": "university",
        "name": "D04",
        "name:en": "D04",
        "name:ms": "D04"
      },
      "geometry": {
        "type": "Polygon",
        "coordinates": [
          [
            [
              100.3072939,
              5.3569664
            ],
            [
              100.3072184,
              5.3569026
            ],
            [
              100.3073796,
              5.3567135
            ],
            [
              100.3074551,
              5.3567772
            ],
            [
              100.3072939,
              5.3569664
            ]
          ]
        ]
      }
    },
    {
      "type": "Feature",
      "properties": {
        "id": 266767744,
        "building": "university"
      },
      "geometry": {
        "type": "Polygon",
        "coordinates": [
          [
            [
              100.3074385,
              5.3567164
            ],
            [
              100.307461,
              5.356693
            ],
            [
              100.3074097,
              5.3566439
            ],
            [
              100.3075173,
              5.3565324
            ],
            [
              100.3074759,
              5.3564928
            ],
            [
              100.3074513,
              5.3565183
            ],
            [
              100.30741,
              5.3564787
            ],
            [
              100.3073882,
              5.3565013
            ],
            [
              100.3072096,
              5.3566864
            ],
            [
              100.3071613,
              5.3566402
            ],
            [
              100.3073399,
              5.3564551
            ],
            [
              100.307484,
              5.3563057
            ],
            [
              100.3075323,
              5.3563519
            ],
            [
              100.3076151,
              5.3564311
            ],
            [
              100.3076559,
              5.3563887
            ],
            [
              100.3077741,
              5.3565017
            ],
            [
              100.3075054,
              5.3567803
            ],
            [
              100.3074385,
              5.3567164
            ]
          ]
        ]
      }
    },
    {
      "type": "Feature",
      "properties": {
        "id": 266767754,
        "building": "university",
        "building:levels": "3",
        "name": "D33 Makmal Pusat Pengajian Sains Kimia",
        "name:ms": "D33 Makmal Pusat Pengajian Sains Kimia"
      },
      "geometry": {
        "type": "Polygon",
        "coordinates": [
          [
            [
              100.3072361,
              5.35551
            ],
            [
              100.3069559,
              5.3555065
            ],
            [
              100.3069547,
              5.3556089
            ],
            [
              100.3067046,
              5.3556058
            ],
            [
              100.3067057,
              5.3555137
            ],
            [
              100.3068977,
              5.3555161
            ],
            [
              100.306898,
              5.3554936
            ],
            [
              100.3068589,
              5.3554931
            ],
            [
              100.3068599,
              5.3554076
            ],
            [
              100.3072373,
              5.3554122
            ],
            [
              100.3072361,
              5.35551
            ]
          ]
        ]
      }
    },
    {
      "type": "Feature",
      "properties": {
        "id": 266767755,
        "building": "university",
        "building:levels": "3",
        "name": "D34 Penerbit USM",
        "name:en": "D34 USM Press",
        "name:ms": "D34 Penerbit USM"
      },
      "geometry": {
        "type": "Polygon",
        "coordinates": [
          [
            [
              100.3067486,
              5.3558553
            ],
            [
              100.3067484,
              5.3556339
            ],
            [
              100.3068517,
              5.3556338
            ],
            [
              100.3068518,
              5.3556772
            ],
            [
              100.3069477,
              5.3556771
            ],
            [
              100.3069477,
              5.3557093
            ],
            [
              100.3069765,
              5.3557093
            ],
            [
              100.3069765,
              5.3557708
            ],
            [
              100.3068476,
              5.3557709
            ],
            [
              100.3068477,
              5.3558552
            ],
            [
              100.3067486,
              5.3558553
            ]
          ]
        ]
      }
    },
    {
      "type": "Feature",
      "properties": {
        "id": 266767756,
        "building": "university",
        "name": "D31 Dewan Kuliah D, E & F",
        "name:en": "D31 Lecture Theatres D, E & F",
        "name:ms": "D31 Dewan Kuliah D, E & F"
      },
      "geometry": {
        "type": "Polygon",
        "coordinates": [
          [
            [
              100.3061566,
              5.3555597
            ],
            [
              100.3062538,
              5.3554703
            ],
            [
              100.3064747,
              5.3555985
            ],
            [
              100.3066213,
              5.3555982
            ],
            [
              100.3066144,
              5.3557613
            ],
            [
              100.3064701,
              5.3557643
            ],
            [
              100.3064605,
              5.3557752
            ],
            [
              100.3064556,
              5.355928
            ],
            [
              100.3062908,
              5.3559249
            ],
            [
              100.3062963,
              5.3557723
            ],
            [
              100.3062598,
              5.3557346
            ],
            [
              100.3061566,
              5.3555597
            ]
          ]
        ]
      }
    },
    {
      "type": "Feature",
      "properties": {
        "id": 266768825,
        "building": "university",
        "building:levels": "3",
        "name": "D32 Makmal Penyekidikan Bioteknologi Industri",
        "name:ms": "D32 Makmal Penyekidikan Bioteknologi Industri"
      },
      "geometry": {
        "type": "Polygon",
        "coordinates": [
          [
            [
              100.3061826,
              5.3561504
            ],
            [
              100.3061834,
              5.3560315
            ],
            [
              100.3059876,
              5.3560302
            ],
            [
              100.3059882,
              5.3559387
            ],
            [
              100.3062498,
              5.3559403
            ],
            [
              100.3062491,
              5.3560535
            ],
            [
              100.3065358,
              5.3560553
            ],
            [
              100.3065352,
              5.3561527
            ],
            [
              100.3061826,
              5.3561504
            ]
          ]
        ]
      }
    },
    {
      "type": "Feature",
      "properties": {
        "id": 266768826,
        "building": "university",
        "name": "D09",
        "name:en": "D09",
        "name:ms": "D09"
      },
      "geometry": {
        "type": "Polygon",
        "coordinates": [
          [
            [
              100.3068756,
              5.3564858
            ],
            [
              100.3067434,
              5.3563717
            ],
            [
              100.3071027,
              5.3559593
            ],
            [
              100.3072349,
              5.3560735
            ],
            [
              100.3068756,
              5.3564858
            ]
          ]
        ]
      }
    },
    {
      "type": "Feature",
      "properties": {
        "id": 266768827,
        "building": "university",
        "name": "D10",
        "name:en": "D10",
        "name:ms": "D10"
      },
      "geometry": {
        "type": "Polygon",
        "coordinates": [
          [
            [
              100.3063236,
              5.3568999
            ],
            [
              100.3065786,
              5.3565837
            ],
            [
              100.3067111,
              5.3566896
            ],
            [
              100.306456,
              5.3570058
            ],
            [
              100.3063236,
              5.3568999
            ]
          ]
        ]
      }
    },
    {
      "type": "Feature",
      "properties": {
        "id": 266768828,
        "building": "university",
        "name": "D11",
        "name:en": "D11",
        "name:ms": "D11"
      },
      "geometry": {
        "type": "Polygon",
        "coordinates": [
          [
            [
              100.3058893,
              5.3572258
            ],
            [
              100.3056538,
              5.3569551
            ],
            [
              100.3059758,
              5.3566773
            ],
            [
              100.3060106,
              5.3567173
            ],
            [
              100.3063167,
              5.3564532
            ],
            [
              100.3064588,
              5.3566165
            ],
            [
              100.3061507,
              5.3568823
            ],
            [
              100.3062093,
              5.3569496
            ],
            [
              100.3058893,
              5.3572258
            ]
          ]
        ]
      }
    },
    {
      "type": "Feature",
      "properties": {
        "id": 266768829,
        "building": "university",
        "name": "D13",
        "name:en": "D13",
        "name:ms": "D13"
      },
      "geometry": {
        "type": "Polygon",
        "coordinates": [
          [
            [
              100.3054907,
              5.3570035
            ],
            [
              100.3054102,
              5.3569155
            ],
            [
              100.3058535,
              5.3565138
            ],
            [
              100.3056789,
              5.3563228
            ],
            [
              100.305776,
              5.3562347
            ],
            [
              100.3060312,
              5.3565138
            ],
            [
              100.3054907,
              5.3570035
            ]
          ]
        ]
      }
    },
    {
      "type": "Feature",
      "properties": {
        "id": 266768830,
        "building": "university",
        "name": "D37",
        "name:en": "D37",
        "name:ms": "D37"
      },
      "geometry": {
        "type": "Polygon",
        "coordinates": [
          [
            [
              100.3053304,
              5.356663
            ],
            [
              100.3052512,
              5.3565735
            ],
            [
              100.3053673,
              5.3564716
            ],
            [
              100.3053306,
              5.3564302
            ],
            [
              100.305415,
              5.3563562
            ],
            [
              100.3054464,
              5.3563917
            ],
            [
              100.3055576,
              5.3562941
            ],
            [
              100.3056427,
              5.3563903
            ],
            [
              100.305539,
              5.3564812
            ],
            [
              100.3055726,
              5.3565191
            ],
            [
              100.3054867,
              5.3565945
            ],
            [
              100.3054525,
              5.3565559
            ],
            [
              100.3053304,
              5.356663
            ]
          ]
        ]
      }
    },
    {
      "type": "Feature",
      "properties": {
        "id": 266768831,
        "building": "university",
        "building:levels": "2",
        "name": "M11 Minden 11800",
        "name:en": "M11 Minden 11800",
        "name:ms": "M11 Minden 11800",
        "old_name": "D18 Pusat Seni Reka Kreatif",
        "old_name:en": "D18 Creative Design House (CDH)"
      },
      "geometry": {
        "type": "Polygon",
        "coordinates": [
          [
            [
              100.3049681,
              5.3570616
            ],
            [
              100.3048647,
              5.3569458
            ],
            [
              100.305171,
              5.3566746
            ],
            [
              100.3052745,
              5.3567904
            ],
            [
              100.3051242,
              5.3569235
            ],
            [
              100.3049681,
              5.3570616
            ]
          ]
        ]
      }
    },
    {
      "type": "Feature",
      "properties": {
        "id": 266768832,
        "building": "university",
        "name": "D39",
        "name:en": "D39",
        "name:ms": "D39"
      },
      "geometry": {
        "type": "Polygon",
        "coordinates": [
          [
            [
              100.3050108,
              5.3563733
            ],
            [
              100.3047451,
              5.3561271
            ],
            [
              100.3048967,
              5.355965
            ],
            [
              100.3049535,
              5.3560177
            ],
            [
              100.3050549,
              5.3559092
            ],
            [
              100.3049944,
              5.3558531
            ],
            [
              100.3050714,
              5.3557708
            ],
            [
              100.3052053,
              5.3558949
            ],
            [
              100.3053682,
              5.3557208
            ],
            [
              100.305533,
              5.3558736
            ],
            [
              100.3052832,
              5.3561407
            ],
            [
              100.3052538,
              5.3561134
            ],
            [
              100.3050108,
              5.3563733
            ]
          ]
        ]
      }
    },
    {
      "type": "Feature",
      "properties": {
        "id": 266768833,
        "building": "university",
        "name": "D26",
        "name:en": "D26",
        "name:ms": "D26"
      },
      "geometry": {
        "type": "Polygon",
        "coordinates": [
          [
            [
              100.3051112,
              5.3557795
            ],
            [
              100.3050813,
              5.3557156
            ],
            [
              100.3054086,
              5.3555638
            ],
            [
              100.3054385,
              5.3556277
            ],
            [
              100.3051112,
              5.3557795
            ]
          ]
        ]
      }
    },
    {
      "type": "Feature",
      "properties": {
        "id": 266768834,
        "building": "university"
      },
      "geometry": {
        "type": "Polygon",
        "coordinates": [
          [
            [
              100.305542,
              5.3555585
            ],
            [
              100.3055115,
              5.3554932
            ],
            [
              100.3057262,
              5.355394
            ],
            [
              100.3057566,
              5.3554593
            ],
            [
              100.305542,
              5.3555585
            ]
          ]
        ]
      }
    },
    {
      "type": "Feature",
      "properties": {
        "id": 266768835,
        "building": "university",
        "name": "D27",
        "name:en": "D27",
        "name:ms": "D27"
      },
      "geometry": {
        "type": "Polygon",
        "coordinates": [
          [
            [
              100.3058157,
              5.355416
            ],
            [
              100.3057836,
              5.3553491
            ],
            [
              100.3059162,
              5.3552862
            ],
            [
              100.3059482,
              5.3553532
            ],
            [
              100.3058157,
              5.355416
            ]
          ]
        ]
      }
    },
    {
      "type": "Feature",
      "properties": {
        "id": 266768836,
        "building": "university",
        "name": "D29",
        "name:en": "D29",
        "name:ms": "D29"
      },
      "geometry": {
        "type": "Polygon",
        "coordinates": [
          [
            [
              100.3057156,
              5.3557797
            ],
            [
              100.3056741,
              5.3556969
            ],
            [
              100.3059878,
              5.3555408
            ],
            [
              100.3060294,
              5.3556235
            ],
            [
              100.3057156,
              5.3557797
            ]
          ]
        ]
      }
    },
    {
      "type": "Feature",
      "properties": {
        "id": 266768840,
        "building": "university",
        "name": "B15",
        "name:en": "B15",
        "name:ms": "B15"
      },
      "geometry": {
        "type": "Polygon",
        "coordinates": [
          [
            [
              100.3071993,
              5.3612575
            ],
            [
              100.3071164,
              5.3611606
            ],
            [
              100.3068248,
              5.3613246
            ],
            [
              100.306757,
              5.3612823
            ],
            [
              100.3067214,
              5.361317
            ],
            [
              100.3066727,
              5.3613725
            ],
            [
              100.3067656,
              5.3614466
            ],
            [
              100.3069261,
              5.3614491
            ],
            [
              100.3071993,
              5.3612575
            ]
          ]
        ]
      }
    },
    {
      "type": "Feature",
      "properties": {
        "id": 266768841,
        "addr:housenumber": "H29",
        "building": "university",
        "description": "University Hospital",
        "name": "H29 Pusat Sejahtera (Kesihatan & Pergigian)",
        "name:en": "H29 Welleness Centre"
      },
      "geometry": {
        "type": "Polygon",
        "coordinates": [
          [
            [
              100.302545,
              5.3599834
            ],
            [
              100.302502,
              5.3597622
            ],
            [
              100.3027575,
              5.3597129
            ],
            [
              100.3026571,
              5.359197
            ],
            [
              100.3027822,
              5.3591728
            ],
            [
              100.3027531,
              5.359023
            ],
            [
              100.3029321,
              5.3589885
            ],
            [
              100.3029662,
              5.3591639
            ],
            [
              100.3028944,
              5.3591778
            ],
            [
              100.3030328,
              5.3598894
            ],
            [
              100.302545,
              5.3599834
            ]
          ]
        ]
      }
    },
    {
      "type": "Feature",
      "properties": {
        "id": 266768842,
        "building": "university",
        "name": "H22"
      },
      "geometry": {
        "type": "Polygon",
        "coordinates": [
          [
            [
              100.3018952,
              5.3600637
            ],
            [
              100.3018348,
              5.3597221
            ],
            [
              100.301874,
              5.3597152
            ],
            [
              100.3018504,
              5.3595989
            ],
            [
              100.3021095,
              5.3595482
            ],
            [
              100.3021924,
              5.3600116
            ],
            [
              100.3018952,
              5.3600637
            ]
          ]
        ]
      }
    },
    {
      "type": "Feature",
      "properties": {
        "id": 266768844,
        "building": "university",
        "name": "H38/H39"
      },
      "geometry": {
        "type": "Polygon",
        "coordinates": [
          [
            [
              100.3029878,
              5.3617936
            ],
            [
              100.3030345,
              5.3616843
            ],
            [
              100.303198,
              5.3615262
            ],
            [
              100.3034058,
              5.3613891
            ],
            [
              100.3034408,
              5.3613286
            ],
            [
              100.3035085,
              5.3613844
            ],
            [
              100.3033801,
              5.3615332
            ],
            [
              100.3032283,
              5.3616122
            ],
            [
              100.3031256,
              5.3617099
            ],
            [
              100.3030532,
              5.3618401
            ],
            [
              100.3029878,
              5.3617936
            ]
          ]
        ]
      }
    },
    {
      "type": "Feature",
      "properties": {
        "id": 266768847,
        "addr:city": "Gelugor",
        "addr:housenumber": "Lorong 2",
        "addr:postcode": "11700",
        "addr:street": "Jalan Stadium",
        "building": "university",
        "building:levels": "2",
        "name": "K14 Pusat Sukan dan Rekreasi",
        "name:ms": "K14 Pusat Sukan dan Rekreasi"
      },
      "geometry": {
        "type": "Polygon",
        "coordinates": [
          [
            [
              100.294109,
              5.3543347
            ],
            [
              100.2940264,
              5.3539497
            ],
            [
              100.2942047,
              5.3539115
            ],
            [
              100.2942897,
              5.3542929
            ],
            [
              100.2941424,
              5.3543264
            ],
            [
              100.294109,
              5.3543347
            ]
          ]
        ]
      }
    },
    {
      "type": "Feature",
      "properties": {
        "id": 266768849,
        "addr:city": "Gelugor",
        "addr:housenumber": "Lorong 2",
        "addr:postcode": "11700",
        "addr:street": "Jalan Stadium",
        "building": "university",
        "building:levels": "2",
        "name": "Bangunan K20",
        "name:en": "K20",
        "name:ms": "K20",
        "roof:colour": "red"
      },
      "geometry": {
        "type": "Polygon",
        "coordinates": [
          [
            [
              100.2945424,
              5.3542578
            ],
            [
              100.2944997,
              5.3540799
            ],
            [
              100.2944615,
              5.3538568
            ],
            [
              100.2946343,
              5.353818
            ],
            [
              100.2947312,
              5.3542212
            ],
            [
              100.2945424,
              5.3542578
            ]
          ]
        ]
      }
    },
    {
      "type": "Feature",
      "properties": {
        "id": 266768854,
        "building": "university",
        "name": "J15 Analytical Biochemistry Research Centre (ABrC), Universiti Sains Malaysia"
      },
      "geometry": {
        "type": "Polygon",
        "coordinates": [
          [
            [
              100.2986472,
              5.357939
            ],
            [
              100.2986445,
              5.3577776
            ],
            [
              100.2989512,
              5.3577725
            ],
            [
              100.2989524,
              5.3578472
            ],
            [
              100.2988526,
              5.3578489
            ],
            [
              100.2988541,
              5.3579355
            ],
            [
              100.2986472,
              5.357939
            ]
          ]
        ]
      }
    },
    {
      "type": "Feature",
      "properties": {
        "id": 266768855,
        "building": "university",
        "building:levels": "4",
        "name": "J16 Pusat Pengajian Pendidikan Jarak Jauh"
      },
      "geometry": {
        "type": "Polygon",
        "coordinates": [
          [
            [
              100.2986431,
              5.3580447
            ],
            [
              100.2986404,
              5.357962
            ],
            [
              100.2989543,
              5.3579486
            ],
            [
              100.2989508,
              5.3579904
            ],
            [
              100.2989462,
              5.3580447
            ],
            [
              100.2989006,
              5.3580901
            ],
            [
              100.2988952,
              5.3581809
            ],
            [
              100.2986431,
              5.3580447
            ]
          ]
        ]
      }
    },
    {
      "type": "Feature",
      "properties": {
        "id": 275403371,
        "building": "university",
        "building:levels": "2",
        "name": "F27 Desasiswa Harapan",
        "name:en": "F27 Harapan Students' Residence",
        "name:ms": "F27 Desasiswa Harapan"
      },
      "geometry": {
        "type": "Polygon",
        "coordinates": [
          [
            [
              100.2998312,
              5.3551164
            ],
            [
              100.2996253,
              5.3551166
            ],
            [
              100.2996251,
              5.3548848
            ],
            [
              100.2996362,
              5.3548848
            ],
            [
              100.2998628,
              5.3548846
            ],
            [
              100.2998628,
              5.3549034
            ],
            [
              100.2999195,
              5.3549033
            ],
            [
              100.2999197,
              5.3550897
            ],
            [
              100.2998516,
              5.3550898
            ],
            [
              100.2998311,
              5.3550899
            ],
            [
              100.2998312,
              5.3551164
            ]
          ]
        ]
      }
    },
    {
      "type": "Feature",
      "properties": {
        "id": 275403372,
        "building": "university",
        "building:levels": "5",
        "name": "F26",
        "name:en": "F26",
        "name:ms": "F26"
      },
      "geometry": {
        "type": "Polygon",
        "coordinates": [
          [
            [
              100.299683,
              5.3548324
            ],
            [
              100.2996826,
              5.3546975
            ],
            [
              100.3000118,
              5.3546966
            ],
            [
              100.3000254,
              5.3546834
            ],
            [
              100.300044,
              5.3547023
            ],
            [
              100.30028,
              5.3544729
            ],
            [
              100.3003168,
              5.3545104
            ],
            [
              100.3003601,
              5.3544682
            ],
            [
              100.3004236,
              5.3545329
            ],
            [
              100.3001563,
              5.354793
            ],
            [
              100.3001673,
              5.3548042
            ],
            [
              100.3001169,
              5.3548533
            ],
            [
              100.2999749,
              5.3548537
            ],
            [
              100.2999748,
              5.3548316
            ],
            [
              100.299683,
              5.3548324
            ]
          ]
        ]
      }
    },
    {
      "type": "Feature",
      "properties": {
        "id": 275403374,
        "building": "university",
        "name": "H53 Institute for Research In Molecular Medicine",
        "name:en": "H53 Institute for Research In Molecular Medicine"
      },
      "geometry": {
        "type": "Polygon",
        "coordinates": [
          [
            [
              100.2993696,
              5.3559762
            ],
            [
              100.2992324,
              5.3559722
            ],
            [
              100.2992356,
              5.355863
            ],
            [
              100.2989435,
              5.3558546
            ],
            [
              100.2987633,
              5.3556718
            ],
            [
              100.298829,
              5.3556076
            ],
            [
              100.2988727,
              5.3556519
            ],
            [
              100.2989318,
              5.3555942
            ],
            [
              100.2990391,
              5.3557031
            ],
            [
              100.2991867,
              5.3557095
            ],
            [
              100.2991903,
              5.355627
            ],
            [
              100.2990657,
              5.3556216
            ],
            [
              100.299069,
              5.3555469
            ],
            [
              100.2991917,
              5.3555523
            ],
            [
              100.2991971,
              5.3554301
            ],
            [
              100.2989931,
              5.3554212
            ],
            [
              100.2988689,
              5.3552944
            ],
            [
              100.2989506,
              5.355215
            ],
            [
              100.2990214,
              5.3552873
            ],
            [
              100.2994988,
              5.355301
            ],
            [
              100.2994872,
              5.355699
            ],
            [
              100.2993777,
              5.3556959
            ],
            [
              100.2993696,
              5.3559762
            ]
          ]
        ]
      }
    },
    {
      "type": "Feature",
      "properties": {
        "id": 275403375,
        "building": "university",
        "building:levels": "9",
        "name": "H13",
        "name:en": "H13",
        "name:ms": "H13"
      },
      "geometry": {
        "type": "Polygon",
        "coordinates": [
          [
            [
              100.3009934,
              5.358558
            ],
            [
              100.3006675,
              5.3585385
            ],
            [
              100.3006759,
              5.3583984
            ],
            [
              100.3010018,
              5.3584179
            ],
            [
              100.3009934,
              5.358558
            ]
          ]
        ]
      }
    },
    {
      "type": "Feature",
      "properties": {
        "id": 275403376,
        "building": "university",
        "building:levels": "2",
        "name": "H10 Desasiswa Bakti Permai",
        "name:ms": "H10 Desasiswa Bakti Permai"
      },
      "geometry": {
        "type": "Polygon",
        "coordinates": [
          [
            [
              100.3007118,
              5.357928
            ],
            [
              100.300691,
              5.3579273
            ],
            [
              100.3003699,
              5.3579167
            ],
            [
              100.3003739,
              5.3577957
            ],
            [
              100.3004899,
              5.3577995
            ],
            [
              100.3004911,
              5.3577625
            ],
            [
              100.3004404,
              5.3577608
            ],
            [
              100.3004414,
              5.3577301
            ],
            [
              100.3004913,
              5.3577317
            ],
            [
              100.3004926,
              5.3576948
            ],
            [
              100.3003812,
              5.3576912
            ],
            [
              100.3003848,
              5.3575832
            ],
            [
              100.3007228,
              5.3575944
            ],
            [
              100.3007118,
              5.357928
            ]
          ]
        ]
      }
    },
    {
      "type": "Feature",
      "properties": {
        "id": 275403377,
        "building": "university",
        "name": "C06 Pusat Pengajian Sains Kemasyarakatan",
        "name:en": "C06 School of Social Sciences",
        "name:ms": "C06 Pusat Pengajian Sains Kemasyarakatan"
      },
      "geometry": {
        "type": "Polygon",
        "coordinates": [
          [
            [
              100.3044786,
              5.3591128
            ],
            [
              100.3044159,
              5.3590094
            ],
            [
              100.3044365,
              5.358997
            ],
            [
              100.3044312,
              5.3589882
            ],
            [
              100.3044607,
              5.3589705
            ],
            [
              100.3044528,
              5.3589574
            ],
            [
              100.3044885,
              5.3589359
            ],
            [
              100.3044992,
              5.3589535
            ],
            [
              100.3045302,
              5.3589348
            ],
            [
              100.3045153,
              5.3589104
            ],
            [
              100.3045802,
              5.3588713
            ],
            [
              100.3045457,
              5.3588145
            ],
            [
              100.3046071,
              5.3587775
            ],
            [
              100.3046583,
              5.3588616
            ],
            [
              100.3046417,
              5.3588716
            ],
            [
              100.3047092,
              5.3589827
            ],
            [
              100.3047217,
              5.3589752
            ],
            [
              100.3047714,
              5.3590572
            ],
            [
              100.3047118,
              5.359093
            ],
            [
              100.3046772,
              5.3590359
            ],
            [
              100.3046514,
              5.3590514
            ],
            [
              100.3046266,
              5.3590105
            ],
            [
              100.3045773,
              5.3590401
            ],
            [
              100.3045907,
              5.359062
            ],
            [
              100.3045704,
              5.3590742
            ],
            [
              100.3045763,
              5.3590839
            ],
            [
              100.3045377,
              5.359107
            ],
            [
              100.3045323,
              5.3590982
            ],
            [
              100.3045082,
              5.3591127
            ],
            [
              100.3045004,
              5.3590997
            ],
            [
              100.3044786,
              5.3591128
            ]
          ]
        ]
      }
    },
    {
      "type": "Feature",
      "properties": {
        "id": 275403378,
        "alt_name": "Kediaman Naib Canselor",
        "building": "university",
        "name": "B02 Anjung Jannatun",
        "name:en": "B02 Vice Chancellor's Residence"
      },
      "geometry": {
        "type": "Polygon",
        "coordinates": [
          [
            [
              100.3077472,
              5.3604105
            ],
            [
              100.3076364,
              5.3604733
            ],
            [
              100.3075999,
              5.3604095
            ],
            [
              100.3075635,
              5.3604302
            ],
            [
              100.307525,
              5.360363
            ],
            [
              100.3075666,
              5.3603395
            ],
            [
              100.3075256,
              5.3602678
            ],
            [
              100.3076313,
              5.3602078
            ],
            [
              100.3076679,
              5.3602718
            ],
            [
              100.3076993,
              5.360254
            ],
            [
              100.3077431,
              5.3603306
            ],
            [
              100.3077117,
              5.3603484
            ],
            [
              100.3077472,
              5.3604105
            ]
          ]
        ]
      }
    },
    {
      "type": "Feature",
      "properties": {
        "id": 275403379,
        "building": "university",
        "building:levels": "1",
        "name": "A03 Pavilion",
        "name:en": "A03 Pavilion",
        "name:ms": "A03 Pavilion"
      },
      "geometry": {
        "type": "Polygon",
        "coordinates": [
          [
            [
              100.3085011,
              5.3588536
            ],
            [
              100.308373,
              5.3588699
            ],
            [
              100.3083504,
              5.3586928
            ],
            [
              100.3083695,
              5.3586904
            ],
            [
              100.3083504,
              5.3585409
            ],
            [
              100.3084533,
              5.3585278
            ],
            [
              100.3084879,
              5.3585235
            ],
            [
              100.3085196,
              5.3585194
            ],
            [
              100.3085385,
              5.3586671
            ],
            [
              100.3085159,
              5.35867
            ],
            [
              100.3084782,
              5.3586748
            ],
            [
              100.3085011,
              5.3588536
            ]
          ]
        ]
      }
    },
    {
      "type": "Feature",
      "properties": {
        "id": 275403380,
        "building": "university",
        "name": "A15",
        "name:en": "A15",
        "name:ms": "A15"
      },
      "geometry": {
        "type": "Polygon",
        "coordinates": [
          [
            [
              100.3083253,
              5.3593853
            ],
            [
              100.308188,
              5.359409
            ],
            [
              100.3081558,
              5.3592233
            ],
            [
              100.308293,
              5.3591996
            ],
            [
              100.3083253,
              5.3593853
            ]
          ]
        ]
      }
    },
    {
      "type": "Feature",
      "properties": {
        "id": 275403381,
        "building": "university",
        "name": "B03 Rumah Pemimpin",
        "name:en": "B03 Chancellor's Lodge"
      },
      "geometry": {
        "type": "Polygon",
        "coordinates": [
          [
            [
              100.3077714,
              5.3610105
            ],
            [
              100.3076548,
              5.3610294
            ],
            [
              100.3076105,
              5.360759
            ],
            [
              100.3077277,
              5.3607399
            ],
            [
              100.3077408,
              5.3608197
            ],
            [
              100.3077545,
              5.3608175
            ],
            [
              100.3077787,
              5.3608135
            ],
            [
              100.307792,
              5.3608948
            ],
            [
              100.3077688,
              5.3608986
            ],
            [
              100.3077534,
              5.3609011
            ],
            [
              100.3077714,
              5.3610105
            ]
          ]
        ]
      }
    },
    {
      "type": "Feature",
      "properties": {
        "id": 275403382,
        "building": "university",
        "name": "B04",
        "name:en": "B04",
        "name:ms": "B04"
      },
      "geometry": {
        "type": "Polygon",
        "coordinates": [
          [
            [
              100.3075773,
              5.3616067
            ],
            [
              100.3074696,
              5.3615668
            ],
            [
              100.3075423,
              5.3613725
            ],
            [
              100.3076535,
              5.3614137
            ],
            [
              100.3076287,
              5.36148
            ],
            [
              100.3076691,
              5.3614949
            ],
            [
              100.3076446,
              5.3615606
            ],
            [
              100.3076007,
              5.3615443
            ],
            [
              100.3075773,
              5.3616067
            ]
          ]
        ]
      }
    },
    {
      "type": "Feature",
      "properties": {
        "id": 275403383,
        "building": "university",
        "name": "B07"
      },
      "geometry": {
        "type": "Polygon",
        "coordinates": [
          [
            [
              100.3070614,
              5.3620938
            ],
            [
              100.3069949,
              5.3621074
            ],
            [
              100.3070035,
              5.3621489
            ],
            [
              100.3069353,
              5.3621628
            ],
            [
              100.3069272,
              5.3621232
            ],
            [
              100.3068661,
              5.3621356
            ],
            [
              100.3068425,
              5.3620212
            ],
            [
              100.3070382,
              5.3619811
            ],
            [
              100.3070614,
              5.3620938
            ]
          ]
        ]
      }
    },
    {
      "type": "Feature",
      "properties": {
        "id": 275403384,
        "building": "university",
        "name": "B08",
        "name:en": "B08",
        "name:ms": "B08"
      },
      "geometry": {
        "type": "Polygon",
        "coordinates": [
          [
            [
              100.3063792,
              5.362059
            ],
            [
              100.3062053,
              5.3619426
            ],
            [
              100.3062586,
              5.3618637
            ],
            [
              100.3064325,
              5.36198
            ],
            [
              100.3063792,
              5.362059
            ]
          ]
        ]
      }
    },
    {
      "type": "Feature",
      "properties": {
        "id": 275403385,
        "building": "university",
        "name": "B09",
        "name:en": "B09",
        "name:ms": "B09"
      },
      "geometry": {
        "type": "Polygon",
        "coordinates": [
          [
            [
              100.3055825,
              5.3617077
            ],
            [
              100.3053623,
              5.3616678
            ],
            [
              100.3053771,
              5.3615867
            ],
            [
              100.3055974,
              5.3616267
            ],
            [
              100.3055825,
              5.3617077
            ]
          ]
        ]
      }
    },
    {
      "type": "Feature",
      "properties": {
        "id": 275403386,
        "building": "university",
        "name": "B10",
        "name:en": "B10",
        "name:ms": "B10"
      },
      "geometry": {
        "type": "Polygon",
        "coordinates": [
          [
            [
              100.3052319,
              5.3613512
            ],
            [
              100.3051227,
              5.3611416
            ],
            [
              100.3052479,
              5.3610651
            ],
            [
              100.3053068,
              5.3611635
            ],
            [
              100.3053507,
              5.3612641
            ],
            [
              100.3052319,
              5.3613512
            ]
          ]
        ]
      }
    },
    {
      "type": "Feature",
      "properties": {
        "id": 275403387,
        "building": "university",
        "name": "B11",
        "name:en": "B11",
        "name:ms": "B11"
      },
      "geometry": {
        "type": "Polygon",
        "coordinates": [
          [
            [
              100.3056546,
              5.3610316
            ],
            [
              100.3053907,
              5.3610382
            ],
            [
              100.3053937,
              5.3609709
            ],
            [
              100.3056532,
              5.3609621
            ],
            [
              100.3056546,
              5.3610316
            ]
          ]
        ]
      }
    },
    {
      "type": "Feature",
      "properties": {
        "id": 275403515,
        "building": "university",
        "name": "C05",
        "name:en": "C05",
        "name:ms": "C05"
      },
      "geometry": {
        "type": "Polygon",
        "coordinates": [
          [
            [
              100.3050143,
              5.3593121
            ],
            [
              100.3048605,
              5.3590358
            ],
            [
              100.3049204,
              5.3590028
            ],
            [
              100.3050742,
              5.3592791
            ],
            [
              100.3050143,
              5.3593121
            ]
          ]
        ]
      }
    },
    {
      "type": "Feature",
      "properties": {
        "id": 275403516,
        "building": "university",
        "name": "C14",
        "name:en": "C14",
        "name:ms": "C14"
      },
      "geometry": {
        "type": "Polygon",
        "coordinates": [
          [
            [
              100.3049308,
              5.3597551
            ],
            [
              100.3046699,
              5.3597044
            ],
            [
              100.3046821,
              5.3596424
            ],
            [
              100.304943,
              5.3596931
            ],
            [
              100.3049308,
              5.3597551
            ]
          ]
        ]
      }
    },
    {
      "type": "Feature",
      "properties": {
        "id": 275403517,
        "building": "university",
        "name": "C13",
        "name:en": "C13",
        "name:ms": "C13"
      },
      "geometry": {
        "type": "Polygon",
        "coordinates": [
          [
            [
              100.3045314,
              5.359576
            ],
            [
              100.3043232,
              5.3593686
            ],
            [
              100.3043648,
              5.3593273
            ],
            [
              100.304573,
              5.3595346
            ],
            [
              100.3045314,
              5.359576
            ]
          ]
        ]
      }
    },
    {
      "type": "Feature",
      "properties": {
        "id": 275403518,
        "building": "university",
        "name": "C12",
        "name:en": "C12",
        "name:ms": "C12"
      },
      "geometry": {
        "type": "Polygon",
        "coordinates": [
          [
            [
              100.3041946,
              5.3591474
            ],
            [
              100.3041475,
              5.3589128
            ],
            [
              100.3042065,
              5.358901
            ],
            [
              100.3042536,
              5.3591357
            ],
            [
              100.3041946,
              5.3591474
            ]
          ]
        ]
      }
    },
    {
      "type": "Feature",
      "properties": {
        "id": 275403519,
        "building": "university",
        "name": "C11",
        "name:en": "C11",
        "name:ms": "C11"
      },
      "geometry": {
        "type": "Polygon",
        "coordinates": [
          [
            [
              100.3041603,
              5.3586758
            ],
            [
              100.3041974,
              5.3586748
            ],
            [
              100.3041998,
              5.3587593
            ],
            [
              100.3040848,
              5.3587625
            ],
            [
              100.3040746,
              5.358395
            ],
            [
              100.3041884,
              5.3583919
            ],
            [
              100.3041908,
              5.3584799
            ],
            [
              100.3041549,
              5.3584809
            ],
            [
              100.3041603,
              5.3586758
            ]
          ]
        ]
      }
    },
    {
      "type": "Feature",
      "properties": {
        "id": 275403520,
        "building": "university",
        "building:levels": "2",
        "name": "H25"
      },
      "geometry": {
        "type": "Polygon",
        "coordinates": [
          [
            [
              100.3021869,
              5.3610731
            ],
            [
              100.3021651,
              5.3609508
            ],
            [
              100.3025459,
              5.3608834
            ],
            [
              100.3025678,
              5.3610056
            ],
            [
              100.3021869,
              5.3610731
            ]
          ]
        ]
      }
    },
    {
      "type": "Feature",
      "properties": {
        "id": 275403528,
        "building": "university",
        "name": "H30"
      },
      "geometry": {
        "type": "Polygon",
        "coordinates": [
          [
            [
              100.3028016,
              5.3606758
            ],
            [
              100.3026908,
              5.3606976
            ],
            [
              100.302649,
              5.3604876
            ],
            [
              100.3027599,
              5.3604657
            ],
            [
              100.3028016,
              5.3606758
            ]
          ]
        ]
      }
    },
    {
      "type": "Feature",
      "properties": {
        "id": 275403529,
        "building": "university",
        "name": "H30"
      },
      "geometry": {
        "type": "Polygon",
        "coordinates": [
          [
            [
              100.3030826,
              5.3605052
            ],
            [
              100.3028261,
              5.3605612
            ],
            [
              100.3028029,
              5.3604558
            ],
            [
              100.3030593,
              5.3603997
            ],
            [
              100.3030826,
              5.3605052
            ]
          ]
        ]
      }
    },
    {
      "type": "Feature",
      "properties": {
        "id": 275403530,
        "building": "university",
        "name": "H26"
      },
      "geometry": {
        "type": "Polygon",
        "coordinates": [
          [
            [
              100.3028086,
              5.3616252
            ],
            [
              100.3026512,
              5.3616369
            ],
            [
              100.3026453,
              5.3615578
            ],
            [
              100.3028027,
              5.3615461
            ],
            [
              100.3028086,
              5.3616252
            ]
          ]
        ]
      }
    },
    {
      "type": "Feature",
      "properties": {
        "id": 275403531,
        "building": "university",
        "name": "H26"
      },
      "geometry": {
        "type": "Polygon",
        "coordinates": [
          [
            [
              100.3028472,
              5.3614889
            ],
            [
              100.3026705,
              5.3614817
            ],
            [
              100.302674,
              5.3613971
            ],
            [
              100.3028507,
              5.3614042
            ],
            [
              100.3028472,
              5.3614889
            ]
          ]
        ]
      }
    },
    {
      "type": "Feature",
      "properties": {
        "id": 275403532,
        "building": "university",
        "name": "H40"
      },
      "geometry": {
        "type": "Polygon",
        "coordinates": [
          [
            [
              100.3034371,
              5.3620162
            ],
            [
              100.3033628,
              5.361988
            ],
            [
              100.3035256,
              5.3617801
            ],
            [
              100.3039191,
              5.3616002
            ],
            [
              100.303947,
              5.3616607
            ],
            [
              100.3036318,
              5.3618047
            ],
            [
              100.3034371,
              5.3620162
            ]
          ]
        ]
      }
    },
    {
      "type": "Feature",
      "properties": {
        "id": 275403533,
        "building": "university",
        "name": "H37"
      },
      "geometry": {
        "type": "Polygon",
        "coordinates": [
          [
            [
              100.3040067,
              5.3614593
            ],
            [
              100.3039409,
              5.3613634
            ],
            [
              100.3040386,
              5.3612971
            ],
            [
              100.3041044,
              5.361393
            ],
            [
              100.3040067,
              5.3614593
            ]
          ]
        ]
      }
    },
    {
      "type": "Feature",
      "properties": {
        "id": 275403534,
        "building": "university",
        "name": "H36"
      },
      "geometry": {
        "type": "Polygon",
        "coordinates": [
          [
            [
              100.3037618,
              5.3612332
            ],
            [
              100.3036614,
              5.3612381
            ],
            [
              100.3036569,
              5.3611445
            ],
            [
              100.3037573,
              5.3611397
            ],
            [
              100.3037618,
              5.3612332
            ]
          ]
        ]
      }
    },
    {
      "type": "Feature",
      "properties": {
        "id": 275403535,
        "building": "university",
        "name": "H41"
      },
      "geometry": {
        "type": "Polygon",
        "coordinates": [
          [
            [
              100.3037183,
              5.3614489
            ],
            [
              100.3036305,
              5.3615243
            ],
            [
              100.3036048,
              5.3614945
            ],
            [
              100.3036926,
              5.3614192
            ],
            [
              100.3037183,
              5.3614489
            ]
          ]
        ]
      }
    },
    {
      "type": "Feature",
      "properties": {
        "id": 275403536,
        "building": "university",
        "name": "H27"
      },
      "geometry": {
        "type": "Polygon",
        "coordinates": [
          [
            [
              100.3019963,
              5.3613845
            ],
            [
              100.3018674,
              5.3612738
            ],
            [
              100.3019404,
              5.3611895
            ],
            [
              100.3020693,
              5.3613002
            ],
            [
              100.3019963,
              5.3613845
            ]
          ]
        ]
      }
    },
    {
      "type": "Feature",
      "properties": {
        "id": 275403537,
        "building": "university",
        "name": "H27"
      },
      "geometry": {
        "type": "Polygon",
        "coordinates": [
          [
            [
              100.3018764,
              5.3614431
            ],
            [
              100.3017599,
              5.3614572
            ],
            [
              100.3017393,
              5.3612878
            ],
            [
              100.3018557,
              5.3612737
            ],
            [
              100.3018764,
              5.3614431
            ]
          ]
        ]
      }
    },
    {
      "type": "Feature",
      "properties": {
        "id": 275403538,
        "building": "university",
        "name": "H49"
      },
      "geometry": {
        "type": "Polygon",
        "coordinates": [
          [
            [
              100.3031714,
              5.3610114
            ],
            [
              100.3030927,
              5.3610286
            ],
            [
              100.3030671,
              5.3609121
            ],
            [
              100.3031457,
              5.3608949
            ],
            [
              100.3031714,
              5.3610114
            ]
          ]
        ]
      }
    },
    {
      "type": "Feature",
      "properties": {
        "id": 275403539,
        "building": "university",
        "name": "H32"
      },
      "geometry": {
        "type": "Polygon",
        "coordinates": [
          [
            [
              100.3033208,
              5.360956
            ],
            [
              100.3032749,
              5.360961
            ],
            [
              100.3032612,
              5.3608387
            ],
            [
              100.3033072,
              5.3608336
            ],
            [
              100.3033208,
              5.360956
            ]
          ]
        ]
      }
    },
    {
      "type": "Feature",
      "properties": {
        "id": 275403540,
        "building": "university",
        "building:levels": "2",
        "name": "H33 Desasiswa Cahaya Gemilang"
      },
      "geometry": {
        "type": "Polygon",
        "coordinates": [
          [
            [
              100.3037741,
              5.3604802
            ],
            [
              100.3036048,
              5.360636
            ],
            [
              100.3035075,
              5.3605311
            ],
            [
              100.3034289,
              5.3604465
            ],
            [
              100.3034482,
              5.3604288
            ],
            [
              100.3034213,
              5.3603998
            ],
            [
              100.3035551,
              5.3602766
            ],
            [
              100.303592,
              5.3603164
            ],
            [
              100.3036081,
              5.3603015
            ],
            [
              100.3037741,
              5.3604802
            ]
          ]
        ]
      }
    },
    {
      "type": "Feature",
      "properties": {
        "id": 275403541,
        "building": "university",
        "name": "H19"
      },
      "geometry": {
        "type": "Polygon",
        "coordinates": [
          [
            [
              100.3012098,
              5.3614518
            ],
            [
              100.301071,
              5.361405
            ],
            [
              100.3011366,
              5.3612123
            ],
            [
              100.3012753,
              5.3612591
            ],
            [
              100.3012098,
              5.3614518
            ]
          ]
        ]
      }
    },
    {
      "type": "Feature",
      "properties": {
        "id": 275403542,
        "building": "university",
        "name": "H18"
      },
      "geometry": {
        "type": "Polygon",
        "coordinates": [
          [
            [
              100.3013296,
              5.3611619
            ],
            [
              100.3012016,
              5.3611155
            ],
            [
              100.3012622,
              5.3609497
            ],
            [
              100.3013901,
              5.3609961
            ],
            [
              100.3013296,
              5.3611619
            ]
          ]
        ]
      }
    },
    {
      "type": "Feature",
      "properties": {
        "id": 275403543,
        "building": "university",
        "name": "H15 Uptown Mall USM"
      },
      "geometry": {
        "type": "Polygon",
        "coordinates": [
          [
            [
              100.3016771,
              5.3596861
            ],
            [
              100.3015219,
              5.3596896
            ],
            [
              100.3015214,
              5.3596671
            ],
            [
              100.3014513,
              5.3596687
            ],
            [
              100.3014531,
              5.3597394
            ],
            [
              100.3016114,
              5.3597482
            ],
            [
              100.3016058,
              5.3598468
            ],
            [
              100.3013699,
              5.3598337
            ],
            [
              100.3013754,
              5.3597351
            ],
            [
              100.3014241,
              5.3597378
            ],
            [
              100.3014218,
              5.3596669
            ],
            [
              100.3013901,
              5.3596676
            ],
            [
              100.3013876,
              5.3595626
            ],
            [
              100.301523,
              5.3595594
            ],
            [
              100.3015197,
              5.3594192
            ],
            [
              100.3016698,
              5.3594157
            ],
            [
              100.3016726,
              5.3595313
            ],
            [
              100.3017101,
              5.3595305
            ],
            [
              100.3017119,
              5.359607
            ],
            [
              100.3016753,
              5.3596079
            ],
            [
              100.3016771,
              5.3596861
            ]
          ]
        ]
      }
    },
    {
      "type": "Feature",
      "properties": {
        "id": 275403545,
        "building": "university",
        "building:levels": "2",
        "name": "H12",
        "name:en": "H12",
        "name:ms": "H12"
      },
      "geometry": {
        "type": "Polygon",
        "coordinates": [
          [
            [
              100.3013687,
              5.3582982
            ],
            [
              100.3011877,
              5.3582928
            ],
            [
              100.3011903,
              5.3582076
            ],
            [
              100.3011568,
              5.3582066
            ],
            [
              100.3011562,
              5.3582274
            ],
            [
              100.301084,
              5.3582253
            ],
            [
              100.3010864,
              5.3581429
            ],
            [
              100.3011114,
              5.3581436
            ],
            [
              100.3011162,
              5.3579836
            ],
            [
              100.3010956,
              5.357983
            ],
            [
              100.3010943,
              5.3580253
            ],
            [
              100.3010729,
              5.3580246
            ],
            [
              100.3010742,
              5.3579812
            ],
            [
              100.3010426,
              5.3579802
            ],
            [
              100.3010407,
              5.3580437
            ],
            [
              100.3010099,
              5.3580428
            ],
            [
              100.3010094,
              5.358061
            ],
            [
              100.3008613,
              5.3580566
            ],
            [
              100.3008599,
              5.3581032
            ],
            [
              100.3007881,
              5.3581011
            ],
            [
              100.300791,
              5.3580043
            ],
            [
              100.3008464,
              5.3580059
            ],
            [
              100.3008483,
              5.3579423
            ],
            [
              100.3010298,
              5.3579478
            ],
            [
              100.3010318,
              5.357881
            ],
            [
              100.3011467,
              5.3578844
            ],
            [
              100.3011445,
              5.3579573
            ],
            [
              100.3012344,
              5.35796
            ],
            [
              100.3012284,
              5.3581573
            ],
            [
              100.3011762,
              5.3581558
            ],
            [
              100.3011759,
              5.3581671
            ],
            [
              100.3011754,
              5.3581837
            ],
            [
              100.3013594,
              5.3581892
            ],
            [
              100.3013589,
              5.358204
            ],
            [
              100.3013978,
              5.3582052
            ],
            [
              100.3013957,
              5.3582756
            ],
            [
              100.3014675,
              5.3582778
            ],
            [
              100.3014641,
              5.3583897
            ],
            [
              100.3013858,
              5.3583874
            ],
            [
              100.3013834,
              5.3584653
            ],
            [
              100.3013546,
              5.3584644
            ],
            [
              100.3013541,
              5.3584805
            ],
            [
              100.3012042,
              5.3584761
            ],
            [
              100.3012027,
              5.3585238
            ],
            [
              100.3011377,
              5.3585219
            ],
            [
              100.3011401,
              5.358443
            ],
            [
              100.3011874,
              5.3584445
            ],
            [
              100.3011898,
              5.3583628
            ],
            [
              100.3013666,
              5.358368
            ],
            [
              100.3013687,
              5.3582982
            ]
          ]
        ]
      }
    },
    {
      "type": "Feature",
      "properties": {
        "id": 275403546,
        "building": "university",
        "building:levels": "2",
        "name": "H11",
        "name:en": "H11",
        "name:ms": "H11"
      },
      "geometry": {
        "type": "Polygon",
        "coordinates": [
          [
            [
              100.300677,
              5.3582412
            ],
            [
              100.3006087,
              5.3582382
            ],
            [
              100.3006106,
              5.3581962
            ],
            [
              100.3004528,
              5.3581894
            ],
            [
              100.3004534,
              5.3581736
            ],
            [
              100.3004195,
              5.3581721
            ],
            [
              100.3004226,
              5.3581012
            ],
            [
              100.3003809,
              5.3580995
            ],
            [
              100.3003732,
              5.3582794
            ],
            [
              100.3002689,
              5.358275
            ],
            [
              100.3002673,
              5.3583113
            ],
            [
              100.3003246,
              5.3583137
            ],
            [
              100.3003244,
              5.358319
            ],
            [
              100.3003209,
              5.3584021
            ],
            [
              100.3002289,
              5.3583982
            ],
            [
              100.3002309,
              5.3583514
            ],
            [
              100.3000878,
              5.3583454
            ],
            [
              100.3000844,
              5.3584264
            ],
            [
              100.3000289,
              5.3584241
            ],
            [
              100.3000268,
              5.3584724
            ],
            [
              100.2999885,
              5.3584709
            ],
            [
              100.2999881,
              5.3584801
            ],
            [
              100.2998106,
              5.3584729
            ],
            [
              100.2998128,
              5.3584199
            ],
            [
              100.2997389,
              5.3584169
            ],
            [
              100.299742,
              5.3583406
            ],
            [
              100.2998331,
              5.3583443
            ],
            [
              100.299842,
              5.3583447
            ],
            [
              100.2998413,
              5.358362
            ],
            [
              100.3000073,
              5.3583686
            ],
            [
              100.3000084,
              5.3583414
            ],
            [
              100.2999619,
              5.3583396
            ],
            [
              100.2999626,
              5.3583242
            ],
            [
              100.3000093,
              5.3583261
            ],
            [
              100.3000109,
              5.3582866
            ],
            [
              100.3000561,
              5.3582885
            ],
            [
              100.3000579,
              5.3582436
            ],
            [
              100.3000915,
              5.358245
            ],
            [
              100.3000921,
              5.3582304
            ],
            [
              100.3002571,
              5.3582373
            ],
            [
              100.3002629,
              5.3581007
            ],
            [
              100.3002809,
              5.3581015
            ],
            [
              100.3002826,
              5.3580616
            ],
            [
              100.3003176,
              5.3580631
            ],
            [
              100.3003236,
              5.3580634
            ],
            [
              100.3003228,
              5.3580804
            ],
            [
              100.3003609,
              5.358082
            ],
            [
              100.3003643,
              5.358003
            ],
            [
              100.300464,
              5.3580073
            ],
            [
              100.3004609,
              5.3580788
            ],
            [
              100.3006355,
              5.3580863
            ],
            [
              100.300632,
              5.3581667
            ],
            [
              100.3006802,
              5.3581687
            ],
            [
              100.300677,
              5.3582412
            ]
          ]
        ]
      }
    },
    {
      "type": "Feature",
      "properties": {
        "id": 275404573,
        "addr:housenumber": "1",
        "addr:street": "jalan damai",
        "building": "university",
        "building:levels": "3",
        "name": "K02",
        "name:en": "K02",
        "name:ms": "K02"
      },
      "geometry": {
        "type": "Polygon",
        "coordinates": [
          [
            [
              100.2967862,
              5.3546334
            ],
            [
              100.2967797,
              5.3545072
            ],
            [
              100.2970653,
              5.3544928
            ],
            [
              100.2970648,
              5.354483
            ],
            [
              100.2971549,
              5.3544785
            ],
            [
              100.2971556,
              5.3544923
            ],
            [
              100.2974491,
              5.3544775
            ],
            [
              100.2974552,
              5.354597
            ],
            [
              100.2971646,
              5.3546116
            ],
            [
              100.2971653,
              5.3546256
            ],
            [
              100.2970743,
              5.3546302
            ],
            [
              100.2970737,
              5.3546189
            ],
            [
              100.2967862,
              5.3546334
            ]
          ]
        ]
      }
    },
    {
      "type": "Feature",
      "properties": {
        "id": 275404575,
        "building": "terrace",
        "building:levels": "2",
        "name": "Rumah Kediaman Pegawai Desasiswa K16"
      },
      "geometry": {
        "type": "Polygon",
        "coordinates": [
          [
            [
              100.2955052,
              5.3530898
            ],
            [
              100.2954459,
              5.3529944
            ],
            [
              100.2957917,
              5.3527809
            ],
            [
              100.2958511,
              5.3528764
            ],
            [
              100.2955052,
              5.3530898
            ]
          ]
        ]
      }
    },
    {
      "type": "Feature",
      "properties": {
        "id": 275404576,
        "building": "terrace",
        "building:levels": "2",
        "name": "Unit Kediaman Pegawai Desasiswa K15"
      },
      "geometry": {
        "type": "Polygon",
        "coordinates": [
          [
            [
              100.2959349,
              5.352831
            ],
            [
              100.29588,
              5.3527385
            ],
            [
              100.2961195,
              5.3525978
            ],
            [
              100.2961743,
              5.3526902
            ],
            [
              100.2959349,
              5.352831
            ]
          ]
        ]
      }
    },
    {
      "type": "Feature",
      "properties": {
        "id": 275404583,
        "building": "university",
        "name": "L21 Jabatan Keselamatan",
        "name:en": "L21 Security Department",
        "name:ms": "L21 Jabatan Keselamatan",
        "name:zh": "L21 \u4fdd\u5b89\u90e8\u95e8",
        "name:zh-Hans": "L21 \u4fdd\u5b89\u90e8\u95e8",
        "name:zh-Hant": "L21 \u4fdd\u5168\u90e8\u9580"
      },
      "geometry": {
        "type": "Polygon",
        "coordinates": [
          [
            [
              100.2976449,
              5.3553211
            ],
            [
              100.2975381,
              5.3553292
            ],
            [
              100.2975355,
              5.355295
            ],
            [
              100.2974572,
              5.3553009
            ],
            [
              100.2974598,
              5.3553343
            ],
            [
              100.2973563,
              5.3553422
            ],
            [
              100.2973721,
              5.3555495
            ],
            [
              100.2976606,
              5.3555277
            ],
            [
              100.2976449,
              5.3553211
            ]
          ]
        ]
      }
    },
    {
      "type": "Feature",
      "properties": {
        "id": 275404584,
        "building": "university",
        "name": "L04",
        "name:en": "L04",
        "name:ms": "L04"
      },
      "geometry": {
        "type": "Polygon",
        "coordinates": [
          [
            [
              100.2971986,
              5.3559348
            ],
            [
              100.297191,
              5.3559354
            ],
            [
              100.2969903,
              5.3559501
            ],
            [
              100.2969634,
              5.3555866
            ],
            [
              100.2971718,
              5.3555714
            ],
            [
              100.2971986,
              5.3559348
            ]
          ]
        ]
      }
    },
    {
      "type": "Feature",
      "properties": {
        "id": 275404585,
        "building": "university",
        "name": "L02",
        "name:en": "L02",
        "name:ms": "L02"
      },
      "geometry": {
        "type": "Polygon",
        "coordinates": [
          [
            [
              100.2969325,
              5.3560656
            ],
            [
              100.2967252,
              5.3560775
            ],
            [
              100.2966972,
              5.3555943
            ],
            [
              100.2969045,
              5.3555824
            ],
            [
              100.2969325,
              5.3560656
            ]
          ]
        ]
      }
    },
    {
      "type": "Feature",
      "properties": {
        "id": 275404586,
        "building": "garage",
        "name": "L16 USM Bus parking Area",
        "name:ms": "L16"
      },
      "geometry": {
        "type": "Polygon",
        "coordinates": [
          [
            [
              100.2966144,
              5.356097
            ],
            [
              100.2964872,
              5.3561056
            ],
            [
              100.2964718,
              5.3558818
            ],
            [
              100.2965991,
              5.3558731
            ],
            [
              100.2966144,
              5.356097
            ]
          ]
        ]
      }
    },
    {
      "type": "Feature",
      "properties": {
        "id": 275404587,
        "building": "university",
        "building:levels": "2",
        "name": "L01 Jabatan Pembangunan & Pengurusan Fasiliti",
        "name:en": "L01 Development Office",
        "name:ms": "L01 Jabatan Pembangunan & Pengurusan Aset"
      },
      "geometry": {
        "type": "Polygon",
        "coordinates": [
          [
            [
              100.297103,
              5.3554705
            ],
            [
              100.2970121,
              5.3554744
            ],
            [
              100.2969596,
              5.3554766
            ],
            [
              100.2969619,
              5.3555315
            ],
            [
              100.2968595,
              5.3555359
            ],
            [
              100.2968574,
              5.3554868
            ],
            [
              100.2967257,
              5.3554924
            ],
            [
              100.2967202,
              5.3553674
            ],
            [
              100.2968491,
              5.3553619
            ],
            [
              100.2968465,
              5.3553034
            ],
            [
              100.2969523,
              5.3552989
            ],
            [
              100.2969546,
              5.3553521
            ],
            [
              100.2970976,
              5.355346
            ],
            [
              100.2971012,
              5.3554297
            ],
            [
              100.2971021,
              5.3554507
            ],
            [
              100.2971022,
              5.3554516
            ],
            [
              100.2971022,
              5.3554523
            ],
            [
              100.2971024,
              5.3554571
            ],
            [
              100.2971025,
              5.35546
            ],
            [
              100.297103,
              5.3554705
            ]
          ]
        ]
      }
    },
    {
      "type": "Feature",
      "properties": {
        "id": 275404588,
        "building": "university",
        "name": "Desasiswa Indah Kembara (L07)",
        "name:ms": "Desasiswa Indah Kembara (L07)"
      },
      "geometry": {
        "type": "Polygon",
        "coordinates": [
          [
            [
              100.2958609,
              5.3562025
            ],
            [
              100.2958351,
              5.3558889
            ],
            [
              100.2962389,
              5.3558635
            ],
            [
              100.2962463,
              5.356168
            ],
            [
              100.2958609,
              5.3562025
            ]
          ]
        ]
      }
    },
    {
      "type": "Feature",
      "properties": {
        "id": 275404589,
        "building": "university",
        "name": "Desasiswa Indah Kembara (L06)",
        "name:ms": "Desasiswa Indah Kembara (L06)"
      },
      "geometry": {
        "type": "Polygon",
        "coordinates": [
          [
            [
              100.2957737,
              5.3556575
            ],
            [
              100.2957627,
              5.355353
            ],
            [
              100.2962024,
              5.3553373
            ],
            [
              100.2962134,
              5.3556418
            ],
            [
              100.2957737,
              5.3556575
            ]
          ]
        ]
      }
    },
    {
      "type": "Feature",
      "properties": {
        "id": 275404590,
        "building": "university",
        "name": "Desasiswa Indah Kembara (L05)",
        "name:ms": "Desasiswa Indah Kembara (L05)"
      },
      "geometry": {
        "type": "Polygon",
        "coordinates": [
          [
            [
              100.295418,
              5.3559654
            ],
            [
              100.2953928,
              5.3556924
            ],
            [
              100.2956573,
              5.3556683
            ],
            [
              100.2956674,
              5.3557778
            ],
            [
              100.2957519,
              5.3557701
            ],
            [
              100.295767,
              5.3559334
            ],
            [
              100.295418,
              5.3559654
            ]
          ]
        ]
      }
    },
    {
      "type": "Feature",
      "properties": {
        "id": 275404592,
        "building": "university",
        "name": "L10",
        "name:en": "L10",
        "name:ms": "L10"
      },
      "geometry": {
        "type": "Polygon",
        "coordinates": [
          [
            [
              100.2958191,
              5.3570675
            ],
            [
              100.2955395,
              5.3570776
            ],
            [
              100.2955298,
              5.3568119
            ],
            [
              100.2956237,
              5.3568085
            ],
            [
              100.2956197,
              5.3567016
            ],
            [
              100.2958054,
              5.3566949
            ],
            [
              100.2958191,
              5.3570675
            ]
          ]
        ]
      }
    },
    {
      "type": "Feature",
      "properties": {
        "id": 275404593,
        "building": "university",
        "name": "L12",
        "name:en": "L12",
        "name:ms": "L12"
      },
      "geometry": {
        "type": "Polygon",
        "coordinates": [
          [
            [
              100.2947803,
              5.3574757
            ],
            [
              100.2947482,
              5.3572006
            ],
            [
              100.2951894,
              5.3571496
            ],
            [
              100.2952215,
              5.3574247
            ],
            [
              100.2947803,
              5.3574757
            ]
          ]
        ]
      }
    },
    {
      "type": "Feature",
      "properties": {
        "id": 275404594,
        "building": "university",
        "name": "L11",
        "name:en": "L11",
        "name:ms": "L11"
      },
      "geometry": {
        "type": "Polygon",
        "coordinates": [
          [
            [
              100.2952201,
              5.356885
            ],
            [
              100.2947856,
              5.3569049
            ],
            [
              100.294772,
              5.3566121
            ],
            [
              100.2952066,
              5.3565922
            ],
            [
              100.2952201,
              5.356885
            ]
          ]
        ]
      }
    },
    {
      "type": "Feature",
      "properties": {
        "id": 275404596,
        "building": "university",
        "name": "L17 Dewan Utama Pelajar Universiti Sains Malaysia",
        "name:ms": "L17 Dewan Utama Pelajar Universiti Sains Malaysia"
      },
      "geometry": {
        "type": "Polygon",
        "coordinates": [
          [
            [
              100.2946806,
              5.3565842
            ],
            [
              100.2941441,
              5.3566101
            ],
            [
              100.2941315,
              5.3563509
            ],
            [
              100.294668,
              5.356325
            ],
            [
              100.2946806,
              5.3565842
            ]
          ]
        ]
      }
    },
    {
      "type": "Feature",
      "properties": {
        "id": 275404597,
        "building": "university"
      },
      "geometry": {
        "type": "Polygon",
        "coordinates": [
          [
            [
              100.2946356,
              5.3571801
            ],
            [
              100.2941036,
              5.3572084
            ],
            [
              100.2940893,
              5.356942
            ],
            [
              100.2942293,
              5.3569345
            ],
            [
              100.2942248,
              5.3568508
            ],
            [
              100.2946167,
              5.3568298
            ],
            [
              100.2946356,
              5.3571801
            ]
          ]
        ]
      }
    },
    {
      "type": "Feature",
      "properties": {
        "id": 275404598,
        "building": "university",
        "name": "L14",
        "name:en": "L14",
        "name:ms": "L14"
      },
      "geometry": {
        "type": "Polygon",
        "coordinates": [
          [
            [
              100.2943366,
              5.3576899
            ],
            [
              100.2942067,
              5.3577169
            ],
            [
              100.2941644,
              5.3574856
            ],
            [
              100.2942943,
              5.3574564
            ],
            [
              100.2943176,
              5.3575764
            ],
            [
              100.2943366,
              5.3576899
            ]
          ]
        ]
      }
    },
    {
      "type": "Feature",
      "properties": {
        "id": 275404599,
        "building": "university",
        "name": "L19",
        "name:en": "L19",
        "name:ms": "L19"
      },
      "geometry": {
        "type": "Polygon",
        "coordinates": [
          [
            [
              100.2935964,
              5.3571503
            ],
            [
              100.2934868,
              5.3571543
            ],
            [
              100.2934755,
              5.3568462
            ],
            [
              100.293585,
              5.3568421
            ],
            [
              100.2935964,
              5.3571503
            ]
          ]
        ]
      }
    },
    {
      "type": "Feature",
      "properties": {
        "id": 275404600,
        "building": "university",
        "name": "L20",
        "name:en": "L20",
        "name:ms": "L20"
      },
      "geometry": {
        "type": "Polygon",
        "coordinates": [
          [
            [
              100.2939546,
              5.3571168
            ],
            [
              100.2938463,
              5.3571246
            ],
            [
              100.2938249,
              5.3568322
            ],
            [
              100.2939332,
              5.3568243
            ],
            [
              100.2939546,
              5.3571168
            ]
          ]
        ]
      }
    },
    {
      "type": "Feature",
      "properties": {
        "id": 275404601,
        "building": "university",
        "building:levels": "3",
        "name": "L18 Pelapes",
        "name:en": "L18 Pelapes",
        "name:ms": "L18 Pelapes",
        "roof:colour": "#c66861"
      },
      "geometry": {
        "type": "Polygon",
        "coordinates": [
          [
            [
              100.2939453,
              5.3566308
            ],
            [
              100.2937827,
              5.3566402
            ],
            [
              100.2936503,
              5.3566479
            ],
            [
              100.2934883,
              5.3566572
            ],
            [
              100.2934813,
              5.3565364
            ],
            [
              100.293642,
              5.3565272
            ],
            [
              100.2937744,
              5.3565195
            ],
            [
              100.2939383,
              5.35651
            ],
            [
              100.2939453,
              5.3566308
            ]
          ]
        ]
      }
    },
    {
      "type": "Feature",
      "properties": {
        "id": 275404602,
        "building": "university"
      },
      "geometry": {
        "type": "Polygon",
        "coordinates": [
          [
            [
              100.2935549,
              5.3587046
            ],
            [
              100.2933793,
              5.3587041
            ],
            [
              100.2933796,
              5.3585706
            ],
            [
              100.2936103,
              5.3585712
            ],
            [
              100.2936101,
              5.3586381
            ],
            [
              100.2935551,
              5.358638
            ],
            [
              100.2935549,
              5.3587046
            ]
          ]
        ]
      }
    },
    {
      "type": "Feature",
      "properties": {
        "id": 275404604,
        "building": "university"
      },
      "geometry": {
        "type": "Polygon",
        "coordinates": [
          [
            [
              100.2941794,
              5.3580475
            ],
            [
              100.2935664,
              5.3580608
            ],
            [
              100.2935621,
              5.3578663
            ],
            [
              100.2938291,
              5.3578605
            ],
            [
              100.2938279,
              5.3578046
            ],
            [
              100.2939332,
              5.3578023
            ],
            [
              100.2939344,
              5.3578579
            ],
            [
              100.2941752,
              5.3578527
            ],
            [
              100.2941794,
              5.3580475
            ]
          ]
        ]
      }
    },
    {
      "type": "Feature",
      "properties": {
        "id": 275404605,
        "building": "university"
      },
      "geometry": {
        "type": "Polygon",
        "coordinates": [
          [
            [
              100.2943739,
              5.3580294
            ],
            [
              100.2942439,
              5.3580325
            ],
            [
              100.2942399,
              5.3578615
            ],
            [
              100.2943699,
              5.3578585
            ],
            [
              100.2943739,
              5.3580294
            ]
          ]
        ]
      }
    },
    {
      "type": "Feature",
      "properties": {
        "id": 275404609,
        "building": "university"
      },
      "geometry": {
        "type": "Polygon",
        "coordinates": [
          [
            [
              100.2903439,
              5.3534843
            ],
            [
              100.2902768,
              5.3534071
            ],
            [
              100.2904981,
              5.3532163
            ],
            [
              100.2905652,
              5.3532934
            ],
            [
              100.2903439,
              5.3534843
            ]
          ]
        ]
      }
    },
    {
      "type": "Feature",
      "properties": {
        "id": 275414998,
        "building": "yes",
        "name": "M06",
        "tourism": "hostel"
      },
      "geometry": {
        "type": "Polygon",
        "coordinates": [
          [
            [
              100.2919911,
              5.3562959
            ],
            [
              100.2918932,
              5.3561853
            ],
            [
              100.2921007,
              5.3560032
            ],
            [
              100.2919256,
              5.3558053
            ],
            [
              100.292058,
              5.3556891
            ],
            [
              100.2922151,
              5.3558666
            ],
            [
              100.2923874,
              5.3557154
            ],
            [
              100.2924756,
              5.355815
            ],
            [
              100.2922793,
              5.3559873
            ],
            [
              100.2924439,
              5.3561733
            ],
            [
              100.2923074,
              5.3562931
            ],
            [
              100.2921705,
              5.3561384
            ],
            [
              100.2919911,
              5.3562959
            ]
          ]
        ]
      }
    },
    {
      "type": "Feature",
      "properties": {
        "id": 275414999,
        "building": "yes",
        "name": "M05, Desasiswa Tekun, USM",
        "tourism": "hostel"
      },
      "geometry": {
        "type": "Polygon",
        "coordinates": [
          [
            [
              100.291075,
              5.355943
            ],
            [
              100.2909826,
              5.3558444
            ],
            [
              100.2911867,
              5.3556547
            ],
            [
              100.2909901,
              5.3554449
            ],
            [
              100.2911289,
              5.3553159
            ],
            [
              100.2913061,
              5.355505
            ],
            [
              100.2914753,
              5.3553477
            ],
            [
              100.291603,
              5.355484
            ],
            [
              100.2914238,
              5.3556505
            ],
            [
              100.2915846,
              5.355822
            ],
            [
              100.2914676,
              5.3559307
            ],
            [
              100.291291,
              5.3557423
            ],
            [
              100.291075,
              5.355943
            ]
          ]
        ]
      }
    },
    {
      "type": "Feature",
      "properties": {
        "id": 275415000,
        "building": "yes",
        "name": "M04",
        "tourism": "hostel"
      },
      "geometry": {
        "type": "Polygon",
        "coordinates": [
          [
            [
              100.2903486,
              5.3560371
            ],
            [
              100.2901919,
              5.355972
            ],
            [
              100.2902464,
              5.3558419
            ],
            [
              100.2899959,
              5.3557379
            ],
            [
              100.290065,
              5.3555731
            ],
            [
              100.2903266,
              5.3556817
            ],
            [
              100.2903941,
              5.3555205
            ],
            [
              100.2905557,
              5.3555875
            ],
            [
              100.2904953,
              5.3557316
            ],
            [
              100.2907331,
              5.3558303
            ],
            [
              100.2906708,
              5.3559791
            ],
            [
              100.290417,
              5.3558737
            ],
            [
              100.2903486,
              5.3560371
            ]
          ]
        ]
      }
    },
    {
      "type": "Feature",
      "properties": {
        "id": 275415001,
        "building": "university",
        "name": "M09"
      },
      "geometry": {
        "type": "Polygon",
        "coordinates": [
          [
            [
              100.2915491,
              5.3562658
            ],
            [
              100.2915256,
              5.3562889
            ],
            [
              100.2915106,
              5.3562737
            ],
            [
              100.291481,
              5.3563027
            ],
            [
              100.2914445,
              5.3562657
            ],
            [
              100.2914117,
              5.3562978
            ],
            [
              100.2913076,
              5.3562953
            ],
            [
              100.2912791,
              5.3562665
            ],
            [
              100.2912334,
              5.3563113
            ],
            [
              100.2912048,
              5.3562824
            ],
            [
              100.291189,
              5.3562979
            ],
            [
              100.291173,
              5.3562818
            ],
            [
              100.2911386,
              5.3563155
            ],
            [
              100.291076,
              5.3562522
            ],
            [
              100.2911151,
              5.3562138
            ],
            [
              100.291078,
              5.3561762
            ],
            [
              100.291226,
              5.3560311
            ],
            [
              100.2913676,
              5.3561743
            ],
            [
              100.291511,
              5.3560339
            ],
            [
              100.291643,
              5.3561674
            ],
            [
              100.291599,
              5.3562106
            ],
            [
              100.2916356,
              5.3562476
            ],
            [
              100.2915825,
              5.3562996
            ],
            [
              100.2915491,
              5.3562658
            ]
          ]
        ]
      }
    },
    {
      "type": "Feature",
      "properties": {
        "id": 275415002,
        "building": "university",
        "name": "M08 Dewan Utama (Restu)",
        "name:en": "C08 Main Residences' Hall (Restu)"
      },
      "geometry": {
        "type": "Polygon",
        "coordinates": [
          [
            [
              100.2900197,
              5.3574617
            ],
            [
              100.2899316,
              5.357252
            ],
            [
              100.290046,
              5.3572043
            ],
            [
              100.2900311,
              5.3571688
            ],
            [
              100.2900909,
              5.3571439
            ],
            [
              100.2900703,
              5.3570948
            ],
            [
              100.2901993,
              5.357041
            ],
            [
              100.2902205,
              5.3570913
            ],
            [
              100.2902742,
              5.357069
            ],
            [
              100.2902903,
              5.3571072
            ],
            [
              100.2903946,
              5.3570637
            ],
            [
              100.2904797,
              5.3572659
            ],
            [
              100.2903263,
              5.3573299
            ],
            [
              100.2903358,
              5.3573523
            ],
            [
              100.2902885,
              5.357372
            ],
            [
              100.2902972,
              5.3573926
            ],
            [
              100.2903076,
              5.3574174
            ],
            [
              100.2902537,
              5.3574399
            ],
            [
              100.290244,
              5.357417
            ],
            [
              100.2902337,
              5.3573923
            ],
            [
              100.2901841,
              5.3574129
            ],
            [
              100.290177,
              5.3573961
            ],
            [
              100.2900197,
              5.3574617
            ]
          ]
        ]
      }
    },
    {
      "type": "Feature",
      "properties": {
        "id": 275415004,
        "building": "university",
        "name": "M07"
      },
      "geometry": {
        "type": "Polygon",
        "coordinates": [
          [
            [
              100.2891495,
              5.3568298
            ],
            [
              100.2890309,
              5.3567195
            ],
            [
              100.2891004,
              5.3566456
            ],
            [
              100.2890897,
              5.3564518
            ],
            [
              100.2890208,
              5.3563875
            ],
            [
              100.2891325,
              5.3562686
            ],
            [
              100.2892643,
              5.3563913
            ],
            [
              100.2891356,
              5.3565283
            ],
            [
              100.2892941,
              5.3566759
            ],
            [
              100.2891495,
              5.3568298
            ]
          ]
        ]
      }
    },
    {
      "type": "Feature",
      "properties": {
        "id": 275416589,
        "addr:city": "Gelugor",
        "addr:housenumber": "K18",
        "addr:postcode": "11700",
        "addr:street": "Jalan Penggawa",
        "building": "apartments",
        "building:levels": "3",
        "name": "Bangunan K18 Graduate Family Residental Complex"
      },
      "geometry": {
        "type": "Polygon",
        "coordinates": [
          [
            [
              100.2971214,
              5.353327
            ],
            [
              100.2965985,
              5.3533306
            ],
            [
              100.2965968,
              5.3530762
            ],
            [
              100.296692,
              5.3530755
            ],
            [
              100.2966931,
              5.3532259
            ],
            [
              100.2971207,
              5.353223
            ],
            [
              100.2971214,
              5.353327
            ]
          ]
        ]
      }
    },
    {
      "type": "Feature",
      "properties": {
        "id": 275416590,
        "addr:city": "Gelugor",
        "addr:housenumber": "K19",
        "addr:postcode": "11700",
        "addr:street": "Jalan Penggawa",
        "building": "apartments",
        "building:levels": "3",
        "name": "Bangunan K19 Graduate Family Residental Complex"
      },
      "geometry": {
        "type": "Polygon",
        "coordinates": [
          [
            [
              100.296996,
              5.3530561
            ],
            [
              100.2969682,
              5.3530183
            ],
            [
              100.2969248,
              5.35305
            ],
            [
              100.2968964,
              5.3530114
            ],
            [
              100.2969101,
              5.3530015
            ],
            [
              100.2968793,
              5.3529597
            ],
            [
              100.2968675,
              5.3529683
            ],
            [
              100.2968385,
              5.3529289
            ],
            [
              100.296885,
              5.352895
            ],
            [
              100.296853,
              5.3528514
            ],
            [
              100.2968644,
              5.3528431
            ],
            [
              100.296858,
              5.3528344
            ],
            [
              100.2968328,
              5.3528528
            ],
            [
              100.2968635,
              5.3528945
            ],
            [
              100.2968232,
              5.352924
            ],
            [
              100.2968156,
              5.3529137
            ],
            [
              100.2967711,
              5.3529463
            ],
            [
              100.2967773,
              5.3529547
            ],
            [
              100.2967409,
              5.3529812
            ],
            [
              100.296708,
              5.3529366
            ],
            [
              100.2966691,
              5.352965
            ],
            [
              100.2966551,
              5.352946
            ],
            [
              100.296643,
              5.3529548
            ],
            [
              100.2966203,
              5.352924
            ],
            [
              100.2966427,
              5.3529076
            ],
            [
              100.2966359,
              5.3528984
            ],
            [
              100.2966939,
              5.352856
            ],
            [
              100.2967084,
              5.3528756
            ],
            [
              100.2967265,
              5.3528623
            ],
            [
              100.2967108,
              5.352841
            ],
            [
              100.2967413,
              5.3528187
            ],
            [
              100.2967582,
              5.3528415
            ],
            [
              100.2967754,
              5.3528289
            ],
            [
              100.2967651,
              5.3528149
            ],
            [
              100.2967935,
              5.3527941
            ],
            [
              100.2967876,
              5.3527861
            ],
            [
              100.2968187,
              5.3527633
            ],
            [
              100.2968316,
              5.3527808
            ],
            [
              100.2968562,
              5.3527626
            ],
            [
              100.2968766,
              5.3527901
            ],
            [
              100.2968498,
              5.3528098
            ],
            [
              100.2968707,
              5.352838
            ],
            [
              100.2969079,
              5.3528107
            ],
            [
              100.2969182,
              5.3528246
            ],
            [
              100.2969304,
              5.3528156
            ],
            [
              100.2969507,
              5.352843
            ],
            [
              100.2969375,
              5.3528527
            ],
            [
              100.2969531,
              5.3528738
            ],
            [
              100.2969314,
              5.3528897
            ],
            [
              100.2969552,
              5.3529218
            ],
            [
              100.2969822,
              5.3529019
            ],
            [
              100.2969973,
              5.3529223
            ],
            [
              100.2969712,
              5.3529415
            ],
            [
              100.2969894,
              5.352966
            ],
            [
              100.297008,
              5.3529523
            ],
            [
              100.2970272,
              5.3529782
            ],
            [
              100.297039,
              5.3529696
            ],
            [
              100.2970585,
              5.3529959
            ],
            [
              100.2970375,
              5.3530113
            ],
            [
              100.2970513,
              5.3530301
            ],
            [
              100.2970164,
              5.3530557
            ],
            [
              100.2970095,
              5.3530463
            ],
            [
              100.296996,
              5.3530561
            ]
          ]
        ]
      }
    },
    {
      "type": "Feature",
      "properties": {
        "id": 574079978,
        "building": "university",
        "name": "Pusat Penyelidikan Dadah Dan Ubat-Ubatan, USM"
      },
      "geometry": {
        "type": "Polygon",
        "coordinates": [
          [
            [
              100.2979265,
              5.3570121
            ],
            [
              100.2979268,
              5.3569884
            ],
            [
              100.2979306,
              5.3567247
            ],
            [
              100.2981686,
              5.3567148
            ],
            [
              100.2984205,
              5.3567044
            ],
            [
              100.2984246,
              5.3569979
            ],
            [
              100.2983963,
              5.3569987
            ],
            [
              100.2981774,
              5.3570049
            ],
            [
              100.2979265,
              5.3570121
            ]
          ]
        ]
      }
    },
    {
      "type": "Feature",
      "properties": {
        "id": 574079981,
        "building": "university",
        "name": "National Poison Center Usm",
        "name:ms": "Pusat Racun Negara Usm"
      },
      "geometry": {
        "type": "Polygon",
        "coordinates": [
          [
            [
              100.2980505,
              5.356413
            ],
            [
              100.2982834,
              5.3564189
            ],
            [
              100.2983769,
              5.3564239
            ],
            [
              100.2983964,
              5.3564177
            ],
            [
              100.2986992,
              5.3564219
            ],
            [
              100.298699,
              5.3561863
            ],
            [
              100.2983814,
              5.3561843
            ],
            [
              100.2983839,
              5.3560548
            ],
            [
              100.2982233,
              5.3560588
            ],
            [
              100.2982233,
              5.3561276
            ],
            [
              100.2980424,
              5.3561297
            ],
            [
              100.2980445,
              5.3562042
            ],
            [
              100.2980489,
              5.3563559
            ],
            [
              100.2980499,
              5.3563907
            ],
            [
              100.2980505,
              5.356413
            ]
          ]
        ]
      }
    },
    {
      "type": "Feature",
      "properties": {
        "id": 574079983,
        "building": "university",
        "name": "J06 Pejabat Pengajian Siswazah"
      },
      "geometry": {
        "type": "Polygon",
        "coordinates": [
          [
            [
              100.2988232,
              5.3563588
            ],
            [
              100.2991612,
              5.3563561
            ],
            [
              100.2991666,
              5.3561398
            ],
            [
              100.2988286,
              5.3561318
            ],
            [
              100.2988232,
              5.3563588
            ]
          ]
        ]
      }
    },
    {
      "type": "Feature",
      "properties": {
        "id": 591498252,
        "addr:city": "Universiti Sains Malaysia",
        "addr:housenumber": "School of Pharmaceutical Sciences",
        "addr:postcode": "11800",
        "building": "university",
        "building:levels": "3",
        "name": "J13 School of Pharmaceutical Sciences, USM",
        "website": "http://www.pha.usm.my/index.php/ms/"
      },
      "geometry": {
        "type": "Polygon",
        "coordinates": [
          [
            [
              100.2979975,
              5.3573885
            ],
            [
              100.2980002,
              5.3570307
            ],
            [
              100.2984937,
              5.35702
            ],
            [
              100.2984937,
              5.3573778
            ],
            [
              100.2979975,
              5.3573885
            ]
          ]
        ]
      }
    },
    {
      "type": "Feature",
      "properties": {
        "id": 645205097,
        "building": "shed",
        "name": "K17 Pondok Pengawal USM"
      },
      "geometry": {
        "type": "Polygon",
        "coordinates": [
          [
            [
              100.293275,
              5.3552588
            ],
            [
              100.2933723,
              5.3552502
            ],
            [
              100.2933788,
              5.3553234
            ],
            [
              100.2932815,
              5.3553319
            ],
            [
              100.293275,
              5.3552588
            ]
          ]
        ]
      }
    },
    {
      "type": "Feature",
      "properties": {
        "id": 697079136,
        "addr:city": "Gelugor",
        "addr:housenumber": "Lorong 1",
        "addr:postcode": "11700",
        "addr:street": "Jalan Stadium USM",
        "building": "yes",
        "leisure": "sports_centre",
        "name": "Azman Hashim USM Sports Arena",
        "sport": "badminton;volleyball;futsal;netball"
      },
      "geometry": {
        "type": "Polygon",
        "coordinates": [
          [
            [
              100.2927019,
              5.3534057
            ],
            [
              100.2925232,
              5.3527278
            ],
            [
              100.2929458,
              5.3526173
            ],
            [
              100.292952,
              5.3526406
            ],
            [
              100.2929973,
              5.3526287
            ],
            [
              100.2930445,
              5.3528079
            ],
            [
              100.293229,
              5.3527597
            ],
            [
              100.2932968,
              5.353017
            ],
            [
              100.2931115,
              5.3530653
            ],
            [
              100.2931556,
              5.3532326
            ],
            [
              100.2931118,
              5.353244
            ],
            [
              100.2931253,
              5.353295
            ],
            [
              100.2927019,
              5.3534057
            ]
          ]
        ]
      }
    },
    {
      "type": "Feature",
      "properties": {
        "id": 895120460,
        "building": "yes",
        "name": "D07",
        "name:en": "D07",
        "name:ms": "D07"
      },
      "geometry": {
        "type": "Polygon",
        "coordinates": [
          [
            [
              100.3076722,
              5.3563464
            ],
            [
              100.3076772,
              5.3563653
            ],
            [
              100.307688,
              5.3563817
            ],
            [
              100.3077034,
              5.3563938
            ],
            [
              100.307722,
              5.3564003
            ],
            [
              100.3077421,
              5.3564004
            ],
            [
              100.3077612,
              5.3563939
            ],
            [
              100.307777,
              5.3563816
            ],
            [
              100.307788,
              5.3563648
            ],
            [
              100.3077927,
              5.3563454
            ],
            [
              100.3077909,
              5.3563254
            ],
            [
              100.3077825,
              5.3563072
            ],
            [
              100.3077686,
              5.3562927
            ],
            [
              100.3077507,
              5.3562836
            ],
            [
              100.3077308,
              5.3562808
            ],
            [
              100.3077115,
              5.3562845
            ],
            [
              100.3076944,
              5.3562942
            ],
            [
              100.3076813,
              5.3563088
            ],
            [
              100.3076737,
              5.3563268
            ],
            [
              100.3076722,
              5.3563464
            ]
          ]
        ]
      }
    },
    {
      "type": "Feature",
      "properties": {
        "id": 895138675,
        "building": "yes",
        "name": "E15 Panggung Sasaran",
        "name:ms": "E15 Panggung Sasaran"
      },
      "geometry": {
        "type": "Polygon",
        "coordinates": [
          [
            [
              100.3055288,
              5.3546152
            ],
            [
              100.3059687,
              5.3544046
            ],
            [
              100.3059104,
              5.3542837
            ],
            [
              100.3054704,
              5.3544943
            ],
            [
              100.3055288,
              5.3546152
            ]
          ]
        ]
      }
    },
    {
      "type": "Feature",
      "properties": {
        "id": 895386019,
        "building": "yes",
        "name": "E38",
        "name:en": "E38",
        "name:ms": "E38"
      },
      "geometry": {
        "type": "Polygon",
        "coordinates": [
          [
            [
              100.3068946,
              5.3546259
            ],
            [
              100.3071896,
              5.3546194
            ],
            [
              100.3071868,
              5.3544933
            ],
            [
              100.3071735,
              5.3544936
            ],
            [
              100.3071731,
              5.3544766
            ],
            [
              100.3071351,
              5.3544774
            ],
            [
              100.3071355,
              5.3544945
            ],
            [
              100.3070285,
              5.3544968
            ],
            [
              100.3069292,
              5.354499
            ],
            [
              100.3069289,
              5.3544868
            ],
            [
              100.3068916,
              5.3544876
            ],
            [
              100.3068919,
              5.3544998
            ],
            [
              100.3068946,
              5.3546259
            ]
          ]
        ]
      }
    },
    {
      "type": "Feature",
      "properties": {
        "id": 895387099,
        "building": "yes",
        "name": "F01 Pondok Pengawal (Jalan Sungai Dua)",
        "name:en": "F01 Guard House (Jalan Sungai Dua)"
      },
      "geometry": {
        "type": "Polygon",
        "coordinates": [
          [
            [
              100.3025452,
              5.3534143
            ],
            [
              100.302615,
              5.3534331
            ],
            [
              100.3026323,
              5.3533695
            ],
            [
              100.3025625,
              5.3533507
            ],
            [
              100.3025452,
              5.3534143
            ]
          ]
        ]
      }
    },
    {
      "type": "Feature",
      "properties": {
        "id": 895389995,
        "building": "yes",
        "building:levels": "2",
        "name": "C02 Pusat Penyelidikan Wanita dan Gender (KANITA)",
        "name:en": "C02 Centre for Research on Women and Gender",
        "name:ms": "C02 Pusat Penyelidikan Wanita dan Gender (KANITA)"
      },
      "geometry": {
        "type": "Polygon",
        "coordinates": [
          [
            [
              100.3055431,
              5.3579452
            ],
            [
              100.3055531,
              5.3579364
            ],
            [
              100.3055071,
              5.3578846
            ],
            [
              100.305548,
              5.3578487
            ],
            [
              100.3055588,
              5.3578608
            ],
            [
              100.3056852,
              5.3577498
            ],
            [
              100.3056749,
              5.3577382
            ],
            [
              100.305721,
              5.3576977
            ],
            [
              100.3057742,
              5.3577578
            ],
            [
              100.3057808,
              5.357752
            ],
            [
              100.3058129,
              5.3577881
            ],
            [
              100.3057476,
              5.3578454
            ],
            [
              100.3057855,
              5.3578882
            ],
            [
              100.3056845,
              5.3579769
            ],
            [
              100.3056489,
              5.3579367
            ],
            [
              100.3055852,
              5.3579927
            ],
            [
              100.3055431,
              5.3579452
            ]
          ]
        ]
      }
    },
    {
      "type": "Feature",
      "properties": {
        "id": 896384376,
        "building": "university",
        "name": "F05",
        "name:en": "F05",
        "name:ms": "F05"
      },
      "geometry": {
        "type": "Polygon",
        "coordinates": [
          [
            [
              100.3017616,
              5.3543395
            ],
            [
              100.3017829,
              5.3543313
            ],
            [
              100.3018263,
              5.354234
            ],
            [
              100.3018116,
              5.3541838
            ],
            [
              100.3017057,
              5.354142
            ],
            [
              100.3016886,
              5.3541485
            ],
            [
              100.3017616,
              5.3543395
            ]
          ]
        ]
      }
    },
    {
      "type": "Feature",
      "properties": {
        "id": 896384531,
        "building": "yes",
        "name": "F03",
        "name:en": "F03",
        "name:ms": "F03"
      },
      "geometry": {
        "type": "Polygon",
        "coordinates": [
          [
            [
              100.3018255,
              5.3541492
            ],
            [
              100.3018666,
              5.354136
            ],
            [
              100.301913,
              5.3540295
            ],
            [
              100.3019073,
              5.3540144
            ],
            [
              100.3018414,
              5.3540394
            ],
            [
              100.3017166,
              5.3540867
            ],
            [
              100.301722,
              5.3541009
            ],
            [
              100.3018255,
              5.3541492
            ]
          ]
        ]
      }
    },
    {
      "type": "Feature",
      "properties": {
        "id": 896384890,
        "building": "university",
        "name": "F02",
        "name:en": "F02",
        "name:ms": "F02"
      },
      "geometry": {
        "type": "Polygon",
        "coordinates": [
          [
            [
              100.3016401,
              5.354069
            ],
            [
              100.3017766,
              5.3540173
            ],
            [
              100.301773,
              5.3540078
            ],
            [
              100.3018222,
              5.3539892
            ],
            [
              100.3018122,
              5.3539656
            ],
            [
              100.3019381,
              5.3539179
            ],
            [
              100.301957,
              5.3539265
            ],
            [
              100.3019916,
              5.3538516
            ],
            [
              100.3020695,
              5.3538257
            ],
            [
              100.3020857,
              5.353795
            ],
            [
              100.302059,
              5.3537158
            ],
            [
              100.3020244,
              5.3537004
            ],
            [
              100.3019986,
              5.3536318
            ],
            [
              100.3020114,
              5.353605
            ],
            [
              100.3019799,
              5.3535178
            ],
            [
              100.3019427,
              5.3535076
            ],
            [
              100.3018652,
              5.3535441
            ],
            [
              100.3017896,
              5.3535102
            ],
            [
              100.3017818,
              5.3535275
            ],
            [
              100.3016495,
              5.3535777
            ],
            [
              100.3016354,
              5.3535409
            ],
            [
              100.3015889,
              5.3535586
            ],
            [
              100.301602,
              5.3535928
            ],
            [
              100.3014674,
              5.3536438
            ],
            [
              100.3014985,
              5.353725
            ],
            [
              100.3014794,
              5.3537322
            ],
            [
              100.3015677,
              5.3539629
            ],
            [
              100.3015955,
              5.3539523
            ],
            [
              100.3016401,
              5.354069
            ]
          ]
        ]
      }
    },
    {
      "type": "Feature",
      "properties": {
        "id": 896385126,
        "building": "university",
        "name": "F33",
        "name:en": "F33",
        "name:ms": "F33"
      },
      "geometry": {
        "type": "Polygon",
        "coordinates": [
          [
            [
              100.3020959,
              5.353269
            ],
            [
              100.30218,
              5.3532386
            ],
            [
              100.302118,
              5.3530688
            ],
            [
              100.3019533,
              5.3531284
            ],
            [
              100.301982,
              5.3532069
            ],
            [
              100.3020625,
              5.3531778
            ],
            [
              100.3020959,
              5.353269
            ]
          ]
        ]
      }
    },
    {
      "type": "Feature",
      "properties": {
        "id": 896385477,
        "building": "university",
        "name": "F06",
        "name:en": "F06",
        "name:ms": "F06"
      },
      "geometry": {
        "type": "Polygon",
        "coordinates": [
          [
            [
              100.3016927,
              5.3534259
            ],
            [
              100.3016994,
              5.353445
            ],
            [
              100.3018918,
              5.3533733
            ],
            [
              100.301886,
              5.3533576
            ],
            [
              100.3017827,
              5.3533107
            ],
            [
              100.3017387,
              5.3533257
            ],
            [
              100.3016927,
              5.3534259
            ]
          ]
        ]
      }
    },
    {
      "type": "Feature",
      "properties": {
        "id": 896385544,
        "building": "university",
        "name": "F07 Sekretariat Falsafah & Sains Islam"
      },
      "geometry": {
        "type": "Polygon",
        "coordinates": [
          [
            [
              100.3019571,
              5.3534101
            ],
            [
              100.301951,
              5.3533945
            ],
            [
              100.3018829,
              5.3532201
            ],
            [
              100.3019095,
              5.3532098
            ],
            [
              100.3020107,
              5.3532578
            ],
            [
              100.3020258,
              5.3532967
            ],
            [
              100.3019866,
              5.3533987
            ],
            [
              100.3019571,
              5.3534101
            ]
          ]
        ]
      }
    },
    {
      "type": "Feature",
      "properties": {
        "id": 896385553,
        "building": "university",
        "name": "F32",
        "name:en": "F32",
        "name:ms": "F32"
      },
      "geometry": {
        "type": "Polygon",
        "coordinates": [
          [
            [
              100.3018722,
              5.3531915
            ],
            [
              100.30182,
              5.3530527
            ],
            [
              100.3017998,
              5.3530026
            ],
            [
              100.3018228,
              5.3529934
            ],
            [
              100.3019208,
              5.353041
            ],
            [
              100.3019383,
              5.3530803
            ],
            [
              100.3018953,
              5.3531824
            ],
            [
              100.3018722,
              5.3531915
            ]
          ]
        ]
      }
    },
    {
      "type": "Feature",
      "properties": {
        "id": 896385639,
        "building": "university",
        "name": "F08",
        "name:en": "F08",
        "name:ms": "F08"
      },
      "geometry": {
        "type": "Polygon",
        "coordinates": [
          [
            [
              100.3018442,
              5.3532904
            ],
            [
              100.3018585,
              5.3532847
            ],
            [
              100.301787,
              5.3530944
            ],
            [
              100.3017683,
              5.3531017
            ],
            [
              100.3017252,
              5.3532025
            ],
            [
              100.3017417,
              5.3532439
            ],
            [
              100.3018442,
              5.3532904
            ]
          ]
        ]
      }
    },
    {
      "type": "Feature",
      "properties": {
        "id": 896386317,
        "building": "university",
        "name": "F28",
        "name:en": "F28",
        "name:ms": "F28"
      },
      "geometry": {
        "type": "Polygon",
        "coordinates": [
          [
            [
              100.3016671,
              5.353192
            ],
            [
              100.3016775,
              5.3530758
            ],
            [
              100.3015924,
              5.3530683
            ],
            [
              100.3015955,
              5.3530333
            ],
            [
              100.3016023,
              5.3529575
            ],
            [
              100.3015325,
              5.3529513
            ],
            [
              100.3015227,
              5.3530609
            ],
            [
              100.3014933,
              5.3530583
            ],
            [
              100.3014828,
              5.3531756
            ],
            [
              100.3016467,
              5.3531901
            ],
            [
              100.3016671,
              5.353192
            ]
          ]
        ]
      }
    },
    {
      "type": "Feature",
      "properties": {
        "id": 896386386,
        "building": "university",
        "name": "F10",
        "name:en": "F10",
        "name:ms": "F10"
      },
      "geometry": {
        "type": "Polygon",
        "coordinates": [
          [
            [
              100.3014563,
              5.35328
            ],
            [
              100.3016364,
              5.3532972
            ],
            [
              100.3016467,
              5.3531901
            ],
            [
              100.3014828,
              5.3531756
            ],
            [
              100.3014665,
              5.3531738
            ],
            [
              100.3014563,
              5.35328
            ]
          ]
        ]
      }
    },
    {
      "type": "Feature",
      "properties": {
        "id": 896386602,
        "building": "university",
        "name": "F34 Tadika Islam",
        "name:ms": "F34 Tadika Islam"
      },
      "geometry": {
        "type": "Polygon",
        "coordinates": [
          [
            [
              100.3012131,
              5.3539184
            ],
            [
              100.3014566,
              5.3538251
            ],
            [
              100.3014225,
              5.3537367
            ],
            [
              100.3014665,
              5.3537199
            ],
            [
              100.3014264,
              5.3536158
            ],
            [
              100.3015189,
              5.3535804
            ],
            [
              100.3014781,
              5.3534747
            ],
            [
              100.3013185,
              5.3535357
            ],
            [
              100.3013411,
              5.3535942
            ],
            [
              100.3013267,
              5.3535997
            ],
            [
              100.3013556,
              5.3536746
            ],
            [
              100.3013316,
              5.3537222
            ],
            [
              100.3011623,
              5.353787
            ],
            [
              100.3012131,
              5.3539184
            ]
          ]
        ]
      }
    },
    {
      "type": "Feature",
      "properties": {
        "id": 896391445,
        "building": "yes"
      },
      "geometry": {
        "type": "Polygon",
        "coordinates": [
          [
            [
              100.2999875,
              5.3541788
            ],
            [
              100.3001891,
              5.3541974
            ],
            [
              100.3001973,
              5.3541075
            ],
            [
              100.2999958,
              5.354089
            ],
            [
              100.2999875,
              5.3541788
            ]
          ]
        ]
      }
    },
    {
      "type": "Feature",
      "properties": {
        "id": 896391446,
        "building": "university",
        "building:levels": "4",
        "name": "G09A",
        "name:en": "G09A",
        "name:ms": "G09A"
      },
      "geometry": {
        "type": "Polygon",
        "coordinates": [
          [
            [
              100.3012526,
              5.3555134
            ],
            [
              100.3012529,
              5.3553837
            ],
            [
              100.301235,
              5.3553837
            ],
            [
              100.3012351,
              5.3553193
            ],
            [
              100.3013507,
              5.3553196
            ],
            [
              100.3013511,
              5.3551269
            ],
            [
              100.301253,
              5.3551267
            ],
            [
              100.3012531,
              5.355094
            ],
            [
              100.3012086,
              5.3550939
            ],
            [
              100.3012086,
              5.3550704
            ],
            [
              100.3012553,
              5.3550705
            ],
            [
              100.3012556,
              5.3549414
            ],
            [
              100.301417,
              5.3549417
            ],
            [
              100.301524,
              5.3549419
            ],
            [
              100.3015237,
              5.3550738
            ],
            [
              100.3014884,
              5.3550738
            ],
            [
              100.301488,
              5.3552155
            ],
            [
              100.3014877,
              5.3553671
            ],
            [
              100.3015307,
              5.3553672
            ],
            [
              100.3015304,
              5.3555141
            ],
            [
              100.3012526,
              5.3555134
            ]
          ]
        ]
      }
    },
    {
      "type": "Feature",
      "properties": {
        "id": 896392197,
        "building": "yes",
        "name": "G24",
        "name:en": "G24",
        "name:ms": "G24"
      },
      "geometry": {
        "type": "Polygon",
        "coordinates": [
          [
            [
              100.3009337,
              5.3561661
            ],
            [
              100.3010948,
              5.3561641
            ],
            [
              100.3010935,
              5.3560595
            ],
            [
              100.3009324,
              5.3560615
            ],
            [
              100.3009337,
              5.3561661
            ]
          ]
        ]
      }
    },
    {
      "type": "Feature",
      "properties": {
        "id": 896392558,
        "building": "yes",
        "name": "G25",
        "name:en": "G25",
        "name:ms": "G25"
      },
      "geometry": {
        "type": "Polygon",
        "coordinates": [
          [
            [
              100.3009319,
              5.3560483
            ],
            [
              100.3009306,
              5.3559562
            ],
            [
              100.3009304,
              5.3559427
            ],
            [
              100.3010914,
              5.3559405
            ],
            [
              100.3010929,
              5.3560461
            ],
            [
              100.3009319,
              5.3560483
            ]
          ]
        ]
      }
    },
    {
      "type": "Feature",
      "properties": {
        "id": 896393762,
        "building": "university",
        "name": "G01 Dewan Tuanku Syed Putra",
        "name:en": "G01 Tuanku Syed Putra Hall (Main Hall)",
        "name:ms": "G01 Dewan Tuanku Syed Putra"
      },
      "geometry": {
        "type": "Polygon",
        "coordinates": [
          [
            [
              100.303402,
              5.3572606
            ],
            [
              100.3034005,
              5.3568953
            ],
            [
              100.3034001,
              5.3568003
            ],
            [
              100.3033997,
              5.3567066
            ],
            [
              100.3033994,
              5.3566471
            ],
            [
              100.3033706,
              5.3566472
            ],
            [
              100.3033389,
              5.3566473
            ],
            [
              100.3033389,
              5.356662
            ],
            [
              100.3032096,
              5.3566626
            ],
            [
              100.3032096,
              5.3566744
            ],
            [
              100.3031476,
              5.3566747
            ],
            [
              100.3029995,
              5.3566754
            ],
            [
              100.3029936,
              5.3566755
            ],
            [
              100.3029192,
              5.3566758
            ],
            [
              100.3028623,
              5.3566761
            ],
            [
              100.3028338,
              5.3566762
            ],
            [
              100.3028203,
              5.3567253
            ],
            [
              100.3028998,
              5.356747
            ],
            [
              100.3028499,
              5.3569285
            ],
            [
              100.3029119,
              5.3569654
            ],
            [
              100.3032181,
              5.3571479
            ],
            [
              100.3032183,
              5.357188
            ],
            [
              100.3032186,
              5.3572594
            ],
            [
              100.3032462,
              5.3572595
            ],
            [
              100.303402,
              5.3572606
            ]
          ]
        ]
      }
    },
    {
      "type": "Feature",
      "properties": {
        "id": 896394764,
        "building": "house",
        "name": "F28",
        "name:en": "F28",
        "name:ms": "F28"
      },
      "geometry": {
        "type": "Polygon",
        "coordinates": [
          [
            [
              100.298855,
              5.3549256
            ],
            [
              100.2989129,
              5.3548869
            ],
            [
              100.2988894,
              5.3548521
            ],
            [
              100.2989348,
              5.3548218
            ],
            [
              100.2988855,
              5.3547486
            ],
            [
              100.2987822,
              5.3548176
            ],
            [
              100.298855,
              5.3549256
            ]
          ]
        ]
      }
    },
    {
      "type": "Feature",
      "properties": {
        "id": 896395651,
        "building": "yes",
        "capacity": "3",
        "name": "J09 Dewan kuliah Y"
      },
      "geometry": {
        "type": "Polygon",
        "coordinates": [
          [
            [
              100.2980315,
              5.356587
            ],
            [
              100.298231,
              5.3566062
            ],
            [
              100.2982878,
              5.3565758
            ],
            [
              100.2982589,
              5.3564716
            ],
            [
              100.2980272,
              5.356431
            ],
            [
              100.2980315,
              5.356587
            ]
          ]
        ]
      }
    },
    {
      "type": "Feature",
      "properties": {
        "id": 896395742,
        "building": "yes",
        "name": "J10"
      },
      "geometry": {
        "type": "Polygon",
        "coordinates": [
          [
            [
              100.298201,
              5.3566895
            ],
            [
              100.2984349,
              5.3566917
            ],
            [
              100.2984306,
              5.3566019
            ],
            [
              100.2982868,
              5.3566019
            ],
            [
              100.2982246,
              5.3566297
            ],
            [
              100.2981967,
              5.3566297
            ],
            [
              100.298201,
              5.3566895
            ]
          ]
        ]
      }
    },
    {
      "type": "Feature",
      "properties": {
        "id": 896396779,
        "building": "yes",
        "building:levels": "2",
        "name": "J05 Pusat Racun Negara"
      },
      "geometry": {
        "type": "Polygon",
        "coordinates": [
          [
            [
              100.2987327,
              5.3566457
            ],
            [
              100.2990936,
              5.3566297
            ],
            [
              100.2990979,
              5.3564139
            ],
            [
              100.298731,
              5.3564075
            ],
            [
              100.2987327,
              5.3566457
            ]
          ]
        ]
      }
    },
    {
      "type": "Feature",
      "properties": {
        "id": 896396869,
        "building": "yes",
        "name": "J04"
      },
      "geometry": {
        "type": "Polygon",
        "coordinates": [
          [
            [
              100.2986859,
              5.3569032
            ],
            [
              100.2990464,
              5.3568946
            ],
            [
              100.2990207,
              5.3566617
            ],
            [
              100.2986859,
              5.3566639
            ],
            [
              100.2986859,
              5.3569032
            ]
          ]
        ]
      }
    },
    {
      "type": "Feature",
      "properties": {
        "id": 896396946,
        "building": "yes",
        "name": "J03"
      },
      "geometry": {
        "type": "Polygon",
        "coordinates": [
          [
            [
              100.2986173,
              5.3571638
            ],
            [
              100.2989735,
              5.3571617
            ],
            [
              100.2989735,
              5.3569416
            ],
            [
              100.2986055,
              5.3569452
            ],
            [
              100.2986173,
              5.3571638
            ]
          ]
        ]
      }
    },
    {
      "type": "Feature",
      "properties": {
        "id": 896397046,
        "building": "yes",
        "name": "J02"
      },
      "geometry": {
        "type": "Polygon",
        "coordinates": [
          [
            [
              100.2986945,
              5.3574287
            ],
            [
              100.2989542,
              5.3574351
            ],
            [
              100.2989499,
              5.3572108
            ],
            [
              100.2986881,
              5.3572151
            ],
            [
              100.2986945,
              5.3574287
            ]
          ]
        ]
      }
    },
    {
      "type": "Feature",
      "properties": {
        "id": 896397201,
        "building": "yes",
        "name": "J01 Pusat Pengajian Sains Farmasi"
      },
      "geometry": {
        "type": "Polygon",
        "coordinates": [
          [
            [
              100.2986151,
              5.3576893
            ],
            [
              100.2989756,
              5.3576893
            ],
            [
              100.2989842,
              5.3574736
            ],
            [
              100.2985958,
              5.3574586
            ],
            [
              100.2985915,
              5.3576936
            ],
            [
              100.2986151,
              5.3576893
            ]
          ]
        ]
      }
    },
    {
      "type": "Feature",
      "properties": {
        "id": 896397513,
        "building": "yes",
        "name": "L22"
      },
      "geometry": {
        "type": "Polygon",
        "coordinates": [
          [
            [
              100.2973384,
              5.3559444
            ],
            [
              100.2973942,
              5.3559444
            ],
            [
              100.2973942,
              5.3557928
            ],
            [
              100.2973041,
              5.3557842
            ],
            [
              100.2972933,
              5.3559017
            ],
            [
              100.2973427,
              5.355906
            ],
            [
              100.2973384,
              5.3559444
            ]
          ]
        ]
      }
    },
    {
      "type": "Feature",
      "properties": {
        "id": 896397903,
        "building": "yes",
        "name": "L08",
        "name:en": "L08",
        "name:ms": "L08"
      },
      "geometry": {
        "type": "Polygon",
        "coordinates": [
          [
            [
              100.2954008,
              5.3561602
            ],
            [
              100.2955703,
              5.3561474
            ],
            [
              100.2955596,
              5.3560235
            ],
            [
              100.2955231,
              5.3560363
            ],
            [
              100.295463,
              5.3560555
            ],
            [
              100.2954158,
              5.3560961
            ],
            [
              100.2953965,
              5.3561132
            ],
            [
              100.2954008,
              5.3561602
            ]
          ]
        ]
      }
    },
    {
      "type": "Feature",
      "properties": {
        "id": 896398053,
        "building": "yes",
        "name": "L09",
        "name:en": "L09",
        "name:ms": "L09"
      },
      "geometry": {
        "type": "Polygon",
        "coordinates": [
          [
            [
              100.2954866,
              5.3566324
            ],
            [
              100.2956068,
              5.3566217
            ],
            [
              100.2955939,
              5.3565854
            ],
            [
              100.295566,
              5.3565683
            ],
            [
              100.295566,
              5.356532
            ],
            [
              100.2955381,
              5.3565362
            ],
            [
              100.2955295,
              5.3565042
            ],
            [
              100.2954694,
              5.3565106
            ],
            [
              100.2954694,
              5.3565405
            ],
            [
              100.2954415,
              5.3565533
            ],
            [
              100.2954437,
              5.356611
            ],
            [
              100.2954866,
              5.3566324
            ]
          ]
        ]
      }
    },
    {
      "type": "Feature",
      "properties": {
        "id": 896398589,
        "building": "yes",
        "name": "L13",
        "name:en": "L13",
        "name:ms": "L13"
      },
      "geometry": {
        "type": "Polygon",
        "coordinates": [
          [
            [
              100.2944266,
              5.3577433
            ],
            [
              100.2944824,
              5.3577241
            ],
            [
              100.2944352,
              5.3574036
            ],
            [
              100.2943107,
              5.3574271
            ],
            [
              100.2943579,
              5.3577134
            ],
            [
              100.2944266,
              5.357692
            ],
            [
              100.2944266,
              5.3577433
            ]
          ]
        ]
      }
    },
    {
      "type": "Feature",
      "properties": {
        "id": 896400231,
        "addr:city": "Gelugor",
        "addr:housenumber": "Lorong 2",
        "addr:postcode": "11700",
        "addr:street": "Jalan Aman",
        "building": "house",
        "building:levels": "2",
        "house": "detached",
        "name": "Rumah Penggawa Indah Kembara K11",
        "name:en": "Indah Kembara employee's house",
        "name:ms": "Rumah Penggawa Indah Kembara"
      },
      "geometry": {
        "type": "Polygon",
        "coordinates": [
          [
            [
              100.2977264,
              5.3540581
            ],
            [
              100.297718,
              5.3539217
            ],
            [
              100.2978408,
              5.3539141
            ],
            [
              100.2978493,
              5.3540506
            ],
            [
              100.2977264,
              5.3540581
            ]
          ]
        ]
      }
    },
    {
      "type": "Feature",
      "properties": {
        "id": 896400259,
        "addr:city": "Gelugor",
        "addr:housenumber": "lorong 2",
        "addr:postcode": "11700",
        "addr:street": "Jalan Aman",
        "building": "house",
        "building:levels": "2",
        "house": "detached",
        "name": "K12 Rumah Penggawa Aman Damai",
        "name:en": "Aman Damai Employee's House",
        "name:ms": "Rumah Penggawa Aman Damai"
      },
      "geometry": {
        "type": "Polygon",
        "coordinates": [
          [
            [
              100.2977115,
              5.3537529
            ],
            [
              100.2977079,
              5.3536227
            ],
            [
              100.2978462,
              5.3536189
            ],
            [
              100.2978499,
              5.3537491
            ],
            [
              100.2977115,
              5.3537529
            ]
          ]
        ]
      }
    },
    {
      "type": "Feature",
      "properties": {
        "id": 896400768,
        "building": "yes",
        "building:levels": "3",
        "name": "K21 Residental Suite"
      },
      "geometry": {
        "type": "Polygon",
        "coordinates": [
          [
            [
              100.297678,
              5.3533109
            ],
            [
              100.2977042,
              5.3532913
            ],
            [
              100.2977146,
              5.3533051
            ],
            [
              100.297739,
              5.3532868
            ],
            [
              100.297734,
              5.3532802
            ],
            [
              100.2977596,
              5.353261
            ],
            [
              100.29774,
              5.353235
            ],
            [
              100.2978083,
              5.3531838
            ],
            [
              100.2978276,
              5.3532093
            ],
            [
              100.2978605,
              5.3531846
            ],
            [
              100.2978658,
              5.3531915
            ],
            [
              100.2978902,
              5.3531732
            ],
            [
              100.29788,
              5.3531597
            ],
            [
              100.2979036,
              5.353142
            ],
            [
              100.297874,
              5.3531029
            ],
            [
              100.2978134,
              5.3531484
            ],
            [
              100.2977777,
              5.3531011
            ],
            [
              100.2976674,
              5.3531837
            ],
            [
              100.2976997,
              5.3532264
            ],
            [
              100.2976579,
              5.3532577
            ],
            [
              100.2976672,
              5.3532699
            ],
            [
              100.2976543,
              5.3532796
            ],
            [
              100.297678,
              5.3533109
            ]
          ]
        ]
      }
    },
    {
      "type": "Feature",
      "properties": {
        "id": 896401193,
        "building": "yes",
        "name": "M10"
      },
      "geometry": {
        "type": "Polygon",
        "coordinates": [
          [
            [
              100.2923542,
              5.3551391
            ],
            [
              100.2924645,
              5.3551405
            ],
            [
              100.2924655,
              5.3550537
            ],
            [
              100.2923552,
              5.3550524
            ],
            [
              100.2923542,
              5.3551391
            ]
          ]
        ]
      }
    },
    {
      "type": "Feature",
      "properties": {
        "id": 896401376,
        "building": "yes",
        "name": "M11"
      },
      "geometry": {
        "type": "Polygon",
        "coordinates": [
          [
            [
              100.2922293,
              5.3555198
            ],
            [
              100.2922143,
              5.3553682
            ],
            [
              100.2923087,
              5.3553489
            ],
            [
              100.292328,
              5.3555134
            ],
            [
              100.2922293,
              5.3555198
            ]
          ]
        ]
      }
    },
    {
      "type": "Feature",
      "properties": {
        "id": 896401647,
        "building": "yes",
        "name": "M12"
      },
      "geometry": {
        "type": "Polygon",
        "coordinates": [
          [
            [
              100.2921285,
              5.3556117
            ],
            [
              100.2922079,
              5.3555348
            ],
            [
              100.2921521,
              5.3554814
            ],
            [
              100.2920813,
              5.3555668
            ],
            [
              100.2921285,
              5.3556117
            ]
          ]
        ]
      }
    },
    {
      "type": "Feature",
      "properties": {
        "id": 896402697,
        "building": "yes",
        "name": "A10 Kompleks Kolam Renang",
        "name:en": "A10 Swimming Pool Complex",
        "name:ms": "A10 Kompleks Kolam Renang"
      },
      "geometry": {
        "type": "Polygon",
        "coordinates": [
          [
            [
              100.3073542,
              5.3583329
            ],
            [
              100.3075531,
              5.3583685
            ],
            [
              100.3077176,
              5.3583979
            ],
            [
              100.307735,
              5.358302
            ],
            [
              100.3073715,
              5.3582369
            ],
            [
              100.3073542,
              5.3583329
            ]
          ]
        ]
      }
    },
    {
      "type": "Feature",
      "properties": {
        "id": 896402980,
        "building": "yes",
        "name": "A07",
        "name:en": "A07",
        "name:ms": "A07"
      },
      "geometry": {
        "type": "Polygon",
        "coordinates": [
          [
            [
              100.3081138,
              5.3582997
            ],
            [
              100.3081597,
              5.3583081
            ],
            [
              100.3081895,
              5.358147
            ],
            [
              100.3081436,
              5.3581386
            ],
            [
              100.3081138,
              5.3582997
            ]
          ]
        ]
      }
    },
    {
      "type": "Feature",
      "properties": {
        "id": 896403082,
        "building": "yes",
        "name": "A01",
        "name:en": "A01",
        "name:ms": "A01"
      },
      "geometry": {
        "type": "Polygon",
        "coordinates": [
          [
            [
              100.3101115,
              5.359272
            ],
            [
              100.3102006,
              5.3592605
            ],
            [
              100.3101903,
              5.3591811
            ],
            [
              100.3101011,
              5.3591926
            ],
            [
              100.3101115,
              5.359272
            ]
          ]
        ]
      }
    },
    {
      "type": "Feature",
      "properties": {
        "id": 896403482,
        "building": "yes",
        "name": "B05",
        "name:en": "B05",
        "name:ms": "B05"
      },
      "geometry": {
        "type": "Polygon",
        "coordinates": [
          [
            [
              100.3071729,
              5.3619793
            ],
            [
              100.3072635,
              5.3619665
            ],
            [
              100.3072392,
              5.3617958
            ],
            [
              100.307327,
              5.3615706
            ],
            [
              100.3072465,
              5.3615395
            ],
            [
              100.3071467,
              5.3617955
            ],
            [
              100.3071729,
              5.3619793
            ]
          ]
        ]
      }
    },
    {
      "type": "Feature",
      "properties": {
        "id": 896404446,
        "building": "yes",
        "name": "B13",
        "name:en": "B13",
        "name:ms": "B13"
      },
      "geometry": {
        "type": "Polygon",
        "coordinates": [
          [
            [
              100.3061339,
              5.3612892
            ],
            [
              100.3061768,
              5.3612528
            ],
            [
              100.3061203,
              5.3611647
            ],
            [
              100.3060631,
              5.3612293
            ],
            [
              100.3061339,
              5.3612892
            ]
          ]
        ]
      }
    },
    {
      "type": "Feature",
      "properties": {
        "id": 896404582,
        "building": "yes",
        "name": "B12",
        "name:en": "B12",
        "name:ms": "B12"
      },
      "geometry": {
        "type": "Polygon",
        "coordinates": [
          [
            [
              100.3061425,
              5.3611503
            ],
            [
              100.3061983,
              5.3611973
            ],
            [
              100.306282,
              5.3611054
            ],
            [
              100.3062176,
              5.3610584
            ],
            [
              100.306189,
              5.3610934
            ],
            [
              100.3061425,
              5.3611503
            ]
          ]
        ]
      }
    },
    {
      "type": "Feature",
      "properties": {
        "id": 896404785,
        "building": "yes",
        "name": "H48"
      },
      "geometry": {
        "type": "Polygon",
        "coordinates": [
          [
            [
              100.3038658,
              5.3620006
            ],
            [
              100.3039753,
              5.3619429
            ],
            [
              100.3039109,
              5.3618339
            ],
            [
              100.3037843,
              5.3619194
            ],
            [
              100.3038444,
              5.362007
            ],
            [
              100.3038658,
              5.3620006
            ]
          ]
        ]
      }
    },
    {
      "type": "Feature",
      "properties": {
        "id": 896867904,
        "building": "university",
        "building:levels": "2",
        "name": "G23 SATREPS Oil Palm Trunk Research Laboratory",
        "name:en": "G23 SATREPS Oil Palm Trunk Research Laboratory",
        "old_name": "Makmal Biokristalografi & Bioinformatik Struktur"
      },
      "geometry": {
        "type": "Polygon",
        "coordinates": [
          [
            [
              100.3020917,
              5.3553716
            ],
            [
              100.3020971,
              5.3552642
            ],
            [
              100.3018668,
              5.3552527
            ],
            [
              100.3018614,
              5.3553602
            ],
            [
              100.3020917,
              5.3553716
            ]
          ]
        ]
      }
    },
    {
      "type": "Feature",
      "properties": {
        "id": 896868018,
        "addr:housenumber": "2",
        "building": "university",
        "name": "G08A",
        "name:en": "G08A",
        "name:ms": "G08A"
      },
      "geometry": {
        "type": "Polygon",
        "coordinates": [
          [
            [
              100.3009509,
              5.3567156
            ],
            [
              100.3009925,
              5.3566962
            ],
            [
              100.3009645,
              5.3566368
            ],
            [
              100.3009229,
              5.3566562
            ],
            [
              100.3009509,
              5.3567156
            ]
          ]
        ]
      }
    },
    {
      "type": "Feature",
      "properties": {
        "id": 896869716,
        "building": "yes",
        "name": "J14"
      },
      "geometry": {
        "type": "Polygon",
        "coordinates": [
          [
            [
              100.2973845,
              5.3566391
            ],
            [
              100.2975432,
              5.3566434
            ],
            [
              100.2975089,
              5.3565558
            ],
            [
              100.2973694,
              5.3565537
            ],
            [
              100.2973845,
              5.3566391
            ]
          ]
        ]
      }
    },
    {
      "type": "Feature",
      "properties": {
        "id": 898249053,
        "building": "yes",
        "name": "B14 Pondok Pengawal (Minden Heights)",
        "name:en": "B14 Guard House (Minden Heights)"
      },
      "geometry": {
        "type": "Polygon",
        "coordinates": [
          [
            [
              100.3103028,
              5.3627027
            ],
            [
              100.3103638,
              5.362708
            ],
            [
              100.3103576,
              5.3627786
            ],
            [
              100.3102965,
              5.3627733
            ],
            [
              100.3103028,
              5.3627027
            ]
          ]
        ]
      }
    },
    {
      "type": "Feature",
      "properties": {
        "id": 898327499,
        "building": "yes",
        "name": "B01A"
      },
      "geometry": {
        "type": "Polygon",
        "coordinates": [
          [
            [
              100.3064389,
              5.3611691
            ],
            [
              100.3064876,
              5.3611136
            ],
            [
              100.3067214,
              5.361317
            ],
            [
              100.3066727,
              5.3613725
            ],
            [
              100.3064389,
              5.3611691
            ]
          ]
        ]
      }
    },
    {
      "type": "Feature",
      "properties": {
        "id": 1030965765,
        "building": "university",
        "building:levels": "5",
        "name": "F25",
        "name:en": "F25",
        "name:ms": "F25"
      },
      "geometry": {
        "type": "Polygon",
        "coordinates": [
          [
            [
              100.2992863,
              5.3547755
            ],
            [
              100.2993813,
              5.3548653
            ],
            [
              100.2996605,
              5.3545726
            ],
            [
              100.2996954,
              5.3545722
            ],
            [
              100.2996951,
              5.3545488
            ],
            [
              100.3000352,
              5.3545448
            ],
            [
              100.3000348,
              5.3545052
            ],
            [
              100.3001052,
              5.3545044
            ],
            [
              100.300104,
              5.3544052
            ],
            [
              100.2996877,
              5.3544101
            ],
            [
              100.2996875,
              5.3543942
            ],
            [
              100.2996184,
              5.354395
            ],
            [
              100.2995316,
              5.354486
            ],
            [
              100.2995478,
              5.3545014
            ],
            [
              100.2992863,
              5.3547755
            ]
          ]
        ]
      }
    },
    {
      "type": "Feature",
      "properties": {
        "id": 1030965775,
        "addr:housenumber": "1",
        "addr:street": "jalan damai",
        "building": "university",
        "building:levels": "3",
        "name": "K01",
        "name:en": "K01",
        "name:ms": "K01"
      },
      "geometry": {
        "type": "Polygon",
        "coordinates": [
          [
            [
              100.2967027,
              5.3548598
            ],
            [
              100.2966963,
              5.3547336
            ],
            [
              100.2969819,
              5.3547192
            ],
            [
              100.2969814,
              5.3547094
            ],
            [
              100.2970715,
              5.3547049
            ],
            [
              100.2970722,
              5.3547188
            ],
            [
              100.2973656,
              5.354704
            ],
            [
              100.2973717,
              5.3548234
            ],
            [
              100.2970811,
              5.354838
            ],
            [
              100.2970818,
              5.354852
            ],
            [
              100.2969908,
              5.3548566
            ],
            [
              100.2969903,
              5.3548453
            ],
            [
              100.2967027,
              5.3548598
            ]
          ]
        ]
      }
    },
    {
      "type": "Feature",
      "properties": {
        "id": 1030965776,
        "building": "university",
        "building:levels": "3",
        "name": "K03",
        "name:en": "K03",
        "name:ms": "K03"
      },
      "geometry": {
        "type": "Polygon",
        "coordinates": [
          [
            [
              100.296745,
              5.3540246
            ],
            [
              100.2967386,
              5.3538984
            ],
            [
              100.2970242,
              5.3538839
            ],
            [
              100.2970237,
              5.3538742
            ],
            [
              100.2971138,
              5.3538697
            ],
            [
              100.2971145,
              5.3538835
            ],
            [
              100.297408,
              5.3538687
            ],
            [
              100.297414,
              5.3539882
            ],
            [
              100.2971234,
              5.3540028
            ],
            [
              100.2971241,
              5.3540168
            ],
            [
              100.2970331,
              5.3540214
            ],
            [
              100.2970326,
              5.3540101
            ],
            [
              100.296745,
              5.3540246
            ]
          ]
        ]
      }
    },
    {
      "type": "Feature",
      "properties": {
        "id": 1030965777,
        "building": "university",
        "building:levels": "3",
        "name": "K04",
        "name:en": "K04",
        "name:ms": "K04"
      },
      "geometry": {
        "type": "Polygon",
        "coordinates": [
          [
            [
              100.2966435,
              5.3538118
            ],
            [
              100.2966367,
              5.3536856
            ],
            [
              100.2969222,
              5.3536702
            ],
            [
              100.2969217,
              5.3536605
            ],
            [
              100.2970117,
              5.3536556
            ],
            [
              100.2970125,
              5.3536695
            ],
            [
              100.2973059,
              5.3536537
            ],
            [
              100.2973124,
              5.3537731
            ],
            [
              100.2970218,
              5.3537888
            ],
            [
              100.2970226,
              5.3538027
            ],
            [
              100.2969316,
              5.3538076
            ],
            [
              100.296931,
              5.3537963
            ],
            [
              100.2966435,
              5.3538118
            ]
          ]
        ]
      }
    },
    {
      "type": "Feature",
      "properties": {
        "id": 1030965778,
        "building": "university",
        "building:levels": "3",
        "name": "K07",
        "name:en": "K07",
        "name:ms": "K07"
      },
      "geometry": {
        "type": "Polygon",
        "coordinates": [
          [
            [
              100.2962913,
              5.3540551
            ],
            [
              100.2962835,
              5.3539289
            ],
            [
              100.295998,
              5.3539465
            ],
            [
              100.2959974,
              5.3539368
            ],
            [
              100.2959074,
              5.3539423
            ],
            [
              100.2959083,
              5.3539561
            ],
            [
              100.295615,
              5.3539742
            ],
            [
              100.2956224,
              5.3540936
            ],
            [
              100.2959128,
              5.3540757
            ],
            [
              100.2959137,
              5.3540896
            ],
            [
              100.2960046,
              5.354084
            ],
            [
              100.2960039,
              5.3540728
            ],
            [
              100.2962913,
              5.3540551
            ]
          ]
        ]
      }
    },
    {
      "type": "Feature",
      "properties": {
        "id": 1030965779,
        "building": "university",
        "building:levels": "2",
        "name": "K10 Desasiswa Aman Damai",
        "name:en": "K10 Aman Damai Students' Residence",
        "name:ms": "K10 Desasiswa Aman Damai"
      },
      "geometry": {
        "type": "Polygon",
        "coordinates": [
          [
            [
              100.2962839,
              5.3544281
            ],
            [
              100.2962802,
              5.3543453
            ],
            [
              100.2962209,
              5.3543479
            ],
            [
              100.296217,
              5.3542613
            ],
            [
              100.2962772,
              5.3542586
            ],
            [
              100.2962733,
              5.354172
            ],
            [
              100.2960253,
              5.354183
            ],
            [
              100.2960368,
              5.3544391
            ],
            [
              100.2962839,
              5.3544281
            ]
          ]
        ]
      }
    },
    {
      "type": "Feature",
      "properties": {
        "id": 1030965780,
        "building": "university",
        "building:levels": "3",
        "name": "K08",
        "name:en": "K08",
        "name:ms": "K08"
      },
      "geometry": {
        "type": "Polygon",
        "coordinates": [
          [
            [
              100.2963682,
              5.3538323
            ],
            [
              100.2963608,
              5.3537062
            ],
            [
              100.2960753,
              5.3537227
            ],
            [
              100.2960748,
              5.353713
            ],
            [
              100.2959847,
              5.3537182
            ],
            [
              100.2959855,
              5.3537321
            ],
            [
              100.2956922,
              5.3537492
            ],
            [
              100.2956992,
              5.3538686
            ],
            [
              100.2959897,
              5.3538516
            ],
            [
              100.2959905,
              5.3538656
            ],
            [
              100.2960814,
              5.3538603
            ],
            [
              100.2960808,
              5.353849
            ],
            [
              100.2963682,
              5.3538323
            ]
          ]
        ]
      }
    },
    {
      "type": "Feature",
      "properties": {
        "id": 1030965781,
        "building": "university",
        "building:levels": "3",
        "name": "K06",
        "name:en": "K06",
        "name:ms": "K06"
      },
      "geometry": {
        "type": "Polygon",
        "coordinates": [
          [
            [
              100.2963189,
              5.3546647
            ],
            [
              100.2963111,
              5.3545385
            ],
            [
              100.2960257,
              5.3545561
            ],
            [
              100.2960251,
              5.3545463
            ],
            [
              100.2959351,
              5.3545519
            ],
            [
              100.2959359,
              5.3545657
            ],
            [
              100.2956427,
              5.3545838
            ],
            [
              100.2956501,
              5.3547031
            ],
            [
              100.2959405,
              5.3546852
            ],
            [
              100.2959414,
              5.3546992
            ],
            [
              100.2960323,
              5.3546936
            ],
            [
              100.2960316,
              5.3546823
            ],
            [
              100.2963189,
              5.3546647
            ]
          ]
        ]
      }
    },
    {
      "type": "Feature",
      "properties": {
        "id": 1030965782,
        "building": "university",
        "building:levels": "3",
        "name": "K05",
        "name:en": "K05",
        "name:ms": "K05"
      },
      "geometry": {
        "type": "Polygon",
        "coordinates": [
          [
            [
              100.2964274,
              5.3548803
            ],
            [
              100.2964196,
              5.3547542
            ],
            [
              100.2961341,
              5.3547717
            ],
            [
              100.2961335,
              5.354762
            ],
            [
              100.2960435,
              5.3547675
            ],
            [
              100.2960444,
              5.3547814
            ],
            [
              100.2957511,
              5.3547994
            ],
            [
              100.2957585,
              5.3549188
            ],
            [
              100.2960489,
              5.3549009
            ],
            [
              100.2960498,
              5.3549149
            ],
            [
              100.2961407,
              5.3549093
            ],
            [
              100.29614,
              5.354898
            ],
            [
              100.2964274,
              5.3548803
            ]
          ]
        ]
      }
    },
    {
      "type": "Feature",
      "properties": {
        "id": 1030965803,
        "building": "retail",
        "building:levels": "2",
        "name": "G28 Siswaniaga @ USM",
        "name:ms": "G28 Siswaniaga @ USM"
      },
      "geometry": {
        "type": "Polygon",
        "coordinates": [
          [
            [
              100.3028542,
              5.3562755
            ],
            [
              100.3029884,
              5.3562702
            ],
            [
              100.3029806,
              5.356075
            ],
            [
              100.302976,
              5.3559607
            ],
            [
              100.3028419,
              5.355966
            ],
            [
              100.3028465,
              5.3560802
            ],
            [
              100.3028542,
              5.3562755
            ]
          ]
        ]
      }
    },
    {
      "type": "Feature",
      "properties": {
        "id": 1031054661,
        "addr:housenumber": "2",
        "addr:street": "lorong cahaya",
        "building": "university",
        "building:levels": "2",
        "is_in": "Universiti Sains Malaysia",
        "name": "H20 Bahagian Hal Ehwal Pembangunan Pelajar dan Alumni",
        "name:ms": "H20 Bahagian Hal Ehwal Pembangunan Pelajar dan Alumni"
      },
      "geometry": {
        "type": "Polygon",
        "coordinates": [
          [
            [
              100.3020592,
              5.3592659
            ],
            [
              100.3020368,
              5.3591444
            ],
            [
              100.3019451,
              5.3591611
            ],
            [
              100.3019317,
              5.3590885
            ],
            [
              100.3020169,
              5.359073
            ],
            [
              100.3019965,
              5.3589619
            ],
            [
              100.3021877,
              5.358927
            ],
            [
              100.3022438,
              5.3592322
            ],
            [
              100.3020592,
              5.3592659
            ]
          ]
        ]
      }
    },
    {
      "type": "Feature",
      "properties": {
        "id": 1031068754,
        "building": "university",
        "building:levels": "5",
        "is_in": "Universiti Sains Malaysia",
        "name": "H34"
      },
      "geometry": {
        "type": "Polygon",
        "coordinates": [
          [
            [
              100.3035507,
              5.3608133
            ],
            [
              100.3038201,
              5.3605562
            ],
            [
              100.3038087,
              5.3605444
            ],
            [
              100.3038393,
              5.3605152
            ],
            [
              100.3039023,
              5.3604551
            ],
            [
              100.3039742,
              5.3604588
            ],
            [
              100.3039735,
              5.3604725
            ],
            [
              100.3043253,
              5.3604905
            ],
            [
              100.3043262,
              5.3604732
            ],
            [
              100.304375,
              5.3604757
            ],
            [
              100.3043695,
              5.3605823
            ],
            [
              100.3043217,
              5.3605799
            ],
            [
              100.3043195,
              5.3606222
            ],
            [
              100.3039594,
              5.3606036
            ],
            [
              100.3039575,
              5.3606407
            ],
            [
              100.3039347,
              5.3606395
            ],
            [
              100.3036474,
              5.3609137
            ],
            [
              100.3035507,
              5.3608133
            ]
          ]
        ]
      }
    },
    {
      "type": "Feature",
      "properties": {
        "id": 1031068755,
        "building": "university",
        "is_in": "Universiti Sains Malaysia",
        "name": "H16"
      },
      "geometry": {
        "type": "Polygon",
        "coordinates": [
          [
            [
              100.3016138,
              5.360273
            ],
            [
              100.3014727,
              5.3602637
            ],
            [
              100.3014818,
              5.3601263
            ],
            [
              100.3014382,
              5.3601234
            ],
            [
              100.3014474,
              5.3599852
            ],
            [
              100.3014052,
              5.3599824
            ],
            [
              100.3014143,
              5.3598465
            ],
            [
              100.3015589,
              5.3598561
            ],
            [
              100.3015497,
              5.3599936
            ],
            [
              100.3015867,
              5.359996
            ],
            [
              100.3015779,
              5.3601291
            ],
            [
              100.3016232,
              5.3601321
            ],
            [
              100.3016138,
              5.360273
            ]
          ]
        ]
      }
    },
    {
      "type": "Feature",
      "properties": {
        "id": 1031068759,
        "building": "university",
        "building:levels": "4",
        "is_in": "Universiti Sains Malaysia",
        "name": "H07",
        "name:en": "H07",
        "name:ms": "H07"
      },
      "geometry": {
        "type": "Polygon",
        "coordinates": [
          [
            [
              100.2996803,
              5.3567006
            ],
            [
              100.2998153,
              5.3566962
            ],
            [
              100.2998115,
              5.3565771
            ],
            [
              100.299811,
              5.356563
            ],
            [
              100.2998585,
              5.3565614
            ],
            [
              100.299854,
              5.3564236
            ],
            [
              100.2998977,
              5.3564222
            ],
            [
              100.2998932,
              5.3562836
            ],
            [
              100.2999354,
              5.3562823
            ],
            [
              100.2999309,
              5.3561459
            ],
            [
              100.2997861,
              5.3561506
            ],
            [
              100.2997906,
              5.3562885
            ],
            [
              100.2997536,
              5.3562897
            ],
            [
              100.2997579,
              5.3564231
            ],
            [
              100.2997125,
              5.3564246
            ],
            [
              100.2997171,
              5.3565649
            ],
            [
              100.299676,
              5.3565663
            ],
            [
              100.2996803,
              5.3567006
            ]
          ]
        ]
      }
    },
    {
      "type": "Feature",
      "properties": {
        "id": 1031068760,
        "addr:housenumber": "H06",
        "addr:street": "Desasiswa Bakti Permai",
        "building": "university",
        "building:levels": "4",
        "is_in": "Universiti Sains Malaysia",
        "name": "H06",
        "name:en": "H06",
        "name:ms": "H06"
      },
      "geometry": {
        "type": "Polygon",
        "coordinates": [
          [
            [
              100.2998944,
              5.3560921
            ],
            [
              100.2997593,
              5.3560919
            ],
            [
              100.2997595,
              5.3559585
            ],
            [
              100.299712,
              5.3559584
            ],
            [
              100.2997121,
              5.3558204
            ],
            [
              100.2996685,
              5.3558204
            ],
            [
              100.2996687,
              5.3556829
            ],
            [
              100.2998084,
              5.355683
            ],
            [
              100.2998082,
              5.3558023
            ],
            [
              100.2998082,
              5.3558167
            ],
            [
              100.2998536,
              5.3558168
            ],
            [
              100.2998534,
              5.3559574
            ],
            [
              100.2998945,
              5.3559574
            ],
            [
              100.2998945,
              5.355969
            ],
            [
              100.2998944,
              5.3560921
            ]
          ]
        ]
      }
    },
    {
      "type": "Feature",
      "properties": {
        "id": 1031081041,
        "building": "university"
      },
      "geometry": {
        "type": "Polygon",
        "coordinates": [
          [
            [
              100.302173,
              5.3577786
            ],
            [
              100.3021723,
              5.3576528
            ],
            [
              100.3021715,
              5.357516
            ],
            [
              100.3021713,
              5.3574844
            ],
            [
              100.3022509,
              5.357484
            ],
            [
              100.3022746,
              5.3574839
            ],
            [
              100.3022744,
              5.3574523
            ],
            [
              100.3023848,
              5.3574517
            ],
            [
              100.3023853,
              5.3575378
            ],
            [
              100.3024284,
              5.3575376
            ],
            [
              100.3024296,
              5.3577561
            ],
            [
              100.3023773,
              5.3577564
            ],
            [
              100.3023775,
              5.3577921
            ],
            [
              100.3023689,
              5.3577922
            ],
            [
              100.3023101,
              5.3577925
            ],
            [
              100.30231,
              5.3577779
            ],
            [
              100.302173,
              5.3577786
            ]
          ]
        ]
      }
    },
    {
      "type": "Feature",
      "properties": {
        "id": 1031081042,
        "amenity": "cafe",
        "building": "yes",
        "name": "G26 Kafe Siswa",
        "name:ms": "G26 Kafe Siswa"
      },
      "geometry": {
        "type": "Polygon",
        "coordinates": [
          [
            [
              100.3025072,
              5.3575273
            ],
            [
              100.302507,
              5.3575153
            ],
            [
              100.3025061,
              5.3574494
            ],
            [
              100.3024065,
              5.3574508
            ],
            [
              100.3024054,
              5.3573729
            ],
            [
              100.3025443,
              5.3573709
            ],
            [
              100.3025852,
              5.3573703
            ],
            [
              100.3025875,
              5.3575262
            ],
            [
              100.3025072,
              5.3575273
            ]
          ]
        ]
      }
    },
    {
      "type": "Feature",
      "properties": {
        "id": 1031081043,
        "building": "roof",
        "layer": "1"
      },
      "geometry": {
        "type": "Polygon",
        "coordinates": [
          [
            [
              100.3031575,
              5.3566266
            ],
            [
              100.3031477,
              5.3566048
            ],
            [
              100.30311,
              5.3565647
            ],
            [
              100.3030812,
              5.356548
            ],
            [
              100.3030655,
              5.3565411
            ],
            [
              100.3030653,
              5.3565074
            ],
            [
              100.3030519,
              5.3564771
            ],
            [
              100.3030427,
              5.3564676
            ],
            [
              100.3030506,
              5.3564509
            ],
            [
              100.3030753,
              5.3564439
            ],
            [
              100.3030924,
              5.3564331
            ],
            [
              100.303105,
              5.3564165
            ],
            [
              100.303152,
              5.3564214
            ],
            [
              100.3031877,
              5.3564223
            ],
            [
              100.3032199,
              5.3564145
            ],
            [
              100.3032371,
              5.3564028
            ],
            [
              100.3032459,
              5.3564179
            ],
            [
              100.3032571,
              5.3564343
            ],
            [
              100.3032846,
              5.356463
            ],
            [
              100.3033077,
              5.3564775
            ],
            [
              100.3033376,
              5.3564876
            ],
            [
              100.3033498,
              5.3565281
            ],
            [
              100.3033668,
              5.356565
            ],
            [
              100.3033731,
              5.3565746
            ],
            [
              100.3033485,
              5.3565834
            ],
            [
              100.303318,
              5.3566005
            ],
            [
              100.3032997,
              5.3566188
            ],
            [
              100.3032669,
              5.3566152
            ],
            [
              100.3032406,
              5.3566118
            ],
            [
              100.3032046,
              5.3566212
            ],
            [
              100.3031704,
              5.3566363
            ],
            [
              100.3031575,
              5.3566266
            ]
          ]
        ]
      }
    },
    {
      "type": "Feature",
      "properties": {
        "id": 1031081044,
        "building": "university",
        "building:levels": "6",
        "name": "Toray-USM International @ USM",
        "name:en": "Toray-USM International @ USM"
      },
      "geometry": {
        "type": "Polygon",
        "coordinates": [
          [
            [
              100.3037981,
              5.3576834
            ],
            [
              100.3038934,
              5.3575346
            ],
            [
              100.303731,
              5.3574315
            ],
            [
              100.3037024,
              5.3573035
            ],
            [
              100.3036588,
              5.3573131
            ],
            [
              100.3036333,
              5.3573188
            ],
            [
              100.3036069,
              5.3573247
            ],
            [
              100.3035793,
              5.3573307
            ],
            [
              100.3035977,
              5.3574131
            ],
            [
              100.3035782,
              5.3574434
            ],
            [
              100.3036033,
              5.3574594
            ],
            [
              100.3035887,
              5.3574821
            ],
            [
              100.3036109,
              5.3574962
            ],
            [
              100.3035949,
              5.3575212
            ],
            [
              100.3036193,
              5.3575367
            ],
            [
              100.3036042,
              5.3575602
            ],
            [
              100.3037981,
              5.3576834
            ]
          ]
        ]
      }
    },
    {
      "type": "Feature",
      "properties": {
        "id": 1031081045,
        "building": "university",
        "building:levels": "2"
      },
      "geometry": {
        "type": "Polygon",
        "coordinates": [
          [
            [
              100.3035061,
              5.3577898
            ],
            [
              100.3035052,
              5.3577505
            ],
            [
              100.3034643,
              5.3576599
            ],
            [
              100.3034581,
              5.357646
            ],
            [
              100.3034595,
              5.3574454
            ],
            [
              100.3034854,
              5.3574455
            ],
            [
              100.3035008,
              5.3574456
            ],
            [
              100.3035007,
              5.3574555
            ],
            [
              100.3035005,
              5.357485
            ],
            [
              100.3035051,
              5.3574973
            ],
            [
              100.3035275,
              5.3574891
            ],
            [
              100.3035606,
              5.3575783
            ],
            [
              100.3035651,
              5.3575903
            ],
            [
              100.3035706,
              5.3575914
            ],
            [
              100.3035742,
              5.3575935
            ],
            [
              100.3035839,
              5.3576079
            ],
            [
              100.3035887,
              5.3576118
            ],
            [
              100.3035956,
              5.3576134
            ],
            [
              100.3036094,
              5.3576148
            ],
            [
              100.3036162,
              5.3576172
            ],
            [
              100.3036237,
              5.3576199
            ],
            [
              100.3036365,
              5.3576313
            ],
            [
              100.3036451,
              5.357646
            ],
            [
              100.3036487,
              5.3576627
            ],
            [
              100.3036469,
              5.3576797
            ],
            [
              100.3036398,
              5.3576952
            ],
            [
              100.3036282,
              5.3577078
            ],
            [
              100.303612,
              5.3577165
            ],
            [
              100.3035313,
              5.3577462
            ],
            [
              100.3035323,
              5.3577891
            ],
            [
              100.303519,
              5.3577895
            ],
            [
              100.3035061,
              5.3577898
            ]
          ]
        ]
      }
    },
    {
      "type": "Feature",
      "properties": {
        "id": 1031081046,
        "building": "university",
        "name": "H21 Pusat Pembangunan Hebat",
        "name:ms": "H21 Pusat Pembangunan Hebat"
      },
      "geometry": {
        "type": "Polygon",
        "coordinates": [
          [
            [
              100.3018504,
              5.3595989
            ],
            [
              100.3018202,
              5.3594458
            ],
            [
              100.3022988,
              5.3593522
            ],
            [
              100.302329,
              5.3595052
            ],
            [
              100.3021095,
              5.3595482
            ],
            [
              100.3018504,
              5.3595989
            ]
          ]
        ]
      }
    },
    {
      "type": "Feature",
      "properties": {
        "id": 1031081047,
        "building": "roof",
        "layer": "3"
      },
      "geometry": {
        "type": "Polygon",
        "coordinates": [
          [
            [
              100.3020434,
              5.3597077
            ],
            [
              100.3020206,
              5.3595815
            ],
            [
              100.3021574,
              5.3595569
            ],
            [
              100.3021803,
              5.3596832
            ],
            [
              100.3020434,
              5.3597077
            ]
          ]
        ]
      }
    },
    {
      "type": "Feature",
      "properties": {
        "id": 1031081048,
        "building": "roof",
        "layer": "2"
      },
      "geometry": {
        "type": "Polygon",
        "coordinates": [
          [
            [
              100.3021333,
              5.3597653
            ],
            [
              100.3021104,
              5.3596391
            ],
            [
              100.3022473,
              5.3596145
            ],
            [
              100.3022701,
              5.3597408
            ],
            [
              100.3021333,
              5.3597653
            ]
          ]
        ]
      }
    },
    {
      "type": "Feature",
      "properties": {
        "id": 1031081049,
        "building": "roof",
        "layer": "1"
      },
      "geometry": {
        "type": "Polygon",
        "coordinates": [
          [
            [
              100.3022245,
              5.3598271
            ],
            [
              100.3022017,
              5.3597009
            ],
            [
              100.3023385,
              5.3596763
            ],
            [
              100.3023614,
              5.3598026
            ],
            [
              100.3022245,
              5.3598271
            ]
          ]
        ]
      }
    },
    {
      "type": "Feature",
      "properties": {
        "id": 1031136412,
        "building": "university",
        "name": "C08 Dewan Kuliah A, B & C",
        "name:en": "C08 Lecture Theatres A, B & C",
        "name:ms": "C08 Dewan Kuliah A, B & C"
      },
      "geometry": {
        "type": "Polygon",
        "coordinates": [
          [
            [
              100.3048957,
              5.3580067
            ],
            [
              100.3048668,
              5.3579702
            ],
            [
              100.3048627,
              5.357979
            ],
            [
              100.3048433,
              5.357948
            ],
            [
              100.3048376,
              5.3579579
            ],
            [
              100.304819,
              5.3579287
            ],
            [
              100.3048143,
              5.3579374
            ],
            [
              100.3047951,
              5.3579094
            ],
            [
              100.3047905,
              5.3579179
            ],
            [
              100.3047776,
              5.3579009
            ],
            [
              100.3047968,
              5.3578703
            ],
            [
              100.3047054,
              5.3578136
            ],
            [
              100.3046748,
              5.3578133
            ],
            [
              100.3046797,
              5.3578049
            ],
            [
              100.3046422,
              5.3578016
            ],
            [
              100.3046465,
              5.3577947
            ],
            [
              100.3045859,
              5.3577873
            ],
            [
              100.3045417,
              5.3578564
            ],
            [
              100.3045703,
              5.3578957
            ],
            [
              100.3045584,
              5.3579162
            ],
            [
              100.3045082,
              5.3579173
            ],
            [
              100.3044719,
              5.3579823
            ],
            [
              100.3045083,
              5.358031
            ],
            [
              100.3045123,
              5.3580239
            ],
            [
              100.3045338,
              5.3580547
            ],
            [
              100.3045387,
              5.3580463
            ],
            [
              100.3045541,
              5.3580727
            ],
            [
              100.3046493,
              5.3581242
            ],
            [
              100.3046651,
              5.3580952
            ],
            [
              100.304684,
              5.3580963
            ],
            [
              100.3046787,
              5.3581051
            ],
            [
              100.3047161,
              5.3581054
            ],
            [
              100.3047108,
              5.3581137
            ],
            [
              100.3047455,
              5.3581153
            ],
            [
              100.3047397,
              5.3581252
            ],
            [
              100.3047763,
              5.3581266
            ],
            [
              100.3047707,
              5.3581345
            ],
            [
              100.3048168,
              5.3581414
            ],
            [
              100.3048957,
              5.3580067
            ]
          ]
        ]
      }
    },
    {
      "type": "Feature",
      "properties": {
        "id": 1031136418,
        "building": "university",
        "name": "M03"
      },
      "geometry": {
        "type": "Polygon",
        "coordinates": [
          [
            [
              100.2896339,
              5.3565481
            ],
            [
              100.2895493,
              5.3566311
            ],
            [
              100.2894468,
              5.3567316
            ],
            [
              100.2895797,
              5.3568658
            ],
            [
              100.2896823,
              5.356765
            ],
            [
              100.2897651,
              5.3566837
            ],
            [
              100.2899515,
              5.3568719
            ],
            [
              100.2900995,
              5.3567266
            ],
            [
              100.289909,
              5.3565343
            ],
            [
              100.2901044,
              5.3563424
            ],
            [
              100.2899684,
              5.3562051
            ],
            [
              100.2899676,
              5.3562047
            ],
            [
              100.2897669,
              5.3564015
            ],
            [
              100.289561,
              5.3561934
            ],
            [
              100.2894199,
              5.3563319
            ],
            [
              100.2896339,
              5.3565481
            ]
          ]
        ]
      }
    },
    {
      "type": "Feature",
      "properties": {
        "id": 1031136419,
        "building": "university",
        "name": "M02"
      },
      "geometry": {
        "type": "Polygon",
        "coordinates": [
          [
            [
              100.2893207,
              5.3572273
            ],
            [
              100.2894045,
              5.3573112
            ],
            [
              100.2895059,
              5.3574127
            ],
            [
              100.2893717,
              5.3575455
            ],
            [
              100.2892701,
              5.3574438
            ],
            [
              100.2891881,
              5.3573617
            ],
            [
              100.2889999,
              5.357548
            ],
            [
              100.2888533,
              5.3574012
            ],
            [
              100.2890457,
              5.3572109
            ],
            [
              100.2888522,
              5.357017
            ],
            [
              100.2889896,
              5.3568811
            ],
            [
              100.2889904,
              5.3568806
            ],
            [
              100.2891891,
              5.3570795
            ],
            [
              100.2893971,
              5.3568734
            ],
            [
              100.2895368,
              5.3570132
            ],
            [
              100.2893207,
              5.3572273
            ]
          ]
        ]
      }
    },
    {
      "type": "Feature",
      "properties": {
        "id": 1037066067,
        "building": "university"
      },
      "geometry": {
        "type": "Polygon",
        "coordinates": [
          [
            [
              100.3016824,
              5.3542497
            ],
            [
              100.3016168,
              5.3540779
            ],
            [
              100.3016109,
              5.3540625
            ],
            [
              100.3015871,
              5.3540715
            ],
            [
              100.3015385,
              5.3541785
            ],
            [
              100.3015561,
              5.3542197
            ],
            [
              100.3016584,
              5.3542588
            ],
            [
              100.3016824,
              5.3542497
            ]
          ]
        ]
      }
    },
    {
      "type": "Feature",
      "properties": {
        "id": 1037066068,
        "building": "roof",
        "layer": "1"
      },
      "geometry": {
        "type": "Polygon",
        "coordinates": [
          [
            [
              100.3015924,
              5.3530683
            ],
            [
              100.3016775,
              5.3530758
            ],
            [
              100.3017823,
              5.3530819
            ],
            [
              100.301787,
              5.3530944
            ],
            [
              100.3018585,
              5.3532847
            ],
            [
              100.301886,
              5.3533576
            ],
            [
              100.3018918,
              5.3533733
            ],
            [
              100.3016994,
              5.353445
            ],
            [
              100.301566,
              5.3534947
            ],
            [
              100.3015889,
              5.3535586
            ],
            [
              100.3016354,
              5.3535409
            ],
            [
              100.301627,
              5.3535159
            ],
            [
              100.3017562,
              5.3534641
            ],
            [
              100.301951,
              5.3533945
            ],
            [
              100.3018829,
              5.3532201
            ],
            [
              100.3018722,
              5.3531915
            ],
            [
              100.30182,
              5.3530527
            ],
            [
              100.3017434,
              5.3530465
            ],
            [
              100.3017422,
              5.3530595
            ],
            [
              100.3016198,
              5.3530486
            ],
            [
              100.301621,
              5.3530354
            ],
            [
              100.3015955,
              5.3530333
            ],
            [
              100.3015924,
              5.3530683
            ]
          ]
        ]
      }
    },
    {
      "type": "Feature",
      "properties": {
        "id": 1037066069,
        "building": "roof",
        "layer": "1"
      },
      "geometry": {
        "type": "Polygon",
        "coordinates": [
          [
            [
              100.3016495,
              5.3535777
            ],
            [
              100.3016354,
              5.3535409
            ],
            [
              100.301627,
              5.3535159
            ],
            [
              100.3017562,
              5.3534641
            ],
            [
              100.3017818,
              5.3535275
            ],
            [
              100.3016495,
              5.3535777
            ]
          ]
        ]
      }
    },
    {
      "type": "Feature",
      "properties": {
        "id": 1037066070,
        "building": "roof",
        "layer": "1"
      },
      "geometry": {
        "type": "Polygon",
        "coordinates": [
          [
            [
              100.3017616,
              5.3543395
            ],
            [
              100.3017686,
              5.354358
            ],
            [
              100.3017294,
              5.3543728
            ],
            [
              100.3016824,
              5.3542497
            ],
            [
              100.3016168,
              5.3540779
            ],
            [
              100.3016401,
              5.354069
            ],
            [
              100.3017766,
              5.3540173
            ],
            [
              100.301773,
              5.3540078
            ],
            [
              100.3018222,
              5.3539892
            ],
            [
              100.3018414,
              5.3540394
            ],
            [
              100.3017166,
              5.3540867
            ],
            [
              100.3016715,
              5.3541038
            ],
            [
              100.3016886,
              5.3541485
            ],
            [
              100.3017616,
              5.3543395
            ]
          ]
        ]
      }
    },
    {
      "type": "Feature",
      "properties": {
        "id": 1037066071,
        "building": "university"
      },
      "geometry": {
        "type": "Polygon",
        "coordinates": [
          [
            [
              100.3016198,
              5.3530486
            ],
            [
              100.3017422,
              5.3530595
            ],
            [
              100.3017434,
              5.3530465
            ],
            [
              100.3017489,
              5.3529858
            ],
            [
              100.3016265,
              5.3529749
            ],
            [
              100.301621,
              5.3530354
            ],
            [
              100.3016198,
              5.3530486
            ]
          ]
        ]
      }
    },
    {
      "type": "Feature",
      "properties": {
        "id": 1037066072,
        "building": "yes",
        "man_made": "tower",
        "tower:type": "minaret"
      },
      "geometry": {
        "type": "Polygon",
        "coordinates": [
          [
            [
              100.3018974,
              5.3534824
            ],
            [
              100.301906,
              5.3534613
            ],
            [
              100.3019277,
              5.35347
            ],
            [
              100.3019191,
              5.3534911
            ],
            [
              100.3018974,
              5.3534824
            ]
          ]
        ]
      }
    },
    {
      "type": "Feature",
      "properties": {
        "id": 1057822323,
        "building": "yes",
        "man_made": "storage_tank"
      },
      "geometry": {
        "type": "Polygon",
        "coordinates": [
          [
            [
              100.3015936,
              5.3614323
            ],
            [
              100.3015705,
              5.3614263
            ],
            [
              100.3015466,
              5.3614283
            ],
            [
              100.3015247,
              5.3614379
            ],
            [
              100.3015072,
              5.3614541
            ],
            [
              100.301496,
              5.3614752
            ],
            [
              100.3014923,
              5.3614982
            ],
            [
              100.3014963,
              5.3615212
            ],
            [
              100.3015075,
              5.3615417
            ],
            [
              100.3015247,
              5.3615576
            ],
            [
              100.3015461,
              5.3615671
            ],
            [
              100.3015694,
              5.3615692
            ],
            [
              100.3015922,
              5.3615638
            ],
            [
              100.3016121,
              5.3615514
            ],
            [
              100.3016269,
              5.3615332
            ],
            [
              100.3016351,
              5.3615109
            ],
            [
              100.3016355,
              5.3614871
            ],
            [
              100.301628,
              5.3614644
            ],
            [
              100.3016136,
              5.3614455
            ],
            [
              100.3015936,
              5.3614323
            ]
          ]
        ]
      }
    },
    {
      "type": "Feature",
      "properties": {
        "id": 1279853279,
        "building": "roof",
        "layer": "1"
      },
      "geometry": {
        "type": "Polygon",
        "coordinates": [
          [
            [
              100.3040884,
              5.3580769
            ],
            [
              100.3041197,
              5.3580896
            ],
            [
              100.3041694,
              5.3579686
            ],
            [
              100.304138,
              5.3579559
            ],
            [
              100.3040884,
              5.3580769
            ]
          ]
        ]
      }
    },
    {
      "type": "Feature",
      "properties": {
        "id": 1279853280,
        "building": "roof",
        "layer": "1"
      },
      "geometry": {
        "type": "Polygon",
        "coordinates": [
          [
            [
              100.3026361,
              5.354771
            ],
            [
              100.3027155,
              5.3547932
            ],
            [
              100.3027233,
              5.3547655
            ],
            [
              100.3026439,
              5.3547433
            ],
            [
              100.3026361,
              5.354771
            ]
          ]
        ]
      }
    },
    {
      "type": "Feature",
      "properties": {
        "id": 1317248676,
        "building": "roof",
        "layer": "1"
      },
      "geometry": {
        "type": "Polygon",
        "coordinates": [
          [
            [
              100.2940198,
              5.3561102
            ],
            [
              100.2942754,
              5.3560994
            ],
            [
              100.2942721,
              5.3560231
            ],
            [
              100.2940165,
              5.356034
            ],
            [
              100.2940198,
              5.3561102
            ]
          ]
        ]
      }
    },
    {
      "type": "Feature",
      "properties": {
        "id": 1317248679,
        "building": "roof",
        "layer": "1"
      },
      "geometry": {
        "type": "Polygon",
        "coordinates": [
          [
            [
              100.293304,
              5.3564656
            ],
            [
              100.2933662,
              5.3564609
            ],
            [
              100.2933586,
              5.3563622
            ],
            [
              100.2932964,
              5.3563669
            ],
            [
              100.293304,
              5.3564656
            ]
          ]
        ]
      }
    },
    {
      "type": "Feature",
      "properties": {
        "id": 1317248696,
        "building": "university",
        "name": "H45 Stor Pusat Kimia Universiti",
        "name:ms": "H45 Stor Pusat Kimia Universiti"
      },
      "geometry": {
        "type": "Polygon",
        "coordinates": [
          [
            [
              100.300463,
              5.3563151
            ],
            [
              100.3005126,
              5.3562906
            ],
            [
              100.3004886,
              5.3562425
            ],
            [
              100.300439,
              5.356267
            ],
            [
              100.300463,
              5.3563151
            ]
          ]
        ]
      }
    },
    {
      "type": "Feature",
      "properties": {
        "id": 1317650102,
        "building": "roof",
        "building:levels": "2",
        "layer": "1",
        "roof:colour": "#c66861"
      },
      "geometry": {
        "type": "Polygon",
        "coordinates": [
          [
            [
              100.2936531,
              5.3566898
            ],
            [
              100.2937855,
              5.3566808
            ],
            [
              100.2937827,
              5.3566402
            ],
            [
              100.2936503,
              5.3566479
            ],
            [
              100.2936531,
              5.3566898
            ]
          ]
        ]
      }
    },
    {
      "type": "Feature",
      "properties": {
        "id": 1317650103,
        "building": "roof",
        "building:levels": "2",
        "layer": "1",
        "roof:colour": "#c66861"
      },
      "geometry": {
        "type": "Polygon",
        "coordinates": [
          [
            [
              100.293642,
              5.3565272
            ],
            [
              100.2937744,
              5.3565195
            ],
            [
              100.2937693,
              5.3564453
            ],
            [
              100.293637,
              5.3564543
            ],
            [
              100.293642,
              5.3565272
            ]
          ]
        ]
      }
    },
    {
      "type": "Feature",
      "properties": {
        "id": 1353572814,
        "building": "roof",
        "layer": "1"
      },
      "geometry": {
        "type": "Polygon",
        "coordinates": [
          [
            [
              100.3006498,
              5.3552646
            ],
            [
              100.3006492,
              5.3551944
            ],
            [
              100.3005831,
              5.355195
            ],
            [
              100.3005836,
              5.3552328
            ],
            [
              100.3005841,
              5.3552653
            ],
            [
              100.3006498,
              5.3552646
            ]
          ]
        ]
      }
    },
    {
      "type": "Feature",
      "properties": {
        "id": 1353572824,
        "building": "roof",
        "layer": "1"
      },
      "geometry": {
        "type": "Polygon",
        "coordinates": [
          [
            [
              100.3015957,
              5.3547628
            ],
            [
              100.3015956,
              5.3546733
            ],
            [
              100.3015682,
              5.3546737
            ],
            [
              100.3015346,
              5.3546738
            ],
            [
              100.3015351,
              5.3547631
            ],
            [
              100.3015699,
              5.3547629
            ],
            [
              100.3015957,
              5.3547628
            ]
          ]
        ]
      }
    },
    {
      "type": "Feature",
      "properties": {
        "id": 1353572831,
        "building": "yes",
        "name": "Pencawang 10",
        "name:en": "Sub Station 10",
        "name:ms": "Pencawang 10",
        "power": "substation"
      },
      "geometry": {
        "type": "Polygon",
        "coordinates": [
          [
            [
              100.3018507,
              5.3553589
            ],
            [
              100.3018555,
              5.355252
            ],
            [
              100.3017876,
              5.3552489
            ],
            [
              100.3017828,
              5.3553559
            ],
            [
              100.3018507,
              5.3553589
            ]
          ]
        ]
      }
    },
    {
      "type": "Feature",
      "properties": {
        "id": 1353572832,
        "building": "roof",
        "generator:method": "photovoltaic",
        "generator:output:electricity": "yes",
        "generator:source": "solar",
        "generator:type": "solar_photovoltaic_panel",
        "layer": "1",
        "power": "generator"
      },
      "geometry": {
        "type": "Polygon",
        "coordinates": [
          [
            [
              100.3018316,
              5.3551545
            ],
            [
              100.3018307,
              5.354903
            ],
            [
              100.3017199,
              5.3549034
            ],
            [
              100.3017207,
              5.3551549
            ],
            [
              100.3018316,
              5.3551545
            ]
          ]
        ]
      }
    },
    {
      "type": "Feature",
      "properties": {
        "id": 1353572833,
        "building": "roof",
        "generator:method": "photovoltaic",
        "generator:output:electricity": "yes",
        "generator:source": "solar",
        "generator:type": "solar_photovoltaic_panel",
        "layer": "1",
        "power": "generator"
      },
      "geometry": {
        "type": "Polygon",
        "coordinates": [
          [
            [
              100.3018781,
              5.3551685
            ],
            [
              100.3019862,
              5.3551685
            ],
            [
              100.3019833,
              5.3549126
            ],
            [
              100.3018769,
              5.3549131
            ],
            [
              100.3018781,
              5.3551685
            ]
          ]
        ]
      }
    },
    {
      "type": "Feature",
      "properties": {
        "id": 1353572834,
        "building": "roof",
        "generator:method": "photovoltaic",
        "generator:output:electricity": "yes",
        "generator:source": "solar",
        "generator:type": "solar_photovoltaic_panel",
        "layer": "1",
        "power": "generator"
      },
      "geometry": {
        "type": "Polygon",
        "coordinates": [
          [
            [
              100.3021225,
              5.3549322
            ],
            [
              100.3020322,
              5.3549322
            ],
            [
              100.3020342,
              5.3551685
            ],
            [
              100.3021225,
              5.3551685
            ],
            [
              100.3021225,
              5.3549322
            ]
          ]
        ]
      }
    },
    {
      "type": "Feature",
      "properties": {
        "id": 1353572835,
        "building": "roof",
        "generator:method": "photovoltaic",
        "generator:output:electricity": "yes",
        "generator:source": "solar",
        "generator:type": "solar_photovoltaic_panel",
        "layer": "1",
        "power": "generator"
      },
      "geometry": {
        "type": "Polygon",
        "coordinates": [
          [
            [
              100.3022372,
              5.3550552
            ],
            [
              100.3022372,
              5.3549271
            ],
            [
              100.3021749,
              5.3549271
            ],
            [
              100.3021751,
              5.3550552
            ],
            [
              100.3022372,
              5.3550552
            ]
          ]
        ]
      }
    },
    {
      "type": "Feature",
      "properties": {
        "id": 1353572841,
        "building": "roof",
        "building:levels": "1",
        "layer": "1",
        "name": "La Place @ Math"
      },
      "geometry": {
        "type": "Polygon",
        "coordinates": [
          [
            [
              100.3010016,
              5.3545802
            ],
            [
              100.3010594,
              5.3545798
            ],
            [
              100.3010603,
              5.354716
            ],
            [
              100.3010025,
              5.3547164
            ],
            [
              100.3010016,
              5.3545802
            ]
          ]
        ]
      }
    },
    {
      "type": "Feature",
      "properties": {
        "id": 1353572842,
        "building": "roof",
        "building:levels": "1",
        "layer": "1",
        "name": "Gazebo"
      },
      "geometry": {
        "type": "Polygon",
        "coordinates": [
          [
            [
              100.3014189,
              5.3546509
            ],
            [
              100.3013539,
              5.3546511
            ],
            [
              100.3013541,
              5.3547267
            ],
            [
              100.3014192,
              5.3547265
            ],
            [
              100.3014189,
              5.3546509
            ]
          ]
        ]
      }
    },
    {
      "type": "Feature",
      "properties": {
        "id": 1353641045,
        "building": "roof",
        "layer": "1"
      },
      "geometry": {
        "type": "Polygon",
        "coordinates": [
          [
            [
              100.3013373,
              5.3557854
            ],
            [
              100.3013374,
              5.3557272
            ],
            [
              100.301243,
              5.3557269
            ],
            [
              100.3012428,
              5.3557854
            ],
            [
              100.3013373,
              5.3557854
            ]
          ]
        ]
      }
    },
    {
      "type": "Feature",
      "properties": {
        "id": 1353641046,
        "building": "roof",
        "layer": "1"
      },
      "geometry": {
        "type": "Polygon",
        "coordinates": [
          [
            [
              100.3011207,
              5.3556527
            ],
            [
              100.301149,
              5.3556524
            ],
            [
              100.3011763,
              5.3556521
            ],
            [
              100.3011777,
              5.3557855
            ],
            [
              100.3011502,
              5.3557855
            ],
            [
              100.3011221,
              5.3557855
            ],
            [
              100.3011207,
              5.3556527
            ]
          ]
        ]
      }
    },
    {
      "type": "Feature",
      "properties": {
        "id": 1353641051,
        "building": "roof",
        "layer": "1"
      },
      "geometry": {
        "type": "Polygon",
        "coordinates": [
          [
            [
              100.3017463,
              5.3561193
            ],
            [
              100.3017668,
              5.3561191
            ],
            [
              100.3017664,
              5.356088
            ],
            [
              100.301766,
              5.3560508
            ],
            [
              100.3017469,
              5.3560504
            ],
            [
              100.3017328,
              5.35605
            ],
            [
              100.3017328,
              5.3561195
            ],
            [
              100.3017463,
              5.3561193
            ]
          ]
        ]
      }
    },
    {
      "type": "Feature",
      "properties": {
        "id": 1353641055,
        "building": "roof",
        "layer": "1"
      },
      "geometry": {
        "type": "Polygon",
        "coordinates": [
          [
            [
              100.3016546,
              5.3569063
            ],
            [
              100.3016552,
              5.3569403
            ],
            [
              100.301581,
              5.3569417
            ],
            [
              100.3015039,
              5.3569432
            ],
            [
              100.3015032,
              5.3569092
            ],
            [
              100.3015808,
              5.3569077
            ],
            [
              100.3016546,
              5.3569063
            ]
          ]
        ]
      }
    },
    {
      "type": "Feature",
      "properties": {
        "id": 1353641056,
        "amenity": "toilets",
        "building": "yes",
        "female": "yes",
        "name": "G30",
        "name:en": "G30",
        "name:ms": "G30"
      },
      "geometry": {
        "type": "Polygon",
        "coordinates": [
          [
            [
              100.3025739,
              5.3568522
            ],
            [
              100.3024566,
              5.356751
            ],
            [
              100.3023949,
              5.356822
            ],
            [
              100.3025121,
              5.3569231
            ],
            [
              100.3025739,
              5.3568522
            ]
          ]
        ]
      }
    },
    {
      "type": "Feature",
      "properties": {
        "id": 1353641057,
        "amenity": "toilets",
        "building": "yes",
        "male": "yes",
        "name": "G29",
        "name:en": "G29",
        "name:ms": "G29"
      },
      "geometry": {
        "type": "Polygon",
        "coordinates": [
          [
            [
              100.3024056,
              5.3567098
            ],
            [
              100.3022884,
              5.3566087
            ],
            [
              100.3022266,
              5.3566796
            ],
            [
              100.3023438,
              5.3567808
            ],
            [
              100.3024056,
              5.3567098
            ]
          ]
        ]
      }
    },
    {
      "type": "Feature",
      "properties": {
        "id": 1353641064,
        "building": "roof",
        "layer": "1"
      },
      "geometry": {
        "type": "Polygon",
        "coordinates": [
          [
            [
              100.3033997,
              5.3567066
            ],
            [
              100.3034387,
              5.3567065
            ],
            [
              100.303439,
              5.3568005
            ],
            [
              100.3034393,
              5.3568951
            ],
            [
              100.3034005,
              5.3568953
            ],
            [
              100.3034001,
              5.3568003
            ],
            [
              100.3033997,
              5.3567066
            ]
          ]
        ]
      }
    },
    {
      "type": "Feature",
      "properties": {
        "id": 1353883011,
        "building": "yes"
      },
      "geometry": {
        "type": "Polygon",
        "coordinates": [
          [
            [
              100.3013154,
              5.3544156
            ],
            [
              100.3013265,
              5.354416
            ],
            [
              100.3013536,
              5.3544156
            ],
            [
              100.301399,
              5.3544497
            ],
            [
              100.3013646,
              5.3544952
            ],
            [
              100.3013367,
              5.3544743
            ],
            [
              100.3013274,
              5.3544744
            ],
            [
              100.3013159,
              5.3544745
            ],
            [
              100.3013154,
              5.3544156
            ]
          ]
        ]
      }
    },
    {
      "type": "Feature",
      "properties": {
        "id": 1353883022,
        "building": "roof",
        "layer": "1"
      },
      "geometry": {
        "type": "Polygon",
        "coordinates": [
          [
            [
              100.3015831,
              5.3577749
            ],
            [
              100.3015844,
              5.3577651
            ],
            [
              100.3015841,
              5.3577531
            ],
            [
              100.3015453,
              5.3577533
            ],
            [
              100.3014428,
              5.3576864
            ],
            [
              100.3014834,
              5.3576247
            ],
            [
              100.3015583,
              5.3576736
            ],
            [
              100.3015792,
              5.3576735
            ],
            [
              100.3015766,
              5.3576608
            ],
            [
              100.3016806,
              5.3576598
            ],
            [
              100.3016816,
              5.357774
            ],
            [
              100.3015831,
              5.3577749
            ]
          ]
        ]
      }
    },
    {
      "type": "Feature",
      "properties": {
        "id": 1353883033,
        "building": "bunker",
        "military": "bunker",
        "name": "H05",
        "name:en": "H05",
        "name:ms": "H05"
      },
      "geometry": {
        "type": "Polygon",
        "coordinates": [
          [
            [
              100.3006085,
              5.3564627
            ],
            [
              100.3005954,
              5.3564345
            ],
            [
              100.3005541,
              5.3564536
            ],
            [
              100.3005431,
              5.3564511
            ],
            [
              100.3005276,
              5.3564177
            ],
            [
              100.3005325,
              5.3564076
            ],
            [
              100.3005731,
              5.3563889
            ],
            [
              100.3005605,
              5.3563619
            ],
            [
              100.3004859,
              5.3563964
            ],
            [
              100.3005338,
              5.3564972
            ],
            [
              100.3006085,
              5.3564627
            ]
          ]
        ]
      }
    },
    {
      "type": "Feature",
      "properties": {
        "id": 1353883034,
        "building": "bunker",
        "military": "bunker",
        "name": "H04",
        "name:en": "H04",
        "name:ms": "H04"
      },
      "geometry": {
        "type": "Polygon",
        "coordinates": [
          [
            [
              100.3004584,
              5.356156
            ],
            [
              100.3004453,
              5.3561278
            ],
            [
              100.300404,
              5.3561469
            ],
            [
              100.300393,
              5.3561444
            ],
            [
              100.3003775,
              5.356111
            ],
            [
              100.3003824,
              5.3561009
            ],
            [
              100.300423,
              5.3560822
            ],
            [
              100.3004104,
              5.3560552
            ],
            [
              100.3003392,
              5.3560881
            ],
            [
              100.3003872,
              5.3561889
            ],
            [
              100.3004584,
              5.356156
            ]
          ]
        ]
      }
    },
    {
      "type": "Feature",
      "properties": {
        "id": 1353908051,
        "building": "roof",
        "building:levels": "1.5",
        "layer": "1"
      },
      "geometry": {
        "type": "Polygon",
        "coordinates": [
          [
            [
              100.3042266,
              5.3567626
            ],
            [
              100.3042327,
              5.3567682
            ],
            [
              100.3042539,
              5.3567871
            ],
            [
              100.3042926,
              5.3567443
            ],
            [
              100.304279,
              5.356732
            ],
            [
              100.3042738,
              5.3567377
            ],
            [
              100.3042601,
              5.3567255
            ],
            [
              100.3042266,
              5.3567626
            ]
          ]
        ]
      }
    },
    {
      "type": "Feature",
      "properties": {
        "id": 1353908054,
        "building": "roof",
        "building:levels": "1",
        "layer": "1"
      },
      "geometry": {
        "type": "Polygon",
        "coordinates": [
          [
            [
              100.3042266,
              5.3567626
            ],
            [
              100.3041719,
              5.3567137
            ],
            [
              100.3041522,
              5.3567354
            ],
            [
              100.3042131,
              5.35679
            ],
            [
              100.3042327,
              5.3567682
            ],
            [
              100.3042266,
              5.3567626
            ]
          ]
        ]
      }
    },
    {
      "type": "Feature",
      "properties": {
        "id": 1353908055,
        "building": "roof",
        "building:levels": "1",
        "layer": "1"
      },
      "geometry": {
        "type": "Polygon",
        "coordinates": [
          [
            [
              100.3046456,
              5.3568857
            ],
            [
              100.3045989,
              5.356844
            ],
            [
              100.3045887,
              5.3568554
            ],
            [
              100.3045788,
              5.3568664
            ],
            [
              100.3046254,
              5.3569081
            ],
            [
              100.3046352,
              5.3568972
            ],
            [
              100.3046456,
              5.3568857
            ]
          ]
        ]
      }
    },
    {
      "type": "Feature",
      "properties": {
        "id": 1353908067,
        "building": "roof",
        "building:levels": "6",
        "layer": "1"
      },
      "geometry": {
        "type": "Polygon",
        "coordinates": [
          [
            [
              100.3033289,
              5.3581834
            ],
            [
              100.3033607,
              5.358189
            ],
            [
              100.3033925,
              5.3581926
            ],
            [
              100.303425,
              5.3581956
            ],
            [
              100.3034576,
              5.3581944
            ],
            [
              100.3034902,
              5.3581907
            ],
            [
              100.3035256,
              5.3581831
            ],
            [
              100.3035556,
              5.3581744
            ],
            [
              100.3035816,
              5.3581672
            ],
            [
              100.3035825,
              5.3579861
            ],
            [
              100.3035554,
              5.3579779
            ],
            [
              100.3035319,
              5.3579693
            ],
            [
              100.3034954,
              5.3579583
            ],
            [
              100.3034551,
              5.3579518
            ],
            [
              100.3034229,
              5.3579493
            ],
            [
              100.3033907,
              5.3579501
            ],
            [
              100.3033518,
              5.3579557
            ],
            [
              100.3033193,
              5.3579646
            ],
            [
              100.3032929,
              5.3579728
            ],
            [
              100.3032704,
              5.3579853
            ],
            [
              100.3032704,
              5.3580843
            ],
            [
              100.3032704,
              5.358163
            ],
            [
              100.303297,
              5.3581746
            ],
            [
              100.3033289,
              5.3581834
            ]
          ]
        ]
      }
    },
    {
      "type": "Feature",
      "properties": {
        "id": 1353908074,
        "building": "roof",
        "building:levels": "1",
        "layer": "1"
      },
      "geometry": {
        "type": "Polygon",
        "coordinates": [
          [
            [
              100.3031644,
              5.3580541
            ],
            [
              100.3031645,
              5.358005
            ],
            [
              100.3031832,
              5.358005
            ],
            [
              100.3032372,
              5.3580052
            ],
            [
              100.3032371,
              5.3580572
            ],
            [
              100.303237,
              5.3580843
            ],
            [
              100.3032369,
              5.3581164
            ],
            [
              100.303184,
              5.3581163
            ],
            [
              100.3031443,
              5.3581162
            ],
            [
              100.3031445,
              5.358054
            ],
            [
              100.3031644,
              5.3580541
            ]
          ]
        ]
      }
    },
    {
      "type": "Feature",
      "properties": {
        "id": 1353908075,
        "building": "roof",
        "building:levels": "1",
        "layer": "1"
      },
      "geometry": {
        "type": "Polygon",
        "coordinates": [
          [
            [
              100.3032372,
              5.3580052
            ],
            [
              100.3032375,
              5.3579318
            ],
            [
              100.3033193,
              5.357932
            ],
            [
              100.3033193,
              5.3579646
            ],
            [
              100.3033191,
              5.3580572
            ],
            [
              100.3033191,
              5.3580844
            ],
            [
              100.3032704,
              5.3580843
            ],
            [
              100.303237,
              5.3580843
            ],
            [
              100.3032371,
              5.3580572
            ],
            [
              100.3032372,
              5.3580052
            ]
          ]
        ]
      }
    },
    {
      "type": "Feature",
      "properties": {
        "id": 1353908082,
        "building": "roof",
        "layer": "1"
      },
      "geometry": {
        "type": "Polygon",
        "coordinates": [
          [
            [
              100.3037464,
              5.3583568
            ],
            [
              100.3037582,
              5.3583176
            ],
            [
              100.3036495,
              5.358285
            ],
            [
              100.3036377,
              5.3583243
            ],
            [
              100.3037464,
              5.3583568
            ]
          ]
        ]
      }
    },
    {
      "type": "Feature",
      "properties": {
        "id": 1353908083,
        "building": "roof",
        "layer": "1"
      },
      "geometry": {
        "type": "Polygon",
        "coordinates": [
          [
            [
              100.3036504,
              5.3572756
            ],
            [
              100.3036395,
              5.357278
            ],
            [
              100.3036257,
              5.3572811
            ],
            [
              100.3035985,
              5.3572871
            ],
            [
              100.3036069,
              5.3573247
            ],
            [
              100.3036588,
              5.3573131
            ],
            [
              100.303655,
              5.3572959
            ],
            [
              100.3036533,
              5.3572883
            ],
            [
              100.3036504,
              5.3572756
            ]
          ]
        ]
      }
    },
    {
      "type": "Feature",
      "properties": {
        "id": 1354562011,
        "amenity": "shelter",
        "building": "yes",
        "shelter_type": "gazebo"
      },
      "geometry": {
        "type": "Polygon",
        "coordinates": [
          [
            [
              100.2997552,
              5.3556534
            ],
            [
              100.2997558,
              5.3556159
            ],
            [
              100.2997168,
              5.3556152
            ],
            [
              100.2997162,
              5.3556528
            ],
            [
              100.2997552,
              5.3556534
            ]
          ]
        ]
      }
    },
    {
      "type": "Feature",
      "properties": {
        "id": 1354565633,
        "building": "yes",
        "name": "Pencawang 08",
        "name:en": "Sub Station 08",
        "name:ms": "Pencawang 08",
        "power": "substation"
      },
      "geometry": {
        "type": "Polygon",
        "coordinates": [
          [
            [
              100.3010974,
              5.3574595
            ],
            [
              100.3011269,
              5.3575181
            ],
            [
              100.3010368,
              5.3575631
            ],
            [
              100.3010073,
              5.3575045
            ],
            [
              100.3010974,
              5.3574595
            ]
          ]
        ]
      }
    },
    {
      "type": "Feature",
      "properties": {
        "id": 1354673729,
        "building": "university",
        "building:levels": "4",
        "name": "G06A",
        "name:en": "G06A",
        "name:ms": "G06A"
      },
      "geometry": {
        "type": "Polygon",
        "coordinates": [
          [
            [
              100.3025992,
              5.3584767
            ],
            [
              100.3026185,
              5.3584764
            ],
            [
              100.3028373,
              5.3584735
            ],
            [
              100.302838,
              5.3585302
            ],
            [
              100.3028384,
              5.3585573
            ],
            [
              100.3028388,
              5.3585838
            ],
            [
              100.3028395,
              5.3586383
            ],
            [
              100.3026297,
              5.3586411
            ],
            [
              100.3026293,
              5.3586049
            ],
            [
              100.3026202,
              5.3586051
            ],
            [
              100.3026194,
              5.3585465
            ],
            [
              100.3026001,
              5.3585467
            ],
            [
              100.3025992,
              5.3584767
            ]
          ]
        ]
      }
    },
    {
      "type": "Feature",
      "properties": {
        "id": 1354673730,
        "building": "roof",
        "layer": "1"
      },
      "geometry": {
        "type": "Polygon",
        "coordinates": [
          [
            [
              100.302838,
              5.3585302
            ],
            [
              100.3028836,
              5.3585297
            ],
            [
              100.3028839,
              5.3585567
            ],
            [
              100.3028842,
              5.3585833
            ],
            [
              100.3028388,
              5.3585838
            ],
            [
              100.3028384,
              5.3585573
            ],
            [
              100.302838,
              5.3585302
            ]
          ]
        ]
      }
    },
    {
      "type": "Feature",
      "properties": {
        "id": 1354673731,
        "building": "roof",
        "layer": "1"
      },
      "geometry": {
        "type": "Polygon",
        "coordinates": [
          [
            [
              100.3029002,
              5.3582717
            ],
            [
              100.3028996,
              5.3582182
            ],
            [
              100.3028805,
              5.3582184
            ],
            [
              100.3028663,
              5.3582185
            ],
            [
              100.3028509,
              5.3582187
            ],
            [
              100.3028364,
              5.3582189
            ],
            [
              100.3028371,
              5.3582725
            ],
            [
              100.3028506,
              5.3582723
            ],
            [
              100.3028725,
              5.358272
            ],
            [
              100.3028834,
              5.3582719
            ],
            [
              100.3029002,
              5.3582717
            ]
          ]
        ]
      }
    },
    {
      "type": "Feature",
      "properties": {
        "id": 1354673732,
        "building": "roof",
        "layer": "1"
      },
      "geometry": {
        "type": "Polygon",
        "coordinates": [
          [
            [
              100.3028394,
              5.3584685
            ],
            [
              100.3028647,
              5.3584678
            ],
            [
              100.302864,
              5.3583905
            ],
            [
              100.3028384,
              5.3583908
            ],
            [
              100.3028394,
              5.3584685
            ]
          ]
        ]
      }
    },
    {
      "type": "Feature",
      "properties": {
        "id": 1354673733,
        "building": "roof",
        "layer": "1"
      },
      "geometry": {
        "type": "Polygon",
        "coordinates": [
          [
            [
              100.3028382,
              5.3583671
            ],
            [
              100.3028511,
              5.3583671
            ],
            [
              100.3028506,
              5.3582723
            ],
            [
              100.3028371,
              5.3582725
            ],
            [
              100.3028382,
              5.3583671
            ]
          ]
        ]
      }
    },
    {
      "type": "Feature",
      "properties": {
        "id": 1354673734,
        "building": "roof",
        "layer": "1"
      },
      "geometry": {
        "type": "Polygon",
        "coordinates": [
          [
            [
              100.3028509,
              5.3582187
            ],
            [
              100.3028492,
              5.3581026
            ],
            [
              100.3028351,
              5.3581028
            ],
            [
              100.3028364,
              5.3582189
            ],
            [
              100.3028509,
              5.3582187
            ]
          ]
        ]
      }
    },
    {
      "type": "Feature",
      "properties": {
        "id": 1354673749,
        "building": "roof",
        "layer": "1"
      },
      "geometry": {
        "type": "Polygon",
        "coordinates": [
          [
            [
              100.3037911,
              5.3571954
            ],
            [
              100.3037946,
              5.3571898
            ],
            [
              100.3038022,
              5.3571773
            ],
            [
              100.3038085,
              5.357167
            ],
            [
              100.3038134,
              5.357159
            ],
            [
              100.3038679,
              5.357192
            ],
            [
              100.3038564,
              5.3572109
            ],
            [
              100.3038457,
              5.3572285
            ],
            [
              100.3038093,
              5.3572064
            ],
            [
              100.3037997,
              5.3572006
            ],
            [
              100.3037911,
              5.3571954
            ]
          ]
        ]
      }
    },
    {
      "type": "Feature",
      "properties": {
        "id": 1354673752,
        "building": "roof",
        "layer": "1"
      },
      "geometry": {
        "type": "Polygon",
        "coordinates": [
          [
            [
              100.3041124,
              5.3571137
            ],
            [
              100.3040728,
              5.3570887
            ],
            [
              100.3040561,
              5.3571149
            ],
            [
              100.3040959,
              5.3571396
            ],
            [
              100.3041124,
              5.3571137
            ]
          ]
        ]
      }
    },
    {
      "type": "Feature",
      "properties": {
        "id": 1354921216,
        "building": "roof",
        "layer": "1"
      },
      "geometry": {
        "type": "Polygon",
        "coordinates": [
          [
            [
              100.3015322,
              5.3588324
            ],
            [
              100.3015522,
              5.3588115
            ],
            [
              100.3015803,
              5.3587823
            ],
            [
              100.3015251,
              5.3587297
            ],
            [
              100.3014965,
              5.3587595
            ],
            [
              100.301477,
              5.3587798
            ],
            [
              100.3015322,
              5.3588324
            ]
          ]
        ]
      }
    },
    {
      "type": "Feature",
      "properties": {
        "id": 1354921222,
        "building": "yes",
        "building:levels": "1"
      },
      "geometry": {
        "type": "Polygon",
        "coordinates": [
          [
            [
              100.3011242,
              5.3590534
            ],
            [
              100.3011256,
              5.3589615
            ],
            [
              100.3010383,
              5.3589602
            ],
            [
              100.3010388,
              5.3589303
            ],
            [
              100.3009558,
              5.3589294
            ],
            [
              100.3009405,
              5.3589292
            ],
            [
              100.3009383,
              5.3590704
            ],
            [
              100.3010371,
              5.3590719
            ],
            [
              100.3010374,
              5.359052
            ],
            [
              100.3011242,
              5.3590534
            ]
          ]
        ]
      }
    },
    {
      "type": "Feature",
      "properties": {
        "id": 1451656296,
        "building": "yes",
        "name": "C12"
      },
      "geometry": {
        "type": "Polygon",
        "coordinates": [
          [
            [
              100.3042797,
              5.35906
            ],
            [
              100.3042571,
              5.3589363
            ],
            [
              100.3043105,
              5.3589087
            ],
            [
              100.3043609,
              5.3590488
            ],
            [
              100.3042797,
              5.35906
            ]
          ]
        ]
      }
    },
    {
      "type": "Feature",
      "properties": {
        "id": 1451656758,
        "building": "yes",
        "name": "C11"
      },
      "geometry": {
        "type": "Polygon",
        "coordinates": [
          [
            [
              100.3042274,
              5.3586357
            ],
            [
              100.3042294,
              5.3585028
            ],
            [
              100.3042992,
              5.3584956
            ],
            [
              100.3042992,
              5.3586449
            ],
            [
              100.3042612,
              5.3586439
            ],
            [
              100.3042274,
              5.3586357
            ]
          ]
        ]
      }
    },
    {
      "type": "Feature",
      "properties": {
        "id": 1451657124,
        "building": "yes",
        "name": "C05"
      },
      "geometry": {
        "type": "Polygon",
        "coordinates": [
          [
            [
              100.3049049,
              5.3591366
            ],
            [
              100.3048058,
              5.359186
            ],
            [
              100.3048506,
              5.3592758
            ],
            [
              100.3049609,
              5.3592365
            ],
            [
              100.3049049,
              5.3591366
            ]
          ]
        ]
      }
    },
    {
      "type": "Feature",
      "properties": {
        "id": 1451657232,
        "building": "yes",
        "name": "C14"
      },
      "geometry": {
        "type": "Polygon",
        "coordinates": [
          [
            [
              100.3047776,
              5.3595856
            ],
            [
              100.3047912,
              5.3595279
            ],
            [
              100.3049196,
              5.359548
            ],
            [
              100.3048901,
              5.3596143
            ],
            [
              100.3047776,
              5.3595856
            ]
          ]
        ]
      }
    },
    {
      "type": "Feature",
      "properties": {
        "id": 1451657945,
        "amenity": "cafe",
        "building": "yes",
        "name": "Richiamo Coffee-USM Penang"
      },
      "geometry": {
        "type": "Polygon",
        "coordinates": [
          [
            [
              100.3063114,
              5.3573669
            ],
            [
              100.3063132,
              5.3573153
            ],
            [
              100.3062659,
              5.3573072
            ],
            [
              100.3062869,
              5.3572463
            ],
            [
              100.3063159,
              5.3572494
            ],
            [
              100.3063168,
              5.3572258
            ],
            [
              100.3064576,
              5.3572405
            ],
            [
              100.3064344,
              5.3573914
            ],
            [
              100.3063092,
              5.357374
            ],
            [
              100.3063114,
              5.3573669
            ]
          ]
        ]
      }
    },
    {
      "type": "Feature",
      "properties": {
        "id": 1451982391,
        "addr:city": "Gelugor",
        "addr:housenumber": "Lorong 2",
        "addr:postcode": "11700",
        "addr:street": "Jalan Stadium USM",
        "building": "yes",
        "building:levels": "1",
        "name": "Bangunan Athletics K20",
        "roof:colour": "Red"
      },
      "geometry": {
        "type": "Polygon",
        "coordinates": [
          [
            [
              100.2940198,
              5.3538914
            ],
            [
              100.2939669,
              5.3536719
            ],
            [
              100.2940018,
              5.3536635
            ],
            [
              100.2939944,
              5.3536308
            ],
            [
              100.2941905,
              5.3535706
            ],
            [
              100.2942032,
              5.3536287
            ],
            [
              100.2943028,
              5.3535981
            ],
            [
              100.2943548,
              5.3538176
            ],
            [
              100.294271,
              5.3538334
            ],
            [
              100.294271,
              5.3538482
            ],
            [
              100.2941629,
              5.3538682
            ],
            [
              100.2940803,
              5.353883
            ],
            [
              100.2940198,
              5.3538914
            ]
          ]
        ]
      }
    },
    {
      "type": "Feature",
      "properties": {
        "id": 1452236695,
        "building": "yes",
        "name": "Pencawang Sub Station 20",
        "name:ms": "Pencawang Sub Station 20",
        "power": "substation",
        "substation": "transmission"
      },
      "geometry": {
        "type": "Polygon",
        "coordinates": [
          [
            [
              100.2952843,
              5.3532019
            ],
            [
              100.2954024,
              5.3531283
            ],
            [
              100.2953597,
              5.3530594
            ],
            [
              100.295238,
              5.3531379
            ],
            [
              100.2952843,
              5.3532019
            ]
          ]
        ]
      }
    },
    {
      "type": "Feature",
      "properties": {
        "id": 1452239178,
        "building": "building_concrete",
        "name": "L03 Pencawang Sub Station 15",
        "power": "substation",
        "substation": "transmission"
      },
      "geometry": {
        "type": "Polygon",
        "coordinates": [
          [
            [
              100.2973431,
              5.3553484
            ],
            [
              100.2972815,
              5.3553517
            ],
            [
              100.2972883,
              5.35545
            ],
            [
              100.2973513,
              5.3554464
            ],
            [
              100.2973431,
              5.3553484
            ]
          ]
        ]
      }
    },
    {
      "type": "Feature",
      "properties": {
        "id": 1452241862,
        "building": "garage",
        "capacity": "10"
      },
      "geometry": {
        "type": "Polygon",
        "coordinates": [
          [
            [
              100.2964085,
              5.3562253
            ],
            [
              100.2964071,
              5.3561651
            ],
            [
              100.2967985,
              5.3561525
            ],
            [
              100.2968005,
              5.3562176
            ],
            [
              100.2964085,
              5.3562253
            ]
          ]
        ]
      }
    },
    {
      "type": "Feature",
      "properties": {
        "id": 1490456291,
        "building": "storage_tank",
        "content": "water",
        "man_made": "storage_tank"
      },
      "geometry": {
        "type": "Polygon",
        "coordinates": [
          [
            [
              100.3080706,
              5.3546199
            ],
            [
              100.3080978,
              5.3546469
            ],
            [
              100.3081327,
              5.3546118
            ],
            [
              100.3081054,
              5.3545849
            ],
            [
              100.3080706,
              5.3546199
            ]
          ]
        ]
      }
    },
    {
      "type": "Feature",
      "properties": {
        "id": 1490456292,
        "building": "storage_tank",
        "content": "water",
        "man_made": "storage_tank"
      },
      "geometry": {
        "type": "Polygon",
        "coordinates": [
          [
            [
              100.3080974,
              5.3546683
            ],
            [
              100.3081453,
              5.354712
            ],
            [
              100.3081922,
              5.3546609
            ],
            [
              100.3081443,
              5.3546173
            ],
            [
              100.3080974,
              5.3546683
            ]
          ]
        ]
      }
    },
    {
      "type": "Feature",
      "properties": {
        "id": 1490456305,
        "building": "service"
      },
      "geometry": {
        "type": "Polygon",
        "coordinates": [
          [
            [
              100.3081799,
              5.3553774
            ],
            [
              100.308162,
              5.3553907
            ],
            [
              100.3082023,
              5.3554441
            ],
            [
              100.3082201,
              5.3554308
            ],
            [
              100.3081799,
              5.3553774
            ]
          ]
        ]
      }
    },
    {
      "type": "Feature",
      "properties": {
        "id": 1490456306,
        "building": "yes"
      },
      "geometry": {
        "type": "Polygon",
        "coordinates": [
          [
            [
              100.3085326,
              5.355595
            ],
            [
              100.3085007,
              5.3556287
            ],
            [
              100.3085463,
              5.3556715
            ],
            [
              100.3085782,
              5.3556377
            ],
            [
              100.3085326,
              5.355595
            ]
          ]
        ]
      }
    }
  ]
}