{
  "type": "FeatureCollection",
  "features": [
    {
      "type": "Feature",
      "properties": {
        "id": 1097732933,
        "alt_ref": "17",
        "bench": "yes",
        "bus": "yes",
        "highway": "bus_stop",
        "name": "Dewan Budaya",
        "name:ms": "Dewan Budaya",
        "network": "Rapid Penang",
        "network:wikidata": "Q4259055",
        "operator": "Rapid Bus",
        "operator:wikidata": "Q7294127",
        "public_transport": "platform",
        "ref": "12003024",
        "route_ref": "T310",
        "shelter": "yes"
      },
      "geometry": {
        "type": "Point",
        "coordinates": [
          100.3040439,
          5.3566368
        ]
      }
    },
    {
      "type": "Feature",
      "properties": {
        "id": 1119971548,
        "bench": "yes",
        "bus": "yes",
        "highway": "bus_stop",
        "name": "Kompleks Eureka",
        "name:en": "Eureka Complex",
        "name:ms": "Kompleks Eureka",
        "network": "Rapid Penang",
        "network:wikidata": "Q4259055",
        "operator": "Rapid Bus",
        "operator:wikidata": "Q7294127",
        "public_transport": "platform",
        "ref": "12003025",
        "route_ref": "T310",
        "shelter": "yes"
      },
      "geometry": {
        "type": "Point",
        "coordinates": [
          100.3026753,
          5.3547662
        ]
      }
    },
    {
      "type": "Feature",
      "properties": {
        "id": 1129298776,
        "alt_ref": "19",
        "bench": "yes",
        "bus": "yes",
        "highway": "bus_stop",
        "name": "Desasiswa Fajar Harapan",
        "name:ms": "Desasiswa Fajar Harapan",
        "network": "Rapid Penang",
        "network:wikidata": "Q4259055",
        "operator": "Rapid Bus",
        "operator:wikidata": "Q7294127",
        "public_transport": "platform",
        "ref": "12003026",
        "route_ref": "T310",
        "shelter": "yes"
      },
      "geometry": {
        "type": "Point",
        "coordinates": [
          100.300402,
          5.3547058
        ]
      }
    },
    {
      "type": "Feature",
      "properties": {
        "id": 1129299988,
        "bench": "yes",
        "bin": "no",
        "bus": "yes",
        "highway": "bus_stop",
        "lit": "no",
        "name": "Desasiswa Indah Kembara;Padang Kawad",
        "name:ms": "Desasiswa Indah Kembara;Padang Kawad",
        "network": "Rapid Penang",
        "network:wikidata": "Q4259055",
        "operator": "Rapid Bus",
        "operator:wikidata": "Q7294127",
        "public_transport": "platform",
        "ref": "12003018",
        "route_ref": "T310",
        "shelter": "yes"
      },
      "geometry": {
        "type": "Point",
        "coordinates": [
          100.2951899,
          5.3558173
        ]
      }
    },
    {
      "type": "Feature",
      "properties": {
        "id": 1129300447,
        "bus": "yes",
        "highway": "bus_stop",
        "name": "Aman-Damai",
        "name:en": "Aman-Damai",
        "name:ms": "Aman-Damai",
        "public_transport": "platform",
        "ref": "3",
        "shelter": "yes"
      },
      "geometry": {
        "type": "Point",
        "coordinates": [
          100.2964561,
          5.3543443
        ]
      }
    },
    {
      "type": "Feature",
      "properties": {
        "id": 9498085667,
        "alt_ref": "6",
        "bench": "yes",
        "bin": "no",
        "bus": "yes",
        "highway": "bus_stop",
        "lit": "yes",
        "name": "Desasiswa Bakti Fajar Permai Petas",
        "name:ms": "Desasiswa Bakti Fajar Permai Petas",
        "network": "Rapid Penang",
        "network:wikidata": "Q4259055",
        "operator": "Rapid Bus",
        "operator:wikidata": "Q7294127",
        "public_transport": "platform",
        "ref": "12003021",
        "route_ref": "T310",
        "shelter": "yes"
      },
      "geometry": {
        "type": "Point",
        "coordinates": [
          100.3009637,
          5.3571642
        ]
      }
    },
    {
      "type": "Feature",
      "properties": {
        "id": 11880869100,
        "bench": "yes",
        "bus": "yes",
        "highway": "bus_stop",
        "name": "Padang Kawad",
        "name:ms": "Padang Kawad",
        "network": "Rapid Penang",
        "network:wikidata": "Q4259055",
        "operator": "Rapid Bus",
        "operator:wikidata": "Q7294127",
        "public_transport": "platform",
        "ref": "12003017",
        "route_ref": "T310",
        "shelter": "yes"
      },
      "geometry": {
        "type": "Point",
        "coordinates": [
          100.293328,
          5.3564126
        ]
      }
    },
    {
      "type": "Feature",
      "properties": {
        "id": 11880869101,
        "bench": "yes",
        "bus": "yes",
        "departures_board": "realtime",
        "highway": "bus_stop",
        "name": "Hub Padang Kawad",
        "name:ms": "Hub Padang Kawad",
        "network": "Rapid Penang",
        "network:wikidata": "Q4259055",
        "operator": "Rapid Bus",
        "operator:wikidata": "Q7294127",
        "public_transport": "platform",
        "ref": "12002214",
        "route_ref": "T310",
        "shelter": "yes"
      },
      "geometry": {
        "type": "Point",
        "coordinates": [
          100.2941582,
          5.3560678
        ]
      }
    },
    {
      "type": "Feature",
      "properties": {
        "id": 11880869102,
        "bus": "yes",
        "highway": "bus_stop",
        "name": "Komuter Bus Stop",
        "name:ms": "Desasiswa Aman Damai",
        "network": "Rapid Penang",
        "network:wikidata": "Q4259055",
        "operator": "Rapid Bus",
        "operator:wikidata": "Q7294127",
        "public_transport": "platform",
        "ref": "12003028",
        "route_ref": "T310",
        "shelter": "no"
      },
      "geometry": {
        "type": "Point",
        "coordinates": [
          100.2970396,
          5.3549749
        ]
      }
    },
    {
      "type": "Feature",
      "properties": {
        "id": 11880869103,
        "bench": "yes",
        "bus": "yes",
        "highway": "bus_stop",
        "lit": "yes",
        "name": "Jabatan Keselamatan",
        "name:en": "Security Department",
        "name:ms": "Jabatan Keselamatan",
        "name:zh": "\u4fdd\u5b89\u90e8\u95e8",
        "name:zh-Hans": "\u4fdd\u5b89\u90e8\u95e8",
        "name:zh-Hant": "\u4fdd\u5168\u90e8\u9580",
        "network": "Rapid Penang",
        "network:wikidata": "Q4259055",
        "operator": "Rapid Bus",
        "operator:wikidata": "Q7294127",
        "public_transport": "platform",
        "ref": "12003019",
        "route_ref": "T310",
        "shelter": "no",
        "tactile_paving": "no",
        "wheelchair": "limited"
      },
      "geometry": {
        "type": "Point",
        "coordinates": [
          100.2979731,
          5.3550596
        ]
      }
    },
    {
      "type": "Feature",
      "properties": {
        "id": 11880869104,
        "bus": "yes",
        "highway": "bus_stop",
        "name": "Hadapan INFORMM",
        "name:ms": "Hadapan INFORMM",
        "network": "Rapid Penang",
        "network:wikidata": "Q4259055",
        "operator": "Rapid Bus",
        "operator:wikidata": "Q7294127",
        "public_transport": "platform",
        "ref": "12003027",
        "route_ref": "T310",
        "shelter": "no"
      },
      "geometry": {
        "type": "Point",
        "coordinates": [
          100.2987999,
          5.355003
        ]
      }
    },
    {
      "type": "Feature",
      "properties": {
        "id": 11880869105,
        "bench": "yes",
        "bin": "yes",
        "bus": "yes",
        "highway": "bus_stop",
        "name": "Pusat Sejahtera",
        "name:ms": "Pusat Sejahtera",
        "network": "Rapid Penang",
        "network:wikidata": "Q4259055",
        "operator": "Rapid Bus",
        "operator:wikidata": "Q7294127",
        "public_transport": "platform",
        "ref": "12003022",
        "route_ref": "T310",
        "shelter": "yes"
      },
      "geometry": {
        "type": "Point",
        "coordinates": [
          100.3025152,
          5.3588177
        ]
      }
    },
    {
      "type": "Feature",
      "properties": {
        "id": 11880869106,
        "bench": "yes",
        "bin": "yes",
        "bus": "yes",
        "highway": "bus_stop",
        "name": "Kompleks Dewan Kuliah C23",
        "name:ms": "Kompleks Dewan Kuliah C23",
        "network": "Rapid Penang",
        "network:wikidata": "Q4259055",
        "operator": "Rapid Bus",
        "operator:wikidata": "Q7294127",
        "public_transport": "platform",
        "ref": "12003023",
        "route_ref": "T310",
        "shelter": "yes",
        "tactile_paving": "no",
        "wheelchair": "limited"
      },
      "geometry": {
        "type": "Point",
        "coordinates": [
          100.3041273,
          5.3580171
        ]
      }
    },
    {
      "type": "Feature",
      "properties": {
        "id": 12191248268,
        "bench": "no",
        "bin": "no",
        "bus": "yes",
        "highway": "bus_stop",
        "name": "Stor Pusat Kimia Universiti",
        "name:ms": "Stor Pusat Kimia Universiti",
        "network": "Rapid Penang",
        "network:wikidata": "Q4259055",
        "operator": "Rapid Bus",
        "operator:wikidata": "Q7294127",
        "public_transport": "platform",
        "ref": "12003020",
        "route_ref": "T310",
        "shelter": "yes"
      },
      "geometry": {
        "type": "Point",
        "coordinates": [
          100.3005081,
          5.3562539
        ]
      }
    },
    {
      "type": "Feature",
      "properties": {
        "id": 13316691075,
        "bus": "yes",
        "departures_board": "yes",
        "highway": "bus_stop",
        "name": "Komuter Bus Stop",
        "name:en": "Komuter Bus Stop",
        "public_transport": "platform",
        "ref": "2"
      },
      "geometry": {
        "type": "Point",
        "coordinates": [
          100.2976427,
          5.354072
        ]
      }
    },
    {
      "type": "Feature",
      "properties": {
        "id": 40273782,
        "highway": "tertiary",
        "maxspeed": "30",
        "name": "Jalan Universiti",
        "name:ms": "Jalan Universiti",
        "name:zh": "\u5927\u5b66\u8def",
        "name:zh-Hans": "\u5927\u5b66\u8def",
        "name:zh-Hant": "\u5927\u5b78\u8def",
        "oneway": "yes",
        "surface": "asphalt"
      },
      "geometry": {
        "type": "LineString",
        "coordinates": [
          [
            100.3103977,
            5.3591225
          ],
          [
            100.310195,
            5.359155
          ],
          [
            100.3100382,
            5.3591801
          ],
          [
            100.3098114,
            5.3592576
          ]
        ]
      }
    },
    {
      "type": "Feature",
      "properties": {
        "id": 95164496,
        "bicycle": "yes",
        "covered": "no",
        "cycleway": "shared_lane",
        "highway": "unclassified",
        "lane_markings": "yes",
        "name": "Jalan Mahasiswa",
        "name:ms": "Jalan Mahasiswa",
        "oneway": "no",
        "surface": "asphalt"
      },
      "geometry": {
        "type": "LineString",
        "coordinates": [
          [
            100.3032086,
            5.3587288
          ],
          [
            100.3033021,
            5.3587179
          ],
          [
            100.3034103,
            5.3586984
          ],
          [
            100.3036609,
            5.3586207
          ],
          [
            100.3037556,
            5.3585912
          ],
          [
            100.3039479,
            5.3585314
          ]
        ]
      }
    },
    {
      "type": "Feature",
      "properties": {
        "id": 95346006,
        "highway": "tertiary",
        "maxspeed": "30",
        "name": "Jalan Masjid",
        "name:ms": "Jalan Masjid",
        "name:zh": "\u6e05\u771f\u5bfa\u8def",
        "name:zh-Hans": "\u6e05\u771f\u5bfa\u8def",
        "name:zh-Hant": "\u6e05\u771f\u5bfa\u8def",
        "oneway": "yes",
        "surface": "asphalt"
      },
      "geometry": {
        "type": "LineString",
        "coordinates": [
          [
            100.3025225,
            5.3536281
          ],
          [
            100.3025937,
            5.3535464
          ],
          [
            100.3026086,
            5.353517
          ],
          [
            100.302678,
            5.3532743
          ]
        ]
      }
    },
    {
      "type": "Feature",
      "properties": {
        "id": 95346007,
        "highway": "unclassified",
        "name": "Jalan Ilmu",
        "name:ms": "Jalan Ilmu",
        "oneway": "yes",
        "surface": "asphalt"
      },
      "geometry": {
        "type": "LineString",
        "coordinates": [
          [
            100.3064583,
            5.3571716
          ],
          [
            100.3069257,
            5.3572955
          ],
          [
            100.3070277,
            5.3573134
          ],
          [
            100.3071173,
            5.3573075
          ],
          [
            100.3072029,
            5.3572479
          ],
          [
            100.3072938,
            5.3571481
          ],
          [
            100.3073086,
            5.3571318
          ],
          [
            100.3076635,
            5.3567422
          ],
          [
            100.3077546,
            5.3566331
          ],
          [
            100.3077951,
            5.3565812
          ],
          [
            100.3078639,
            5.3564796
          ],
          [
            100.3078973,
            5.356397
          ],
          [
            100.3078991,
            5.3563095
          ],
          [
            100.3077989,
            5.3561684
          ]
        ]
      }
    },
    {
      "type": "Feature",
      "properties": {
        "id": 95346010,
        "highway": "residential",
        "name": "Jalan Aman",
        "name:ms": "Jalan Aman",
        "surface": "asphalt"
      },
      "geometry": {
        "type": "LineString",
        "coordinates": [
          [
            100.2976594,
            5.3549747
          ],
          [
            100.2976425,
            5.35461
          ],
          [
            100.2976123,
            5.3540817
          ],
          [
            100.2976098,
            5.3540385
          ],
          [
            100.2975928,
            5.353651
          ],
          [
            100.2975818,
            5.3534468
          ]
        ]
      }
    },
    {
      "type": "Feature",
      "properties": {
        "id": 95346011,
        "highway": "unclassified",
        "lanes": "2",
        "name": "Lengkok Teknologi",
        "name:ms": "Lengkok Teknologi",
        "oneway": "yes",
        "surface": "asphalt"
      },
      "geometry": {
        "type": "LineString",
        "coordinates": [
          [
            100.2989508,
            5.3579904
          ],
          [
            100.2990066,
            5.3579435
          ],
          [
            100.2990622,
            5.3578781
          ],
          [
            100.2991138,
            5.3577999
          ],
          [
            100.2991325,
            5.3577296
          ],
          [
            100.2991272,
            5.357397
          ],
          [
            100.2991304,
            5.3573656
          ],
          [
            100.2991618,
            5.357145
          ],
          [
            100.2992125,
            5.3567885
          ],
          [
            100.2992621,
            5.3564729
          ],
          [
            100.2993046,
            5.3562129
          ],
          [
            100.2992908,
            5.3561221
          ],
          [
            100.2992531,
            5.3560552
          ],
          [
            100.2991699,
            5.356013
          ],
          [
            100.2990757,
            5.3560005
          ],
          [
            100.2989656,
            5.3559999
          ],
          [
            100.2987215,
            5.3560038
          ],
          [
            100.298622,
            5.3560054
          ],
          [
            100.2980855,
            5.3560222
          ],
          [
            100.2979691,
            5.3560404
          ],
          [
            100.2978508,
            5.356076
          ],
          [
            100.2977419,
            5.3561442
          ],
          [
            100.2976491,
            5.3562348
          ],
          [
            100.2975964,
            5.3563584
          ],
          [
            100.2975802,
            5.3564936
          ],
          [
            100.2975792,
            5.3565707
          ],
          [
            100.2975872,
            5.3567713
          ],
          [
            100.2976134,
            5.3568938
          ],
          [
            100.2976562,
            5.3569968
          ],
          [
            100.2977885,
            5.3572455
          ],
          [
            100.2980582,
            5.3576017
          ],
          [
            100.2982952,
            5.3578309
          ],
          [
            100.2984395,
            5.3579469
          ],
          [
            100.2985295,
            5.3580084
          ],
          [
            100.2985814,
            5.3580314
          ],
          [
            100.2986431,
            5.3580447
          ]
        ]
      }
    },
    {
      "type": "Feature",
      "properties": {
        "id": 95346014,
        "bicycle": "yes",
        "covered": "no",
        "cycleway": "shared_lane",
        "highway": "unclassified",
        "lanes": "2",
        "name": "Persiaran Sains",
        "name:ms": "Persiaran Sains",
        "oneway": "no",
        "surface": "asphalt"
      },
      "geometry": {
        "type": "LineString",
        "coordinates": [
          [
            100.3001018,
            5.3552719
          ],
          [
            100.3001131,
            5.3553263
          ],
          [
            100.3001377,
            5.3553826
          ]
        ]
      }
    },
    {
      "type": "Feature",
      "properties": {
        "id": 95346016,
        "bicycle": "yes",
        "covered": "no",
        "cycleway": "no",
        "highway": "unclassified",
        "lanes": "2",
        "name": "Jalan Indah Kembara",
        "name:ms": "Jalan Indah Kembara",
        "oneway": "no",
        "surface": "asphalt"
      },
      "geometry": {
        "type": "LineString",
        "coordinates": [
          [
            100.2932847,
            5.3580798
          ],
          [
            100.2932827,
            5.3578375
          ],
          [
            100.293287,
            5.3577938
          ],
          [
            100.2933027,
            5.3577671
          ],
          [
            100.2933281,
            5.3577507
          ],
          [
            100.2933694,
            5.3577402
          ],
          [
            100.2938399,
            5.3577364
          ],
          [
            100.2939133,
            5.3577413
          ],
          [
            100.2940668,
            5.357762
          ],
          [
            100.2942101,
            5.3578013
          ],
          [
            100.2942461,
            5.3578068
          ],
          [
            100.294502,
            5.3578198
          ],
          [
            100.2945715,
            5.3578109
          ],
          [
            100.2946206,
            5.3577947
          ],
          [
            100.2946532,
            5.357784
          ],
          [
            100.2951284,
            5.3575841
          ],
          [
            100.2952112,
            5.3575507
          ],
          [
            100.2952989,
            5.357495
          ],
          [
            100.2953506,
            5.3574326
          ],
          [
            100.2953863,
            5.3573443
          ],
          [
            100.2953976,
            5.357271
          ],
          [
            100.2953912,
            5.3572043
          ],
          [
            100.295374,
            5.3569848
          ],
          [
            100.295352,
            5.3566893
          ],
          [
            100.2953346,
            5.3564966
          ],
          [
            100.2953052,
            5.3562225
          ],
          [
            100.2952991,
            5.3561856
          ],
          [
            100.2952891,
            5.3561396
          ],
          [
            100.2952663,
            5.356085
          ],
          [
            100.2952442,
            5.3560501
          ],
          [
            100.2951736,
            5.3559547
          ]
        ]
      }
    },
    {
      "type": "Feature",
      "properties": {
        "id": 160313710,
        "highway": "unclassified",
        "maxspeed": "30",
        "name": "Jalan Pemimpin",
        "name:ms": "Jalan Pemimpin",
        "oneway": "no"
      },
      "geometry": {
        "type": "LineString",
        "coordinates": [
          [
            100.3102605,
            5.3627815
          ],
          [
            100.3102613,
            5.3627313
          ],
          [
            100.3102425,
            5.3626793
          ],
          [
            100.3102157,
            5.3626526
          ],
          [
            100.3101615,
            5.3626287
          ],
          [
            100.309811,
            5.362589
          ],
          [
            100.3081479,
            5.3624008
          ]
        ]
      }
    },
    {
      "type": "Feature",
      "properties": {
        "id": 160313919,
        "highway": "unclassified",
        "maxspeed": "30",
        "name": "Jalan Pemimpin",
        "name:ms": "Jalan Pemimpin",
        "oneway": "yes",
        "source": "Bing, Local Knowledge",
        "surface": "asphalt"
      },
      "geometry": {
        "type": "LineString",
        "coordinates": [
          [
            100.3081479,
            5.3624008
          ],
          [
            100.3080133,
            5.3623642
          ],
          [
            100.307928,
            5.362331
          ],
          [
            100.3078669,
            5.3622779
          ],
          [
            100.3078396,
            5.3622254
          ],
          [
            100.3077328,
            5.3619782
          ],
          [
            100.3077028,
            5.3618498
          ],
          [
            100.307709,
            5.3617243
          ],
          [
            100.3077537,
            5.3615345
          ],
          [
            100.3077944,
            5.3613713
          ],
          [
            100.3078557,
            5.3611774
          ],
          [
            100.3078697,
            5.361133
          ],
          [
            100.3078829,
            5.3609993
          ],
          [
            100.3078786,
            5.3608145
          ],
          [
            100.3078694,
            5.3607577
          ],
          [
            100.3078499,
            5.360723
          ],
          [
            100.3078221,
            5.3606935
          ],
          [
            100.3077839,
            5.3606664
          ],
          [
            100.3077316,
            5.3606559
          ],
          [
            100.3076618,
            5.3606562
          ],
          [
            100.3075492,
            5.3606596
          ],
          [
            100.3074075,
            5.3606554
          ],
          [
            100.3072364,
            5.3606454
          ],
          [
            100.30713,
            5.3606299
          ],
          [
            100.3070578,
            5.360614
          ],
          [
            100.3069919,
            5.3605884
          ],
          [
            100.3069114,
            5.3605443
          ],
          [
            100.306826,
            5.3604907
          ],
          [
            100.3067282,
            5.3604101
          ],
          [
            100.3066316,
            5.3603397
          ],
          [
            100.3066084,
            5.3603112
          ],
          [
            100.3064826,
            5.360156
          ],
          [
            100.3064306,
            5.3601238
          ]
        ]
      }
    },
    {
      "type": "Feature",
      "properties": {
        "id": 160314202,
        "highway": "unclassified",
        "maxspeed": "30",
        "name": "Lorong Muzium",
        "name:ms": "Lorong Muzium",
        "oneway": "yes",
        "source": "Bing, Local Knowledge",
        "surface": "asphalt"
      },
      "geometry": {
        "type": "LineString",
        "coordinates": [
          [
            100.3064306,
            5.3601238
          ],
          [
            100.3064542,
            5.3602227
          ],
          [
            100.3064588,
            5.3603272
          ],
          [
            100.3064556,
            5.3603552
          ],
          [
            100.3064044,
            5.3606664
          ],
          [
            100.3064027,
            5.3607448
          ],
          [
            100.30633,
            5.360824
          ],
          [
            100.3062757,
            5.3608854
          ],
          [
            100.3062047,
            5.3609544
          ],
          [
            100.3060799,
            5.3610558
          ],
          [
            100.3059131,
            5.3611912
          ],
          [
            100.3058781,
            5.3612485
          ],
          [
            100.3058599,
            5.3613139
          ],
          [
            100.3058601,
            5.3613785
          ],
          [
            100.3058782,
            5.3614429
          ],
          [
            100.3059048,
            5.3615078
          ],
          [
            100.3059532,
            5.3616003
          ],
          [
            100.3060283,
            5.3617461
          ],
          [
            100.3061359,
            5.3619288
          ],
          [
            100.3062597,
            5.3620546
          ],
          [
            100.3064472,
            5.3621599
          ],
          [
            100.306672,
            5.362251
          ],
          [
            100.30693,
            5.3623236
          ],
          [
            100.3069817,
            5.3623278
          ],
          [
            100.3070948,
            5.3623392
          ],
          [
            100.3074148,
            5.3623565
          ],
          [
            100.307717,
            5.3623772
          ],
          [
            100.3078698,
            5.3623899
          ],
          [
            100.3081479,
            5.3624008
          ]
        ]
      }
    },
    {
      "type": "Feature",
      "properties": {
        "id": 160314422,
        "highway": "unclassified",
        "oneway": "yes",
        "source": "Bing, Local Knowledge",
        "surface": "asphalt"
      },
      "geometry": {
        "type": "LineString",
        "coordinates": [
          [
            100.307717,
            5.3623772
          ],
          [
            100.3077876,
            5.3623179
          ],
          [
            100.3078233,
            5.362279
          ],
          [
            100.3078396,
            5.3622254
          ]
        ]
      }
    },
    {
      "type": "Feature",
      "properties": {
        "id": 161721265,
        "access": "private",
        "highway": "service",
        "surface": "asphalt"
      },
      "geometry": {
        "type": "LineString",
        "coordinates": [
          [
            100.2900465,
            5.3559273
          ],
          [
            100.2905872,
            5.3561825
          ],
          [
            100.2906189,
            5.3562131
          ],
          [
            100.2906235,
            5.356264
          ],
          [
            100.2906152,
            5.3563036
          ],
          [
            100.2905827,
            5.3563467
          ],
          [
            100.2905484,
            5.3563654
          ],
          [
            100.2905058,
            5.3563714
          ],
          [
            100.2904531,
            5.3563601
          ],
          [
            100.2903951,
            5.3563321
          ],
          [
            100.2901978,
            5.3561383
          ],
          [
            100.2901242,
            5.3560885
          ],
          [
            100.2900157,
            5.3560467
          ],
          [
            100.2899179,
            5.3560056
          ],
          [
            100.2898711,
            5.3559769
          ],
          [
            100.2898134,
            5.3559328
          ],
          [
            100.2897375,
            5.3558399
          ],
          [
            100.2896426,
            5.3557046
          ],
          [
            100.2893902,
            5.3552547
          ]
        ]
      }
    },
    {
      "type": "Feature",
      "properties": {
        "id": 161721428,
        "highway": "residential",
        "name": "Jalan Universiti",
        "oneway": "no",
        "surface": "asphalt"
      },
      "geometry": {
        "type": "LineString",
        "coordinates": [
          [
            100.2926035,
            5.3552423
          ],
          [
            100.2925422,
            5.3552458
          ],
          [
            100.2925066,
            5.3552479
          ]
        ]
      }
    },
    {
      "type": "Feature",
      "properties": {
        "id": 161721561,
        "access": "private",
        "highway": "service",
        "surface": "asphalt"
      },
      "geometry": {
        "type": "LineString",
        "coordinates": [
          [
            100.290244,
            5.357417
          ],
          [
            100.2900741,
            5.35747
          ],
          [
            100.2900367,
            5.3574805
          ],
          [
            100.2899992,
            5.3574837
          ],
          [
            100.289967,
            5.3574804
          ],
          [
            100.2899455,
            5.3574704
          ],
          [
            100.2899308,
            5.357457
          ],
          [
            100.2898445,
            5.3572754
          ],
          [
            100.2897805,
            5.3571568
          ],
          [
            100.2897337,
            5.3571094
          ],
          [
            100.2896957,
            5.3570848
          ],
          [
            100.2896604,
            5.3570809
          ],
          [
            100.2896207,
            5.3570933
          ],
          [
            100.2895565,
            5.3571566
          ]
        ]
      }
    },
    {
      "type": "Feature",
      "properties": {
        "id": 161721606,
        "access": "private",
        "highway": "service",
        "surface": "asphalt"
      },
      "geometry": {
        "type": "LineString",
        "coordinates": [
          [
            100.2897995,
            5.3568637
          ],
          [
            100.289956,
            5.3570032
          ],
          [
            100.2899723,
            5.3570087
          ],
          [
            100.2899937,
            5.3570087
          ],
          [
            100.2901206,
            5.3569506
          ],
          [
            100.2902419,
            5.3569116
          ],
          [
            100.2902901,
            5.3569043
          ],
          [
            100.2903432,
            5.3569083
          ],
          [
            100.2904943,
            5.3569502
          ],
          [
            100.2905264,
            5.3569535
          ],
          [
            100.2905625,
            5.3569524
          ],
          [
            100.29076,
            5.3569102
          ],
          [
            100.2907802,
            5.3568452
          ],
          [
            100.2908189,
            5.3567567
          ],
          [
            100.2908663,
            5.3566923
          ],
          [
            100.2909013,
            5.3566671
          ],
          [
            100.2909386,
            5.3566545
          ],
          [
            100.2909798,
            5.3566559
          ]
        ]
      }
    },
    {
      "type": "Feature",
      "properties": {
        "id": 199305747,
        "highway": "service",
        "name": "Lengkok Sains",
        "name:ms": "Lengkok Sains",
        "oneway": "no",
        "surface": "asphalt"
      },
      "geometry": {
        "type": "LineString",
        "coordinates": [
          [
            100.3003159,
            5.354959
          ],
          [
            100.3004534,
            5.3550743
          ],
          [
            100.3004701,
            5.3550978
          ],
          [
            100.3004787,
            5.3551253
          ],
          [
            100.3004816,
            5.3552328
          ],
          [
            100.3004821,
            5.3554438
          ],
          [
            100.3004864,
            5.3554988
          ],
          [
            100.3004999,
            5.3555399
          ],
          [
            100.3005227,
            5.355574
          ],
          [
            100.3005638,
            5.3556023
          ],
          [
            100.3006167,
            5.3556158
          ],
          [
            100.3011487,
            5.3556168
          ],
          [
            100.3012983,
            5.3556171
          ],
          [
            100.3013311,
            5.3556205
          ],
          [
            100.3014122,
            5.3556465
          ],
          [
            100.3014448,
            5.355653
          ],
          [
            100.3016297,
            5.3556531
          ],
          [
            100.3017505,
            5.3556532
          ],
          [
            100.3021208,
            5.3556539
          ],
          [
            100.3021374,
            5.3556513
          ],
          [
            100.302151,
            5.355643
          ],
          [
            100.3021592,
            5.355628
          ],
          [
            100.3021616,
            5.3556118
          ],
          [
            100.3021625,
            5.3554947
          ],
          [
            100.302163,
            5.3554189
          ],
          [
            100.3021684,
            5.3553811
          ],
          [
            100.3022554,
            5.355096
          ],
          [
            100.3023486,
            5.3547911
          ]
        ]
      }
    },
    {
      "type": "Feature",
      "properties": {
        "id": 199305750,
        "highway": "service",
        "oneway": "yes",
        "surface": "asphalt"
      },
      "geometry": {
        "type": "LineString",
        "coordinates": [
          [
            100.3016995,
            5.3547168
          ],
          [
            100.3016991,
            5.3548154
          ],
          [
            100.3016978,
            5.355147
          ],
          [
            100.3016994,
            5.3551632
          ],
          [
            100.3017101,
            5.3551961
          ],
          [
            100.301719,
            5.3552234
          ],
          [
            100.3017222,
            5.355242
          ],
          [
            100.3017212,
            5.3554933
          ]
        ]
      }
    },
    {
      "type": "Feature",
      "properties": {
        "id": 205802402,
        "highway": "unclassified",
        "name": "Jalan Gemilang",
        "name:ms": "Jalan Gemilang",
        "surface": "asphalt"
      },
      "geometry": {
        "type": "LineString",
        "coordinates": [
          [
            100.3036357,
            5.3613008
          ],
          [
            100.3036235,
            5.3612411
          ],
          [
            100.3035785,
            5.3611049
          ],
          [
            100.3035503,
            5.361016
          ],
          [
            100.3035256,
            5.3609737
          ],
          [
            100.3034871,
            5.3609283
          ],
          [
            100.3034522,
            5.3608639
          ],
          [
            100.3033838,
            5.3606359
          ],
          [
            100.303232,
            5.3601305
          ],
          [
            100.303211,
            5.3599744
          ],
          [
            100.3031884,
            5.3594665
          ],
          [
            100.3031897,
            5.3592334
          ],
          [
            100.3032086,
            5.3587288
          ]
        ]
      }
    },
    {
      "type": "Feature",
      "properties": {
        "id": 205802403,
        "bicycle": "yes",
        "covered": "no",
        "cycleway": "shared_lane",
        "highway": "unclassified",
        "lanes": "2",
        "name": "Jalan Mahasiswa",
        "name:ms": "Jalan Mahasiswa",
        "oneway": "no",
        "surface": "asphalt"
      },
      "geometry": {
        "type": "LineString",
        "coordinates": [
          [
            100.3017347,
            5.358821
          ],
          [
            100.3022794,
            5.3587875
          ],
          [
            100.3026321,
            5.3587664
          ],
          [
            100.3028892,
            5.358751
          ],
          [
            100.3030359,
            5.3587423
          ],
          [
            100.3031082,
            5.358738
          ],
          [
            100.3032086,
            5.3587288
          ]
        ]
      }
    },
    {
      "type": "Feature",
      "properties": {
        "id": 205802404,
        "bicycle": "yes",
        "covered": "no",
        "cycleway": "shared_lane",
        "highway": "unclassified",
        "name": "Jalan Tadika",
        "name:ms": "Jalan Tadika",
        "oneway": "no",
        "surface": "asphalt"
      },
      "geometry": {
        "type": "LineString",
        "coordinates": [
          [
            100.3018607,
            5.3608148
          ],
          [
            100.3018131,
            5.3605709
          ],
          [
            100.30179,
            5.3603105
          ],
          [
            100.3017745,
            5.3599542
          ],
          [
            100.3017438,
            5.3593299
          ],
          [
            100.3017347,
            5.358821
          ]
        ]
      }
    },
    {
      "type": "Feature",
      "properties": {
        "id": 205802405,
        "highway": "unclassified",
        "name": "Jalan Tadika",
        "name:ms": "Jalan Tadika",
        "oneway": "yes",
        "surface": "asphalt"
      },
      "geometry": {
        "type": "LineString",
        "coordinates": [
          [
            100.3018607,
            5.3608148
          ],
          [
            100.3019396,
            5.3609702
          ],
          [
            100.3020313,
            5.3610871
          ],
          [
            100.3020845,
            5.3611429
          ],
          [
            100.3021389,
            5.3611779
          ],
          [
            100.302305,
            5.3612318
          ],
          [
            100.3024428,
            5.36127
          ],
          [
            100.3025724,
            5.3612914
          ],
          [
            100.3027119,
            5.3612975
          ],
          [
            100.3028057,
            5.3612877
          ],
          [
            100.3028758,
            5.361278
          ],
          [
            100.3030154,
            5.3612351
          ],
          [
            100.3031476,
            5.3611805
          ],
          [
            100.3032831,
            5.3611076
          ],
          [
            100.3033895,
            5.3610357
          ],
          [
            100.3034871,
            5.3609283
          ]
        ]
      }
    },
    {
      "type": "Feature",
      "properties": {
        "id": 205802406,
        "highway": "unclassified",
        "name": "Lorong Cahaya",
        "name:ms": "Lorong Cahaya",
        "oneway": "yes",
        "surface": "asphalt"
      },
      "geometry": {
        "type": "LineString",
        "coordinates": [
          [
            100.3022794,
            5.3587875
          ],
          [
            100.3022944,
            5.3589984
          ],
          [
            100.3023404,
            5.3592355
          ],
          [
            100.3026476,
            5.3608188
          ],
          [
            100.3026716,
            5.3609421
          ],
          [
            100.302688,
            5.3609959
          ],
          [
            100.3027094,
            5.3610451
          ],
          [
            100.3027385,
            5.3610933
          ],
          [
            100.3028758,
            5.361278
          ]
        ]
      }
    },
    {
      "type": "Feature",
      "properties": {
        "id": 205802409,
        "highway": "service"
      },
      "geometry": {
        "type": "LineString",
        "coordinates": [
          [
            100.3035785,
            5.3611049
          ],
          [
            100.3032329,
            5.3613241
          ],
          [
            100.3031415,
            5.3613898
          ],
          [
            100.3030439,
            5.3614607
          ],
          [
            100.302989,
            5.3615214
          ],
          [
            100.3029402,
            5.3615963
          ]
        ]
      }
    },
    {
      "type": "Feature",
      "properties": {
        "id": 205802411,
        "highway": "service"
      },
      "geometry": {
        "type": "LineString",
        "coordinates": [
          [
            100.3036357,
            5.3613008
          ],
          [
            100.3037551,
            5.3613549
          ],
          [
            100.3038863,
            5.3614436
          ],
          [
            100.3039661,
            5.3615275
          ],
          [
            100.3040922,
            5.3617144
          ],
          [
            100.3041521,
            5.3617788
          ],
          [
            100.3042102,
            5.3618306
          ],
          [
            100.3042999,
            5.3618806
          ],
          [
            100.3043443,
            5.3619054
          ],
          [
            100.3046313,
            5.3620643
          ],
          [
            100.3046916,
            5.3620976
          ],
          [
            100.3048754,
            5.362099
          ]
        ]
      }
    },
    {
      "type": "Feature",
      "properties": {
        "id": 205802413,
        "highway": "service",
        "surface": "asphalt"
      },
      "geometry": {
        "type": "LineString",
        "coordinates": [
          [
            100.302639,
            5.3597019
          ],
          [
            100.3025385,
            5.3591961
          ],
          [
            100.3025346,
            5.359148
          ],
          [
            100.3025479,
            5.3590935
          ],
          [
            100.302613,
            5.3589222
          ],
          [
            100.3026219,
            5.3588938
          ],
          [
            100.3026253,
            5.3588654
          ],
          [
            100.3026321,
            5.3587664
          ]
        ]
      }
    },
    {
      "type": "Feature",
      "properties": {
        "id": 205809099,
        "highway": "service",
        "is_in": "Universiti Sains Malaysia",
        "name": "Jalan Perpustakaan",
        "name:ms": "Jalan Perpustakaan",
        "oneway": "yes"
      },
      "geometry": {
        "type": "LineString",
        "coordinates": [
          [
            100.3035358,
            5.3560539
          ],
          [
            100.3034806,
            5.3560827
          ]
        ]
      }
    },
    {
      "type": "Feature",
      "properties": {
        "id": 205809100,
        "alt_name": "Lengkongan Canselor",
        "highway": "unclassified",
        "maxspeed": "30",
        "name": "Lengkok Canselori",
        "name:ms": "Lengkok Canselori",
        "oneway": "yes",
        "source": "https://www.mapillary.com/app/?focus=photo&pKey=Db0KKPccvEXKic5McJ0m7k&lat=5.358815933333333&lng=100.30525596000001&z=17;Bing, Local Knowledge",
        "surface": "asphalt"
      },
      "geometry": {
        "type": "LineString",
        "coordinates": [
          [
            100.305659,
            5.3590509
          ],
          [
            100.3055183,
            5.3589882
          ],
          [
            100.3054178,
            5.358947
          ],
          [
            100.3053359,
            5.3588755
          ],
          [
            100.3052727,
            5.3588014
          ],
          [
            100.3051983,
            5.3586707
          ],
          [
            100.3051391,
            5.3585126
          ],
          [
            100.3051125,
            5.358384
          ],
          [
            100.3051133,
            5.3582551
          ],
          [
            100.30514,
            5.3581461
          ],
          [
            100.3052441,
            5.3579674
          ],
          [
            100.3054145,
            5.3577848
          ],
          [
            100.3055012,
            5.3577092
          ],
          [
            100.3056586,
            5.3575821
          ]
        ]
      }
    },
    {
      "type": "Feature",
      "properties": {
        "id": 205809105,
        "highway": "unclassified",
        "maxspeed": "30",
        "oneway": "no",
        "source": "Bing, Local Knowledge",
        "surface": "asphalt"
      },
      "geometry": {
        "type": "LineString",
        "coordinates": [
          [
            100.305659,
            5.3590509
          ],
          [
            100.3057824,
            5.3591042
          ],
          [
            100.3058428,
            5.3591441
          ]
        ]
      }
    },
    {
      "type": "Feature",
      "properties": {
        "id": 205809106,
        "highway": "service"
      },
      "geometry": {
        "type": "LineString",
        "coordinates": [
          [
            100.3030786,
            5.3557706
          ],
          [
            100.3030351,
            5.3557992
          ],
          [
            100.3030122,
            5.3558142
          ],
          [
            100.3030604,
            5.3560524
          ],
          [
            100.3030615,
            5.3560719
          ],
          [
            100.3030677,
            5.3561857
          ],
          [
            100.3030725,
            5.356273
          ],
          [
            100.3030787,
            5.3562923
          ],
          [
            100.3030913,
            5.3563079
          ],
          [
            100.3031083,
            5.3563152
          ],
          [
            100.3031281,
            5.3563179
          ],
          [
            100.3033311,
            5.3563069
          ]
        ]
      }
    },
    {
      "type": "Feature",
      "properties": {
        "id": 205809766,
        "highway": "unclassified",
        "is_in": "Universiti Sains Malaysia",
        "maxspeed": "30",
        "name": "Lengkok Canselor",
        "name:ms": "Lengkok Canselor",
        "oneway": "yes",
        "surface": "asphalt"
      },
      "geometry": {
        "type": "LineString",
        "coordinates": [
          [
            100.3059421,
            5.3576659
          ],
          [
            100.3059497,
            5.3577347
          ],
          [
            100.3059728,
            5.357853
          ],
          [
            100.3060019,
            5.3579338
          ],
          [
            100.3060463,
            5.3579937
          ],
          [
            100.3061584,
            5.3580949
          ],
          [
            100.3061893,
            5.3581369
          ],
          [
            100.306215,
            5.3581989
          ],
          [
            100.3062379,
            5.3582843
          ],
          [
            100.306241,
            5.3583727
          ],
          [
            100.3062299,
            5.358472
          ],
          [
            100.306204,
            5.3585514
          ],
          [
            100.3061721,
            5.3586314
          ],
          [
            100.3061523,
            5.3587452
          ],
          [
            100.3061286,
            5.3588617
          ],
          [
            100.3061248,
            5.3588894
          ],
          [
            100.306128,
            5.3589251
          ],
          [
            100.3061889,
            5.3592157
          ],
          [
            100.3062502,
            5.3595449
          ],
          [
            100.3062512,
            5.3596031
          ],
          [
            100.3062405,
            5.3596497
          ],
          [
            100.3062246,
            5.3596741
          ],
          [
            100.3061935,
            5.3597129
          ]
        ]
      }
    },
    {
      "type": "Feature",
      "properties": {
        "id": 205809767,
        "highway": "service",
        "is_in": "Universiti Sains Malaysia",
        "oneway": "yes"
      },
      "geometry": {
        "type": "LineString",
        "coordinates": [
          [
            100.3059997,
            5.3582148
          ],
          [
            100.3059796,
            5.3582196
          ],
          [
            100.3059619,
            5.3582301
          ],
          [
            100.3059483,
            5.3582449
          ],
          [
            100.3059397,
            5.3582626
          ],
          [
            100.3059372,
            5.3582941
          ],
          [
            100.3059254,
            5.3583912
          ],
          [
            100.3059242,
            5.3584195
          ],
          [
            100.3059275,
            5.3584476
          ],
          [
            100.3059352,
            5.3584749
          ],
          [
            100.3059455,
            5.3584963
          ],
          [
            100.3059628,
            5.3585241
          ],
          [
            100.306107,
            5.358706
          ],
          [
            100.3061523,
            5.3587452
          ]
        ]
      }
    },
    {
      "type": "Feature",
      "properties": {
        "id": 205811216,
        "highway": "service",
        "is_in": "Universiti Sains Malaysia",
        "surface": "asphalt"
      },
      "geometry": {
        "type": "LineString",
        "coordinates": [
          [
            100.3030338,
            5.3586372
          ],
          [
            100.3030359,
            5.3587423
          ]
        ]
      }
    },
    {
      "type": "Feature",
      "properties": {
        "id": 205811217,
        "highway": "service",
        "is_in": "Universiti Sains Malaysia"
      },
      "geometry": {
        "type": "LineString",
        "coordinates": [
          [
            100.3025744,
            5.3579127
          ],
          [
            100.3025677,
            5.3578661
          ],
          [
            100.3025648,
            5.357613
          ]
        ]
      }
    },
    {
      "type": "Feature",
      "properties": {
        "id": 205811219,
        "highway": "service",
        "is_in": "Universiti Sains Malaysia",
        "service": "parking_aisle"
      },
      "geometry": {
        "type": "LineString",
        "coordinates": [
          [
            100.3018163,
            5.3580086
          ],
          [
            100.3024407,
            5.3580023
          ],
          [
            100.3026011,
            5.3579721
          ]
        ]
      }
    },
    {
      "type": "Feature",
      "properties": {
        "id": 205811220,
        "highway": "service",
        "is_in": "Universiti Sains Malaysia",
        "oneway": "yes",
        "surface": "asphalt"
      },
      "geometry": {
        "type": "LineString",
        "coordinates": [
          [
            100.3030338,
            5.3586372
          ],
          [
            100.3029624,
            5.3586148
          ],
          [
            100.3029475,
            5.3586033
          ],
          [
            100.3029417,
            5.3585862
          ],
          [
            100.302941,
            5.358556
          ],
          [
            100.3029357,
            5.3583165
          ],
          [
            100.3029353,
            5.3582978
          ],
          [
            100.3029322,
            5.3581571
          ],
          [
            100.302929,
            5.3580085
          ],
          [
            100.3029268,
            5.3579082
          ]
        ]
      }
    },
    {
      "type": "Feature",
      "properties": {
        "id": 205811222,
        "highway": "service",
        "is_in": "Universiti Sains Malaysia",
        "oneway": "yes",
        "surface": "asphalt"
      },
      "geometry": {
        "type": "LineString",
        "coordinates": [
          [
            100.3030338,
            5.3586372
          ],
          [
            100.3031505,
            5.3586289
          ],
          [
            100.3031873,
            5.3586228
          ],
          [
            100.3031863,
            5.3584694
          ],
          [
            100.303184,
            5.3581163
          ]
        ]
      }
    },
    {
      "type": "Feature",
      "properties": {
        "id": 205875610,
        "highway": "service",
        "is_in": "Universiti Sains Malaysia",
        "surface": "asphalt"
      },
      "geometry": {
        "type": "LineString",
        "coordinates": [
          [
            100.3050613,
            5.3573234
          ],
          [
            100.3050152,
            5.3574364
          ],
          [
            100.3049889,
            5.3574837
          ],
          [
            100.3047668,
            5.3577823
          ]
        ]
      }
    },
    {
      "type": "Feature",
      "properties": {
        "id": 205875611,
        "highway": "service"
      },
      "geometry": {
        "type": "LineString",
        "coordinates": [
          [
            100.3013099,
            5.3615171
          ],
          [
            100.3015686,
            5.3609117
          ],
          [
            100.301597,
            5.3608772
          ],
          [
            100.3016247,
            5.3608565
          ],
          [
            100.3016742,
            5.3608359
          ],
          [
            100.3017212,
            5.3608262
          ],
          [
            100.3018607,
            5.3608148
          ]
        ]
      }
    },
    {
      "type": "Feature",
      "properties": {
        "id": 205876342,
        "highway": "unclassified",
        "oneway": "yes"
      },
      "geometry": {
        "type": "LineString",
        "coordinates": [
          [
            100.306855,
            5.3615951
          ],
          [
            100.3068872,
            5.3615918
          ],
          [
            100.3069169,
            5.3615759
          ],
          [
            100.3071577,
            5.3613982
          ],
          [
            100.3071879,
            5.3613682
          ],
          [
            100.3072065,
            5.3613374
          ],
          [
            100.3072139,
            5.3613092
          ]
        ]
      }
    },
    {
      "type": "Feature",
      "properties": {
        "id": 208697644,
        "highway": "tertiary",
        "maxspeed": "30",
        "name": "Jalan Universiti",
        "name:ms": "Jalan Universiti",
        "name:zh": "\u5927\u5b66\u8def",
        "name:zh-Hans": "\u5927\u5b66\u8def",
        "name:zh-Hant": "\u5927\u5b78\u8def",
        "oneway": "yes",
        "surface": "asphalt"
      },
      "geometry": {
        "type": "LineString",
        "coordinates": [
          [
            100.3044714,
            5.3570557
          ],
          [
            100.3044081,
            5.357023
          ],
          [
            100.304198,
            5.3568836
          ],
          [
            100.3040365,
            5.3567406
          ]
        ]
      }
    },
    {
      "type": "Feature",
      "properties": {
        "id": 208697645,
        "highway": "tertiary",
        "maxspeed": "30",
        "name": "Jalan Kedamaian",
        "name:ms": "Jalan Kedamaian",
        "oneway": "yes",
        "surface": "asphalt"
      },
      "geometry": {
        "type": "LineString",
        "coordinates": [
          [
            100.3056524,
            5.357408
          ],
          [
            100.3055829,
            5.3573987
          ],
          [
            100.3055314,
            5.3573902
          ],
          [
            100.3050219,
            5.3572527
          ],
          [
            100.3047824,
            5.3571833
          ],
          [
            100.3047263,
            5.3571556
          ],
          [
            100.3046226,
            5.3570793
          ]
        ]
      }
    },
    {
      "type": "Feature",
      "properties": {
        "id": 208697646,
        "bicycle": "yes",
        "covered": "no",
        "cycleway": "shared_lane",
        "highway": "unclassified",
        "name": "Lengkok Sastera",
        "name:ms": "Lengkok Sastera",
        "oneway": "no",
        "surface": "asphalt"
      },
      "geometry": {
        "type": "LineString",
        "coordinates": [
          [
            100.3039479,
            5.3585314
          ],
          [
            100.3039552,
            5.3587355
          ],
          [
            100.3039818,
            5.3589429
          ],
          [
            100.304023,
            5.3591313
          ],
          [
            100.3040892,
            5.3593116
          ],
          [
            100.3041518,
            5.3594207
          ],
          [
            100.3043879,
            5.3596893
          ],
          [
            100.304466,
            5.359754
          ],
          [
            100.3047265,
            5.3598945
          ],
          [
            100.3048084,
            5.3599217
          ],
          [
            100.3048982,
            5.3599399
          ],
          [
            100.3049558,
            5.3599359
          ],
          [
            100.3050068,
            5.3599132
          ],
          [
            100.3050457,
            5.3598785
          ],
          [
            100.3050672,
            5.3598384
          ],
          [
            100.3050792,
            5.3597944
          ],
          [
            100.3050819,
            5.3597249
          ],
          [
            100.3051045,
            5.359483
          ],
          [
            100.3051114,
            5.3594126
          ],
          [
            100.3051356,
            5.3593513
          ],
          [
            100.3052025,
            5.3592483
          ]
        ]
      }
    },
    {
      "type": "Feature",
      "properties": {
        "id": 208697650,
        "highway": "tertiary",
        "junction": "roundabout",
        "maxspeed": "30",
        "oneway": "yes",
        "surface": "asphalt"
      },
      "geometry": {
        "type": "LineString",
        "coordinates": [
          [
            100.3045015,
            5.3572423
          ],
          [
            100.3045325,
            5.3572478
          ],
          [
            100.3045637,
            5.357244
          ],
          [
            100.3045925,
            5.3572314
          ],
          [
            100.3046185,
            5.3572085
          ],
          [
            100.3046357,
            5.3571785
          ],
          [
            100.3046425,
            5.3571446
          ],
          [
            100.3046379,
            5.3571103
          ],
          [
            100.3046226,
            5.3570793
          ],
          [
            100.3045928,
            5.3570506
          ],
          [
            100.3045565,
            5.3570367
          ],
          [
            100.3045267,
            5.3570349
          ],
          [
            100.3044976,
            5.3570415
          ],
          [
            100.3044714,
            5.3570557
          ]
        ]
      }
    },
    {
      "type": "Feature",
      "properties": {
        "id": 208697651,
        "bicycle": "yes",
        "covered": "no",
        "cycleway": "no",
        "highway": "unclassified",
        "oneway": "yes",
        "surface": "asphalt"
      },
      "geometry": {
        "type": "LineString",
        "coordinates": [
          [
            100.3045928,
            5.3570506
          ],
          [
            100.3046341,
            5.3569788
          ],
          [
            100.3046702,
            5.3569295
          ],
          [
            100.3046898,
            5.3569026
          ],
          [
            100.3047451,
            5.3568468
          ],
          [
            100.3051802,
            5.3564083
          ],
          [
            100.3055096,
            5.3560762
          ],
          [
            100.3055996,
            5.3560023
          ],
          [
            100.3057083,
            5.355945
          ],
          [
            100.3058826,
            5.355849
          ],
          [
            100.3059797,
            5.3557772
          ],
          [
            100.3060441,
            5.3557131
          ],
          [
            100.3060797,
            5.3556536
          ],
          [
            100.3061616,
            5.3553531
          ],
          [
            100.3061841,
            5.3552909
          ],
          [
            100.3062028,
            5.3552508
          ],
          [
            100.3062161,
            5.355206
          ],
          [
            100.3062454,
            5.3550788
          ]
        ]
      }
    },
    {
      "type": "Feature",
      "properties": {
        "id": 208697652,
        "highway": "tertiary",
        "junction": "roundabout",
        "maxspeed": "30",
        "oneway": "yes",
        "surface": "asphalt"
      },
      "geometry": {
        "type": "LineString",
        "coordinates": [
          [
            100.3058102,
            5.3574566
          ],
          [
            100.3057917,
            5.3574254
          ],
          [
            100.3057635,
            5.3574024
          ]
        ]
      }
    },
    {
      "type": "Feature",
      "properties": {
        "id": 208697653,
        "bicycle": "yes",
        "covered": "no",
        "cycleway": "shared_lane",
        "highway": "unclassified",
        "name": "Jalan Canselori",
        "name:ms": "Jalan Canselori",
        "oneway": "no",
        "surface": "asphalt"
      },
      "geometry": {
        "type": "LineString",
        "coordinates": [
          [
            100.3075295,
            5.3555771
          ],
          [
            100.3075137,
            5.3555323
          ],
          [
            100.3074822,
            5.3554563
          ],
          [
            100.307448,
            5.3553797
          ],
          [
            100.3074411,
            5.3553643
          ],
          [
            100.3073584,
            5.3552695
          ],
          [
            100.3072989,
            5.3552208
          ],
          [
            100.3072105,
            5.3551749
          ],
          [
            100.3070869,
            5.3551423
          ],
          [
            100.3069633,
            5.3551098
          ],
          [
            100.3066326,
            5.3550626
          ],
          [
            100.3064724,
            5.3550633
          ],
          [
            100.3062454,
            5.3550788
          ],
          [
            100.3060402,
            5.3551381
          ],
          [
            100.3059001,
            5.3551806
          ],
          [
            100.3057328,
            5.3552546
          ]
        ]
      }
    },
    {
      "type": "Feature",
      "properties": {
        "id": 262968470,
        "highway": "service"
      },
      "geometry": {
        "type": "LineString",
        "coordinates": [
          [
            100.2914952,
            5.3535182
          ],
          [
            100.2914392,
            5.3533694
          ],
          [
            100.2917007,
            5.3531276
          ],
          [
            100.2914298,
            5.3527882
          ],
          [
            100.291271,
            5.3527291
          ],
          [
            100.2910389,
            5.352765
          ],
          [
            100.2908702,
            5.352843
          ],
          [
            100.2905926,
            5.3530941
          ],
          [
            100.2900827,
            5.3534982
          ],
          [
            100.2900025,
            5.3536242
          ],
          [
            100.2899777,
            5.3537693
          ],
          [
            100.2900031,
            5.3538861
          ],
          [
            100.2900434,
            5.353972
          ],
          [
            100.2901152,
            5.3540955
          ],
          [
            100.2901295,
            5.3541425
          ],
          [
            100.2900746,
            5.3542584
          ],
          [
            100.2897705,
            5.3546176
          ],
          [
            100.2897507,
            5.3546699
          ]
        ]
      }
    },
    {
      "type": "Feature",
      "properties": {
        "id": 262968471,
        "highway": "unclassified",
        "name": "Jalan Stadium",
        "name:ms": "Jalan Stadium",
        "name:zh": "\u4f53\u80b2\u9986\u8def",
        "name:zh-Hans": "\u4f53\u80b2\u9986\u8def",
        "name:zh-Hant": "\u9ad4\u80b2\u9928\u8def",
        "surface": "asphalt"
      },
      "geometry": {
        "type": "LineString",
        "coordinates": [
          [
            100.2945332,
            5.3551686
          ],
          [
            100.2945315,
            5.3551183
          ],
          [
            100.2945214,
            5.3548157
          ],
          [
            100.2945161,
            5.3547658
          ],
          [
            100.2944395,
            5.3544299
          ],
          [
            100.2943995,
            5.3542689
          ],
          [
            100.2943555,
            5.3541757
          ],
          [
            100.2942856,
            5.3538649
          ]
        ]
      }
    },
    {
      "type": "Feature",
      "properties": {
        "id": 263734136,
        "ele": "0",
        "highway": "service",
        "oneway": "no",
        "surface": "asphalt"
      },
      "geometry": {
        "type": "LineString",
        "coordinates": [
          [
            100.2965971,
            5.3552947
          ],
          [
            100.296617,
            5.3555749
          ],
          [
            100.2966529,
            5.356051
          ],
          [
            100.2966697,
            5.3561021
          ],
          [
            100.2967143,
            5.3561202
          ],
          [
            100.2969681,
            5.356104
          ],
          [
            100.2971834,
            5.3560908
          ],
          [
            100.2972266,
            5.3560719
          ],
          [
            100.2972539,
            5.356036
          ],
          [
            100.2972613,
            5.3559899
          ],
          [
            100.2972384,
            5.3555997
          ],
          [
            100.2972351,
            5.3555437
          ],
          [
            100.2972201,
            5.355297
          ],
          [
            100.2972186,
            5.355262
          ],
          [
            100.2972037,
            5.3550085
          ]
        ]
      }
    },
    {
      "type": "Feature",
      "properties": {
        "id": 263735087,
        "bicycle": "yes",
        "covered": "no",
        "highway": "service",
        "oneway": "yes",
        "surface": "asphalt"
      },
      "geometry": {
        "type": "LineString",
        "coordinates": [
          [
            100.2954486,
            5.3555445
          ],
          [
            100.2956313,
            5.3555245
          ],
          [
            100.2956517,
            5.3555168
          ],
          [
            100.2956611,
            5.3554973
          ],
          [
            100.2956577,
            5.3553985
          ],
          [
            100.2956457,
            5.3553814
          ],
          [
            100.2956286,
            5.3553746
          ],
          [
            100.2954629,
            5.3553848
          ],
          [
            100.2954473,
            5.3553953
          ],
          [
            100.2954425,
            5.3554139
          ],
          [
            100.2954486,
            5.3555445
          ]
        ]
      }
    },
    {
      "type": "Feature",
      "properties": {
        "id": 263735089,
        "highway": "unclassified",
        "name": "Jalan Dewan",
        "name:ms": "Jalan Dewan",
        "surface": "asphalt"
      },
      "geometry": {
        "type": "LineString",
        "coordinates": [
          [
            100.2939748,
            5.3561641
          ],
          [
            100.2934489,
            5.3561909
          ],
          [
            100.2933894,
            5.3562204
          ],
          [
            100.2933979,
            5.3564223
          ],
          [
            100.2933989,
            5.3564428
          ]
        ]
      }
    },
    {
      "type": "Feature",
      "properties": {
        "id": 263735090,
        "highway": "unclassified",
        "surface": "asphalt"
      },
      "geometry": {
        "type": "LineString",
        "coordinates": [
          [
            100.2939893,
            5.3564158
          ],
          [
            100.294007,
            5.3567228
          ],
          [
            100.2940121,
            5.3568124
          ],
          [
            100.294036,
            5.3572276
          ],
          [
            100.2940486,
            5.3574456
          ],
          [
            100.2940668,
            5.357762
          ]
        ]
      }
    },
    {
      "type": "Feature",
      "properties": {
        "id": 266767747,
        "highway": "unclassified",
        "name": "Jalan Canselori",
        "oneway": "yes"
      },
      "geometry": {
        "type": "LineString",
        "coordinates": [
          [
            100.3077989,
            5.3561684
          ],
          [
            100.3075295,
            5.3555771
          ]
        ]
      }
    },
    {
      "type": "Feature",
      "properties": {
        "id": 266767749,
        "highway": "service",
        "oneway": "yes"
      },
      "geometry": {
        "type": "LineString",
        "coordinates": [
          [
            100.3075295,
            5.3555771
          ],
          [
            100.3071474,
            5.3558321
          ],
          [
            100.3069516,
            5.3560489
          ],
          [
            100.3069187,
            5.3560793
          ],
          [
            100.3068851,
            5.3560921
          ],
          [
            100.3068523,
            5.3561027
          ],
          [
            100.306807,
            5.356107
          ]
        ]
      }
    },
    {
      "type": "Feature",
      "properties": {
        "id": 266767751,
        "highway": "service",
        "surface": "asphalt"
      },
      "geometry": {
        "type": "LineString",
        "coordinates": [
          [
            100.3050219,
            5.3572527
          ],
          [
            100.3050335,
            5.3572254
          ],
          [
            100.3050556,
            5.3571731
          ],
          [
            100.3050799,
            5.35714
          ],
          [
            100.305211,
            5.3570205
          ],
          [
            100.3055033,
            5.3567541
          ],
          [
            100.305742,
            5.3565175
          ]
        ]
      }
    },
    {
      "type": "Feature",
      "properties": {
        "id": 266767752,
        "highway": "service",
        "surface": "asphalt"
      },
      "geometry": {
        "type": "LineString",
        "coordinates": [
          [
            100.3055996,
            5.3560023
          ],
          [
            100.3056662,
            5.3560772
          ],
          [
            100.3056785,
            5.3560885
          ],
          [
            100.3057067,
            5.3561145
          ],
          [
            100.3057468,
            5.3561471
          ],
          [
            100.305866,
            5.3562675
          ],
          [
            100.3060647,
            5.3564949
          ]
        ]
      }
    },
    {
      "type": "Feature",
      "properties": {
        "id": 266767753,
        "highway": "service"
      },
      "geometry": {
        "type": "LineString",
        "coordinates": [
          [
            100.3063727,
            5.3546821
          ],
          [
            100.3066874,
            5.3545257
          ],
          [
            100.3067899,
            5.3544871
          ],
          [
            100.306882,
            5.354456
          ],
          [
            100.3070279,
            5.3544514
          ],
          [
            100.3071116,
            5.3544487
          ],
          [
            100.3072156,
            5.3544618
          ],
          [
            100.3072788,
            5.3544756
          ],
          [
            100.3073421,
            5.3544907
          ],
          [
            100.3074581,
            5.3545351
          ],
          [
            100.3075828,
            5.3546001
          ],
          [
            100.3079335,
            5.3549036
          ],
          [
            100.3082393,
            5.3552017
          ],
          [
            100.3082737,
            5.3552387
          ]
        ]
      }
    },
    {
      "type": "Feature",
      "properties": {
        "id": 414021668,
        "highway": "service",
        "name": "Lorong Bakti",
        "name:ms": "Lorong Bakti",
        "surface": "asphalt"
      },
      "geometry": {
        "type": "LineString",
        "coordinates": [
          [
            100.3016932,
            5.3585277
          ],
          [
            100.3014594,
            5.3585933
          ],
          [
            100.3014209,
            5.3585988
          ],
          [
            100.3013824,
            5.3585985
          ],
          [
            100.301153,
            5.3585768
          ],
          [
            100.3010507,
            5.3585672
          ]
        ]
      }
    },
    {
      "type": "Feature",
      "properties": {
        "id": 414021669,
        "highway": "service"
      },
      "geometry": {
        "type": "LineString",
        "coordinates": [
          [
            100.3016118,
            5.3593324
          ],
          [
            100.3015952,
            5.3588516
          ],
          [
            100.3015987,
            5.3588023
          ],
          [
            100.3015909,
            5.358769
          ],
          [
            100.3015726,
            5.3587425
          ],
          [
            100.3015463,
            5.3587209
          ],
          [
            100.3015091,
            5.3587157
          ],
          [
            100.3014596,
            5.3587251
          ],
          [
            100.3011365,
            5.3587178
          ],
          [
            100.300873,
            5.3587119
          ],
          [
            100.3007171,
            5.3587084
          ]
        ]
      }
    },
    {
      "type": "Feature",
      "properties": {
        "id": 574079975,
        "highway": "service"
      },
      "geometry": {
        "type": "LineString",
        "coordinates": [
          [
            100.3034467,
            5.3615533
          ],
          [
            100.3034972,
            5.3616416
          ],
          [
            100.3035035,
            5.3616722
          ],
          [
            100.3034958,
            5.3617128
          ],
          [
            100.3034796,
            5.3617535
          ],
          [
            100.303461,
            5.3617781
          ],
          [
            100.3033892,
            5.3618443
          ],
          [
            100.303266,
            5.3620055
          ]
        ]
      }
    },
    {
      "type": "Feature",
      "properties": {
        "id": 574079977,
        "highway": "service",
        "oneway": "yes"
      },
      "geometry": {
        "type": "LineString",
        "coordinates": [
          [
            100.3017745,
            5.3599542
          ],
          [
            100.3018432,
            5.3599936
          ],
          [
            100.3018734,
            5.3600487
          ],
          [
            100.3018898,
            5.3601006
          ],
          [
            100.3019517,
            5.3604859
          ],
          [
            100.3019815,
            5.360571
          ],
          [
            100.302046,
            5.3606606
          ],
          [
            100.3020583,
            5.3606858
          ],
          [
            100.3020711,
            5.360746
          ],
          [
            100.3020616,
            5.3607716
          ],
          [
            100.3020333,
            5.360789
          ],
          [
            100.3018607,
            5.3608148
          ]
        ]
      }
    },
    {
      "type": "Feature",
      "properties": {
        "id": 574082661,
        "highway": "service",
        "surface": "asphalt"
      },
      "geometry": {
        "type": "LineString",
        "coordinates": [
          [
            100.2995329,
            5.3549424
          ],
          [
            100.2995393,
            5.3548697
          ],
          [
            100.2995427,
            5.3548451
          ],
          [
            100.2995934,
            5.3547244
          ],
          [
            100.2996073,
            5.3547043
          ],
          [
            100.2996528,
            5.3546465
          ],
          [
            100.2996731,
            5.3546336
          ],
          [
            100.2996997,
            5.3546282
          ],
          [
            100.3000154,
            5.3546368
          ],
          [
            100.3000436,
            5.3546317
          ],
          [
            100.300067,
            5.3546156
          ],
          [
            100.3002262,
            5.3544481
          ],
          [
            100.300261,
            5.3544211
          ],
          [
            100.3003005,
            5.3544042
          ],
          [
            100.3003446,
            5.3543971
          ],
          [
            100.300476,
            5.354388
          ],
          [
            100.3006276,
            5.3543787
          ],
          [
            100.3006395,
            5.3543793
          ],
          [
            100.3006515,
            5.3543828
          ],
          [
            100.3007174,
            5.3544216
          ]
        ]
      }
    },
    {
      "type": "Feature",
      "properties": {
        "id": 574211745,
        "highway": "service"
      },
      "geometry": {
        "type": "LineString",
        "coordinates": [
          [
            100.3066326,
            5.3550626
          ],
          [
            100.3067032,
            5.3549835
          ],
          [
            100.306727,
            5.3549706
          ],
          [
            100.3067527,
            5.3549616
          ],
          [
            100.3069593,
            5.3549541
          ],
          [
            100.3070355,
            5.3549617
          ],
          [
            100.3071396,
            5.3549791
          ]
        ]
      }
    },
    {
      "type": "Feature",
      "properties": {
        "id": 574247716,
        "bicycle": "yes",
        "covered": "no",
        "cycleway": "shared_lane",
        "highway": "tertiary",
        "maxspeed": "30",
        "name": "Jalan Universiti",
        "name:ms": "Jalan Universiti",
        "name:zh": "\u5927\u5b66\u8def",
        "name:zh-Hans": "\u5927\u5b66\u8def",
        "name:zh-Hant": "\u5927\u5b78\u8def",
        "surface": "asphalt"
      },
      "geometry": {
        "type": "LineString",
        "coordinates": [
          [
            100.3007999,
            5.3543047
          ],
          [
            100.3009461,
            5.3541052
          ],
          [
            100.3010056,
            5.3540239
          ]
        ]
      }
    },
    {
      "type": "Feature",
      "properties": {
        "id": 574247717,
        "bicycle": "yes",
        "covered": "no",
        "cycleway:left": "shared_lane",
        "cycleway:right": "no",
        "highway": "tertiary",
        "lanes": "1",
        "maxspeed": "30",
        "name": "Jalan Universiti",
        "name:ms": "Jalan Universiti",
        "name:zh": "\u5927\u5b66\u8def",
        "name:zh-Hans": "\u5927\u5b66\u8def",
        "name:zh-Hant": "\u5927\u5b78\u8def",
        "oneway": "yes",
        "surface": "asphalt"
      },
      "geometry": {
        "type": "LineString",
        "coordinates": [
          [
            100.3012701,
            5.3542487
          ],
          [
            100.3012013,
            5.3541694
          ],
          [
            100.3010056,
            5.3540239
          ]
        ]
      }
    },
    {
      "type": "Feature",
      "properties": {
        "id": 574247718,
        "highway": "service"
      },
      "geometry": {
        "type": "LineString",
        "coordinates": [
          [
            100.3073421,
            5.3544907
          ],
          [
            100.3075272,
            5.354377
          ],
          [
            100.307564,
            5.3543647
          ],
          [
            100.3077061,
            5.3543544
          ]
        ]
      }
    },
    {
      "type": "Feature",
      "properties": {
        "id": 574247719,
        "bicycle": "yes",
        "covered": "no",
        "cycleway:left": "shared_lane",
        "cycleway:right": "no",
        "highway": "unclassified",
        "name": "Jalan Sasaran",
        "name:ms": "Jalan Sasaran",
        "oneway": "yes",
        "surface": "asphalt"
      },
      "geometry": {
        "type": "LineString",
        "coordinates": [
          [
            100.3032865,
            5.3555765
          ],
          [
            100.3033543,
            5.3554225
          ],
          [
            100.3034016,
            5.3553431
          ],
          [
            100.3034398,
            5.3552782
          ],
          [
            100.3035041,
            5.3552182
          ]
        ]
      }
    },
    {
      "type": "Feature",
      "properties": {
        "id": 574247720,
        "highway": "tertiary",
        "maxspeed": "30",
        "oneway": "yes",
        "surface": "asphalt"
      },
      "geometry": {
        "type": "LineString",
        "coordinates": [
          [
            100.3024263,
            5.3547588
          ],
          [
            100.3022812,
            5.3544932
          ]
        ]
      }
    },
    {
      "type": "Feature",
      "properties": {
        "id": 574247721,
        "highway": "service"
      },
      "geometry": {
        "type": "LineString",
        "coordinates": [
          [
            100.2999561,
            5.3557732
          ],
          [
            100.299956,
            5.3557797
          ],
          [
            100.2999621,
            5.3558027
          ],
          [
            100.3000076,
            5.3559679
          ],
          [
            100.3000487,
            5.3561176
          ],
          [
            100.3001729,
            5.3565574
          ],
          [
            100.3001946,
            5.3566321
          ],
          [
            100.3002185,
            5.3567189
          ],
          [
            100.3002561,
            5.356855
          ],
          [
            100.3003056,
            5.3570707
          ],
          [
            100.3003081,
            5.3570933
          ],
          [
            100.3003368,
            5.3573014
          ],
          [
            100.3002987,
            5.3573429
          ],
          [
            100.3002953,
            5.3573592
          ],
          [
            100.3002921,
            5.3575478
          ],
          [
            100.3003093,
            5.3576869
          ],
          [
            100.3003125,
            5.3576956
          ],
          [
            100.3003281,
            5.3577275
          ],
          [
            100.3003306,
            5.3577364
          ],
          [
            100.3003262,
            5.3579136
          ]
        ]
      }
    },
    {
      "type": "Feature",
      "properties": {
        "id": 574247722,
        "highway": "service",
        "surface": "asphalt"
      },
      "geometry": {
        "type": "LineString",
        "coordinates": [
          [
            100.3002561,
            5.356855
          ],
          [
            100.300454,
            5.3568025
          ],
          [
            100.3006652,
            5.3567276
          ],
          [
            100.3007895,
            5.3566709
          ]
        ]
      }
    },
    {
      "type": "Feature",
      "properties": {
        "id": 583373726,
        "highway": "tertiary",
        "lanes": "2",
        "lit": "yes",
        "maxspeed": "30",
        "name": "Jalan Universiti",
        "name:ms": "Jalan Universiti",
        "name:zh": "\u5927\u5b66\u8def",
        "name:zh-Hans": "\u5927\u5b66\u8def",
        "name:zh-Hant": "\u5927\u5b78\u8def",
        "oneway": "no",
        "sidewalk:both": "separate",
        "surface": "asphalt"
      },
      "geometry": {
        "type": "LineString",
        "coordinates": [
          [
            100.2945332,
            5.3551686
          ],
          [
            100.2942038,
            5.3551994
          ],
          [
            100.2936551,
            5.3552506
          ]
        ]
      }
    },
    {
      "type": "Feature",
      "properties": {
        "id": 642532621,
        "highway": "service",
        "name": "Lorong Pegawai",
        "name:ms": "Lorong Pegawai"
      },
      "geometry": {
        "type": "LineString",
        "coordinates": [
          [
            100.3061359,
            5.3619288
          ],
          [
            100.30594,
            5.3618178
          ],
          [
            100.3059046,
            5.361785
          ],
          [
            100.3058733,
            5.3617673
          ],
          [
            100.3058437,
            5.3617614
          ],
          [
            100.3058184,
            5.3617639
          ],
          [
            100.3057821,
            5.3617774
          ],
          [
            100.3057014,
            5.3618412
          ],
          [
            100.3056159,
            5.3618675
          ],
          [
            100.305564,
            5.361873
          ],
          [
            100.3055009,
            5.3618697
          ],
          [
            100.3053791,
            5.3618302
          ],
          [
            100.3053223,
            5.3617928
          ],
          [
            100.3052698,
            5.3617412
          ],
          [
            100.3052246,
            5.3616722
          ],
          [
            100.3051771,
            5.3615352
          ],
          [
            100.3050294,
            5.361059
          ],
          [
            100.3050338,
            5.3609988
          ],
          [
            100.305064,
            5.3609579
          ],
          [
            100.3055764,
            5.3607149
          ],
          [
            100.3056402,
            5.3607057
          ],
          [
            100.3057101,
            5.3607237
          ],
          [
            100.3057574,
            5.3607546
          ],
          [
            100.3060799,
            5.3610558
          ]
        ]
      }
    },
    {
      "type": "Feature",
      "properties": {
        "id": 642532622,
        "highway": "service",
        "service": "parking_aisle"
      },
      "geometry": {
        "type": "LineString",
        "coordinates": [
          [
            100.3059934,
            5.3589865
          ],
          [
            100.3060317,
            5.3590209
          ],
          [
            100.3060428,
            5.3590386
          ],
          [
            100.3060509,
            5.3590706
          ],
          [
            100.3060576,
            5.3591
          ],
          [
            100.3060717,
            5.3591781
          ],
          [
            100.306089,
            5.359267
          ]
        ]
      }
    },
    {
      "type": "Feature",
      "properties": {
        "id": 642532623,
        "highway": "service"
      },
      "geometry": {
        "type": "LineString",
        "coordinates": [
          [
            100.3064306,
            5.3601238
          ],
          [
            100.3065189,
            5.3600358
          ]
        ]
      }
    },
    {
      "type": "Feature",
      "properties": {
        "id": 642532624,
        "highway": "service"
      },
      "geometry": {
        "type": "LineString",
        "coordinates": [
          [
            100.3042999,
            5.3618806
          ],
          [
            100.3044033,
            5.3616904
          ]
        ]
      }
    },
    {
      "type": "Feature",
      "properties": {
        "id": 642532625,
        "highway": "service",
        "service": "driveway"
      },
      "geometry": {
        "type": "LineString",
        "coordinates": [
          [
            100.306672,
            5.362251
          ],
          [
            100.3067583,
            5.3622432
          ],
          [
            100.3068709,
            5.3621764
          ]
        ]
      }
    },
    {
      "type": "Feature",
      "properties": {
        "id": 642532626,
        "highway": "service"
      },
      "geometry": {
        "type": "LineString",
        "coordinates": [
          [
            100.3031884,
            5.3594665
          ],
          [
            100.3031206,
            5.3594705
          ],
          [
            100.3030837,
            5.3594752
          ],
          [
            100.3030588,
            5.3594866
          ],
          [
            100.3030374,
            5.3595066
          ],
          [
            100.3030234,
            5.3595363
          ],
          [
            100.3030185,
            5.3595681
          ],
          [
            100.3030237,
            5.3596943
          ]
        ]
      }
    },
    {
      "type": "Feature",
      "properties": {
        "id": 642539253,
        "highway": "service"
      },
      "geometry": {
        "type": "LineString",
        "coordinates": [
          [
            100.3069817,
            5.3623278
          ],
          [
            100.3069758,
            5.362248
          ],
          [
            100.3069825,
            5.3622049
          ],
          [
            100.3069999,
            5.3621759
          ],
          [
            100.3070261,
            5.3621582
          ],
          [
            100.3071123,
            5.3621275
          ],
          [
            100.3071596,
            5.362123
          ],
          [
            100.3074471,
            5.3621452
          ]
        ]
      }
    },
    {
      "type": "Feature",
      "properties": {
        "id": 642539254,
        "highway": "service"
      },
      "geometry": {
        "type": "LineString",
        "coordinates": [
          [
            100.3089449,
            5.359364
          ],
          [
            100.3089449,
            5.3595026
          ],
          [
            100.3087604,
            5.3595068
          ],
          [
            100.3085786,
            5.35951
          ],
          [
            100.3085206,
            5.3595056
          ],
          [
            100.3084625,
            5.3594849
          ],
          [
            100.3084153,
            5.3594534
          ],
          [
            100.3083596,
            5.3593805
          ]
        ]
      }
    },
    {
      "type": "Feature",
      "properties": {
        "id": 645205095,
        "highway": "tertiary",
        "name": "Jalan Universiti",
        "name:ms": "Jalan Universiti",
        "name:zh": "\u5927\u5b66\u8def",
        "name:zh-Hans": "\u5927\u5b66\u8def",
        "name:zh-Hant": "\u5927\u5b78\u8def",
        "oneway": "yes",
        "sidewalk:left": "separate",
        "sidewalk:right": "no",
        "surface": "asphalt"
      },
      "geometry": {
        "type": "LineString",
        "coordinates": [
          [
            100.2936551,
            5.3552506
          ],
          [
            100.2935125,
            5.3552143
          ],
          [
            100.2934897,
            5.3552101
          ],
          [
            100.2933351,
            5.3552144
          ],
          [
            100.2933098,
            5.3552153
          ],
          [
            100.2932491,
            5.3552304
          ],
          [
            100.2931875,
            5.355248
          ]
        ]
      }
    },
    {
      "type": "Feature",
      "properties": {
        "id": 645206890,
        "highway": "service",
        "maxspeed": "40",
        "surface": "asphalt"
      },
      "geometry": {
        "type": "LineString",
        "coordinates": [
          [
            100.2927508,
            5.3536088
          ],
          [
            100.2927717,
            5.3536305
          ],
          [
            100.2927841,
            5.353656
          ],
          [
            100.2929944,
            5.3542775
          ],
          [
            100.2930164,
            5.3543436
          ],
          [
            100.293167,
            5.3551221
          ],
          [
            100.2931785,
            5.3551929
          ],
          [
            100.2931875,
            5.355248
          ]
        ]
      }
    },
    {
      "type": "Feature",
      "properties": {
        "id": 645206891,
        "highway": "service",
        "surface": "asphalt"
      },
      "geometry": {
        "type": "LineString",
        "coordinates": [
          [
            100.2927508,
            5.3536088
          ],
          [
            100.2930932,
            5.3534997
          ],
          [
            100.2931109,
            5.3534883
          ],
          [
            100.2931447,
            5.3534412
          ],
          [
            100.293154,
            5.3534146
          ],
          [
            100.293145,
            5.3533629
          ],
          [
            100.2931296,
            5.3533477
          ],
          [
            100.2931045,
            5.3533441
          ],
          [
            100.2926129,
            5.3534772
          ]
        ]
      }
    },
    {
      "type": "Feature",
      "properties": {
        "id": 645288544,
        "highway": "tertiary",
        "maxspeed": "30",
        "name": "Jalan Masjid",
        "name:ms": "Jalan Masjid",
        "name:zh": "\u6e05\u771f\u5bfa\u8def",
        "name:zh-Hans": "\u6e05\u771f\u5bfa\u8def",
        "name:zh-Hant": "\u6e05\u771f\u5bfa\u8def",
        "surface": "asphalt"
      },
      "geometry": {
        "type": "LineString",
        "coordinates": [
          [
            100.3022109,
            5.3547453
          ],
          [
            100.3022267,
            5.3546887
          ]
        ]
      }
    },
    {
      "type": "Feature",
      "properties": {
        "id": 645335692,
        "highway": "service",
        "oneway": "yes"
      },
      "geometry": {
        "type": "LineString",
        "coordinates": [
          [
            100.2904498,
            5.3537029
          ],
          [
            100.2907462,
            5.3534746
          ]
        ]
      }
    },
    {
      "type": "Feature",
      "properties": {
        "id": 645335694,
        "highway": "service",
        "surface": "asphalt"
      },
      "geometry": {
        "type": "LineString",
        "coordinates": [
          [
            100.2927508,
            5.3536088
          ],
          [
            100.2926818,
            5.3535817
          ],
          [
            100.2926618,
            5.3535605
          ],
          [
            100.2926129,
            5.3534772
          ],
          [
            100.2925383,
            5.3533427
          ],
          [
            100.2925254,
            5.3533204
          ],
          [
            100.2923841,
            5.3528648
          ],
          [
            100.2923655,
            5.3527958
          ],
          [
            100.2923387,
            5.3526961
          ]
        ]
      }
    },
    {
      "type": "Feature",
      "properties": {
        "id": 645335698,
        "highway": "service"
      },
      "geometry": {
        "type": "LineString",
        "coordinates": [
          [
            100.2901071,
            5.3548326
          ],
          [
            100.2899341,
            5.3547017
          ]
        ]
      }
    },
    {
      "type": "Feature",
      "properties": {
        "id": 645335700,
        "highway": "service"
      },
      "geometry": {
        "type": "LineString",
        "coordinates": [
          [
            100.290032,
            5.3549247
          ],
          [
            100.2901071,
            5.3548326
          ],
          [
            100.2901863,
            5.3547338
          ]
        ]
      }
    },
    {
      "type": "Feature",
      "properties": {
        "id": 645335704,
        "highway": "service"
      },
      "geometry": {
        "type": "LineString",
        "coordinates": [
          [
            100.2910975,
            5.3539607
          ],
          [
            100.2912893,
            5.353984
          ],
          [
            100.2913611,
            5.3539887
          ],
          [
            100.2913946,
            5.35397
          ],
          [
            100.2916595,
            5.3537844
          ],
          [
            100.2916756,
            5.3537644
          ],
          [
            100.2916823,
            5.3537383
          ],
          [
            100.2916823,
            5.3537063
          ],
          [
            100.2916648,
            5.3536736
          ],
          [
            100.2916514,
            5.3536596
          ],
          [
            100.2916078,
            5.3536509
          ],
          [
            100.2915797,
            5.3536515
          ],
          [
            100.2915475,
            5.3536636
          ],
          [
            100.2912625,
            5.3538939
          ]
        ]
      }
    },
    {
      "type": "Feature",
      "properties": {
        "id": 645335707,
        "highway": "service"
      },
      "geometry": {
        "type": "LineString",
        "coordinates": [
          [
            100.2900434,
            5.353972
          ],
          [
            100.2901105,
            5.3539039
          ],
          [
            100.2901192,
            5.3538365
          ],
          [
            100.2901252,
            5.3537817
          ],
          [
            100.29014,
            5.3537417
          ],
          [
            100.2901648,
            5.3537136
          ],
          [
            100.2901977,
            5.3537003
          ],
          [
            100.2902272,
            5.353709
          ],
          [
            100.2902526,
            5.3537216
          ],
          [
            100.2902761,
            5.3537477
          ]
        ]
      }
    },
    {
      "type": "Feature",
      "properties": {
        "id": 645335710,
        "highway": "service",
        "oneway": "yes"
      },
      "geometry": {
        "type": "LineString",
        "coordinates": [
          [
            100.2907381,
            5.3532423
          ],
          [
            100.2903673,
            5.3535714
          ],
          [
            100.2903613,
            5.3535941
          ],
          [
            100.2903693,
            5.3536115
          ],
          [
            100.2904498,
            5.3537029
          ]
        ]
      }
    },
    {
      "type": "Feature",
      "properties": {
        "id": 645335712,
        "highway": "service"
      },
      "geometry": {
        "type": "LineString",
        "coordinates": [
          [
            100.2912535,
            5.3537179
          ],
          [
            100.291186,
            5.3536349
          ],
          [
            100.2911666,
            5.3536162
          ],
          [
            100.291117,
            5.3536302
          ],
          [
            100.2910157,
            5.3536689
          ],
          [
            100.2909695,
            5.3536549
          ],
          [
            100.2909044,
            5.3536088
          ],
          [
            100.2908199,
            5.353534
          ],
          [
            100.2907462,
            5.3534746
          ]
        ]
      }
    },
    {
      "type": "Feature",
      "properties": {
        "id": 645335715,
        "highway": "service"
      },
      "geometry": {
        "type": "LineString",
        "coordinates": [
          [
            100.2905014,
            5.3550929
          ],
          [
            100.2904907,
            5.35444
          ],
          [
            100.2904826,
            5.3542985
          ],
          [
            100.2905028,
            5.3542317
          ],
          [
            100.2905202,
            5.354169
          ]
        ]
      }
    },
    {
      "type": "Feature",
      "properties": {
        "id": 646808346,
        "access": "private",
        "highway": "service"
      },
      "geometry": {
        "type": "LineString",
        "coordinates": [
          [
            100.3083038,
            5.3551427
          ],
          [
            100.3084494,
            5.3550095
          ],
          [
            100.3084618,
            5.3549853
          ],
          [
            100.3084638,
            5.3549542
          ],
          [
            100.3084483,
            5.3549197
          ],
          [
            100.3082679,
            5.3547345
          ]
        ]
      }
    },
    {
      "type": "Feature",
      "properties": {
        "id": 646808349,
        "highway": "service"
      },
      "geometry": {
        "type": "LineString",
        "coordinates": [
          [
            100.3087577,
            5.3574105
          ],
          [
            100.3089757,
            5.3573224
          ]
        ]
      }
    },
    {
      "type": "Feature",
      "properties": {
        "id": 646808350,
        "highway": "service"
      },
      "geometry": {
        "type": "LineString",
        "coordinates": [
          [
            100.3089266,
            5.3575185
          ],
          [
            100.3088406,
            5.3575535
          ],
          [
            100.3088255,
            5.3575558
          ],
          [
            100.3088107,
            5.3575455
          ],
          [
            100.3087882,
            5.3574882
          ],
          [
            100.3087577,
            5.3574105
          ],
          [
            100.3087016,
            5.3572677
          ],
          [
            100.3087021,
            5.3572516
          ],
          [
            100.3087095,
            5.3572416
          ],
          [
            100.30892,
            5.3571527
          ]
        ]
      }
    },
    {
      "type": "Feature",
      "properties": {
        "id": 646808358,
        "highway": "service"
      },
      "geometry": {
        "type": "LineString",
        "coordinates": [
          [
            100.3082135,
            5.3588901
          ],
          [
            100.308297,
            5.3584707
          ],
          [
            100.3083117,
            5.358364
          ],
          [
            100.30829,
            5.3578967
          ],
          [
            100.3082868,
            5.3578359
          ],
          [
            100.3082923,
            5.3577839
          ],
          [
            100.3083063,
            5.3577387
          ],
          [
            100.30834,
            5.3577023
          ],
          [
            100.3087882,
            5.3574882
          ]
        ]
      }
    },
    {
      "type": "Feature",
      "properties": {
        "id": 646808387,
        "access": "private",
        "highway": "service"
      },
      "geometry": {
        "type": "LineString",
        "coordinates": [
          [
            100.3082737,
            5.3552387
          ],
          [
            100.3083073,
            5.3552748
          ],
          [
            100.3084926,
            5.3554668
          ],
          [
            100.3085225,
            5.3554841
          ],
          [
            100.3085617,
            5.3554792
          ],
          [
            100.3086755,
            5.3553853
          ],
          [
            100.3086925,
            5.3553681
          ],
          [
            100.3086995,
            5.3553392
          ],
          [
            100.308695,
            5.3553125
          ],
          [
            100.3085423,
            5.355135
          ],
          [
            100.3085169,
            5.355118
          ],
          [
            100.308487,
            5.3551187
          ],
          [
            100.3084651,
            5.3551279
          ],
          [
            100.3083073,
            5.3552748
          ]
        ]
      }
    },
    {
      "type": "Feature",
      "properties": {
        "id": 646822586,
        "highway": "service"
      },
      "geometry": {
        "type": "LineString",
        "coordinates": [
          [
            100.3061248,
            5.3588894
          ],
          [
            100.3060938,
            5.3588955
          ],
          [
            100.306077,
            5.3589031
          ],
          [
            100.3060598,
            5.358918
          ],
          [
            100.3059934,
            5.3589865
          ]
        ]
      }
    },
    {
      "type": "Feature",
      "properties": {
        "id": 646822589,
        "highway": "service",
        "surface": "asphalt"
      },
      "geometry": {
        "type": "LineString",
        "coordinates": [
          [
            100.3052025,
            5.3592483
          ],
          [
            100.3051547,
            5.3590709
          ],
          [
            100.3051254,
            5.3590245
          ],
          [
            100.3050836,
            5.3590007
          ],
          [
            100.30489,
            5.3589264
          ],
          [
            100.3048464,
            5.3589036
          ],
          [
            100.3048126,
            5.3588725
          ],
          [
            100.3047352,
            5.3587435
          ]
        ]
      }
    },
    {
      "type": "Feature",
      "properties": {
        "id": 646822591,
        "highway": "service",
        "surface": "asphalt"
      },
      "geometry": {
        "type": "LineString",
        "coordinates": [
          [
            100.3057067,
            5.3561145
          ],
          [
            100.3054467,
            5.3563482
          ]
        ]
      }
    },
    {
      "type": "Feature",
      "properties": {
        "id": 646822593,
        "highway": "service",
        "is_in": "Universiti Sains Malaysia",
        "oneway": "no",
        "surface": "asphalt"
      },
      "geometry": {
        "type": "LineString",
        "coordinates": [
          [
            100.3031873,
            5.3586228
          ],
          [
            100.303342,
            5.3585727
          ],
          [
            100.3033853,
            5.358549
          ],
          [
            100.3034728,
            5.3584834
          ],
          [
            100.3035079,
            5.3584453
          ],
          [
            100.3035292,
            5.3583967
          ],
          [
            100.3037089,
            5.3577066
          ]
        ]
      }
    },
    {
      "type": "Feature",
      "properties": {
        "id": 646822594,
        "highway": "service",
        "oneway": "yes",
        "surface": "asphalt"
      },
      "geometry": {
        "type": "LineString",
        "coordinates": [
          [
            100.3034103,
            5.3586984
          ],
          [
            100.3033684,
            5.3588433
          ],
          [
            100.3033645,
            5.3588667
          ],
          [
            100.303351,
            5.3591318
          ],
          [
            100.303344,
            5.3591565
          ],
          [
            100.3033297,
            5.3591831
          ],
          [
            100.3033077,
            5.3592058
          ],
          [
            100.3032767,
            5.3592193
          ],
          [
            100.3031897,
            5.3592334
          ]
        ]
      }
    },
    {
      "type": "Feature",
      "properties": {
        "id": 646822596,
        "highway": "service",
        "oneway": "yes",
        "surface": "asphalt"
      },
      "geometry": {
        "type": "LineString",
        "coordinates": [
          [
            100.3064469,
            5.3564379
          ],
          [
            100.3059507,
            5.3562839
          ],
          [
            100.305866,
            5.3562675
          ]
        ]
      }
    },
    {
      "type": "Feature",
      "properties": {
        "id": 646822597,
        "highway": "service",
        "oneway": "yes"
      },
      "geometry": {
        "type": "LineString",
        "coordinates": [
          [
            100.306807,
            5.356107
          ],
          [
            100.3067734,
            5.3561039
          ],
          [
            100.3067419,
            5.3561166
          ],
          [
            100.3067167,
            5.3561313
          ],
          [
            100.3064469,
            5.3564379
          ],
          [
            100.306541,
            5.3564686
          ],
          [
            100.3065661,
            5.356471
          ],
          [
            100.3065952,
            5.3564574
          ],
          [
            100.306824,
            5.356201
          ],
          [
            100.3068388,
            5.3561823
          ],
          [
            100.3068456,
            5.3561622
          ],
          [
            100.3068435,
            5.3561422
          ],
          [
            100.3068319,
            5.3561244
          ],
          [
            100.306807,
            5.356107
          ]
        ]
      }
    },
    {
      "type": "Feature",
      "properties": {
        "id": 646822600,
        "highway": "service",
        "service": "parking_aisle",
        "surface": "asphalt"
      },
      "geometry": {
        "type": "LineString",
        "coordinates": [
          [
            100.3042719,
            5.3548497
          ],
          [
            100.3041217,
            5.3545553
          ]
        ]
      }
    },
    {
      "type": "Feature",
      "properties": {
        "id": 646822602,
        "highway": "service"
      },
      "geometry": {
        "type": "LineString",
        "coordinates": [
          [
            100.3036009,
            5.3561797
          ],
          [
            100.3038181,
            5.3559349
          ]
        ]
      }
    },
    {
      "type": "Feature",
      "properties": {
        "id": 646822603,
        "highway": "service",
        "oneway": "yes",
        "surface": "asphalt"
      },
      "geometry": {
        "type": "LineString",
        "coordinates": [
          [
            100.3057328,
            5.3552546
          ],
          [
            100.3056961,
            5.355274
          ],
          [
            100.304984,
            5.3556511
          ],
          [
            100.3049371,
            5.3556831
          ],
          [
            100.3049065,
            5.3557079
          ],
          [
            100.3042896,
            5.3551484
          ],
          [
            100.3045077,
            5.3549517
          ],
          [
            100.3045554,
            5.3549286
          ],
          [
            100.3046093,
            5.3549286
          ],
          [
            100.30465,
            5.3549181
          ],
          [
            100.3047387,
            5.3548667
          ]
        ]
      }
    },
    {
      "type": "Feature",
      "properties": {
        "id": 646822605,
        "highway": "service",
        "surface": "asphalt"
      },
      "geometry": {
        "type": "LineString",
        "coordinates": [
          [
            100.3046501,
            5.3546857
          ],
          [
            100.3047387,
            5.3548667
          ],
          [
            100.30483,
            5.3550303
          ]
        ]
      }
    },
    {
      "type": "Feature",
      "properties": {
        "id": 646822606,
        "highway": "service",
        "surface": "asphalt"
      },
      "geometry": {
        "type": "LineString",
        "coordinates": [
          [
            100.3061616,
            5.3553531
          ],
          [
            100.3058209,
            5.3555243
          ],
          [
            100.3056502,
            5.35561
          ]
        ]
      }
    },
    {
      "type": "Feature",
      "properties": {
        "id": 646847569,
        "highway": "service",
        "is_in": "Universiti Sains Malaysia",
        "oneway": "yes"
      },
      "geometry": {
        "type": "LineString",
        "coordinates": [
          [
            100.3025744,
            5.3579127
          ],
          [
            100.3025847,
            5.357945
          ],
          [
            100.3026011,
            5.3579721
          ],
          [
            100.3026288,
            5.357997
          ],
          [
            100.3026654,
            5.358009
          ],
          [
            100.302929,
            5.3580085
          ]
        ]
      }
    },
    {
      "type": "Feature",
      "properties": {
        "id": 646847571,
        "highway": "service",
        "oneway": "yes"
      },
      "geometry": {
        "type": "LineString",
        "coordinates": [
          [
            100.3031804,
            5.3579399
          ],
          [
            100.3033345,
            5.3578613
          ],
          [
            100.3033448,
            5.3578519
          ],
          [
            100.3033497,
            5.3578404
          ],
          [
            100.3033493,
            5.3578012
          ],
          [
            100.3033469,
            5.3577907
          ],
          [
            100.3033224,
            5.3577222
          ],
          [
            100.3033121,
            5.3577079
          ],
          [
            100.3032988,
            5.3576976
          ],
          [
            100.3032833,
            5.3576924
          ],
          [
            100.3032646,
            5.3576903
          ],
          [
            100.3031822,
            5.3576908
          ],
          [
            100.3029103,
            5.3576907
          ],
          [
            100.3029004,
            5.357696
          ],
          [
            100.3028962,
            5.3577051
          ],
          [
            100.3028977,
            5.3578039
          ],
          [
            100.3028993,
            5.3579085
          ]
        ]
      }
    },
    {
      "type": "Feature",
      "properties": {
        "id": 646847574,
        "highway": "unclassified",
        "name": "Jalan Inovasi",
        "name:ms": "Jalan Inovasi",
        "surface": "asphalt"
      },
      "geometry": {
        "type": "LineString",
        "coordinates": [
          [
            100.2986892,
            5.3550759
          ],
          [
            100.298651,
            5.3556046
          ],
          [
            100.2986477,
            5.3556502
          ]
        ]
      }
    },
    {
      "type": "Feature",
      "properties": {
        "id": 646847575,
        "highway": "service",
        "motor_vehicle": "no",
        "service": "parking_aisle"
      },
      "geometry": {
        "type": "LineString",
        "coordinates": [
          [
            100.3021851,
            5.3538541
          ],
          [
            100.302265,
            5.3535497
          ]
        ]
      }
    },
    {
      "type": "Feature",
      "properties": {
        "id": 646847577,
        "highway": "service"
      },
      "geometry": {
        "type": "LineString",
        "coordinates": [
          [
            100.2992621,
            5.3564729
          ],
          [
            100.2992085,
            5.3564636
          ],
          [
            100.299177,
            5.3564916
          ],
          [
            100.2991341,
            5.3568121
          ]
        ]
      }
    },
    {
      "type": "Feature",
      "properties": {
        "id": 646847582,
        "highway": "service",
        "motor_vehicle": "no",
        "surface": "grass"
      },
      "geometry": {
        "type": "LineString",
        "coordinates": [
          [
            100.3004975,
            5.3542196
          ],
          [
            100.3004942,
            5.3541755
          ],
          [
            100.3004804,
            5.354161
          ],
          [
            100.3003866,
            5.3541099
          ],
          [
            100.3003701,
            5.3541041
          ],
          [
            100.3001198,
            5.3540782
          ]
        ]
      }
    },
    {
      "type": "Feature",
      "properties": {
        "id": 646847583,
        "highway": "service",
        "service": "driveway",
        "surface": "asphalt"
      },
      "geometry": {
        "type": "LineString",
        "coordinates": [
          [
            100.3011486,
            5.3564496
          ],
          [
            100.3008894,
            5.3564515
          ],
          [
            100.3008629,
            5.356444
          ],
          [
            100.3008039,
            5.3564146
          ]
        ]
      }
    },
    {
      "type": "Feature",
      "properties": {
        "id": 646847589,
        "highway": "service",
        "service": "parking_aisle"
      },
      "geometry": {
        "type": "LineString",
        "coordinates": [
          [
            100.300736,
            5.3581864
          ],
          [
            100.3009666,
            5.3581965
          ]
        ]
      }
    },
    {
      "type": "Feature",
      "properties": {
        "id": 646847590,
        "highway": "service"
      },
      "geometry": {
        "type": "LineString",
        "coordinates": [
          [
            100.3005604,
            5.3580106
          ],
          [
            100.3006735,
            5.3580194
          ],
          [
            100.3006893,
            5.3580232
          ],
          [
            100.3007007,
            5.3580317
          ],
          [
            100.3007085,
            5.3580439
          ],
          [
            100.3007123,
            5.3580587
          ],
          [
            100.300736,
            5.3581864
          ],
          [
            100.3007424,
            5.3582498
          ],
          [
            100.3007444,
            5.3583424
          ]
        ]
      }
    },
    {
      "type": "Feature",
      "properties": {
        "id": 646847591,
        "highway": "service"
      },
      "geometry": {
        "type": "LineString",
        "coordinates": [
          [
            100.2985702,
            5.3577327
          ],
          [
            100.2990336,
            5.357723
          ],
          [
            100.2991325,
            5.3577296
          ]
        ]
      }
    },
    {
      "type": "Feature",
      "properties": {
        "id": 646847592,
        "highway": "service"
      },
      "geometry": {
        "type": "LineString",
        "coordinates": [
          [
            100.2987798,
            5.3556284
          ],
          [
            100.298651,
            5.3556046
          ]
        ]
      }
    },
    {
      "type": "Feature",
      "properties": {
        "id": 646847594,
        "highway": "service",
        "surface": "asphalt"
      },
      "geometry": {
        "type": "LineString",
        "coordinates": [
          [
            100.2992641,
            5.3552597
          ],
          [
            100.2995525,
            5.3552912
          ]
        ]
      }
    },
    {
      "type": "Feature",
      "properties": {
        "id": 646847595,
        "highway": "service",
        "surface": "asphalt"
      },
      "geometry": {
        "type": "LineString",
        "coordinates": [
          [
            100.2992641,
            5.3552597
          ],
          [
            100.299071,
            5.3552331
          ],
          [
            100.2989551,
            5.3552121
          ],
          [
            100.2989027,
            5.3552091
          ],
          [
            100.2988699,
            5.3552171
          ],
          [
            100.2988458,
            5.3552465
          ],
          [
            100.2988273,
            5.3553726
          ],
          [
            100.2987948,
            5.355595
          ],
          [
            100.2987798,
            5.3556284
          ],
          [
            100.2987727,
            5.3556444
          ],
          [
            100.2987491,
            5.3556782
          ],
          [
            100.298761,
            5.3557135
          ],
          [
            100.2987776,
            5.3557414
          ],
          [
            100.2988922,
            5.3558515
          ]
        ]
      }
    },
    {
      "type": "Feature",
      "properties": {
        "id": 646847597,
        "highway": "service",
        "service": "parking_aisle"
      },
      "geometry": {
        "type": "LineString",
        "coordinates": [
          [
            100.3028892,
            5.3535267
          ],
          [
            100.3027412,
            5.353503
          ]
        ]
      }
    },
    {
      "type": "Feature",
      "properties": {
        "id": 646847598,
        "highway": "service",
        "service": "parking_aisle",
        "surface": "asphalt"
      },
      "geometry": {
        "type": "LineString",
        "coordinates": [
          [
            100.302372,
            5.3541677
          ],
          [
            100.3025452,
            5.3542264
          ],
          [
            100.3027423,
            5.3535107
          ],
          [
            100.3027412,
            5.353503
          ]
        ]
      }
    },
    {
      "type": "Feature",
      "properties": {
        "id": 646847599,
        "highway": "service",
        "service": "parking_aisle"
      },
      "geometry": {
        "type": "LineString",
        "coordinates": [
          [
            100.3027022,
            5.3546957
          ],
          [
            100.3027886,
            5.35444
          ]
        ]
      }
    },
    {
      "type": "Feature",
      "properties": {
        "id": 646847600,
        "highway": "service",
        "service": "parking_aisle"
      },
      "geometry": {
        "type": "LineString",
        "coordinates": [
          [
            100.3025705,
            5.3546609
          ],
          [
            100.3026451,
            5.3543813
          ]
        ]
      }
    },
    {
      "type": "Feature",
      "properties": {
        "id": 646847601,
        "highway": "service",
        "service": "parking_aisle",
        "surface": "asphalt"
      },
      "geometry": {
        "type": "LineString",
        "coordinates": [
          [
            100.3028892,
            5.3535267
          ],
          [
            100.3032084,
            5.3536215
          ],
          [
            100.3032835,
            5.3536782
          ],
          [
            100.3033405,
            5.3537317
          ],
          [
            100.30338,
            5.3538004
          ],
          [
            100.3033639,
            5.3539032
          ],
          [
            100.3031091,
            5.3547057
          ],
          [
            100.3030944,
            5.3547658
          ],
          [
            100.3030602,
            5.3547852
          ],
          [
            100.3030179,
            5.3547792
          ],
          [
            100.3027022,
            5.3546957
          ],
          [
            100.3025705,
            5.3546609
          ],
          [
            100.3024976,
            5.3546416
          ],
          [
            100.3024627,
            5.3546203
          ],
          [
            100.3024406,
            5.3545922
          ],
          [
            100.3024292,
            5.3545402
          ],
          [
            100.3025452,
            5.3542264
          ]
        ]
      }
    },
    {
      "type": "Feature",
      "properties": {
        "id": 646847602,
        "highway": "service",
        "service": "parking_aisle",
        "surface": "asphalt"
      },
      "geometry": {
        "type": "LineString",
        "coordinates": [
          [
            100.3027412,
            5.353503
          ],
          [
            100.302798,
            5.3532877
          ],
          [
            100.3028101,
            5.353251
          ],
          [
            100.3028449,
            5.353245
          ],
          [
            100.3029368,
            5.353263
          ],
          [
            100.3029583,
            5.3532803
          ],
          [
            100.3029697,
            5.3533117
          ],
          [
            100.3029221,
            5.3534079
          ],
          [
            100.3028892,
            5.3535267
          ]
        ]
      }
    },
    {
      "type": "Feature",
      "properties": {
        "id": 646847604,
        "highway": "service",
        "service": "parking_aisle",
        "surface": "asphalt"
      },
      "geometry": {
        "type": "LineString",
        "coordinates": [
          [
            100.3024865,
            5.3537571
          ],
          [
            100.3023035,
            5.3535317
          ]
        ]
      }
    },
    {
      "type": "Feature",
      "properties": {
        "id": 646847605,
        "highway": "service",
        "service": "parking_aisle",
        "surface": "asphalt"
      },
      "geometry": {
        "type": "LineString",
        "coordinates": [
          [
            100.3020845,
            5.354197
          ],
          [
            100.302013,
            5.354454
          ],
          [
            100.3020174,
            5.3544682
          ],
          [
            100.302032,
            5.3544779
          ],
          [
            100.3021194,
            5.3545022
          ],
          [
            100.3021364,
            5.3544994
          ],
          [
            100.3021458,
            5.3544916
          ]
        ]
      }
    },
    {
      "type": "Feature",
      "properties": {
        "id": 646847607,
        "highway": "service",
        "service": "parking_aisle",
        "surface": "asphalt"
      },
      "geometry": {
        "type": "LineString",
        "coordinates": [
          [
            100.3021458,
            5.3544916
          ],
          [
            100.3022225,
            5.354239
          ],
          [
            100.3023238,
            5.3539136
          ]
        ]
      }
    },
    {
      "type": "Feature",
      "properties": {
        "id": 646847608,
        "highway": "service",
        "service": "parking_aisle",
        "surface": "asphalt"
      },
      "geometry": {
        "type": "LineString",
        "coordinates": [
          [
            100.3022225,
            5.354239
          ],
          [
            100.3020845,
            5.354197
          ],
          [
            100.3021809,
            5.3538702
          ],
          [
            100.3023238,
            5.3539136
          ]
        ]
      }
    },
    {
      "type": "Feature",
      "properties": {
        "id": 646847610,
        "highway": "service",
        "oneway": "yes",
        "surface": "asphalt"
      },
      "geometry": {
        "type": "LineString",
        "coordinates": [
          [
            100.3018526,
            5.3551969
          ],
          [
            100.3018542,
            5.3549043
          ],
          [
            100.3018513,
            5.3548617
          ],
          [
            100.3018365,
            5.3548288
          ],
          [
            100.3018152,
            5.3548035
          ],
          [
            100.3016995,
            5.3547168
          ]
        ]
      }
    },
    {
      "type": "Feature",
      "properties": {
        "id": 646847611,
        "highway": "service",
        "service": "parking_aisle"
      },
      "geometry": {
        "type": "LineString",
        "coordinates": [
          [
            100.3017845,
            5.3574461
          ],
          [
            100.3021584,
            5.3574457
          ],
          [
            100.3022507,
            5.3574727
          ],
          [
            100.3022509,
            5.357484
          ]
        ]
      }
    },
    {
      "type": "Feature",
      "properties": {
        "id": 646847613,
        "highway": "service",
        "oneway": "yes",
        "service": "parking_aisle"
      },
      "geometry": {
        "type": "LineString",
        "coordinates": [
          [
            100.3017825,
            5.3573246
          ],
          [
            100.3018922,
            5.3573101
          ],
          [
            100.302058,
            5.3573077
          ],
          [
            100.3020692,
            5.3573048
          ],
          [
            100.3020784,
            5.3572993
          ],
          [
            100.3020954,
            5.3572781
          ],
          [
            100.3019435,
            5.3571574
          ],
          [
            100.3017646,
            5.3570097
          ],
          [
            100.3017335,
            5.3569953
          ],
          [
            100.3016977,
            5.3569903
          ],
          [
            100.3015813,
            5.3569923
          ],
          [
            100.3012866,
            5.3570001
          ]
        ]
      }
    },
    {
      "type": "Feature",
      "properties": {
        "id": 646847614,
        "highway": "service",
        "oneway": "yes",
        "service": "parking_aisle"
      },
      "geometry": {
        "type": "LineString",
        "coordinates": [
          [
            100.3019435,
            5.3571574
          ],
          [
            100.301371,
            5.3571784
          ]
        ]
      }
    },
    {
      "type": "Feature",
      "properties": {
        "id": 646847618,
        "highway": "service",
        "oneway": "yes",
        "surface": "asphalt"
      },
      "geometry": {
        "type": "LineString",
        "coordinates": [
          [
            100.3013352,
            5.3577496
          ],
          [
            100.3014633,
            5.3575636
          ],
          [
            100.301484,
            5.3575103
          ],
          [
            100.3014881,
            5.3574508
          ],
          [
            100.301467,
            5.3573852
          ],
          [
            100.3014429,
            5.3573301
          ],
          [
            100.301371,
            5.3571784
          ],
          [
            100.3012866,
            5.3570001
          ],
          [
            100.3011789,
            5.3567728
          ],
          [
            100.301163,
            5.3567392
          ],
          [
            100.3011476,
            5.3567128
          ],
          [
            100.3011053,
            5.3566507
          ],
          [
            100.3010789,
            5.3566119
          ],
          [
            100.3010517,
            5.3565812
          ],
          [
            100.3010111,
            5.3565574
          ],
          [
            100.3009662,
            5.3565484
          ],
          [
            100.3009149,
            5.3565513
          ],
          [
            100.3008658,
            5.3565633
          ]
        ]
      }
    },
    {
      "type": "Feature",
      "properties": {
        "id": 646847625,
        "highway": "service",
        "service": "parking_aisle"
      },
      "geometry": {
        "type": "LineString",
        "coordinates": [
          [
            100.3000487,
            5.3561176
          ],
          [
            100.2999519,
            5.3561195
          ],
          [
            100.299924,
            5.35612
          ],
          [
            100.2997214,
            5.3561236
          ]
        ]
      }
    },
    {
      "type": "Feature",
      "properties": {
        "id": 646847626,
        "highway": "service",
        "service": "parking_aisle"
      },
      "geometry": {
        "type": "LineString",
        "coordinates": [
          [
            100.3001729,
            5.3565574
          ],
          [
            100.3000683,
            5.3565581
          ],
          [
            100.3000572,
            5.3565549
          ],
          [
            100.3000473,
            5.3565487
          ],
          [
            100.3000419,
            5.3565394
          ],
          [
            100.3000394,
            5.3565269
          ],
          [
            100.3000296,
            5.3563404
          ]
        ]
      }
    },
    {
      "type": "Feature",
      "properties": {
        "id": 646847630,
        "highway": "service",
        "service": "parking_aisle"
      },
      "geometry": {
        "type": "LineString",
        "coordinates": [
          [
            100.3003368,
            5.3573014
          ],
          [
            100.3004743,
            5.3572809
          ],
          [
            100.3004918,
            5.35728
          ],
          [
            100.3005081,
            5.3572839
          ],
          [
            100.3005217,
            5.3572941
          ],
          [
            100.3005304,
            5.3573096
          ],
          [
            100.3005612,
            5.3574694
          ]
        ]
      }
    },
    {
      "type": "Feature",
      "properties": {
        "id": 646847632,
        "highway": "service",
        "service": "parking_aisle",
        "surface": "asphalt"
      },
      "geometry": {
        "type": "LineString",
        "coordinates": [
          [
            100.301149,
            5.3573886
          ],
          [
            100.300874,
            5.3575255
          ]
        ]
      }
    },
    {
      "type": "Feature",
      "properties": {
        "id": 646847633,
        "highway": "service"
      },
      "geometry": {
        "type": "LineString",
        "coordinates": [
          [
            100.2991618,
            5.357145
          ],
          [
            100.2990939,
            5.3570911
          ],
          [
            100.2990577,
            5.3570231
          ],
          [
            100.2990724,
            5.3569509
          ],
          [
            100.2991006,
            5.3568962
          ],
          [
            100.2991341,
            5.3568121
          ],
          [
            100.2991656,
            5.3567927
          ],
          [
            100.2992125,
            5.3567885
          ]
        ]
      }
    },
    {
      "type": "Feature",
      "properties": {
        "id": 646847634,
        "highway": "service"
      },
      "geometry": {
        "type": "LineString",
        "coordinates": [
          [
            100.298458,
            5.3576985
          ],
          [
            100.2985105,
            5.3577134
          ],
          [
            100.2985702,
            5.3577327
          ]
        ]
      }
    },
    {
      "type": "Feature",
      "properties": {
        "id": 646847635,
        "highway": "service"
      },
      "geometry": {
        "type": "LineString",
        "coordinates": [
          [
            100.2982952,
            5.3578309
          ],
          [
            100.298458,
            5.3576985
          ]
        ]
      }
    },
    {
      "type": "Feature",
      "properties": {
        "id": 646850432,
        "highway": "service",
        "surface": "asphalt"
      },
      "geometry": {
        "type": "LineString",
        "coordinates": [
          [
            100.2953912,
            5.3572043
          ],
          [
            100.2954152,
            5.3572013
          ],
          [
            100.2956057,
            5.3571773
          ],
          [
            100.2957277,
            5.3571532
          ],
          [
            100.2957626,
            5.3571305
          ]
        ]
      }
    },
    {
      "type": "Feature",
      "properties": {
        "id": 646850433,
        "highway": "service",
        "surface": "asphalt"
      },
      "geometry": {
        "type": "LineString",
        "coordinates": [
          [
            100.2953346,
            5.3564966
          ],
          [
            100.2951926,
            5.3564909
          ],
          [
            100.2947862,
            5.3564602
          ]
        ]
      }
    },
    {
      "type": "Feature",
      "properties": {
        "id": 646850434,
        "highway": "service",
        "surface": "asphalt"
      },
      "geometry": {
        "type": "LineString",
        "coordinates": [
          [
            100.295374,
            5.3569848
          ],
          [
            100.294915,
            5.3570077
          ]
        ]
      }
    },
    {
      "type": "Feature",
      "properties": {
        "id": 646850435,
        "highway": "service",
        "surface": "unpaved"
      },
      "geometry": {
        "type": "LineString",
        "coordinates": [
          [
            100.2946532,
            5.357784
          ],
          [
            100.2946253,
            5.3577207
          ],
          [
            100.2946025,
            5.3576793
          ],
          [
            100.2945837,
            5.3576406
          ],
          [
            100.294538,
            5.3572742
          ]
        ]
      }
    },
    {
      "type": "Feature",
      "properties": {
        "id": 646855992,
        "highway": "service"
      },
      "geometry": {
        "type": "LineString",
        "coordinates": [
          [
            100.2969681,
            5.356104
          ],
          [
            100.296938,
            5.3555988
          ]
        ]
      }
    },
    {
      "type": "Feature",
      "properties": {
        "id": 646855995,
        "ele": "0",
        "highway": "residential",
        "name": "Jalan Damai",
        "name:ms": "Jalan Damai",
        "oneway": "no",
        "surface": "asphalt"
      },
      "geometry": {
        "type": "LineString",
        "coordinates": [
          [
            100.296563,
            5.3550559
          ],
          [
            100.29656,
            5.3550072
          ],
          [
            100.2965448,
            5.3547568
          ],
          [
            100.2965266,
            5.3544578
          ],
          [
            100.296524,
            5.354424
          ],
          [
            100.2965239,
            5.3544218
          ],
          [
            100.2965075,
            5.3541463
          ],
          [
            100.2965053,
            5.3541095
          ],
          [
            100.2965044,
            5.3540939
          ],
          [
            100.2964697,
            5.3535249
          ],
          [
            100.2964236,
            5.3527698
          ],
          [
            100.2963985,
            5.3527409
          ],
          [
            100.2963612,
            5.3527402
          ],
          [
            100.2963202,
            5.352762
          ],
          [
            100.2957727,
            5.3530532
          ],
          [
            100.295558,
            5.3531674
          ]
        ]
      }
    },
    {
      "type": "Feature",
      "properties": {
        "id": 646855996,
        "ele": "0",
        "highway": "service",
        "oneway": "no",
        "surface": "asphalt"
      },
      "geometry": {
        "type": "LineString",
        "coordinates": [
          [
            100.2972186,
            5.355262
          ],
          [
            100.2965971,
            5.3552947
          ]
        ]
      }
    },
    {
      "type": "Feature",
      "properties": {
        "id": 646855998,
        "highway": "service",
        "surface": "asphalt"
      },
      "geometry": {
        "type": "LineString",
        "coordinates": [
          [
            100.2948761,
            5.3553687
          ],
          [
            100.2948715,
            5.3553518
          ],
          [
            100.2948608,
            5.3553379
          ],
          [
            100.2948455,
            5.3553291
          ],
          [
            100.2948281,
            5.3553268
          ],
          [
            100.2933941,
            5.35542
          ],
          [
            100.2933771,
            5.3554246
          ],
          [
            100.2933631,
            5.3554352
          ],
          [
            100.2933543,
            5.3554504
          ],
          [
            100.293352,
            5.3554678
          ],
          [
            100.2933553,
            5.3555177
          ],
          [
            100.2933642,
            5.3556547
          ],
          [
            100.2933719,
            5.3557713
          ],
          [
            100.2933816,
            5.3559188
          ],
          [
            100.2933905,
            5.3560545
          ],
          [
            100.2948695,
            5.3559584
          ],
          [
            100.2948865,
            5.3559538
          ],
          [
            100.2949005,
            5.3559432
          ],
          [
            100.2949093,
            5.355928
          ],
          [
            100.2949116,
            5.3559106
          ],
          [
            100.2949055,
            5.3558182
          ],
          [
            100.294896,
            5.3556723
          ],
          [
            100.2948901,
            5.3555834
          ],
          [
            100.2948887,
            5.3555617
          ],
          [
            100.2948794,
            5.3554186
          ],
          [
            100.2948761,
            5.3553687
          ]
        ]
      }
    },
    {
      "type": "Feature",
      "properties": {
        "id": 646856000,
        "highway": "service",
        "oneway": "yes",
        "surface": "asphalt"
      },
      "geometry": {
        "type": "LineString",
        "coordinates": [
          [
            100.2949055,
            5.3558182
          ],
          [
            100.2950819,
            5.3557951
          ]
        ]
      }
    },
    {
      "type": "Feature",
      "properties": {
        "id": 646856001,
        "highway": "service",
        "oneway": "yes",
        "surface": "asphalt"
      },
      "geometry": {
        "type": "LineString",
        "coordinates": [
          [
            100.2950599,
            5.3555696
          ],
          [
            100.2948901,
            5.3555834
          ]
        ]
      }
    },
    {
      "type": "Feature",
      "properties": {
        "id": 646856005,
        "highway": "service",
        "surface": "concrete"
      },
      "geometry": {
        "type": "LineString",
        "coordinates": [
          [
            100.2953052,
            5.3562225
          ],
          [
            100.2953298,
            5.3562179
          ],
          [
            100.2953642,
            5.3562114
          ],
          [
            100.2955413,
            5.3561925
          ],
          [
            100.295721,
            5.3561805
          ],
          [
            100.2957492,
            5.3561939
          ],
          [
            100.2957686,
            5.3562166
          ],
          [
            100.295786,
            5.3562426
          ],
          [
            100.2957947,
            5.35627
          ],
          [
            100.296012,
            5.3562499
          ],
          [
            100.2962138,
            5.3562379
          ]
        ]
      }
    },
    {
      "type": "Feature",
      "properties": {
        "id": 646871887,
        "bicycle": "yes",
        "cycleway": "shared_lane",
        "highway": "tertiary",
        "lanes": "2",
        "lit": "yes",
        "maxspeed": "30",
        "name": "Jalan Universiti",
        "name:ms": "Jalan Universiti",
        "name:zh": "\u5927\u5b66\u8def",
        "name:zh-Hans": "\u5927\u5b66\u8def",
        "name:zh-Hant": "\u5927\u5b78\u8def",
        "oneway": "no",
        "sidewalk": "both",
        "surface": "asphalt"
      },
      "geometry": {
        "type": "LineString",
        "coordinates": [
          [
            100.2982407,
            5.3550198
          ],
          [
            100.2980808,
            5.3550025
          ],
          [
            100.2978252,
            5.3549773
          ],
          [
            100.2976594,
            5.3549747
          ],
          [
            100.2972037,
            5.3550085
          ],
          [
            100.296563,
            5.3550559
          ]
        ]
      }
    },
    {
      "type": "Feature",
      "properties": {
        "id": 646871890,
        "bicycle": "yes",
        "bridge": "yes",
        "covered": "no",
        "cycleway": "shared_lane",
        "highway": "tertiary",
        "layer": "1",
        "maxspeed": "30",
        "name": "Jalan Universiti",
        "name:ms": "Jalan Universiti",
        "name:zh": "\u5927\u5b66\u8def",
        "name:zh-Hans": "\u5927\u5b66\u8def",
        "name:zh-Hant": "\u5927\u5b78\u8def",
        "oneway": "no",
        "surface": "asphalt"
      },
      "geometry": {
        "type": "LineString",
        "coordinates": [
          [
            100.298448,
            5.3550431
          ],
          [
            100.2982407,
            5.3550198
          ]
        ]
      }
    },
    {
      "type": "Feature",
      "properties": {
        "id": 646871892,
        "highway": "service",
        "surface": "asphalt"
      },
      "geometry": {
        "type": "LineString",
        "coordinates": [
          [
            100.2944395,
            5.3544299
          ],
          [
            100.2943232,
            5.3544679
          ],
          [
            100.2942885,
            5.3544809
          ],
          [
            100.2942685,
            5.3544972
          ],
          [
            100.2942557,
            5.3545178
          ],
          [
            100.2942489,
            5.3545621
          ],
          [
            100.2942468,
            5.3546753
          ],
          [
            100.2941908,
            5.3548206
          ],
          [
            100.294168,
            5.354878
          ],
          [
            100.2941364,
            5.3549284
          ],
          [
            100.2941082,
            5.3549681
          ],
          [
            100.294105,
            5.3549939
          ],
          [
            100.2941168,
            5.3550131
          ],
          [
            100.2941559,
            5.3550422
          ],
          [
            100.2941915,
            5.3550455
          ],
          [
            100.2942207,
            5.3550395
          ],
          [
            100.2942621,
            5.355012
          ],
          [
            100.2942947,
            5.3549808
          ],
          [
            100.2943242,
            5.3549341
          ],
          [
            100.2943537,
            5.354868
          ],
          [
            100.2943977,
            5.3547259
          ],
          [
            100.2944022,
            5.3546459
          ],
          [
            100.2943829,
            5.3545777
          ],
          [
            100.2943559,
            5.3545168
          ],
          [
            100.2943232,
            5.3544679
          ]
        ]
      }
    },
    {
      "type": "Feature",
      "properties": {
        "id": 646871897,
        "highway": "service"
      },
      "geometry": {
        "type": "LineString",
        "coordinates": [
          [
            100.2976098,
            5.3540385
          ],
          [
            100.2975287,
            5.3540377
          ],
          [
            100.2975105,
            5.3540298
          ],
          [
            100.297503,
            5.3540116
          ],
          [
            100.2974843,
            5.3536787
          ],
          [
            100.2974899,
            5.3536653
          ],
          [
            100.2975094,
            5.353656
          ],
          [
            100.2975928,
            5.353651
          ]
        ]
      }
    },
    {
      "type": "Feature",
      "properties": {
        "id": 646871899,
        "highway": "service"
      },
      "geometry": {
        "type": "LineString",
        "coordinates": [
          [
            100.2963111,
            5.3541401
          ],
          [
            100.2962629,
            5.3541298
          ],
          [
            100.2962408,
            5.3541274
          ],
          [
            100.2960244,
            5.3541396
          ]
        ]
      }
    },
    {
      "type": "Feature",
      "properties": {
        "id": 646871901,
        "highway": "service"
      },
      "geometry": {
        "type": "LineString",
        "coordinates": [
          [
            100.2966438,
            5.3541099
          ],
          [
            100.2966712,
            5.3540536
          ],
          [
            100.296677,
            5.3540324
          ],
          [
            100.2966744,
            5.3538425
          ]
        ]
      }
    },
    {
      "type": "Feature",
      "properties": {
        "id": 646871902,
        "highway": "service"
      },
      "geometry": {
        "type": "LineString",
        "coordinates": [
          [
            100.2966766,
            5.3541362
          ],
          [
            100.2967406,
            5.354098
          ],
          [
            100.2967624,
            5.3540897
          ],
          [
            100.2969301,
            5.3540793
          ]
        ]
      }
    },
    {
      "type": "Feature",
      "properties": {
        "id": 646871903,
        "highway": "service"
      },
      "geometry": {
        "type": "LineString",
        "coordinates": [
          [
            100.2960532,
            5.3544807
          ],
          [
            100.2963321,
            5.3544672
          ],
          [
            100.2963608,
            5.3544658
          ],
          [
            100.2965266,
            5.3544578
          ]
        ]
      }
    },
    {
      "type": "Feature",
      "properties": {
        "id": 646871907,
        "highway": "service"
      },
      "geometry": {
        "type": "LineString",
        "coordinates": [
          [
            100.2963321,
            5.3544672
          ],
          [
            100.2963111,
            5.3541401
          ],
          [
            100.2963209,
            5.3541202
          ],
          [
            100.2963364,
            5.3541067
          ],
          [
            100.2963633,
            5.3541003
          ],
          [
            100.2965044,
            5.3540939
          ]
        ]
      }
    },
    {
      "type": "Feature",
      "properties": {
        "id": 646871909,
        "highway": "service"
      },
      "geometry": {
        "type": "LineString",
        "coordinates": [
          [
            100.296524,
            5.354424
          ],
          [
            100.296643,
            5.35441
          ],
          [
            100.29667,
            5.3544017
          ],
          [
            100.2966863,
            5.3543844
          ],
          [
            100.2966922,
            5.3543596
          ],
          [
            100.2966855,
            5.3541677
          ],
          [
            100.2966766,
            5.3541362
          ],
          [
            100.2966438,
            5.3541099
          ],
          [
            100.2966102,
            5.3541036
          ],
          [
            100.2965053,
            5.3541095
          ]
        ]
      }
    },
    {
      "type": "Feature",
      "properties": {
        "id": 646871913,
        "highway": "service"
      },
      "geometry": {
        "type": "LineString",
        "coordinates": [
          [
            100.2968804,
            5.3555647
          ],
          [
            100.296617,
            5.3555749
          ]
        ]
      }
    },
    {
      "type": "Feature",
      "properties": {
        "id": 646871914,
        "highway": "service"
      },
      "geometry": {
        "type": "LineString",
        "coordinates": [
          [
            100.2972201,
            5.355297
          ],
          [
            100.2975963,
            5.355263
          ],
          [
            100.297636,
            5.3552679
          ],
          [
            100.2976611,
            5.3552938
          ],
          [
            100.2977112,
            5.3555329
          ],
          [
            100.2976569,
            5.3555756
          ],
          [
            100.2972384,
            5.3555997
          ]
        ]
      }
    },
    {
      "type": "Feature",
      "properties": {
        "id": 646898167,
        "highway": "service"
      },
      "geometry": {
        "type": "LineString",
        "coordinates": [
          [
            100.2908635,
            5.3550629
          ],
          [
            100.290864,
            5.3543878
          ],
          [
            100.2909024,
            5.3542731
          ],
          [
            100.2910243,
            5.3542174
          ],
          [
            100.2910975,
            5.3539607
          ],
          [
            100.2912535,
            5.3537179
          ],
          [
            100.2914952,
            5.3535182
          ]
        ]
      }
    },
    {
      "type": "Feature",
      "properties": {
        "id": 646898168,
        "highway": "service"
      },
      "geometry": {
        "type": "LineString",
        "coordinates": [
          [
            100.2897507,
            5.3546699
          ],
          [
            100.2897759,
            5.3546991
          ],
          [
            100.290032,
            5.3549247
          ],
          [
            100.2901359,
            5.3550416
          ],
          [
            100.2903204,
            5.3550943
          ],
          [
            100.2905014,
            5.3550929
          ],
          [
            100.2907602,
            5.3551116
          ],
          [
            100.2908418,
            5.3551122
          ],
          [
            100.2908608,
            5.3550869
          ],
          [
            100.2908635,
            5.3550629
          ]
        ]
      }
    },
    {
      "type": "Feature",
      "properties": {
        "id": 646898169,
        "highway": "service",
        "surface": "asphalt"
      },
      "geometry": {
        "type": "LineString",
        "coordinates": [
          [
            100.2922525,
            5.3533935
          ],
          [
            100.2920864,
            5.3534244
          ],
          [
            100.2914952,
            5.3535182
          ]
        ]
      }
    },
    {
      "type": "Feature",
      "properties": {
        "id": 646898176,
        "highway": "service",
        "surface": "asphalt"
      },
      "geometry": {
        "type": "LineString",
        "coordinates": [
          [
            100.2933894,
            5.3562204
          ],
          [
            100.2933905,
            5.3560545
          ]
        ]
      }
    },
    {
      "type": "Feature",
      "properties": {
        "id": 646898177,
        "highway": "service",
        "surface": "asphalt"
      },
      "geometry": {
        "type": "LineString",
        "coordinates": [
          [
            100.2937555,
            5.3572434
          ],
          [
            100.293727,
            5.3567365
          ]
        ]
      }
    },
    {
      "type": "Feature",
      "properties": {
        "id": 646898178,
        "highway": "service",
        "surface": "asphalt"
      },
      "geometry": {
        "type": "LineString",
        "coordinates": [
          [
            100.294007,
            5.3567228
          ],
          [
            100.293727,
            5.3567365
          ],
          [
            100.293415,
            5.3567503
          ]
        ]
      }
    },
    {
      "type": "Feature",
      "properties": {
        "id": 646898179,
        "highway": "service",
        "surface": "asphalt"
      },
      "geometry": {
        "type": "LineString",
        "coordinates": [
          [
            100.2939893,
            5.3564158
          ],
          [
            100.2933989,
            5.3564428
          ]
        ]
      }
    },
    {
      "type": "Feature",
      "properties": {
        "id": 646898181,
        "access": "private",
        "highway": "service",
        "surface": "asphalt"
      },
      "geometry": {
        "type": "LineString",
        "coordinates": [
          [
            100.2925195,
            5.3555655
          ],
          [
            100.2923401,
            5.355571
          ],
          [
            100.2921858,
            5.3556978
          ]
        ]
      }
    },
    {
      "type": "Feature",
      "properties": {
        "id": 646898182,
        "access": "private",
        "highway": "service",
        "surface": "asphalt"
      },
      "geometry": {
        "type": "LineString",
        "coordinates": [
          [
            100.2908527,
            5.355233
          ],
          [
            100.2908582,
            5.3554094
          ],
          [
            100.2908622,
            5.3554722
          ],
          [
            100.2908809,
            5.3555229
          ],
          [
            100.2909641,
            5.3556658
          ]
        ]
      }
    },
    {
      "type": "Feature",
      "properties": {
        "id": 646898184,
        "access": "private",
        "highway": "service",
        "surface": "asphalt"
      },
      "geometry": {
        "type": "LineString",
        "coordinates": [
          [
            100.2916092,
            5.355228
          ],
          [
            100.291754,
            5.3554842
          ],
          [
            100.2917621,
            5.3555363
          ],
          [
            100.2917433,
            5.3555736
          ],
          [
            100.2916762,
            5.3556457
          ],
          [
            100.2916521,
            5.3556738
          ],
          [
            100.2916414,
            5.3557032
          ],
          [
            100.2916467,
            5.3558594
          ],
          [
            100.2916346,
            5.3558981
          ],
          [
            100.2916051,
            5.3559542
          ]
        ]
      }
    },
    {
      "type": "Feature",
      "properties": {
        "id": 646898190,
        "access": "private",
        "highway": "service",
        "surface": "asphalt"
      },
      "geometry": {
        "type": "LineString",
        "coordinates": [
          [
            100.2896426,
            5.3557046
          ],
          [
            100.2895924,
            5.3557777
          ],
          [
            100.2895685,
            5.3558358
          ],
          [
            100.2895595,
            5.3558884
          ],
          [
            100.2895642,
            5.3559512
          ],
          [
            100.289582,
            5.3560085
          ],
          [
            100.289627,
            5.3560744
          ],
          [
            100.2897601,
            5.3562141
          ]
        ]
      }
    },
    {
      "type": "Feature",
      "properties": {
        "id": 647449335,
        "covered": "yes",
        "highway": "unclassified",
        "name": "Lengkok Teknologi",
        "name:ms": "Lengkok Teknologi",
        "oneway": "yes"
      },
      "geometry": {
        "type": "LineString",
        "coordinates": [
          [
            100.2986431,
            5.3580447
          ],
          [
            100.2986921,
            5.3580486
          ],
          [
            100.2987424,
            5.3580442
          ],
          [
            100.2988949,
            5.3580133
          ],
          [
            100.2989508,
            5.3579904
          ]
        ]
      }
    },
    {
      "type": "Feature",
      "properties": {
        "id": 649502597,
        "highway": "unclassified",
        "name": "Lengkok Sastera",
        "name:ms": "Lengkok Sastera",
        "oneway": "yes",
        "surface": "asphalt"
      },
      "geometry": {
        "type": "LineString",
        "coordinates": [
          [
            100.3052612,
            5.3591676
          ],
          [
            100.3053591,
            5.3591177
          ],
          [
            100.3054358,
            5.3590939
          ],
          [
            100.3055367,
            5.3590717
          ],
          [
            100.305659,
            5.3590509
          ]
        ]
      }
    },
    {
      "type": "Feature",
      "properties": {
        "id": 655071537,
        "highway": "service",
        "is_in": "Universiti Sains Malaysia",
        "oneway": "yes"
      },
      "geometry": {
        "type": "LineString",
        "coordinates": [
          [
            100.3060436,
            5.3585052
          ],
          [
            100.3060533,
            5.3584159
          ],
          [
            100.306075,
            5.358286
          ],
          [
            100.3060732,
            5.3582678
          ],
          [
            100.3060676,
            5.3582524
          ],
          [
            100.3060595,
            5.35824
          ],
          [
            100.3060492,
            5.3582298
          ],
          [
            100.3060347,
            5.3582208
          ],
          [
            100.3060206,
            5.3582162
          ],
          [
            100.3059997,
            5.3582148
          ]
        ]
      }
    },
    {
      "type": "Feature",
      "properties": {
        "id": 655071538,
        "highway": "service",
        "is_in": "Universiti Sains Malaysia",
        "oneway": "yes"
      },
      "geometry": {
        "type": "LineString",
        "coordinates": [
          [
            100.3061721,
            5.3586314
          ],
          [
            100.3061102,
            5.3586069
          ],
          [
            100.3060867,
            5.3585884
          ],
          [
            100.3060686,
            5.3585651
          ],
          [
            100.3060569,
            5.3585399
          ],
          [
            100.3060436,
            5.3585052
          ]
        ]
      }
    },
    {
      "type": "Feature",
      "properties": {
        "id": 656537527,
        "highway": "unclassified",
        "name": "Lorong Canselori",
        "name:ms": "Lorong Canselori",
        "oneway": "yes",
        "surface": "asphalt"
      },
      "geometry": {
        "type": "LineString",
        "coordinates": [
          [
            100.3077989,
            5.3561684
          ],
          [
            100.307722,
            5.3561326
          ],
          [
            100.3076549,
            5.3561129
          ],
          [
            100.3075976,
            5.3561022
          ],
          [
            100.3075371,
            5.3561044
          ],
          [
            100.3074701,
            5.3561139
          ],
          [
            100.3074064,
            5.3561299
          ]
        ]
      }
    },
    {
      "type": "Feature",
      "properties": {
        "id": 656537528,
        "highway": "unclassified",
        "name": "Lorong Canselori",
        "name:ms": "Lorong Canselori",
        "oneway": "yes",
        "surface": "asphalt"
      },
      "geometry": {
        "type": "LineString",
        "coordinates": [
          [
            100.3075295,
            5.3555771
          ],
          [
            100.3075139,
            5.3557886
          ],
          [
            100.3074883,
            5.3559169
          ],
          [
            100.3074064,
            5.3561299
          ]
        ]
      }
    },
    {
      "type": "Feature",
      "properties": {
        "id": 656537529,
        "highway": "unclassified",
        "name": "Jalan Ilmu",
        "name:ms": "Jalan Ilmu",
        "surface": "asphalt"
      },
      "geometry": {
        "type": "LineString",
        "coordinates": [
          [
            100.3059299,
            5.3573486
          ],
          [
            100.3061039,
            5.3572075
          ],
          [
            100.3061803,
            5.357177
          ],
          [
            100.306303,
            5.3571638
          ],
          [
            100.3064583,
            5.3571716
          ]
        ]
      }
    },
    {
      "type": "Feature",
      "properties": {
        "id": 656537530,
        "highway": "tertiary",
        "maxspeed": "30",
        "name": "Jalan Universiti",
        "name:ms": "Jalan Universiti",
        "name:zh": "\u5927\u5b66\u8def",
        "name:zh-Hans": "\u5927\u5b66\u8def",
        "name:zh-Hant": "\u5927\u5b78\u8def",
        "oneway": "yes",
        "surface": "asphalt"
      },
      "geometry": {
        "type": "LineString",
        "coordinates": [
          [
            100.3019829,
            5.3546427
          ],
          [
            100.3021336,
            5.3547183
          ],
          [
            100.3022109,
            5.3547453
          ]
        ]
      }
    },
    {
      "type": "Feature",
      "properties": {
        "id": 657604334,
        "ele": "0",
        "highway": "service",
        "name": "Jalan Damai",
        "name:ms": "Jalan Damai",
        "oneway": "no",
        "surface": "asphalt"
      },
      "geometry": {
        "type": "LineString",
        "coordinates": [
          [
            100.2965971,
            5.3552947
          ],
          [
            100.2965778,
            5.3551396
          ],
          [
            100.296563,
            5.3550559
          ]
        ]
      }
    },
    {
      "type": "Feature",
      "properties": {
        "id": 657608383,
        "bicycle": "yes",
        "covered": "no",
        "cycleway:left": "shared_lane",
        "cycleway:right": "no",
        "highway": "tertiary",
        "lanes": "1",
        "maxspeed": "30",
        "name": "Jalan Universiti",
        "name:ms": "Jalan Universiti",
        "name:zh": "\u5927\u5b66\u8def",
        "name:zh-Hans": "\u5927\u5b66\u8def",
        "name:zh-Hant": "\u5927\u5b78\u8def",
        "oneway": "yes",
        "surface": "asphalt"
      },
      "geometry": {
        "type": "LineString",
        "coordinates": [
          [
            100.3007999,
            5.3543047
          ],
          [
            100.3008604,
            5.3542604
          ],
          [
            100.300921,
            5.3542304
          ],
          [
            100.3009881,
            5.3542115
          ],
          [
            100.3010639,
            5.3541999
          ],
          [
            100.3011322,
            5.3542018
          ],
          [
            100.3011925,
            5.354217
          ],
          [
            100.3012701,
            5.3542487
          ]
        ]
      }
    },
    {
      "type": "Feature",
      "properties": {
        "id": 657608385,
        "bicycle": "yes",
        "cycleway": "shared_lane",
        "highway": "tertiary",
        "lanes": "2",
        "lit": "yes",
        "maxspeed": "30",
        "name": "Jalan Universiti",
        "name:ms": "Jalan Universiti",
        "name:zh": "\u5927\u5b66\u8def",
        "name:zh-Hans": "\u5927\u5b66\u8def",
        "name:zh-Hant": "\u5927\u5b78\u8def",
        "oneway": "no",
        "sidewalk": "both",
        "surface": "asphalt"
      },
      "geometry": {
        "type": "LineString",
        "coordinates": [
          [
            100.3001018,
            5.3552719
          ],
          [
            100.3000194,
            5.3552602
          ],
          [
            100.2999457,
            5.3552512
          ]
        ]
      }
    },
    {
      "type": "Feature",
      "properties": {
        "id": 658129014,
        "highway": "tertiary",
        "maxspeed": "30",
        "name": "Jalan Kedamaian",
        "name:ms": "Jalan Kedamaian",
        "oneway": "yes",
        "surface": "asphalt"
      },
      "geometry": {
        "type": "LineString",
        "coordinates": [
          [
            100.3045925,
            5.3572314
          ],
          [
            100.304663,
            5.3572282
          ],
          [
            100.3047569,
            5.3572394
          ],
          [
            100.3050613,
            5.3573234
          ],
          [
            100.3055206,
            5.3574498
          ],
          [
            100.3055552,
            5.3574649
          ],
          [
            100.305609,
            5.357507
          ]
        ]
      }
    },
    {
      "type": "Feature",
      "properties": {
        "id": 658130366,
        "bicycle": "yes",
        "covered": "no",
        "cycleway": "shared_lane",
        "highway": "tertiary",
        "maxspeed": "30",
        "name": "Jalan Universiti",
        "name:ms": "Jalan Universiti",
        "name:zh": "\u5927\u5b66\u8def",
        "name:zh-Hans": "\u5927\u5b66\u8def",
        "name:zh-Hant": "\u5927\u5b78\u8def",
        "oneway": "no",
        "surface": "asphalt"
      },
      "geometry": {
        "type": "LineString",
        "coordinates": [
          [
            100.3019829,
            5.3546427
          ],
          [
            100.3018217,
            5.354585
          ],
          [
            100.3016741,
            5.3545222
          ],
          [
            100.3015369,
            5.3544375
          ],
          [
            100.3013844,
            5.35433
          ],
          [
            100.3012701,
            5.3542487
          ]
        ]
      }
    },
    {
      "type": "Feature",
      "properties": {
        "id": 697669853,
        "highway": "tertiary",
        "maxspeed": "30",
        "name": "Jalan Universiti",
        "name:ms": "Jalan Universiti",
        "name:zh": "\u5927\u5b66\u8def",
        "name:zh-Hans": "\u5927\u5b66\u8def",
        "name:zh-Hant": "\u5927\u5b78\u8def",
        "oneway": "no"
      },
      "geometry": {
        "type": "LineString",
        "coordinates": [
          [
            100.3089449,
            5.359364
          ],
          [
            100.3087628,
            5.3593363
          ],
          [
            100.3086439,
            5.359295
          ],
          [
            100.3085607,
            5.3592489
          ],
          [
            100.3084885,
            5.3591948
          ],
          [
            100.3084349,
            5.3591269
          ],
          [
            100.3083783,
            5.3590531
          ],
          [
            100.3083157,
            5.358973
          ],
          [
            100.3082735,
            5.3589335
          ],
          [
            100.3082135,
            5.3588901
          ],
          [
            100.3081444,
            5.3588465
          ],
          [
            100.3080555,
            5.3588016
          ],
          [
            100.308023,
            5.3587894
          ],
          [
            100.3079767,
            5.358772
          ],
          [
            100.3078228,
            5.3587323
          ],
          [
            100.3075094,
            5.3586638
          ],
          [
            100.3074906,
            5.3586594
          ],
          [
            100.3072722,
            5.358609
          ],
          [
            100.3069833,
            5.3585071
          ],
          [
            100.30683,
            5.3584169
          ],
          [
            100.3067278,
            5.3583266
          ],
          [
            100.3065836,
            5.3581853
          ],
          [
            100.3062538,
            5.357856
          ]
        ]
      }
    },
    {
      "type": "Feature",
      "properties": {
        "id": 697712370,
        "highway": "service",
        "oneway": "yes",
        "service": "parking_aisle"
      },
      "geometry": {
        "type": "LineString",
        "coordinates": [
          [
            100.3004534,
            5.3550743
          ],
          [
            100.3003458,
            5.3552197
          ],
          [
            100.3003376,
            5.3552422
          ],
          [
            100.3003341,
            5.3552641
          ],
          [
            100.3003342,
            5.3552861
          ],
          [
            100.3003364,
            5.3553061
          ],
          [
            100.3003532,
            5.3553593
          ],
          [
            100.3004226,
            5.3555255
          ],
          [
            100.3004296,
            5.3555349
          ],
          [
            100.3004386,
            5.3555405
          ],
          [
            100.3005227,
            5.355574
          ]
        ]
      }
    },
    {
      "type": "Feature",
      "properties": {
        "id": 710406833,
        "highway": "tertiary",
        "maxspeed": "30",
        "name": "Jalan Masjid",
        "name:ms": "Jalan Masjid",
        "name:zh": "\u6e05\u771f\u5bfa\u8def",
        "name:zh-Hans": "\u6e05\u771f\u5bfa\u8def",
        "name:zh-Hant": "\u6e05\u771f\u5bfa\u8def",
        "surface": "asphalt"
      },
      "geometry": {
        "type": "LineString",
        "coordinates": [
          [
            100.3024865,
            5.3537571
          ],
          [
            100.3025225,
            5.3536281
          ]
        ]
      }
    },
    {
      "type": "Feature",
      "properties": {
        "id": 710406834,
        "access": "no",
        "highway": "service",
        "motorcycle": "yes",
        "service": "parking_aisle"
      },
      "geometry": {
        "type": "LineString",
        "coordinates": [
          [
            100.3023035,
            5.3535317
          ],
          [
            100.3023893,
            5.353212
          ],
          [
            100.3023896,
            5.3532019
          ],
          [
            100.3023855,
            5.3531943
          ],
          [
            100.302377,
            5.3531917
          ],
          [
            100.3023555,
            5.3531853
          ],
          [
            100.3023478,
            5.3531867
          ],
          [
            100.3023402,
            5.3531929
          ],
          [
            100.3022621,
            5.3534671
          ],
          [
            100.3022635,
            5.3534789
          ],
          [
            100.3022879,
            5.3535299
          ]
        ]
      }
    },
    {
      "type": "Feature",
      "properties": {
        "id": 710705927,
        "access": "private",
        "highway": "residential",
        "maxspeed": "30",
        "name": "Halaman Bukit Gambir 4",
        "oneway": "yes",
        "source:name": "ImproveOSM",
        "surface": "asphalt"
      },
      "geometry": {
        "type": "LineString",
        "coordinates": [
          [
            100.2922414,
            5.3552422
          ],
          [
            100.2921932,
            5.3552403
          ],
          [
            100.2916092,
            5.355228
          ],
          [
            100.2909862,
            5.3552318
          ],
          [
            100.2908527,
            5.355233
          ],
          [
            100.2907411,
            5.3552356
          ],
          [
            100.2896152,
            5.35524
          ],
          [
            100.2893902,
            5.3552547
          ],
          [
            100.2892086,
            5.355281
          ],
          [
            100.2891079,
            5.3553008
          ],
          [
            100.2890113,
            5.3553373
          ],
          [
            100.2889174,
            5.3554095
          ],
          [
            100.2888534,
            5.3554883
          ],
          [
            100.2888176,
            5.3555672
          ],
          [
            100.2888041,
            5.3556494
          ],
          [
            100.2887961,
            5.3557578
          ],
          [
            100.2887835,
            5.3564136
          ],
          [
            100.2887789,
            5.356653
          ],
          [
            100.288726,
            5.3571042
          ],
          [
            100.2887214,
            5.357265
          ],
          [
            100.288729,
            5.3573226
          ],
          [
            100.288747,
            5.3574019
          ],
          [
            100.2887736,
            5.3574721
          ],
          [
            100.2888036,
            5.3575223
          ],
          [
            100.2888466,
            5.3575692
          ],
          [
            100.2889,
            5.3575955
          ],
          [
            100.2889368,
            5.3576047
          ],
          [
            100.2896477,
            5.357576
          ],
          [
            100.2900741,
            5.3575528
          ],
          [
            100.2902173,
            5.3575336
          ],
          [
            100.2902952,
            5.357505
          ],
          [
            100.2905514,
            5.3573411
          ],
          [
            100.2906292,
            5.3572858
          ],
          [
            100.2907127,
            5.3572028
          ],
          [
            100.2907873,
            5.3571246
          ],
          [
            100.2908613,
            5.3570089
          ],
          [
            100.2909483,
            5.3568046
          ],
          [
            100.2909798,
            5.3566559
          ],
          [
            100.2910062,
            5.3565167
          ],
          [
            100.29102,
            5.3564747
          ],
          [
            100.2910558,
            5.3564464
          ],
          [
            100.2911083,
            5.3564395
          ]
        ]
      }
    },
    {
      "type": "Feature",
      "properties": {
        "id": 710705930,
        "highway": "tertiary",
        "name": "Jalan Universiti",
        "name:ms": "Jalan Universiti",
        "name:zh": "\u5927\u5b66\u8def",
        "name:zh-Hans": "\u5927\u5b66\u8def",
        "name:zh-Hant": "\u5927\u5b78\u8def",
        "oneway": "yes",
        "sidewalk:left": "separate",
        "sidewalk:right": "no",
        "surface": "asphalt"
      },
      "geometry": {
        "type": "LineString",
        "coordinates": [
          [
            100.2931017,
            5.3553592
          ],
          [
            100.2932627,
            5.3553664
          ],
          [
            100.2933134,
            5.3553634
          ],
          [
            100.2933551,
            5.3553564
          ],
          [
            100.2934903,
            5.3553331
          ],
          [
            100.2935109,
            5.3553257
          ],
          [
            100.2936551,
            5.3552506
          ]
        ]
      }
    },
    {
      "type": "Feature",
      "properties": {
        "id": 741719631,
        "access": "private",
        "highway": "service",
        "surface": "asphalt"
      },
      "geometry": {
        "type": "LineString",
        "coordinates": [
          [
            100.2887789,
            5.356653
          ],
          [
            100.2889787,
            5.3566334
          ],
          [
            100.2890417,
            5.3565686
          ],
          [
            100.2890417,
            5.3564169
          ],
          [
            100.2889929,
            5.3563824
          ],
          [
            100.2887835,
            5.3564136
          ]
        ]
      }
    },
    {
      "type": "Feature",
      "properties": {
        "id": 757439026,
        "highway": "unclassified",
        "name": "Jalan Gemilang",
        "name:ms": "Jalan Gemilang"
      },
      "geometry": {
        "type": "LineString",
        "coordinates": [
          [
            100.3029686,
            5.3619059
          ],
          [
            100.3030346,
            5.3619078
          ],
          [
            100.3030592,
            5.3619029
          ],
          [
            100.3030811,
            5.361891
          ],
          [
            100.3031668,
            5.3618106
          ],
          [
            100.3032078,
            5.3617505
          ],
          [
            100.3032643,
            5.3616891
          ],
          [
            100.3034467,
            5.3615533
          ],
          [
            100.3035466,
            5.3614485
          ],
          [
            100.3036241,
            5.3613459
          ],
          [
            100.3036315,
            5.3613285
          ],
          [
            100.3036357,
            5.3613008
          ]
        ]
      }
    },
    {
      "type": "Feature",
      "properties": {
        "id": 757439027,
        "bicycle": "yes",
        "covered": "no",
        "cycleway": "shared_lane",
        "highway": "unclassified",
        "name": "Jalan Sasaran",
        "name:ms": "Jalan Sasaran",
        "oneway": "no",
        "surface": "asphalt"
      },
      "geometry": {
        "type": "LineString",
        "coordinates": [
          [
            100.3057328,
            5.3552546
          ],
          [
            100.3055677,
            5.3548619
          ],
          [
            100.3054314,
            5.3545481
          ],
          [
            100.3054087,
            5.3545166
          ],
          [
            100.305379,
            5.3545041
          ],
          [
            100.3053396,
            5.3544978
          ],
          [
            100.3053047,
            5.3544972
          ],
          [
            100.305262,
            5.3544992
          ],
          [
            100.3048164,
            5.3546323
          ],
          [
            100.3046501,
            5.3546857
          ],
          [
            100.3042719,
            5.3548497
          ],
          [
            100.3040438,
            5.3549592
          ],
          [
            100.3035041,
            5.3552182
          ]
        ]
      }
    },
    {
      "type": "Feature",
      "properties": {
        "id": 757439029,
        "bicycle": "yes",
        "covered": "no",
        "cycleway:left": "shared_lane",
        "cycleway:right": "no",
        "highway": "unclassified",
        "name": "Jalan Sasaran",
        "name:ms": "Jalan Sasaran",
        "oneway": "yes",
        "surface": "asphalt"
      },
      "geometry": {
        "type": "LineString",
        "coordinates": [
          [
            100.3035041,
            5.3552182
          ],
          [
            100.3033958,
            5.3552471
          ],
          [
            100.3033181,
            5.3552657
          ],
          [
            100.3032265,
            5.3552654
          ],
          [
            100.3031423,
            5.3552576
          ]
        ]
      }
    },
    {
      "type": "Feature",
      "properties": {
        "id": 757439030,
        "bicycle": "yes",
        "covered": "no",
        "cycleway": "shared_lane",
        "highway": "tertiary",
        "maxspeed": "30",
        "name": "Jalan Universiti",
        "name:ms": "Jalan Universiti",
        "name:zh": "\u5927\u5b66\u8def",
        "name:zh-Hans": "\u5927\u5b66\u8def",
        "name:zh-Hant": "\u5927\u5b78\u8def",
        "oneway": "no",
        "surface": "asphalt"
      },
      "geometry": {
        "type": "LineString",
        "coordinates": [
          [
            100.3007999,
            5.3543047
          ],
          [
            100.3007174,
            5.3544216
          ]
        ]
      }
    },
    {
      "type": "Feature",
      "properties": {
        "id": 757439031,
        "highway": "residential",
        "name": "Jalan Penggawa",
        "name:ms": "Jalan Penggawa"
      },
      "geometry": {
        "type": "LineString",
        "coordinates": [
          [
            100.2980497,
            5.353416
          ],
          [
            100.2975818,
            5.3534468
          ],
          [
            100.2973804,
            5.3534595
          ],
          [
            100.2964697,
            5.3535249
          ]
        ]
      }
    },
    {
      "type": "Feature",
      "properties": {
        "id": 757448374,
        "highway": "service"
      },
      "geometry": {
        "type": "LineString",
        "coordinates": [
          [
            100.3064724,
            5.3550633
          ],
          [
            100.306446,
            5.3548848
          ],
          [
            100.3064359,
            5.3548332
          ],
          [
            100.3064216,
            5.354783
          ],
          [
            100.3063727,
            5.3546821
          ]
        ]
      }
    },
    {
      "type": "Feature",
      "properties": {
        "id": 757448375,
        "highway": "unclassified",
        "name": "Lorong Canselori",
        "name:ms": "Lorong Canselori",
        "oneway": "yes",
        "surface": "asphalt"
      },
      "geometry": {
        "type": "LineString",
        "coordinates": [
          [
            100.3074064,
            5.3561299
          ],
          [
            100.3071116,
            5.3564565
          ],
          [
            100.3064583,
            5.3571716
          ]
        ]
      }
    },
    {
      "type": "Feature",
      "properties": {
        "id": 757448376,
        "highway": "tertiary",
        "maxspeed": "30",
        "name": "Jalan Universiti",
        "name:ms": "Jalan Universiti",
        "name:zh": "\u5927\u5b66\u8def",
        "name:zh-Hans": "\u5927\u5b66\u8def",
        "name:zh-Hant": "\u5927\u5b78\u8def",
        "oneway": "yes",
        "surface": "asphalt"
      },
      "geometry": {
        "type": "LineString",
        "coordinates": [
          [
            100.3098114,
            5.3592576
          ],
          [
            100.3100141,
            5.3593138
          ],
          [
            100.3102103,
            5.3592908
          ],
          [
            100.3104235,
            5.3592552
          ]
        ]
      }
    },
    {
      "type": "Feature",
      "properties": {
        "id": 757448377,
        "highway": "tertiary",
        "maxspeed": "30",
        "name": "Jalan Universiti",
        "name:ms": "Jalan Universiti",
        "name:zh": "\u5927\u5b66\u8def",
        "name:zh-Hans": "\u5927\u5b66\u8def",
        "name:zh-Hant": "\u5927\u5b78\u8def",
        "oneway": "no"
      },
      "geometry": {
        "type": "LineString",
        "coordinates": [
          [
            100.3098114,
            5.3592576
          ],
          [
            100.3096622,
            5.3592785
          ],
          [
            100.3089449,
            5.359364
          ]
        ]
      }
    },
    {
      "type": "Feature",
      "properties": {
        "id": 757448380,
        "highway": "unclassified",
        "oneway": "yes"
      },
      "geometry": {
        "type": "LineString",
        "coordinates": [
          [
            100.3072139,
            5.3613092
          ],
          [
            100.3072214,
            5.3612744
          ],
          [
            100.3072186,
            5.3612393
          ],
          [
            100.3072029,
            5.3611997
          ],
          [
            100.3071138,
            5.3610614
          ],
          [
            100.3066792,
            5.3604281
          ],
          [
            100.3066316,
            5.3603397
          ]
        ]
      }
    },
    {
      "type": "Feature",
      "properties": {
        "id": 757448381,
        "highway": "unclassified",
        "oneway": "yes"
      },
      "geometry": {
        "type": "LineString",
        "coordinates": [
          [
            100.3064027,
            5.3607448
          ],
          [
            100.3064023,
            5.3611515
          ],
          [
            100.3064061,
            5.3611806
          ],
          [
            100.3064203,
            5.3612103
          ],
          [
            100.3064407,
            5.361232
          ],
          [
            100.3068025,
            5.3615764
          ],
          [
            100.3068271,
            5.3615902
          ],
          [
            100.306855,
            5.3615951
          ]
        ]
      }
    },
    {
      "type": "Feature",
      "properties": {
        "id": 762411757,
        "highway": "service",
        "oneway": "yes"
      },
      "geometry": {
        "type": "LineString",
        "coordinates": [
          [
            100.3010507,
            5.3585672
          ],
          [
            100.3010542,
            5.3584082
          ],
          [
            100.3010506,
            5.3583898
          ],
          [
            100.3010414,
            5.358374
          ],
          [
            100.3010268,
            5.3583641
          ],
          [
            100.3010075,
            5.3583593
          ],
          [
            100.3007444,
            5.3583424
          ],
          [
            100.3006878,
            5.3583407
          ],
          [
            100.3006644,
            5.3583441
          ],
          [
            100.300643,
            5.3583545
          ],
          [
            100.3006261,
            5.3583718
          ],
          [
            100.3006184,
            5.3583909
          ],
          [
            100.3006136,
            5.3585527
          ],
          [
            100.300616,
            5.3585704
          ],
          [
            100.3006261,
            5.3585866
          ],
          [
            100.3006425,
            5.3585991
          ],
          [
            100.30066,
            5.3586043
          ],
          [
            100.3009612,
            5.3586252
          ],
          [
            100.3009925,
            5.3586212
          ],
          [
            100.3010161,
            5.3586063
          ],
          [
            100.3010507,
            5.3585672
          ]
        ]
      }
    },
    {
      "type": "Feature",
      "properties": {
        "id": 762411758,
        "highway": "service"
      },
      "geometry": {
        "type": "LineString",
        "coordinates": [
          [
            100.301153,
            5.3585768
          ],
          [
            100.3011365,
            5.3587178
          ]
        ]
      }
    },
    {
      "type": "Feature",
      "properties": {
        "id": 762416215,
        "highway": "unclassified",
        "name": "Halaman Bukit Gambir",
        "name:ms": "Halaman Bukit Gambir",
        "surface": "asphalt"
      },
      "geometry": {
        "type": "LineString",
        "coordinates": [
          [
            100.2920864,
            5.3534244
          ],
          [
            100.2918767,
            5.3528334
          ]
        ]
      }
    },
    {
      "type": "Feature",
      "properties": {
        "id": 780240602,
        "access": "private",
        "highway": "service",
        "surface": "asphalt"
      },
      "geometry": {
        "type": "LineString",
        "coordinates": [
          [
            100.2923883,
            5.3560744
          ],
          [
            100.2924541,
            5.3560089
          ],
          [
            100.2924742,
            5.3559969
          ],
          [
            100.292497,
            5.3559836
          ],
          [
            100.2925404,
            5.3559735
          ]
        ]
      }
    },
    {
      "type": "Feature",
      "properties": {
        "id": 780298370,
        "highway": "service",
        "service": "parking_aisle",
        "surface": "asphalt"
      },
      "geometry": {
        "type": "LineString",
        "coordinates": [
          [
            100.2941834,
            5.3568041
          ],
          [
            100.2940121,
            5.3568124
          ]
        ]
      }
    },
    {
      "type": "Feature",
      "properties": {
        "id": 780298371,
        "highway": "service",
        "surface": "asphalt"
      },
      "geometry": {
        "type": "LineString",
        "coordinates": [
          [
            100.2955775,
            5.3564803
          ],
          [
            100.2953925,
            5.3564927
          ],
          [
            100.2953609,
            5.3564948
          ],
          [
            100.2953346,
            5.3564966
          ]
        ]
      }
    },
    {
      "type": "Feature",
      "properties": {
        "id": 780313370,
        "highway": "service",
        "oneway": "yes",
        "surface": "asphalt"
      },
      "geometry": {
        "type": "LineString",
        "coordinates": [
          [
            100.2942471,
            5.3561503
          ],
          [
            100.2942511,
            5.3562319
          ],
          [
            100.2942672,
            5.356256
          ],
          [
            100.2942927,
            5.3562693
          ],
          [
            100.2943289,
            5.3562787
          ],
          [
            100.2943839,
            5.35628
          ],
          [
            100.2944201,
            5.356272
          ],
          [
            100.2944402,
            5.3562533
          ],
          [
            100.294455,
            5.3562292
          ],
          [
            100.2944577,
            5.3561972
          ],
          [
            100.2944571,
            5.3561396
          ]
        ]
      }
    },
    {
      "type": "Feature",
      "properties": {
        "id": 780314146,
        "highway": "service",
        "surface": "asphalt"
      },
      "geometry": {
        "type": "LineString",
        "coordinates": [
          [
            100.2924718,
            5.3527726
          ],
          [
            100.2923655,
            5.3527958
          ]
        ]
      }
    },
    {
      "type": "Feature",
      "properties": {
        "id": 780314147,
        "highway": "service",
        "surface": "asphalt"
      },
      "geometry": {
        "type": "LineString",
        "coordinates": [
          [
            100.2921988,
            5.3529253
          ],
          [
            100.2923841,
            5.3528648
          ]
        ]
      }
    },
    {
      "type": "Feature",
      "properties": {
        "id": 780315463,
        "highway": "service",
        "surface": "unpaved"
      },
      "geometry": {
        "type": "LineString",
        "coordinates": [
          [
            100.2936476,
            5.3574657
          ],
          [
            100.2940486,
            5.3574456
          ]
        ]
      }
    },
    {
      "type": "Feature",
      "properties": {
        "id": 780315464,
        "highway": "service",
        "surface": "unpaved"
      },
      "geometry": {
        "type": "LineString",
        "coordinates": [
          [
            100.2946206,
            5.3577947
          ],
          [
            100.2946857,
            5.3580746
          ]
        ]
      }
    },
    {
      "type": "Feature",
      "properties": {
        "id": 781811551,
        "highway": "service",
        "service": "driveway",
        "surface": "asphalt"
      },
      "geometry": {
        "type": "LineString",
        "coordinates": [
          [
            100.301962,
            5.3564133
          ],
          [
            100.3019357,
            5.3564139
          ],
          [
            100.3018972,
            5.3564145
          ],
          [
            100.3018671,
            5.3564207
          ],
          [
            100.3017673,
            5.3564613
          ],
          [
            100.3017431,
            5.35647
          ],
          [
            100.3016635,
            5.3564918
          ],
          [
            100.3016312,
            5.3564955
          ],
          [
            100.3014965,
            5.3564947
          ],
          [
            100.3014618,
            5.3564903
          ],
          [
            100.3012951,
            5.3564276
          ],
          [
            100.3012629,
            5.3564178
          ],
          [
            100.3012364,
            5.3564161
          ],
          [
            100.301207,
            5.3564215
          ],
          [
            100.3011486,
            5.3564496
          ],
          [
            100.3010646,
            5.3565093
          ],
          [
            100.3010111,
            5.3565574
          ]
        ]
      }
    },
    {
      "type": "Feature",
      "properties": {
        "id": 781815807,
        "highway": "unclassified",
        "name": "Jalan Ilmu",
        "name:ms": "Jalan Ilmu",
        "oneway": "yes",
        "surface": "asphalt"
      },
      "geometry": {
        "type": "LineString",
        "coordinates": [
          [
            100.3059299,
            5.3573486
          ],
          [
            100.3057635,
            5.3574024
          ]
        ]
      }
    },
    {
      "type": "Feature",
      "properties": {
        "id": 781815808,
        "highway": "unclassified",
        "name": "Jalan Ilmu",
        "name:ms": "Jalan Ilmu",
        "oneway": "yes",
        "surface": "asphalt"
      },
      "geometry": {
        "type": "LineString",
        "coordinates": [
          [
            100.3058102,
            5.3574566
          ],
          [
            100.3059299,
            5.3573486
          ]
        ]
      }
    },
    {
      "type": "Feature",
      "properties": {
        "id": 781815809,
        "highway": "tertiary",
        "maxspeed": "30",
        "name": "Jalan Universiti",
        "name:ms": "Jalan Universiti",
        "oneway": "yes",
        "surface": "asphalt"
      },
      "geometry": {
        "type": "LineString",
        "coordinates": [
          [
            100.3062538,
            5.357856
          ],
          [
            100.3062193,
            5.3578035
          ],
          [
            100.3060365,
            5.3576718
          ],
          [
            100.3058679,
            5.3575655
          ],
          [
            100.3058404,
            5.3575351
          ],
          [
            100.3058166,
            5.3575
          ]
        ]
      }
    },
    {
      "type": "Feature",
      "properties": {
        "id": 781815810,
        "highway": "tertiary",
        "maxspeed": "30",
        "name": "Jalan Universiti",
        "name:ms": "Jalan Universiti",
        "oneway": "yes",
        "surface": "asphalt"
      },
      "geometry": {
        "type": "LineString",
        "coordinates": [
          [
            100.3057495,
            5.3575901
          ],
          [
            100.3058001,
            5.3575927
          ],
          [
            100.3058505,
            5.3576127
          ],
          [
            100.3059421,
            5.3576659
          ],
          [
            100.3060757,
            5.3577536
          ],
          [
            100.3062048,
            5.3578489
          ],
          [
            100.3062538,
            5.357856
          ]
        ]
      }
    },
    {
      "type": "Feature",
      "properties": {
        "id": 781818692,
        "highway": "service",
        "oneway": "yes",
        "surface": "asphalt"
      },
      "geometry": {
        "type": "LineString",
        "coordinates": [
          [
            100.3062737,
            5.355262
          ],
          [
            100.3063538,
            5.3553629
          ],
          [
            100.3063716,
            5.3553751
          ],
          [
            100.3063949,
            5.3553674
          ],
          [
            100.3064135,
            5.3553527
          ],
          [
            100.3065442,
            5.3552494
          ],
          [
            100.3065532,
            5.3552297
          ],
          [
            100.3065537,
            5.3552149
          ],
          [
            100.3065415,
            5.3552031
          ],
          [
            100.3065229,
            5.3552032
          ],
          [
            100.3062737,
            5.355262
          ]
        ]
      }
    },
    {
      "type": "Feature",
      "properties": {
        "id": 781820950,
        "highway": "service",
        "oneway": "yes",
        "service": "parking_aisle",
        "surface": "asphalt"
      },
      "geometry": {
        "type": "LineString",
        "coordinates": [
          [
            100.3030944,
            5.3547658
          ],
          [
            100.3030749,
            5.3548473
          ],
          [
            100.3029628,
            5.3549977
          ]
        ]
      }
    },
    {
      "type": "Feature",
      "properties": {
        "id": 781824193,
        "highway": "service",
        "service": "parking_aisle",
        "surface": "asphalt"
      },
      "geometry": {
        "type": "LineString",
        "coordinates": [
          [
            100.2933553,
            5.3555177
          ],
          [
            100.2948794,
            5.3554186
          ]
        ]
      }
    },
    {
      "type": "Feature",
      "properties": {
        "id": 781824194,
        "highway": "service",
        "service": "parking_aisle",
        "surface": "asphalt"
      },
      "geometry": {
        "type": "LineString",
        "coordinates": [
          [
            100.2948887,
            5.3555617
          ],
          [
            100.2933642,
            5.3556547
          ]
        ]
      }
    },
    {
      "type": "Feature",
      "properties": {
        "id": 781824195,
        "highway": "service",
        "service": "parking_aisle",
        "surface": "asphalt"
      },
      "geometry": {
        "type": "LineString",
        "coordinates": [
          [
            100.2933719,
            5.3557713
          ],
          [
            100.294896,
            5.3556723
          ]
        ]
      }
    },
    {
      "type": "Feature",
      "properties": {
        "id": 781824196,
        "highway": "service",
        "service": "parking_aisle",
        "surface": "asphalt"
      },
      "geometry": {
        "type": "LineString",
        "coordinates": [
          [
            100.2949055,
            5.3558182
          ],
          [
            100.2933816,
            5.3559188
          ]
        ]
      }
    },
    {
      "type": "Feature",
      "properties": {
        "id": 781824197,
        "highway": "service",
        "oneway": "yes",
        "surface": "asphalt"
      },
      "geometry": {
        "type": "LineString",
        "coordinates": [
          [
            100.2992641,
            5.3552597
          ],
          [
            100.2993012,
            5.3551559
          ]
        ]
      }
    },
    {
      "type": "Feature",
      "properties": {
        "id": 781869771,
        "highway": "service",
        "oneway": "yes",
        "surface": "asphalt"
      },
      "geometry": {
        "type": "LineString",
        "coordinates": [
          [
            100.2995329,
            5.3549424
          ],
          [
            100.2992823,
            5.3548929
          ],
          [
            100.2992633,
            5.3548904
          ],
          [
            100.2992444,
            5.3548931
          ],
          [
            100.2990949,
            5.3550305
          ],
          [
            100.2990792,
            5.3550567
          ],
          [
            100.2990649,
            5.3551238
          ]
        ]
      }
    },
    {
      "type": "Feature",
      "properties": {
        "id": 836246588,
        "highway": "service",
        "surface": "asphalt"
      },
      "geometry": {
        "type": "LineString",
        "coordinates": [
          [
            100.3036609,
            5.3586207
          ],
          [
            100.3037333,
            5.358782
          ],
          [
            100.3037371,
            5.3587995
          ],
          [
            100.3037373,
            5.3588924
          ]
        ]
      }
    },
    {
      "type": "Feature",
      "properties": {
        "id": 836246589,
        "highway": "service",
        "surface": "asphalt"
      },
      "geometry": {
        "type": "LineString",
        "coordinates": [
          [
            100.3028892,
            5.358751
          ],
          [
            100.3028666,
            5.3586895
          ],
          [
            100.3028574,
            5.3586754
          ],
          [
            100.3028434,
            5.3586661
          ],
          [
            100.3028264,
            5.3586601
          ],
          [
            100.3028057,
            5.3586576
          ],
          [
            100.3022776,
            5.3586662
          ],
          [
            100.3019434,
            5.3586715
          ],
          [
            100.3019257,
            5.3586673
          ],
          [
            100.3019123,
            5.3586569
          ],
          [
            100.3019035,
            5.3586442
          ],
          [
            100.3018998,
            5.3586267
          ],
          [
            100.3018959,
            5.3584731
          ],
          [
            100.3018987,
            5.3584583
          ],
          [
            100.3019085,
            5.3584446
          ],
          [
            100.3019221,
            5.3584367
          ],
          [
            100.3019364,
            5.3584338
          ],
          [
            100.3019912,
            5.3584321
          ],
          [
            100.3020119,
            5.358428
          ],
          [
            100.3021489,
            5.3583735
          ]
        ]
      }
    },
    {
      "type": "Feature",
      "properties": {
        "id": 836246590,
        "highway": "service",
        "surface": "asphalt"
      },
      "geometry": {
        "type": "LineString",
        "coordinates": [
          [
            100.302613,
            5.3589222
          ],
          [
            100.3028866,
            5.3588825
          ]
        ]
      }
    },
    {
      "type": "Feature",
      "properties": {
        "id": 836491624,
        "highway": "service",
        "service": "parking_aisle"
      },
      "geometry": {
        "type": "LineString",
        "coordinates": [
          [
            100.3063701,
            5.3592884
          ],
          [
            100.3064824,
            5.3599176
          ],
          [
            100.3065189,
            5.3600358
          ]
        ]
      }
    },
    {
      "type": "Feature",
      "properties": {
        "id": 836491625,
        "highway": "service"
      },
      "geometry": {
        "type": "LineString",
        "coordinates": [
          [
            100.3058428,
            5.3591441
          ],
          [
            100.3058751,
            5.3591014
          ],
          [
            100.3059934,
            5.3589865
          ]
        ]
      }
    },
    {
      "type": "Feature",
      "properties": {
        "id": 836491626,
        "highway": "service"
      },
      "geometry": {
        "type": "LineString",
        "coordinates": [
          [
            100.3059455,
            5.3584963
          ],
          [
            100.3060436,
            5.3585052
          ]
        ]
      }
    },
    {
      "type": "Feature",
      "properties": {
        "id": 836491627,
        "highway": "service",
        "service": "parking_aisle"
      },
      "geometry": {
        "type": "LineString",
        "coordinates": [
          [
            100.3042009,
            5.3582742
          ],
          [
            100.3042623,
            5.3582398
          ],
          [
            100.3042708,
            5.3582336
          ],
          [
            100.3042776,
            5.3582257
          ],
          [
            100.3042824,
            5.3582164
          ],
          [
            100.3043619,
            5.3580057
          ],
          [
            100.3043633,
            5.3579919
          ],
          [
            100.3043575,
            5.3579792
          ],
          [
            100.3043462,
            5.3579711
          ],
          [
            100.3042479,
            5.357934
          ]
        ]
      }
    },
    {
      "type": "Feature",
      "properties": {
        "id": 836491628,
        "highway": "service",
        "service": "parking_aisle"
      },
      "geometry": {
        "type": "LineString",
        "coordinates": [
          [
            100.3041238,
            5.3578786
          ],
          [
            100.3042479,
            5.357934
          ]
        ]
      }
    },
    {
      "type": "Feature",
      "properties": {
        "id": 836491629,
        "highway": "service",
        "service": "parking_aisle"
      },
      "geometry": {
        "type": "LineString",
        "coordinates": [
          [
            100.3042479,
            5.357934
          ],
          [
            100.3041385,
            5.3582197
          ],
          [
            100.3041356,
            5.3582377
          ],
          [
            100.3041401,
            5.3582554
          ],
          [
            100.3041514,
            5.3582699
          ],
          [
            100.3041591,
            5.3582758
          ],
          [
            100.3041701,
            5.3582789
          ],
          [
            100.3041776,
            5.35828
          ],
          [
            100.3041896,
            5.3582787
          ],
          [
            100.3042009,
            5.3582742
          ]
        ]
      }
    },
    {
      "type": "Feature",
      "properties": {
        "id": 836491630,
        "highway": "service"
      },
      "geometry": {
        "type": "LineString",
        "coordinates": [
          [
            100.3026476,
            5.3608188
          ],
          [
            100.302328,
            5.3608713
          ],
          [
            100.3023098,
            5.3608696
          ],
          [
            100.3022948,
            5.3608593
          ],
          [
            100.3022868,
            5.3608429
          ],
          [
            100.3022691,
            5.3607551
          ]
        ]
      }
    },
    {
      "type": "Feature",
      "properties": {
        "id": 836493027,
        "access": "private",
        "highway": "service",
        "service": "driveway"
      },
      "geometry": {
        "type": "LineString",
        "coordinates": [
          [
            100.3078221,
            5.3606935
          ],
          [
            100.3078097,
            5.3605864
          ],
          [
            100.3077962,
            5.3604709
          ],
          [
            100.3077858,
            5.3603741
          ],
          [
            100.3077659,
            5.3602938
          ],
          [
            100.3077324,
            5.3602308
          ]
        ]
      }
    },
    {
      "type": "Feature",
      "properties": {
        "id": 836493028,
        "highway": "service"
      },
      "geometry": {
        "type": "LineString",
        "coordinates": [
          [
            100.3071138,
            5.3610614
          ],
          [
            100.3069125,
            5.3611863
          ],
          [
            100.30682,
            5.3612217
          ]
        ]
      }
    },
    {
      "type": "Feature",
      "properties": {
        "id": 836636760,
        "access": "private",
        "highway": "service"
      },
      "geometry": {
        "type": "LineString",
        "coordinates": [
          [
            100.308023,
            5.3587894
          ],
          [
            100.3080474,
            5.358705
          ],
          [
            100.3080459,
            5.3586913
          ],
          [
            100.3080378,
            5.3586803
          ],
          [
            100.3080252,
            5.3586746
          ],
          [
            100.3078397,
            5.3586367
          ]
        ]
      }
    },
    {
      "type": "Feature",
      "properties": {
        "id": 836636761,
        "highway": "service"
      },
      "geometry": {
        "type": "LineString",
        "coordinates": [
          [
            100.3089449,
            5.3595026
          ],
          [
            100.3092242,
            5.3594918
          ],
          [
            100.3096943,
            5.3594446
          ],
          [
            100.3099,
            5.3594127
          ]
        ]
      }
    },
    {
      "type": "Feature",
      "properties": {
        "id": 841974493,
        "highway": "service"
      },
      "geometry": {
        "type": "LineString",
        "coordinates": [
          [
            100.3059507,
            5.3562839
          ],
          [
            100.3060121,
            5.3560736
          ]
        ]
      }
    },
    {
      "type": "Feature",
      "properties": {
        "id": 841982629,
        "highway": "service"
      },
      "geometry": {
        "type": "LineString",
        "coordinates": [
          [
            100.2973752,
            5.3533711
          ],
          [
            100.2976116,
            5.3533608
          ],
          [
            100.2976775,
            5.3533545
          ],
          [
            100.2977396,
            5.353335
          ],
          [
            100.297789,
            5.3533079
          ],
          [
            100.2982544,
            5.3529767
          ]
        ]
      }
    },
    {
      "type": "Feature",
      "properties": {
        "id": 841982630,
        "highway": "service"
      },
      "geometry": {
        "type": "LineString",
        "coordinates": [
          [
            100.2973804,
            5.3534595
          ],
          [
            100.2973752,
            5.3533711
          ],
          [
            100.29661,
            5.3534035
          ],
          [
            100.2965872,
            5.3533951
          ],
          [
            100.2965679,
            5.3533806
          ],
          [
            100.2965592,
            5.3533522
          ],
          [
            100.2965252,
            5.3528767
          ]
        ]
      }
    },
    {
      "type": "Feature",
      "properties": {
        "id": 842877104,
        "bicycle": "yes",
        "covered": "no",
        "highway": "service",
        "name": "Jalan Universiti",
        "name:ms": "Jalan Universiti",
        "name:zh": "\u5927\u5b66\u8def",
        "name:zh-Hans": "\u5927\u5b66\u8def",
        "name:zh-Hant": "\u5927\u5b78\u8def",
        "oneway": "yes",
        "surface": "asphalt"
      },
      "geometry": {
        "type": "LineString",
        "coordinates": [
          [
            100.3011261,
            5.3537833
          ],
          [
            100.3011717,
            5.3537491
          ],
          [
            100.3012428,
            5.3537162
          ],
          [
            100.3012783,
            5.3536929
          ],
          [
            100.3012957,
            5.3536702
          ],
          [
            100.3012972,
            5.3536514
          ],
          [
            100.3012959,
            5.3536295
          ],
          [
            100.3012887,
            5.3536129
          ],
          [
            100.3012706,
            5.3535954
          ],
          [
            100.3012433,
            5.3535897
          ],
          [
            100.3012161,
            5.3535959
          ],
          [
            100.3011883,
            5.3536168
          ],
          [
            100.3011433,
            5.3537236
          ],
          [
            100.3011261,
            5.3537833
          ]
        ]
      }
    },
    {
      "type": "Feature",
      "properties": {
        "id": 859425028,
        "highway": "service"
      },
      "geometry": {
        "type": "LineString",
        "coordinates": [
          [
            100.3072938,
            5.3571481
          ],
          [
            100.3072105,
            5.3571135
          ],
          [
            100.3071868,
            5.3570967
          ],
          [
            100.3071675,
            5.3570684
          ],
          [
            100.3071583,
            5.3570256
          ],
          [
            100.3071581,
            5.3569907
          ],
          [
            100.3072102,
            5.3567364
          ],
          [
            100.3072319,
            5.3566988
          ],
          [
            100.3073658,
            5.3565561
          ]
        ]
      }
    },
    {
      "type": "Feature",
      "properties": {
        "id": 859425029,
        "highway": "service"
      },
      "geometry": {
        "type": "LineString",
        "coordinates": [
          [
            100.3066691,
            5.35584
          ],
          [
            100.3066691,
            5.3555154
          ],
          [
            100.3066724,
            5.355501
          ],
          [
            100.3066762,
            5.3554843
          ],
          [
            100.3066918,
            5.3554632
          ],
          [
            100.3068676,
            5.3553827
          ],
          [
            100.3068988,
            5.35537
          ],
          [
            100.3069385,
            5.3553675
          ],
          [
            100.3073645,
            5.355384
          ],
          [
            100.307448,
            5.3553797
          ]
        ]
      }
    },
    {
      "type": "Feature",
      "properties": {
        "id": 862773564,
        "bicycle": "yes",
        "cycleway:left": "shared_lane",
        "cycleway:right": "no",
        "highway": "tertiary_link",
        "lanes": "2",
        "lit": "yes",
        "maxspeed": "30",
        "oneway": "yes",
        "sidewalk": "both",
        "surface": "asphalt"
      },
      "geometry": {
        "type": "LineString",
        "coordinates": [
          [
            100.2997498,
            5.355222
          ],
          [
            100.2998481,
            5.355274
          ],
          [
            100.3000034,
            5.3553254
          ],
          [
            100.3000502,
            5.3553409
          ],
          [
            100.3001377,
            5.3553826
          ]
        ]
      }
    },
    {
      "type": "Feature",
      "properties": {
        "id": 862778003,
        "highway": "service"
      },
      "geometry": {
        "type": "LineString",
        "coordinates": [
          [
            100.3021625,
            5.3554947
          ],
          [
            100.3017212,
            5.3554933
          ],
          [
            100.3016551,
            5.3554933
          ],
          [
            100.3016442,
            5.3554953
          ],
          [
            100.3016362,
            5.3555003
          ],
          [
            100.3016316,
            5.3555076
          ],
          [
            100.3016299,
            5.3555168
          ],
          [
            100.3016297,
            5.3556531
          ]
        ]
      }
    },
    {
      "type": "Feature",
      "properties": {
        "id": 862778004,
        "highway": "service",
        "service": "parking_aisle"
      },
      "geometry": {
        "type": "LineString",
        "coordinates": [
          [
            100.3021434,
            5.3550937
          ],
          [
            100.3022554,
            5.355096
          ]
        ]
      }
    },
    {
      "type": "Feature",
      "properties": {
        "id": 862778005,
        "highway": "service",
        "service": "parking_aisle"
      },
      "geometry": {
        "type": "LineString",
        "coordinates": [
          [
            100.3018526,
            5.3551969
          ],
          [
            100.302009,
            5.3551996
          ],
          [
            100.3021012,
            5.3552007
          ],
          [
            100.3021165,
            5.3551995
          ],
          [
            100.3021294,
            5.3551945
          ],
          [
            100.302139,
            5.3551843
          ],
          [
            100.3021436,
            5.3551724
          ],
          [
            100.3021434,
            5.3550937
          ],
          [
            100.302143,
            5.3549196
          ],
          [
            100.3021401,
            5.3549076
          ],
          [
            100.3021342,
            5.3548963
          ],
          [
            100.3021253,
            5.35489
          ],
          [
            100.3021126,
            5.3548867
          ],
          [
            100.3020427,
            5.3548864
          ],
          [
            100.3020294,
            5.3548893
          ],
          [
            100.3020161,
            5.3548966
          ],
          [
            100.3020083,
            5.3549073
          ],
          [
            100.3020063,
            5.3549199
          ],
          [
            100.302009,
            5.3551996
          ]
        ]
      }
    },
    {
      "type": "Feature",
      "properties": {
        "id": 862813358,
        "highway": "service",
        "service": "parking_aisle",
        "surface": "asphalt"
      },
      "geometry": {
        "type": "LineString",
        "coordinates": [
          [
            100.3023238,
            5.3539136
          ],
          [
            100.3024332,
            5.3539483
          ]
        ]
      }
    },
    {
      "type": "Feature",
      "properties": {
        "id": 862813359,
        "highway": "service",
        "service": "parking_aisle",
        "surface": "asphalt"
      },
      "geometry": {
        "type": "LineString",
        "coordinates": [
          [
            100.3023416,
            5.3542766
          ],
          [
            100.3022225,
            5.354239
          ]
        ]
      }
    },
    {
      "type": "Feature",
      "properties": {
        "id": 862819108,
        "highway": "service"
      },
      "geometry": {
        "type": "LineString",
        "coordinates": [
          [
            100.3047998,
            5.3550468
          ],
          [
            100.304785,
            5.3550598
          ],
          [
            100.3047772,
            5.3550777
          ],
          [
            100.3047778,
            5.3550973
          ],
          [
            100.3047867,
            5.3551148
          ],
          [
            100.3048195,
            5.3551544
          ],
          [
            100.3048317,
            5.3551647
          ],
          [
            100.3048467,
            5.3551701
          ],
          [
            100.3048627,
            5.35517
          ],
          [
            100.3048776,
            5.3551643
          ],
          [
            100.3049579,
            5.3551162
          ],
          [
            100.3049708,
            5.3551046
          ],
          [
            100.3049783,
            5.355089
          ],
          [
            100.3049793,
            5.3550717
          ],
          [
            100.3049737,
            5.3550553
          ],
          [
            100.3049508,
            5.3550157
          ],
          [
            100.3049395,
            5.3550027
          ],
          [
            100.3049242,
            5.3549949
          ],
          [
            100.304907,
            5.3549934
          ],
          [
            100.3048906,
            5.3549984
          ],
          [
            100.30483,
            5.3550303
          ],
          [
            100.3047998,
            5.3550468
          ]
        ]
      }
    },
    {
      "type": "Feature",
      "properties": {
        "id": 862819109,
        "highway": "service"
      },
      "geometry": {
        "type": "LineString",
        "coordinates": [
          [
            100.3055677,
            5.3548619
          ],
          [
            100.3053132,
            5.3549759
          ]
        ]
      }
    },
    {
      "type": "Feature",
      "properties": {
        "id": 862826265,
        "highway": "service",
        "service": "parking_aisle"
      },
      "geometry": {
        "type": "LineString",
        "coordinates": [
          [
            100.2997165,
            5.3560237
          ],
          [
            100.2997214,
            5.3561236
          ],
          [
            100.2997245,
            5.3561883
          ]
        ]
      }
    },
    {
      "type": "Feature",
      "properties": {
        "id": 862826266,
        "highway": "service",
        "service": "parking_aisle"
      },
      "geometry": {
        "type": "LineString",
        "coordinates": [
          [
            100.3001946,
            5.3566321
          ],
          [
            100.3001251,
            5.3566492
          ],
          [
            100.2999671,
            5.3566519
          ]
        ]
      }
    },
    {
      "type": "Feature",
      "properties": {
        "id": 862826495,
        "highway": "service",
        "service": "parking_aisle"
      },
      "geometry": {
        "type": "LineString",
        "coordinates": [
          [
            100.3028391,
            5.3552102
          ],
          [
            100.3030024,
            5.3554693
          ],
          [
            100.3031516,
            5.3557058
          ]
        ]
      }
    },
    {
      "type": "Feature",
      "properties": {
        "id": 862826496,
        "highway": "service",
        "service": "parking_aisle"
      },
      "geometry": {
        "type": "LineString",
        "coordinates": [
          [
            100.3030351,
            5.3557992
          ],
          [
            100.302902,
            5.3555863
          ],
          [
            100.3028955,
            5.35557
          ],
          [
            100.3028958,
            5.3555525
          ],
          [
            100.3029028,
            5.3555364
          ],
          [
            100.3029154,
            5.3555242
          ],
          [
            100.3030024,
            5.3554693
          ]
        ]
      }
    },
    {
      "type": "Feature",
      "properties": {
        "id": 990623735,
        "highway": "service",
        "service": "parking_aisle"
      },
      "geometry": {
        "type": "LineString",
        "coordinates": [
          [
            100.3040578,
            5.3547857
          ],
          [
            100.3039754,
            5.3546299
          ],
          [
            100.3038019,
            5.3542979
          ],
          [
            100.3037987,
            5.3542705
          ],
          [
            100.3038052,
            5.3542495
          ],
          [
            100.3038792,
            5.3542116
          ],
          [
            100.3039752,
            5.3541624
          ],
          [
            100.303993,
            5.3541608
          ],
          [
            100.3040124,
            5.3541689
          ],
          [
            100.3041835,
            5.3544889
          ],
          [
            100.3041861,
            5.3545107
          ],
          [
            100.3041764,
            5.3545275
          ],
          [
            100.3041217,
            5.3545553
          ],
          [
            100.3040671,
            5.3545832
          ],
          [
            100.3039754,
            5.3546299
          ]
        ]
      }
    },
    {
      "type": "Feature",
      "properties": {
        "id": 990623736,
        "highway": "service",
        "service": "parking_aisle"
      },
      "geometry": {
        "type": "LineString",
        "coordinates": [
          [
            100.3040671,
            5.3545832
          ],
          [
            100.3038792,
            5.3542116
          ]
        ]
      }
    },
    {
      "type": "Feature",
      "properties": {
        "id": 990623737,
        "access": "private",
        "highway": "service",
        "service": "driveway"
      },
      "geometry": {
        "type": "LineString",
        "coordinates": [
          [
            100.3077688,
            5.3608986
          ],
          [
            100.3077996,
            5.3610681
          ],
          [
            100.3078109,
            5.361102
          ],
          [
            100.3078557,
            5.3611774
          ]
        ]
      }
    },
    {
      "type": "Feature",
      "properties": {
        "id": 990623738,
        "access": "private",
        "highway": "service",
        "service": "driveway"
      },
      "geometry": {
        "type": "LineString",
        "coordinates": [
          [
            100.3077316,
            5.3606559
          ],
          [
            100.3077433,
            5.3607384
          ],
          [
            100.3077545,
            5.3608175
          ]
        ]
      }
    },
    {
      "type": "Feature",
      "properties": {
        "id": 990623739,
        "access": "private",
        "covered": "yes",
        "highway": "service",
        "service": "driveway"
      },
      "geometry": {
        "type": "LineString",
        "coordinates": [
          [
            100.3077545,
            5.3608175
          ],
          [
            100.3077688,
            5.3608986
          ]
        ]
      }
    },
    {
      "type": "Feature",
      "properties": {
        "id": 992428593,
        "highway": "unclassified",
        "name": "Jalan Inovasi",
        "name:ms": "Jalan Inovasi",
        "surface": "asphalt"
      },
      "geometry": {
        "type": "LineString",
        "coordinates": [
          [
            100.2986425,
            5.3557214
          ],
          [
            100.298622,
            5.3560054
          ]
        ]
      }
    },
    {
      "type": "Feature",
      "properties": {
        "id": 992428594,
        "bridge": "yes",
        "highway": "unclassified",
        "layer": "1",
        "name": "Jalan Inovasi",
        "name:ms": "Jalan Inovasi",
        "surface": "asphalt"
      },
      "geometry": {
        "type": "LineString",
        "coordinates": [
          [
            100.2986477,
            5.3556502
          ],
          [
            100.2986425,
            5.3557214
          ]
        ]
      }
    },
    {
      "type": "Feature",
      "properties": {
        "id": 992428595,
        "bicycle": "yes",
        "covered": "no",
        "cycleway": "shared_lane",
        "highway": "unclassified",
        "lanes": "2",
        "name": "Persiaran Sains",
        "name:ms": "Persiaran Sains",
        "oneway": "no",
        "surface": "asphalt"
      },
      "geometry": {
        "type": "LineString",
        "coordinates": [
          [
            100.3001377,
            5.3553826
          ],
          [
            100.3002028,
            5.3555114
          ],
          [
            100.300368,
            5.3558383
          ],
          [
            100.3007455,
            5.3565853
          ]
        ]
      }
    },
    {
      "type": "Feature",
      "properties": {
        "id": 1003482451,
        "highway": "service"
      },
      "geometry": {
        "type": "LineString",
        "coordinates": [
          [
            100.2905926,
            5.3530941
          ],
          [
            100.2906147,
            5.3531148
          ],
          [
            100.2907381,
            5.3532423
          ]
        ]
      }
    },
    {
      "type": "Feature",
      "properties": {
        "id": 1003482452,
        "highway": "service",
        "oneway": "yes"
      },
      "geometry": {
        "type": "LineString",
        "coordinates": [
          [
            100.2907462,
            5.3534746
          ],
          [
            100.2908421,
            5.3533878
          ],
          [
            100.2907381,
            5.3532423
          ]
        ]
      }
    },
    {
      "type": "Feature",
      "properties": {
        "id": 1030376059,
        "highway": "unclassified",
        "name": "Jalan Dewan",
        "name:ms": "Jalan Dewan",
        "surface": "asphalt"
      },
      "geometry": {
        "type": "LineString",
        "coordinates": [
          [
            100.2933989,
            5.3564428
          ],
          [
            100.293415,
            5.3567503
          ],
          [
            100.2934368,
            5.3571674
          ],
          [
            100.2934479,
            5.3572071
          ],
          [
            100.2934877,
            5.3572461
          ],
          [
            100.293531,
            5.3572561
          ],
          [
            100.2937555,
            5.3572434
          ],
          [
            100.294036,
            5.3572276
          ]
        ]
      }
    },
    {
      "type": "Feature",
      "properties": {
        "id": 1030376060,
        "highway": "service",
        "oneway": "yes",
        "surface": "asphalt"
      },
      "geometry": {
        "type": "LineString",
        "coordinates": [
          [
            100.2995384,
            5.3551903
          ],
          [
            100.2995329,
            5.3549424
          ]
        ]
      }
    },
    {
      "type": "Feature",
      "properties": {
        "id": 1030376066,
        "highway": "unclassified",
        "oneway": "yes"
      },
      "geometry": {
        "type": "LineString",
        "coordinates": [
          [
            100.3066084,
            5.3603112
          ],
          [
            100.3065625,
            5.3602961
          ],
          [
            100.3065235,
            5.3603027
          ],
          [
            100.3064921,
            5.3603197
          ],
          [
            100.3064556,
            5.3603552
          ]
        ]
      }
    },
    {
      "type": "Feature",
      "properties": {
        "id": 1030376068,
        "highway": "service",
        "oneway": "yes"
      },
      "geometry": {
        "type": "LineString",
        "coordinates": [
          [
            100.3032582,
            5.3556429
          ],
          [
            100.3031516,
            5.3557058
          ],
          [
            100.3031087,
            5.3557311
          ],
          [
            100.3030786,
            5.3557706
          ]
        ]
      }
    },
    {
      "type": "Feature",
      "properties": {
        "id": 1030376069,
        "highway": "service",
        "oneway": "yes"
      },
      "geometry": {
        "type": "LineString",
        "coordinates": [
          [
            100.3030786,
            5.3557706
          ],
          [
            100.3031346,
            5.3557635
          ],
          [
            100.3032786,
            5.3556849
          ]
        ]
      }
    },
    {
      "type": "Feature",
      "properties": {
        "id": 1030376070,
        "highway": "service",
        "service": "parking_aisle"
      },
      "geometry": {
        "type": "LineString",
        "coordinates": [
          [
            100.3030677,
            5.3561857
          ],
          [
            100.3032083,
            5.356123
          ],
          [
            100.3032232,
            5.3561134
          ],
          [
            100.3032331,
            5.3560996
          ],
          [
            100.3032342,
            5.3560808
          ],
          [
            100.3032291,
            5.3560599
          ],
          [
            100.3030786,
            5.3557706
          ]
        ]
      }
    },
    {
      "type": "Feature",
      "properties": {
        "id": 1030376071,
        "highway": "service",
        "oneway": "no",
        "surface": "asphalt"
      },
      "geometry": {
        "type": "LineString",
        "coordinates": [
          [
            100.3016741,
            5.3545222
          ],
          [
            100.3016459,
            5.3545929
          ],
          [
            100.3016406,
            5.3546117
          ],
          [
            100.3016385,
            5.3546273
          ],
          [
            100.3016399,
            5.3546427
          ],
          [
            100.3016442,
            5.3546581
          ],
          [
            100.3016533,
            5.3546743
          ],
          [
            100.3016643,
            5.3546857
          ],
          [
            100.3016995,
            5.3547168
          ]
        ]
      }
    },
    {
      "type": "Feature",
      "properties": {
        "id": 1030965766,
        "highway": "service",
        "service": "parking_aisle"
      },
      "geometry": {
        "type": "LineString",
        "coordinates": [
          [
            100.300261,
            5.3544211
          ],
          [
            100.3002079,
            5.3543484
          ],
          [
            100.3001971,
            5.3543358
          ],
          [
            100.3001826,
            5.3543267
          ],
          [
            100.3001651,
            5.3543217
          ],
          [
            100.3001475,
            5.3543194
          ],
          [
            100.2997159,
            5.3543177
          ]
        ]
      }
    },
    {
      "type": "Feature",
      "properties": {
        "id": 1030965767,
        "highway": "service",
        "service": "parking_aisle"
      },
      "geometry": {
        "type": "LineString",
        "coordinates": [
          [
            100.2999457,
            5.3552512
          ],
          [
            100.299951,
            5.3551501
          ],
          [
            100.2999502,
            5.355105
          ],
          [
            100.2999461,
            5.3548958
          ]
        ]
      }
    },
    {
      "type": "Feature",
      "properties": {
        "id": 1030965772,
        "highway": "service"
      },
      "geometry": {
        "type": "LineString",
        "coordinates": [
          [
            100.2980497,
            5.353416
          ],
          [
            100.2981392,
            5.3534074
          ],
          [
            100.2982025,
            5.353387
          ],
          [
            100.2984832,
            5.3532029
          ]
        ]
      }
    },
    {
      "type": "Feature",
      "properties": {
        "id": 1030965773,
        "highway": "service"
      },
      "geometry": {
        "type": "LineString",
        "coordinates": [
          [
            100.2963608,
            5.3544658
          ],
          [
            100.2963766,
            5.3547121
          ]
        ]
      }
    },
    {
      "type": "Feature",
      "properties": {
        "id": 1030965774,
        "highway": "service"
      },
      "geometry": {
        "type": "LineString",
        "coordinates": [
          [
            100.2963364,
            5.3541067
          ],
          [
            100.2963188,
            5.3538738
          ]
        ]
      }
    },
    {
      "type": "Feature",
      "properties": {
        "id": 1030965791,
        "highway": "service"
      },
      "geometry": {
        "type": "LineString",
        "coordinates": [
          [
            100.294168,
            5.354878
          ],
          [
            100.2940224,
            5.3547776
          ]
        ]
      }
    },
    {
      "type": "Feature",
      "properties": {
        "id": 1030965792,
        "bicycle": "yes",
        "covered": "no",
        "highway": "service",
        "oneway": "no",
        "surface": "asphalt"
      },
      "geometry": {
        "type": "LineString",
        "coordinates": [
          [
            100.2954486,
            5.3555445
          ],
          [
            100.2952542,
            5.3555571
          ],
          [
            100.2951184,
            5.3555658
          ],
          [
            100.2950599,
            5.3555696
          ]
        ]
      }
    },
    {
      "type": "Feature",
      "properties": {
        "id": 1030965793,
        "highway": "service",
        "surface": "asphalt"
      },
      "geometry": {
        "type": "LineString",
        "coordinates": [
          [
            100.2953495,
            5.3559619
          ],
          [
            100.2952542,
            5.3555571
          ]
        ]
      }
    },
    {
      "type": "Feature",
      "properties": {
        "id": 1030965794,
        "highway": "service"
      },
      "geometry": {
        "type": "LineString",
        "coordinates": [
          [
            100.2972351,
            5.3555437
          ],
          [
            100.2969832,
            5.3555632
          ]
        ]
      }
    },
    {
      "type": "Feature",
      "properties": {
        "id": 1030965798,
        "highway": "service"
      },
      "geometry": {
        "type": "LineString",
        "coordinates": [
          [
            100.304127,
            5.3553106
          ],
          [
            100.3042041,
            5.3552332
          ],
          [
            100.3042896,
            5.3551484
          ]
        ]
      }
    },
    {
      "type": "Feature",
      "properties": {
        "id": 1030965801,
        "highway": "service",
        "service": "parking_aisle"
      },
      "geometry": {
        "type": "LineString",
        "coordinates": [
          [
            100.3041418,
            5.3570697
          ],
          [
            100.3040826,
            5.3570236
          ],
          [
            100.3040705,
            5.3570077
          ],
          [
            100.3040652,
            5.3569853
          ],
          [
            100.3040666,
            5.3569606
          ],
          [
            100.3040746,
            5.3569419
          ],
          [
            100.304115,
            5.356891
          ]
        ]
      }
    },
    {
      "type": "Feature",
      "properties": {
        "id": 1031054637,
        "bicycle": "yes",
        "covered": "no",
        "highway": "service",
        "name": "Jalan Universiti",
        "name:ms": "Jalan Universiti",
        "name:zh": "\u5927\u5b66\u8def",
        "name:zh-Hans": "\u5927\u5b66\u8def",
        "name:zh-Hant": "\u5927\u5b78\u8def",
        "oneway": "no",
        "surface": "asphalt"
      },
      "geometry": {
        "type": "LineString",
        "coordinates": [
          [
            100.3011261,
            5.3537833
          ],
          [
            100.3010561,
            5.3539466
          ],
          [
            100.3010056,
            5.3540239
          ]
        ]
      }
    },
    {
      "type": "Feature",
      "properties": {
        "id": 1031054638,
        "highway": "service"
      },
      "geometry": {
        "type": "LineString",
        "coordinates": [
          [
            100.3014721,
            5.352943
          ],
          [
            100.3014489,
            5.353018
          ],
          [
            100.3012706,
            5.3535954
          ]
        ]
      }
    },
    {
      "type": "Feature",
      "properties": {
        "id": 1031054647,
        "highway": "service"
      },
      "geometry": {
        "type": "LineString",
        "coordinates": [
          [
            100.3063727,
            5.3546821
          ],
          [
            100.3063025,
            5.3545363
          ],
          [
            100.3062932,
            5.3545068
          ],
          [
            100.306301,
            5.3544727
          ],
          [
            100.306329,
            5.354451
          ],
          [
            100.3065518,
            5.3543595
          ],
          [
            100.3066281,
            5.3543293
          ],
          [
            100.3067169,
            5.3543145
          ],
          [
            100.3068571,
            5.3543083
          ]
        ]
      }
    },
    {
      "type": "Feature",
      "properties": {
        "id": 1031054648,
        "highway": "service"
      },
      "geometry": {
        "type": "LineString",
        "coordinates": [
          [
            100.3064359,
            5.3548332
          ],
          [
            100.30672,
            5.3546683
          ],
          [
            100.3067316,
            5.354651
          ],
          [
            100.3067327,
            5.3546326
          ],
          [
            100.3066874,
            5.3545257
          ]
        ]
      }
    },
    {
      "type": "Feature",
      "properties": {
        "id": 1031054649,
        "highway": "service"
      },
      "geometry": {
        "type": "LineString",
        "coordinates": [
          [
            100.3048036,
            5.355971
          ],
          [
            100.3048936,
            5.3558641
          ],
          [
            100.3049213,
            5.3558354
          ],
          [
            100.3049929,
            5.3557687
          ],
          [
            100.3050114,
            5.3557446
          ],
          [
            100.3050126,
            5.3557239
          ],
          [
            100.3050079,
            5.3557009
          ],
          [
            100.304984,
            5.3556511
          ]
        ]
      }
    },
    {
      "type": "Feature",
      "properties": {
        "id": 1031054656,
        "highway": "service",
        "oneway": "no",
        "surface": "asphalt"
      },
      "geometry": {
        "type": "LineString",
        "coordinates": [
          [
            100.3062028,
            5.3552508
          ],
          [
            100.3062489,
            5.3552581
          ],
          [
            100.3062737,
            5.355262
          ]
        ]
      }
    },
    {
      "type": "Feature",
      "properties": {
        "id": 1031054660,
        "highway": "service"
      },
      "geometry": {
        "type": "LineString",
        "coordinates": [
          [
            100.302046,
            5.3606606
          ],
          [
            100.302076,
            5.3605606
          ],
          [
            100.3020785,
            5.3605313
          ],
          [
            100.3020779,
            5.3605019
          ],
          [
            100.3020129,
            5.3601474
          ]
        ]
      }
    },
    {
      "type": "Feature",
      "properties": {
        "id": 1031054662,
        "highway": "service",
        "oneway": "yes"
      },
      "geometry": {
        "type": "LineString",
        "coordinates": [
          [
            100.3030194,
            5.3579069
          ],
          [
            100.3030275,
            5.3583146
          ],
          [
            100.3030338,
            5.3586372
          ]
        ]
      }
    },
    {
      "type": "Feature",
      "properties": {
        "id": 1031054663,
        "highway": "service",
        "is_in": "Universiti Sains Malaysia",
        "surface": "asphalt"
      },
      "geometry": {
        "type": "LineString",
        "coordinates": [
          [
            100.3028993,
            5.3579085
          ],
          [
            100.3029268,
            5.3579082
          ],
          [
            100.3030194,
            5.3579069
          ]
        ]
      }
    },
    {
      "type": "Feature",
      "properties": {
        "id": 1031068752,
        "highway": "service"
      },
      "geometry": {
        "type": "LineString",
        "coordinates": [
          [
            100.303232,
            5.3601305
          ],
          [
            100.3033511,
            5.3600992
          ],
          [
            100.303408,
            5.3600954
          ],
          [
            100.3034541,
            5.3601052
          ],
          [
            100.3034974,
            5.3601291
          ],
          [
            100.3035324,
            5.3601645
          ],
          [
            100.3035452,
            5.3601792
          ],
          [
            100.3038393,
            5.3605152
          ]
        ]
      }
    },
    {
      "type": "Feature",
      "properties": {
        "id": 1031068753,
        "highway": "service"
      },
      "geometry": {
        "type": "LineString",
        "coordinates": [
          [
            100.3044171,
            5.3604892
          ],
          [
            100.3044065,
            5.3604433
          ],
          [
            100.3043944,
            5.3604245
          ],
          [
            100.3043747,
            5.3604128
          ],
          [
            100.3041616,
            5.3603363
          ],
          [
            100.3039602,
            5.3602641
          ],
          [
            100.3036804,
            5.3601894
          ],
          [
            100.3035324,
            5.3601645
          ]
        ]
      }
    },
    {
      "type": "Feature",
      "properties": {
        "id": 1031068756,
        "highway": "service"
      },
      "geometry": {
        "type": "LineString",
        "coordinates": [
          [
            100.30179,
            5.3603105
          ],
          [
            100.3016519,
            5.3603041
          ],
          [
            100.3014154,
            5.3602932
          ]
        ]
      }
    },
    {
      "type": "Feature",
      "properties": {
        "id": 1031068757,
        "highway": "service"
      },
      "geometry": {
        "type": "LineString",
        "coordinates": [
          [
            100.3014079,
            5.360424
          ],
          [
            100.3014154,
            5.3602932
          ],
          [
            100.3014213,
            5.3601916
          ]
        ]
      }
    },
    {
      "type": "Feature",
      "properties": {
        "id": 1031068758,
        "highway": "service"
      },
      "geometry": {
        "type": "LineString",
        "coordinates": [
          [
            100.3016519,
            5.3603041
          ],
          [
            100.30166,
            5.360185
          ]
        ]
      }
    },
    {
      "type": "Feature",
      "properties": {
        "id": 1031068763,
        "highway": "service"
      },
      "geometry": {
        "type": "LineString",
        "coordinates": [
          [
            100.3013937,
            5.3593366
          ],
          [
            100.3016118,
            5.3593324
          ],
          [
            100.3017438,
            5.3593299
          ]
        ]
      }
    },
    {
      "type": "Feature",
      "properties": {
        "id": 1031081038,
        "highway": "service",
        "oneway": "-1",
        "service": "parking_aisle",
        "surface": "asphalt"
      },
      "geometry": {
        "type": "LineString",
        "coordinates": [
          [
            100.3017825,
            5.3573246
          ],
          [
            100.3017845,
            5.3574461
          ],
          [
            100.3014881,
            5.3574508
          ]
        ]
      }
    },
    {
      "type": "Feature",
      "properties": {
        "id": 1031081050,
        "highway": "service",
        "surface": "asphalt"
      },
      "geometry": {
        "type": "LineString",
        "coordinates": [
          [
            100.3023404,
            5.3592355
          ],
          [
            100.3020312,
            5.359297
          ],
          [
            100.3020134,
            5.3592933
          ],
          [
            100.3020023,
            5.3592814
          ],
          [
            100.3019893,
            5.3592111
          ]
        ]
      }
    },
    {
      "type": "Feature",
      "properties": {
        "id": 1031081051,
        "highway": "service"
      },
      "geometry": {
        "type": "LineString",
        "coordinates": [
          [
            100.3052441,
            5.3579674
          ],
          [
            100.3054991,
            5.3581248
          ],
          [
            100.3055149,
            5.3581273
          ],
          [
            100.305532,
            5.358123
          ],
          [
            100.3055689,
            5.3580944
          ]
        ]
      }
    },
    {
      "type": "Feature",
      "properties": {
        "id": 1031081056,
        "highway": "service"
      },
      "geometry": {
        "type": "LineString",
        "coordinates": [
          [
            100.3034643,
            5.3572254
          ],
          [
            100.3034422,
            5.3570876
          ],
          [
            100.3034398,
            5.3569735
          ],
          [
            100.3034436,
            5.3569453
          ],
          [
            100.303452,
            5.3569172
          ],
          [
            100.3035026,
            5.3568196
          ]
        ]
      }
    },
    {
      "type": "Feature",
      "properties": {
        "id": 1031136394,
        "highway": "service"
      },
      "geometry": {
        "type": "LineString",
        "coordinates": [
          [
            100.2922993,
            5.3552434
          ],
          [
            100.2922965,
            5.355015
          ]
        ]
      }
    },
    {
      "type": "Feature",
      "properties": {
        "id": 1031136395,
        "access": "private",
        "highway": "service",
        "surface": "asphalt"
      },
      "geometry": {
        "type": "LineString",
        "coordinates": [
          [
            100.2898445,
            5.3572754
          ],
          [
            100.2897899,
            5.3573119
          ],
          [
            100.289736,
            5.3573717
          ],
          [
            100.2897001,
            5.357437
          ],
          [
            100.2896477,
            5.357576
          ]
        ]
      }
    },
    {
      "type": "Feature",
      "properties": {
        "id": 1031136414,
        "access": "private",
        "highway": "service",
        "surface": "asphalt"
      },
      "geometry": {
        "type": "LineString",
        "coordinates": [
          [
            100.29076,
            5.3569102
          ],
          [
            100.2907237,
            5.3570449
          ],
          [
            100.2906744,
            5.3571292
          ],
          [
            100.2905886,
            5.3572119
          ],
          [
            100.2905087,
            5.3572702
          ],
          [
            100.2904139,
            5.3573302
          ],
          [
            100.2902972,
            5.3573926
          ]
        ]
      }
    },
    {
      "type": "Feature",
      "properties": {
        "id": 1031136415,
        "covered": "yes",
        "highway": "service",
        "surface": "asphalt"
      },
      "geometry": {
        "type": "LineString",
        "coordinates": [
          [
            100.2902972,
            5.3573926
          ],
          [
            100.290244,
            5.357417
          ]
        ]
      }
    },
    {
      "type": "Feature",
      "properties": {
        "id": 1037066066,
        "highway": "service"
      },
      "geometry": {
        "type": "LineString",
        "coordinates": [
          [
            100.300476,
            5.354388
          ],
          [
            100.3004975,
            5.3542196
          ]
        ]
      }
    },
    {
      "type": "Feature",
      "properties": {
        "id": 1037066073,
        "highway": "service",
        "service": "parking_aisle"
      },
      "geometry": {
        "type": "LineString",
        "coordinates": [
          [
            100.3023238,
            5.3539136
          ],
          [
            100.3023766,
            5.353718
          ]
        ]
      }
    },
    {
      "type": "Feature",
      "properties": {
        "id": 1037066074,
        "highway": "service"
      },
      "geometry": {
        "type": "LineString",
        "coordinates": [
          [
            100.3021809,
            5.3538702
          ],
          [
            100.3021851,
            5.3538541
          ]
        ]
      }
    },
    {
      "type": "Feature",
      "properties": {
        "id": 1037066075,
        "highway": "service",
        "service": "parking_aisle"
      },
      "geometry": {
        "type": "LineString",
        "coordinates": [
          [
            100.302265,
            5.3535497
          ],
          [
            100.3022738,
            5.3535379
          ],
          [
            100.3022879,
            5.3535299
          ],
          [
            100.3023035,
            5.3535317
          ]
        ]
      }
    },
    {
      "type": "Feature",
      "properties": {
        "id": 1037066076,
        "highway": "service",
        "motor_vehicle": "no",
        "name": "Permatang Pelajar",
        "name:ms": "Permatang Pelajar",
        "surface": "paving_stones"
      },
      "geometry": {
        "type": "LineString",
        "coordinates": [
          [
            100.3049065,
            5.3557079
          ],
          [
            100.3048641,
            5.3557581
          ]
        ]
      }
    },
    {
      "type": "Feature",
      "properties": {
        "id": 1119141476,
        "highway": "service",
        "service": "parking_aisle"
      },
      "geometry": {
        "type": "LineString",
        "coordinates": [
          [
            100.3006946,
            5.354865
          ],
          [
            100.3007935,
            5.3548648
          ],
          [
            100.30079,
            5.3546248
          ],
          [
            100.3007891,
            5.3546177
          ],
          [
            100.3007862,
            5.3546122
          ],
          [
            100.3007807,
            5.3546101
          ],
          [
            100.3007748,
            5.3546094
          ],
          [
            100.3007048,
            5.3546103
          ],
          [
            100.3006984,
            5.3546116
          ],
          [
            100.3006938,
            5.3546147
          ],
          [
            100.3006918,
            5.3546202
          ],
          [
            100.3006911,
            5.3546265
          ],
          [
            100.3006946,
            5.354865
          ]
        ]
      }
    },
    {
      "type": "Feature",
      "properties": {
        "id": 1119141477,
        "highway": "service",
        "oneway": "yes",
        "service": "driveway"
      },
      "geometry": {
        "type": "LineString",
        "coordinates": [
          [
            100.3015699,
            5.3547629
          ],
          [
            100.3015743,
            5.3547798
          ],
          [
            100.3015868,
            5.3547964
          ],
          [
            100.3016037,
            5.3548092
          ],
          [
            100.3016244,
            5.3548142
          ],
          [
            100.3016991,
            5.3548154
          ]
        ]
      }
    },
    {
      "type": "Feature",
      "properties": {
        "id": 1119141478,
        "highway": "service",
        "service": "parking_aisle"
      },
      "geometry": {
        "type": "LineString",
        "coordinates": [
          [
            100.3016037,
            5.3548092
          ],
          [
            100.3015923,
            5.3548631
          ],
          [
            100.3015906,
            5.3548815
          ],
          [
            100.3015925,
            5.355168
          ],
          [
            100.3015956,
            5.3551782
          ],
          [
            100.3016026,
            5.3551886
          ],
          [
            100.3016116,
            5.3551934
          ],
          [
            100.3016224,
            5.3551955
          ],
          [
            100.3017101,
            5.3551961
          ]
        ]
      }
    },
    {
      "type": "Feature",
      "properties": {
        "id": 1221451166,
        "highway": "tertiary",
        "junction": "roundabout",
        "maxspeed": "30",
        "oneway": "yes",
        "surface": "asphalt"
      },
      "geometry": {
        "type": "LineString",
        "coordinates": [
          [
            100.3056177,
            5.3575366
          ],
          [
            100.3056347,
            5.3575624
          ],
          [
            100.3056586,
            5.3575821
          ],
          [
            100.3056876,
            5.357594
          ],
          [
            100.3057189,
            5.3575967
          ],
          [
            100.3057495,
            5.3575901
          ]
        ]
      }
    },
    {
      "type": "Feature",
      "properties": {
        "id": 1221451167,
        "highway": "tertiary",
        "junction": "roundabout",
        "maxspeed": "30",
        "oneway": "yes",
        "surface": "asphalt"
      },
      "geometry": {
        "type": "LineString",
        "coordinates": [
          [
            100.3056524,
            5.357408
          ],
          [
            100.3056259,
            5.3574348
          ],
          [
            100.3056108,
            5.3574694
          ],
          [
            100.305609,
            5.357507
          ],
          [
            100.3056177,
            5.3575366
          ]
        ]
      }
    },
    {
      "type": "Feature",
      "properties": {
        "id": 1221451168,
        "highway": "tertiary",
        "junction": "roundabout",
        "maxspeed": "30",
        "oneway": "yes",
        "surface": "asphalt"
      },
      "geometry": {
        "type": "LineString",
        "coordinates": [
          [
            100.3058166,
            5.3575
          ],
          [
            100.3058157,
            5.3574779
          ],
          [
            100.3058102,
            5.3574566
          ]
        ]
      }
    },
    {
      "type": "Feature",
      "properties": {
        "id": 1221451169,
        "highway": "tertiary",
        "junction": "roundabout",
        "maxspeed": "30",
        "oneway": "yes",
        "surface": "asphalt"
      },
      "geometry": {
        "type": "LineString",
        "coordinates": [
          [
            100.3057495,
            5.3575901
          ],
          [
            100.3057831,
            5.3575695
          ],
          [
            100.3058065,
            5.357538
          ],
          [
            100.3058166,
            5.3575
          ]
        ]
      }
    },
    {
      "type": "Feature",
      "properties": {
        "id": 1221451170,
        "highway": "tertiary",
        "junction": "roundabout",
        "maxspeed": "30",
        "oneway": "yes",
        "surface": "asphalt"
      },
      "geometry": {
        "type": "LineString",
        "coordinates": [
          [
            100.3057635,
            5.3574024
          ],
          [
            100.3057363,
            5.3573918
          ],
          [
            100.3057072,
            5.3573892
          ],
          [
            100.3056785,
            5.3573947
          ],
          [
            100.3056524,
            5.357408
          ]
        ]
      }
    },
    {
      "type": "Feature",
      "properties": {
        "id": 1238250824,
        "highway": "service"
      },
      "geometry": {
        "type": "LineString",
        "coordinates": [
          [
            100.3096622,
            5.3592785
          ],
          [
            100.3096943,
            5.3594446
          ],
          [
            100.3097245,
            5.3597062
          ],
          [
            100.309701,
            5.3597842
          ],
          [
            100.3096422,
            5.3598271
          ],
          [
            100.3093094,
            5.3598992
          ]
        ]
      }
    },
    {
      "type": "Feature",
      "properties": {
        "id": 1244814623,
        "highway": "tertiary",
        "maxspeed": "30",
        "name": "Jalan Masjid",
        "name:ms": "Jalan Masjid",
        "name:zh": "\u6e05\u771f\u5bfa\u8def",
        "name:zh-Hans": "\u6e05\u771f\u5bfa\u8def",
        "name:zh-Hant": "\u6e05\u771f\u5bfa\u8def",
        "oneway": "yes",
        "surface": "asphalt"
      },
      "geometry": {
        "type": "LineString",
        "coordinates": [
          [
            100.3025687,
            5.3532478
          ],
          [
            100.3025612,
            5.3532713
          ],
          [
            100.3025086,
            5.3534689
          ],
          [
            100.3025054,
            5.3535054
          ],
          [
            100.3025225,
            5.3536281
          ]
        ]
      }
    },
    {
      "type": "Feature",
      "properties": {
        "id": 1244814627,
        "highway": "tertiary",
        "maxspeed": "30",
        "name": "Jalan Masjid",
        "name:ms": "Jalan Masjid",
        "name:zh": "\u6e05\u771f\u5bfa\u8def",
        "name:zh-Hans": "\u6e05\u771f\u5bfa\u8def",
        "name:zh-Hant": "\u6e05\u771f\u5bfa\u8def",
        "surface": "asphalt"
      },
      "geometry": {
        "type": "LineString",
        "coordinates": [
          [
            100.3022267,
            5.3546887
          ],
          [
            100.3022507,
            5.3546025
          ],
          [
            100.3022812,
            5.3544932
          ]
        ]
      }
    },
    {
      "type": "Feature",
      "properties": {
        "id": 1244814628,
        "highway": "tertiary",
        "maxspeed": "30",
        "name": "Jalan Masjid",
        "name:zh": "\u6e05\u771f\u5bfa\u8def",
        "name:zh-Hans": "\u6e05\u771f\u5bfa\u8def",
        "name:zh-Hant": "\u6e05\u771f\u5bfa\u8defv",
        "surface": "asphalt"
      },
      "geometry": {
        "type": "LineString",
        "coordinates": [
          [
            100.3022812,
            5.3544932
          ],
          [
            100.3023416,
            5.3542766
          ],
          [
            100.302372,
            5.3541677
          ],
          [
            100.3024332,
            5.3539483
          ],
          [
            100.3024865,
            5.3537571
          ]
        ]
      }
    },
    {
      "type": "Feature",
      "properties": {
        "id": 1244814629,
        "highway": "tertiary",
        "maxspeed": "30",
        "name": "Jalan Universiti",
        "name:ms": "Jalan Universiti",
        "name:zh": "\u5927\u5b66\u8def",
        "name:zh-Hans": "\u5927\u5b66\u8def",
        "name:zh-Hant": "\u5927\u5b78\u8def",
        "oneway": "yes",
        "surface": "asphalt"
      },
      "geometry": {
        "type": "LineString",
        "coordinates": [
          [
            100.3022109,
            5.3547453
          ],
          [
            100.3023486,
            5.3547911
          ]
        ]
      }
    },
    {
      "type": "Feature",
      "properties": {
        "id": 1244814630,
        "highway": "tertiary",
        "maxspeed": "30",
        "name": "Jalan Universiti",
        "name:ms": "Jalan Universiti",
        "name:zh": "\u5927\u5b66\u8def",
        "name:zh-Hans": "\u5927\u5b66\u8def",
        "name:zh-Hant": "\u5927\u5b78\u8def",
        "oneway": "yes",
        "surface": "asphalt"
      },
      "geometry": {
        "type": "LineString",
        "coordinates": [
          [
            100.3023486,
            5.3547911
          ],
          [
            100.3024203,
            5.3548137
          ],
          [
            100.3026173,
            5.3548758
          ],
          [
            100.3027888,
            5.3549422
          ],
          [
            100.30288,
            5.3549992
          ],
          [
            100.3029665,
            5.3550971
          ],
          [
            100.3030363,
            5.3552088
          ],
          [
            100.3032582,
            5.3556429
          ],
          [
            100.3032786,
            5.3556849
          ],
          [
            100.3033105,
            5.3557478
          ],
          [
            100.3034806,
            5.3560827
          ]
        ]
      }
    },
    {
      "type": "Feature",
      "properties": {
        "id": 1244814631,
        "bicycle": "yes",
        "covered": "no",
        "cycleway:left": "shared_lane",
        "cycleway:right": "no",
        "highway": "tertiary",
        "maxspeed": "30",
        "name": "Jalan Universiti",
        "name:ms": "Jalan Universiti",
        "name:zh": "\u5927\u5b66\u8def",
        "name:zh-Hans": "\u5927\u5b66\u8def",
        "name:zh-Hant": "\u5927\u5b78\u8def",
        "oneway": "yes",
        "surface": "asphalt"
      },
      "geometry": {
        "type": "LineString",
        "coordinates": [
          [
            100.3024263,
            5.3547588
          ],
          [
            100.3022267,
            5.3546887
          ]
        ]
      }
    },
    {
      "type": "Feature",
      "properties": {
        "id": 1293383361,
        "access": "private",
        "highway": "residential",
        "maxspeed": "30",
        "oneway": "yes",
        "surface": "asphalt"
      },
      "geometry": {
        "type": "LineString",
        "coordinates": [
          [
            100.2911083,
            5.3564395
          ],
          [
            100.291824,
            5.3564529
          ],
          [
            100.2919422,
            5.3564566
          ],
          [
            100.2922254,
            5.3564711
          ],
          [
            100.2923009,
            5.356472
          ],
          [
            100.2923869,
            5.3564528
          ],
          [
            100.2924502,
            5.3564111
          ],
          [
            100.2924948,
            5.3563527
          ],
          [
            100.2925396,
            5.3562827
          ],
          [
            100.2925487,
            5.3562525
          ],
          [
            100.2925404,
            5.3559735
          ],
          [
            100.2925195,
            5.3555655
          ],
          [
            100.2925113,
            5.3553974
          ]
        ]
      }
    },
    {
      "type": "Feature",
      "properties": {
        "id": 1306295855,
        "bicycle": "yes",
        "cycleway": "shared_lane",
        "highway": "tertiary",
        "lanes": "2",
        "lit": "yes",
        "maxspeed": "30",
        "name": "Jalan Universiti",
        "name:ms": "Jalan Universiti",
        "name:zh": "\u5927\u5b66\u8def",
        "name:zh-Hans": "\u5927\u5b66\u8def",
        "name:zh-Hant": "\u5927\u5b78\u8def",
        "oneway": "no",
        "sidewalk": "both",
        "surface": "asphalt"
      },
      "geometry": {
        "type": "LineString",
        "coordinates": [
          [
            100.2997498,
            5.355222
          ],
          [
            100.2995384,
            5.3551903
          ]
        ]
      }
    },
    {
      "type": "Feature",
      "properties": {
        "id": 1306295856,
        "bicycle": "yes",
        "covered": "no",
        "cycleway": "shared_lane",
        "highway": "tertiary",
        "lanes": "2",
        "lit": "yes",
        "maxspeed": "30",
        "name": "Jalan Universiti",
        "name:ms": "Jalan Universiti",
        "name:zh": "\u5927\u5b66\u8def",
        "name:zh-Hans": "\u5927\u5b66\u8def",
        "name:zh-Hant": "\u5927\u5b78\u8def",
        "oneway": "no",
        "sidewalk": "both",
        "surface": "asphalt"
      },
      "geometry": {
        "type": "LineString",
        "coordinates": [
          [
            100.2995384,
            5.3551903
          ],
          [
            100.2993012,
            5.3551559
          ],
          [
            100.2990649,
            5.3551238
          ],
          [
            100.2989828,
            5.3551132
          ],
          [
            100.2986892,
            5.3550759
          ],
          [
            100.298448,
            5.3550431
          ]
        ]
      }
    },
    {
      "type": "Feature",
      "properties": {
        "id": 1306295857,
        "bicycle": "yes",
        "cycleway": "shared_lane",
        "highway": "tertiary",
        "lanes": "2",
        "lit": "yes",
        "maxspeed": "30",
        "name": "Jalan Universiti",
        "name:ms": "Jalan Universiti",
        "name:zh": "\u5927\u5b66\u8def",
        "name:zh-Hans": "\u5927\u5b66\u8def",
        "name:zh-Hant": "\u5927\u5b78\u8def",
        "oneway": "no",
        "sidewalk": "both",
        "surface": "asphalt"
      },
      "geometry": {
        "type": "LineString",
        "coordinates": [
          [
            100.2999457,
            5.3552512
          ],
          [
            100.2998244,
            5.3552331
          ],
          [
            100.2997498,
            5.355222
          ]
        ]
      }
    },
    {
      "type": "Feature",
      "properties": {
        "id": 1317248677,
        "highway": "unclassified",
        "surface": "asphalt"
      },
      "geometry": {
        "type": "LineString",
        "coordinates": [
          [
            100.2939748,
            5.3561641
          ],
          [
            100.2939893,
            5.3564158
          ]
        ]
      }
    },
    {
      "type": "Feature",
      "properties": {
        "id": 1317248678,
        "highway": "unclassified",
        "name": "Jalan Dewan",
        "name:ms": "Jalan Dewan",
        "surface": "asphalt"
      },
      "geometry": {
        "type": "LineString",
        "coordinates": [
          [
            100.2951736,
            5.3559547
          ],
          [
            100.2951369,
            5.3560214
          ],
          [
            100.2950993,
            5.3560622
          ],
          [
            100.2950335,
            5.3561022
          ],
          [
            100.2949645,
            5.3561137
          ]
        ]
      }
    },
    {
      "type": "Feature",
      "properties": {
        "id": 1317248683,
        "highway": "unclassified",
        "name": "Jalan Dewan",
        "name:ms": "Jalan Dewan",
        "surface": "asphalt"
      },
      "geometry": {
        "type": "LineString",
        "coordinates": [
          [
            100.2949645,
            5.3561137
          ],
          [
            100.2944571,
            5.3561396
          ],
          [
            100.2942471,
            5.3561503
          ],
          [
            100.2941626,
            5.3561535
          ]
        ]
      }
    },
    {
      "type": "Feature",
      "properties": {
        "id": 1317248684,
        "highway": "unclassified",
        "name": "Jalan Dewan",
        "name:ms": "Jalan Dewan",
        "surface": "asphalt"
      },
      "geometry": {
        "type": "LineString",
        "coordinates": [
          [
            100.2941626,
            5.3561535
          ],
          [
            100.2939748,
            5.3561641
          ]
        ]
      }
    },
    {
      "type": "Feature",
      "properties": {
        "id": 1317248685,
        "bicycle": "yes",
        "covered": "no",
        "cycleway": "no",
        "highway": "unclassified",
        "lanes": "2",
        "name": "Jalan Indah Kembara",
        "name:ms": "Jalan Indah Kembara",
        "surface": "asphalt"
      },
      "geometry": {
        "type": "LineString",
        "coordinates": [
          [
            100.2951736,
            5.3559547
          ],
          [
            100.2951238,
            5.3558808
          ],
          [
            100.2951048,
            5.3558508
          ],
          [
            100.2950976,
            5.3558333
          ],
          [
            100.2950819,
            5.3557951
          ],
          [
            100.2950678,
            5.3557002
          ],
          [
            100.2950599,
            5.3555696
          ],
          [
            100.2950412,
            5.3552344
          ],
          [
            100.2950358,
            5.3551386
          ]
        ]
      }
    },
    {
      "type": "Feature",
      "properties": {
        "id": 1317248686,
        "highway": "tertiary",
        "lanes": "2",
        "lit": "yes",
        "maxspeed": "30",
        "name": "Jalan Universiti",
        "name:ms": "Jalan Universiti",
        "name:zh": "\u5927\u5b66\u8def",
        "name:zh-Hans": "\u5927\u5b66\u8def",
        "name:zh-Hant": "\u5927\u5b78\u8def",
        "oneway": "no",
        "sidewalk:both": "separate",
        "surface": "asphalt"
      },
      "geometry": {
        "type": "LineString",
        "coordinates": [
          [
            100.2950358,
            5.3551386
          ],
          [
            100.2945332,
            5.3551686
          ]
        ]
      }
    },
    {
      "type": "Feature",
      "properties": {
        "id": 1317248687,
        "bicycle": "yes",
        "cycleway": "no",
        "highway": "unclassified",
        "name": "Lengkok Sastera",
        "name:ms": "Lengkok Sastera",
        "oneway": "no",
        "surface": "asphalt"
      },
      "geometry": {
        "type": "LineString",
        "coordinates": [
          [
            100.3045015,
            5.3572423
          ],
          [
            100.3043107,
            5.3575638
          ],
          [
            100.3041614,
            5.3578153
          ],
          [
            100.3041363,
            5.3578576
          ],
          [
            100.3041238,
            5.3578786
          ],
          [
            100.3040451,
            5.3580494
          ],
          [
            100.3039993,
            5.3581997
          ],
          [
            100.3039638,
            5.3583826
          ],
          [
            100.3039479,
            5.3585314
          ]
        ]
      }
    },
    {
      "type": "Feature",
      "properties": {
        "id": 1317248688,
        "highway": "tertiary",
        "junction": "roundabout",
        "maxspeed": "30",
        "oneway": "yes",
        "surface": "asphalt"
      },
      "geometry": {
        "type": "LineString",
        "coordinates": [
          [
            100.3044714,
            5.3570557
          ],
          [
            100.3044474,
            5.3570805
          ],
          [
            100.3044326,
            5.3571116
          ],
          [
            100.3044285,
            5.3571458
          ],
          [
            100.3044327,
            5.3571711
          ],
          [
            100.3044428,
            5.3571946
          ],
          [
            100.3044583,
            5.3572151
          ],
          [
            100.3044783,
            5.3572313
          ],
          [
            100.3045015,
            5.3572423
          ]
        ]
      }
    },
    {
      "type": "Feature",
      "properties": {
        "id": 1337666551,
        "highway": "unclassified",
        "maxspeed": "30",
        "oneway": "no",
        "source": "Bing, Local Knowledge",
        "surface": "asphalt"
      },
      "geometry": {
        "type": "LineString",
        "coordinates": [
          [
            100.3058428,
            5.3591441
          ],
          [
            100.305934,
            5.3592407
          ],
          [
            100.3060028,
            5.3593524
          ],
          [
            100.3061043,
            5.359541
          ],
          [
            100.3061935,
            5.3597129
          ],
          [
            100.3062046,
            5.3597344
          ],
          [
            100.3064306,
            5.3601238
          ]
        ]
      }
    },
    {
      "type": "Feature",
      "properties": {
        "id": 1337666552,
        "bicycle": "yes",
        "covered": "no",
        "cycleway": "shared_lane",
        "highway": "unclassified",
        "name": "Lengkok Sastera",
        "name:ms": "Lengkok Sastera",
        "oneway": "no",
        "surface": "asphalt"
      },
      "geometry": {
        "type": "LineString",
        "coordinates": [
          [
            100.3052612,
            5.3591676
          ],
          [
            100.3053095,
            5.3590885
          ],
          [
            100.3054178,
            5.358947
          ]
        ]
      }
    },
    {
      "type": "Feature",
      "properties": {
        "id": 1337666553,
        "bicycle": "yes",
        "covered": "no",
        "cycleway": "shared_lane",
        "highway": "unclassified",
        "name": "Lengkok Sastera",
        "name:ms": "Lengkok Sastera",
        "oneway": "no",
        "surface": "asphalt"
      },
      "geometry": {
        "type": "LineString",
        "coordinates": [
          [
            100.3052025,
            5.3592483
          ],
          [
            100.3052612,
            5.3591676
          ]
        ]
      }
    },
    {
      "type": "Feature",
      "properties": {
        "id": 1337666554,
        "highway": "service"
      },
      "geometry": {
        "type": "LineString",
        "coordinates": [
          [
            100.3065189,
            5.3600358
          ],
          [
            100.3065583,
            5.3599899
          ],
          [
            100.3065817,
            5.3599433
          ],
          [
            100.3065948,
            5.3598916
          ],
          [
            100.3065998,
            5.3598316
          ],
          [
            100.3065447,
            5.3594274
          ],
          [
            100.3065376,
            5.3594058
          ],
          [
            100.306525,
            5.3593869
          ],
          [
            100.3065077,
            5.3593705
          ],
          [
            100.3063701,
            5.3592884
          ],
          [
            100.3063017,
            5.3592476
          ],
          [
            100.3061889,
            5.3592157
          ]
        ]
      }
    },
    {
      "type": "Feature",
      "properties": {
        "id": 1353572819,
        "highway": "service",
        "service": "parking_aisle"
      },
      "geometry": {
        "type": "LineString",
        "coordinates": [
          [
            100.3004534,
            5.3550743
          ],
          [
            100.3004851,
            5.3549401
          ],
          [
            100.3004986,
            5.3549139
          ],
          [
            100.3005188,
            5.3548957
          ],
          [
            100.3005511,
            5.3548848
          ],
          [
            100.3006946,
            5.354865
          ]
        ]
      }
    },
    {
      "type": "Feature",
      "properties": {
        "id": 1353572825,
        "highway": "service",
        "oneway": "yes",
        "service": "driveway"
      },
      "geometry": {
        "type": "LineString",
        "coordinates": [
          [
            100.3016459,
            5.3545929
          ],
          [
            100.3015819,
            5.3546405
          ],
          [
            100.3015726,
            5.3546555
          ],
          [
            100.3015682,
            5.3546737
          ]
        ]
      }
    },
    {
      "type": "Feature",
      "properties": {
        "id": 1353572826,
        "covered": "yes",
        "highway": "service",
        "oneway": "yes",
        "service": "driveway"
      },
      "geometry": {
        "type": "LineString",
        "coordinates": [
          [
            100.3015682,
            5.3546737
          ],
          [
            100.3015699,
            5.3547629
          ]
        ]
      }
    },
    {
      "type": "Feature",
      "properties": {
        "id": 1353572836,
        "highway": "service",
        "oneway": "yes",
        "surface": "asphalt"
      },
      "geometry": {
        "type": "LineString",
        "coordinates": [
          [
            100.3017101,
            5.3551961
          ],
          [
            100.3018526,
            5.3551969
          ]
        ]
      }
    },
    {
      "type": "Feature",
      "properties": {
        "id": 1353883012,
        "bicycle": "yes",
        "covered": "no",
        "cycleway:left": "shared_lane",
        "cycleway:right": "no",
        "highway": "tertiary",
        "maxspeed": "30",
        "name": "Jalan Universiti",
        "name:ms": "Jalan Universiti",
        "name:zh": "\u5927\u5b66\u8def",
        "name:zh-Hans": "\u5927\u5b66\u8def",
        "name:zh-Hant": "\u5927\u5b78\u8def",
        "oneway": "yes",
        "surface": "asphalt"
      },
      "geometry": {
        "type": "LineString",
        "coordinates": [
          [
            100.3022267,
            5.3546887
          ],
          [
            100.3021365,
            5.3546614
          ],
          [
            100.3019829,
            5.3546427
          ]
        ]
      }
    },
    {
      "type": "Feature",
      "properties": {
        "id": 1353883023,
        "highway": "service",
        "oneway": "no",
        "service": "parking_aisle",
        "surface": "asphalt"
      },
      "geometry": {
        "type": "LineString",
        "coordinates": [
          [
            100.3014429,
            5.3573301
          ],
          [
            100.3017825,
            5.3573246
          ]
        ]
      }
    },
    {
      "type": "Feature",
      "properties": {
        "id": 1353883041,
        "highway": "service",
        "service": "parking_aisle"
      },
      "geometry": {
        "type": "LineString",
        "coordinates": [
          [
            100.3030122,
            5.3558142
          ],
          [
            100.3029547,
            5.3558368
          ],
          [
            100.3029088,
            5.3558385
          ]
        ]
      }
    },
    {
      "type": "Feature",
      "properties": {
        "id": 1353883043,
        "highway": "service",
        "service": "driveway"
      },
      "geometry": {
        "type": "LineString",
        "coordinates": [
          [
            100.3038432,
            5.3569793
          ],
          [
            100.3037344,
            5.3568972
          ],
          [
            100.3036486,
            5.3568053
          ]
        ]
      }
    },
    {
      "type": "Feature",
      "properties": {
        "id": 1353908069,
        "highway": "service",
        "is_in": "Universiti Sains Malaysia",
        "oneway": "yes"
      },
      "geometry": {
        "type": "LineString",
        "coordinates": [
          [
            100.3028993,
            5.3579085
          ],
          [
            100.3025744,
            5.3579127
          ]
        ]
      }
    },
    {
      "type": "Feature",
      "properties": {
        "id": 1353908076,
        "highway": "service",
        "is_in": "Universiti Sains Malaysia",
        "oneway": "yes",
        "surface": "asphalt"
      },
      "geometry": {
        "type": "LineString",
        "coordinates": [
          [
            100.3031832,
            5.358005
          ],
          [
            100.3031829,
            5.3579591
          ],
          [
            100.3031804,
            5.3579399
          ],
          [
            100.3031731,
            5.3579238
          ],
          [
            100.3031592,
            5.3579128
          ],
          [
            100.3031399,
            5.3579053
          ],
          [
            100.3030194,
            5.3579069
          ]
        ]
      }
    },
    {
      "type": "Feature",
      "properties": {
        "id": 1353908077,
        "covered": "yes",
        "highway": "service",
        "is_in": "Universiti Sains Malaysia",
        "oneway": "yes",
        "surface": "asphalt"
      },
      "geometry": {
        "type": "LineString",
        "coordinates": [
          [
            100.303184,
            5.3581163
          ],
          [
            100.3031836,
            5.3580572
          ],
          [
            100.3031832,
            5.358005
          ]
        ]
      }
    },
    {
      "type": "Feature",
      "properties": {
        "id": 1353908078,
        "highway": "service",
        "service": "driveway"
      },
      "geometry": {
        "type": "LineString",
        "coordinates": [
          [
            100.3033503,
            5.3583886
          ],
          [
            100.303296,
            5.3584375
          ],
          [
            100.3032764,
            5.3584481
          ],
          [
            100.3031863,
            5.3584694
          ]
        ]
      }
    },
    {
      "type": "Feature",
      "properties": {
        "id": 1353908081,
        "highway": "service",
        "service": "parking_aisle"
      },
      "geometry": {
        "type": "LineString",
        "coordinates": [
          [
            100.3033345,
            5.3578613
          ],
          [
            100.3032586,
            5.3578053
          ],
          [
            100.303237,
            5.3578013
          ],
          [
            100.3028977,
            5.3578039
          ]
        ]
      }
    },
    {
      "type": "Feature",
      "properties": {
        "id": 1354562003,
        "highway": "service",
        "service": "parking_aisle"
      },
      "geometry": {
        "type": "LineString",
        "coordinates": [
          [
            100.2999219,
            5.3559688
          ],
          [
            100.299924,
            5.35612
          ]
        ]
      }
    },
    {
      "type": "Feature",
      "properties": {
        "id": 1354562010,
        "highway": "service",
        "service": "parking_aisle"
      },
      "geometry": {
        "type": "LineString",
        "coordinates": [
          [
            100.3000652,
            5.3557571
          ],
          [
            100.299972,
            5.3557602
          ],
          [
            100.2999647,
            5.3557618
          ],
          [
            100.2999589,
            5.355767
          ],
          [
            100.2999561,
            5.3557732
          ]
        ]
      }
    },
    {
      "type": "Feature",
      "properties": {
        "id": 1354673735,
        "highway": "service"
      },
      "geometry": {
        "type": "LineString",
        "coordinates": [
          [
            100.3030275,
            5.3583146
          ],
          [
            100.3029357,
            5.3583165
          ]
        ]
      }
    },
    {
      "type": "Feature",
      "properties": {
        "id": 1354673736,
        "highway": "service",
        "service": "driveway"
      },
      "geometry": {
        "type": "LineString",
        "coordinates": [
          [
            100.3029353,
            5.3582978
          ],
          [
            100.3028834,
            5.3582719
          ]
        ]
      }
    },
    {
      "type": "Feature",
      "properties": {
        "id": 1354673737,
        "highway": "service",
        "service": "driveway"
      },
      "geometry": {
        "type": "LineString",
        "coordinates": [
          [
            100.3028805,
            5.3582184
          ],
          [
            100.3029322,
            5.3581571
          ]
        ]
      }
    },
    {
      "type": "Feature",
      "properties": {
        "id": 1354673738,
        "covered": "yes",
        "highway": "service",
        "oneway": "no",
        "service": "driveway"
      },
      "geometry": {
        "type": "LineString",
        "coordinates": [
          [
            100.3028834,
            5.3582719
          ],
          [
            100.3028811,
            5.3582682
          ],
          [
            100.3028797,
            5.3582634
          ],
          [
            100.302879,
            5.3582271
          ],
          [
            100.3028794,
            5.3582227
          ],
          [
            100.3028805,
            5.3582184
          ]
        ]
      }
    },
    {
      "type": "Feature",
      "properties": {
        "id": 1354921215,
        "highway": "service",
        "service": "parking_aisle"
      },
      "geometry": {
        "type": "LineString",
        "coordinates": [
          [
            100.300873,
            5.3587119
          ],
          [
            100.3008654,
            5.3590258
          ]
        ]
      }
    },
    {
      "type": "Feature",
      "properties": {
        "id": 1354921223,
        "covered": "yes",
        "highway": "service",
        "service": "driveway"
      },
      "geometry": {
        "type": "LineString",
        "coordinates": [
          [
            100.3014965,
            5.3587595
          ],
          [
            100.3015522,
            5.3588115
          ]
        ]
      }
    },
    {
      "type": "Feature",
      "properties": {
        "id": 1354921224,
        "highway": "service",
        "service": "driveway"
      },
      "geometry": {
        "type": "LineString",
        "coordinates": [
          [
            100.3015522,
            5.3588115
          ],
          [
            100.3015952,
            5.3588516
          ]
        ]
      }
    },
    {
      "type": "Feature",
      "properties": {
        "id": 1354921225,
        "highway": "service",
        "service": "driveway"
      },
      "geometry": {
        "type": "LineString",
        "coordinates": [
          [
            100.3014596,
            5.3587251
          ],
          [
            100.3014965,
            5.3587595
          ]
        ]
      }
    },
    {
      "type": "Feature",
      "properties": {
        "id": 1354921227,
        "highway": "service",
        "service": "parking_aisle"
      },
      "geometry": {
        "type": "LineString",
        "coordinates": [
          [
            100.3035452,
            5.3601792
          ],
          [
            100.3033942,
            5.360309
          ]
        ]
      }
    },
    {
      "type": "Feature",
      "properties": {
        "id": 1354921228,
        "highway": "service",
        "service": "parking_aisle"
      },
      "geometry": {
        "type": "LineString",
        "coordinates": [
          [
            100.303408,
            5.3600954
          ],
          [
            100.3033993,
            5.3599468
          ],
          [
            100.3033856,
            5.359905
          ],
          [
            100.3033232,
            5.3598043
          ]
        ]
      }
    },
    {
      "type": "Feature",
      "properties": {
        "id": 1354921229,
        "highway": "service",
        "service": "parking_aisle"
      },
      "geometry": {
        "type": "LineString",
        "coordinates": [
          [
            100.3041616,
            5.3603363
          ],
          [
            100.3041798,
            5.360284
          ],
          [
            100.3041808,
            5.3602695
          ],
          [
            100.3041773,
            5.360256
          ],
          [
            100.3041699,
            5.3602433
          ],
          [
            100.3041151,
            5.3601849
          ],
          [
            100.3041083,
            5.3601712
          ],
          [
            100.3041053,
            5.3601547
          ],
          [
            100.3041073,
            5.3601255
          ]
        ]
      }
    },
    {
      "type": "Feature",
      "properties": {
        "id": 1355691202,
        "bicycle": "yes",
        "covered": "no",
        "cycleway": "shared_lane",
        "highway": "tertiary",
        "maxspeed": "30",
        "name": "Jalan Universiti",
        "name:ms": "Jalan Universiti",
        "name:zh": "\u5927\u5b66\u8def",
        "name:zh-Hans": "\u5927\u5b66\u8def",
        "name:zh-Hant": "\u5927\u5b78\u8def",
        "oneway": "no",
        "surface": "asphalt"
      },
      "geometry": {
        "type": "LineString",
        "coordinates": [
          [
            100.3007174,
            5.3544216
          ],
          [
            100.3004495,
            5.3547802
          ],
          [
            100.3003159,
            5.354959
          ],
          [
            100.300228,
            5.3550713
          ],
          [
            100.3001544,
            5.3551655
          ],
          [
            100.3001187,
            5.3552187
          ],
          [
            100.3001018,
            5.3552719
          ]
        ]
      }
    },
    {
      "type": "Feature",
      "properties": {
        "id": 1386960584,
        "highway": "service",
        "oneway": "yes"
      },
      "geometry": {
        "type": "LineString",
        "coordinates": [
          [
            100.3008658,
            5.3565633
          ],
          [
            100.3007455,
            5.3565853
          ]
        ]
      }
    },
    {
      "type": "Feature",
      "properties": {
        "id": 1386960585,
        "bicycle": "yes",
        "covered": "no",
        "cycleway": "shared_lane",
        "highway": "unclassified",
        "lanes": "2",
        "name": "Persiaran Sains",
        "name:ms": "Persiaran Sains",
        "oneway": "no",
        "surface": "asphalt"
      },
      "geometry": {
        "type": "LineString",
        "coordinates": [
          [
            100.3007455,
            5.3565853
          ],
          [
            100.3007686,
            5.3566311
          ]
        ]
      }
    },
    {
      "type": "Feature",
      "properties": {
        "id": 1386960586,
        "bicycle": "yes",
        "covered": "no",
        "cycleway": "shared_lane",
        "highway": "unclassified",
        "lanes": "2",
        "name": "Persiaran Sains",
        "name:ms": "Persiaran Sains",
        "oneway": "no",
        "surface": "asphalt"
      },
      "geometry": {
        "type": "LineString",
        "coordinates": [
          [
            100.3007895,
            5.3566709
          ],
          [
            100.3008435,
            5.3567776
          ],
          [
            100.301149,
            5.3573886
          ],
          [
            100.3012878,
            5.3576559
          ],
          [
            100.3013167,
            5.3577131
          ],
          [
            100.3013352,
            5.3577496
          ],
          [
            100.3013835,
            5.357842
          ],
          [
            100.301571,
            5.358201
          ],
          [
            100.3016417,
            5.358355
          ],
          [
            100.3016932,
            5.3585277
          ],
          [
            100.3017264,
            5.3587473
          ],
          [
            100.3017347,
            5.358821
          ]
        ]
      }
    },
    {
      "type": "Feature",
      "properties": {
        "id": 1386960587,
        "bicycle": "yes",
        "covered": "no",
        "cycleway": "shared_lane",
        "highway": "unclassified",
        "lanes": "2",
        "name": "Persiaran Sains",
        "name:ms": "Persiaran Sains",
        "oneway": "no",
        "surface": "asphalt"
      },
      "geometry": {
        "type": "LineString",
        "coordinates": [
          [
            100.3007895,
            5.3566709
          ],
          [
            100.3007686,
            5.3566311
          ]
        ]
      }
    },
    {
      "type": "Feature",
      "properties": {
        "id": 1386960588,
        "highway": "service",
        "oneway": "yes",
        "surface": "asphalt"
      },
      "geometry": {
        "type": "LineString",
        "coordinates": [
          [
            100.3008658,
            5.3565633
          ],
          [
            100.3007686,
            5.3566311
          ]
        ]
      }
    },
    {
      "type": "Feature",
      "properties": {
        "id": 1416705819,
        "highway": "service",
        "is_in": "Universiti Sains Malaysia",
        "name": "Jalan Perpustakaan",
        "oneway": "yes"
      },
      "geometry": {
        "type": "LineString",
        "coordinates": [
          [
            100.3039946,
            5.3567911
          ],
          [
            100.3040163,
            5.3567649
          ],
          [
            100.3040365,
            5.3567406
          ]
        ]
      }
    },
    {
      "type": "Feature",
      "properties": {
        "id": 1416705820,
        "highway": "tertiary",
        "maxspeed": "30",
        "name": "Jalan Universiti",
        "name:ms": "Jalan Universiti",
        "name:zh": "\u5927\u5b66\u8def",
        "name:zh-Hans": "\u5927\u5b66\u8def",
        "name:zh-Hant": "\u5927\u5b78\u8def",
        "oneway": "yes",
        "surface": "asphalt"
      },
      "geometry": {
        "type": "LineString",
        "coordinates": [
          [
            100.3039946,
            5.3567911
          ],
          [
            100.304115,
            5.356891
          ]
        ]
      }
    },
    {
      "type": "Feature",
      "properties": {
        "id": 1416705821,
        "highway": "tertiary",
        "maxspeed": "30",
        "name": "Jalan Universiti",
        "name:ms": "Jalan Universiti",
        "name:zh": "\u5927\u5b66\u8def",
        "name:zh-Hans": "\u5927\u5b66\u8def",
        "name:zh-Hant": "\u5927\u5b78\u8def",
        "oneway": "yes",
        "surface": "asphalt"
      },
      "geometry": {
        "type": "LineString",
        "coordinates": [
          [
            100.304115,
            5.356891
          ],
          [
            100.304166,
            5.3569333
          ],
          [
            100.3043453,
            5.3570811
          ],
          [
            100.3044285,
            5.3571458
          ]
        ]
      }
    },
    {
      "type": "Feature",
      "properties": {
        "id": 1416705822,
        "highway": "tertiary",
        "maxspeed": "30",
        "name": "Jalan Universiti",
        "name:ms": "Jalan Universiti",
        "name:zh": "\u5927\u5b66\u8def",
        "name:zh-Hans": "\u5927\u5b66\u8def",
        "name:zh-Hant": "\u5927\u5b78\u8def",
        "oneway": "yes",
        "surface": "asphalt"
      },
      "geometry": {
        "type": "LineString",
        "coordinates": [
          [
            100.3040365,
            5.3567406
          ],
          [
            100.3039145,
            5.3566342
          ],
          [
            100.3038786,
            5.3565981
          ],
          [
            100.3038018,
            5.356521
          ],
          [
            100.3037069,
            5.3563765
          ],
          [
            100.3037017,
            5.3563686
          ],
          [
            100.3036009,
            5.3561797
          ]
        ]
      }
    },
    {
      "type": "Feature",
      "properties": {
        "id": 1416705823,
        "bicycle": "yes",
        "covered": "no",
        "cycleway:left": "shared_lane",
        "cycleway:right": "no",
        "highway": "tertiary",
        "maxspeed": "30",
        "name": "Jalan Universiti",
        "name:ms": "Jalan Universiti",
        "name:zh": "\u5927\u5b66\u8def",
        "name:zh-Hans": "\u5927\u5b66\u8def",
        "name:zh-Hant": "\u5927\u5b78\u8def",
        "oneway": "yes",
        "surface": "asphalt"
      },
      "geometry": {
        "type": "LineString",
        "coordinates": [
          [
            100.3035358,
            5.3560539
          ],
          [
            100.3034064,
            5.3558123
          ],
          [
            100.3033607,
            5.3557223
          ],
          [
            100.3032865,
            5.3555765
          ],
          [
            100.3031423,
            5.3552576
          ],
          [
            100.3030752,
            5.3551374
          ],
          [
            100.3029628,
            5.3549977
          ],
          [
            100.3028065,
            5.3548917
          ],
          [
            100.3026635,
            5.3548348
          ],
          [
            100.3026544,
            5.3548312
          ],
          [
            100.3024263,
            5.3547588
          ]
        ]
      }
    },
    {
      "type": "Feature",
      "properties": {
        "id": 1416705824,
        "highway": "tertiary",
        "maxspeed": "30",
        "name": "Jalan Universiti",
        "name:ms": "Jalan Universiti",
        "name:zh": "\u5927\u5b66\u8def",
        "name:zh-Hans": "\u5927\u5b66\u8def",
        "name:zh-Hant": "\u5927\u5b78\u8def",
        "oneway": "yes",
        "surface": "asphalt"
      },
      "geometry": {
        "type": "LineString",
        "coordinates": [
          [
            100.3036009,
            5.3561797
          ],
          [
            100.3035358,
            5.3560539
          ]
        ]
      }
    },
    {
      "type": "Feature",
      "properties": {
        "id": 1416705825,
        "highway": "service",
        "is_in": "Universiti Sains Malaysia",
        "name": "Jalan Perpustakaan",
        "name:ms": "Jalan Perpustakaan",
        "oneway": "yes"
      },
      "geometry": {
        "type": "LineString",
        "coordinates": [
          [
            100.3034806,
            5.3560827
          ],
          [
            100.303448,
            5.3561033
          ],
          [
            100.3033738,
            5.3561691
          ],
          [
            100.3033537,
            5.3561984
          ],
          [
            100.3033389,
            5.356233
          ],
          [
            100.3033323,
            5.3562726
          ],
          [
            100.3033311,
            5.3563069
          ],
          [
            100.3033358,
            5.3563412
          ],
          [
            100.3033458,
            5.3563702
          ],
          [
            100.3033778,
            5.3564368
          ],
          [
            100.3034673,
            5.3566166
          ],
          [
            100.3034892,
            5.3566917
          ],
          [
            100.3035023,
            5.3568007
          ],
          [
            100.3035026,
            5.3568196
          ],
          [
            100.3035058,
            5.3568827
          ],
          [
            100.3035092,
            5.3569512
          ],
          [
            100.3035218,
            5.3570131
          ],
          [
            100.3035436,
            5.3570623
          ],
          [
            100.3035756,
            5.3571029
          ],
          [
            100.3036147,
            5.3571306
          ],
          [
            100.3036446,
            5.3571373
          ],
          [
            100.3036751,
            5.3571398
          ],
          [
            100.3037083,
            5.357133
          ],
          [
            100.3037247,
            5.3571212
          ],
          [
            100.3037383,
            5.3571115
          ],
          [
            100.3037983,
            5.3570379
          ],
          [
            100.3038432,
            5.3569793
          ],
          [
            100.3039479,
            5.3568429
          ],
          [
            100.3039946,
            5.3567911
          ]
        ]
      }
    },
    {
      "type": "Feature",
      "properties": {
        "id": 1416705826,
        "highway": "tertiary",
        "maxspeed": "30",
        "name": "Jalan Universiti",
        "name:ms": "Jalan Universiti",
        "name:zh": "\u5927\u5b66\u8def",
        "name:zh-Hans": "\u5927\u5b66\u8def",
        "name:zh-Hant": "\u5927\u5b78\u8def",
        "oneway": "yes",
        "surface": "asphalt"
      },
      "geometry": {
        "type": "LineString",
        "coordinates": [
          [
            100.3034806,
            5.3560827
          ],
          [
            100.3035517,
            5.3562226
          ],
          [
            100.3036278,
            5.3563572
          ],
          [
            100.3036983,
            5.3564685
          ],
          [
            100.3037751,
            5.3565717
          ],
          [
            100.3038534,
            5.3566543
          ],
          [
            100.3039946,
            5.3567911
          ]
        ]
      }
    },
    {
      "type": "Feature",
      "properties": {
        "id": 1479446863,
        "bicycle": "yes",
        "cycleway": "shared_lane",
        "highway": "tertiary",
        "lanes": "2",
        "lit": "yes",
        "maxspeed": "30",
        "name": "Jalan Universiti",
        "name:ms": "Jalan Universiti",
        "name:zh": "\u5927\u5b66\u8def",
        "name:zh-Hans": "\u5927\u5b66\u8def",
        "name:zh-Hant": "\u5927\u5b78\u8def",
        "oneway": "no",
        "sidewalk:both": "separate",
        "surface": "asphalt"
      },
      "geometry": {
        "type": "LineString",
        "coordinates": [
          [
            100.296563,
            5.3550559
          ],
          [
            100.2956154,
            5.3551072
          ],
          [
            100.2950358,
            5.3551386
          ]
        ]
      }
    },
    {
      "type": "Feature",
      "properties": {
        "id": 1490456293,
        "highway": "service"
      },
      "geometry": {
        "type": "LineString",
        "coordinates": [
          [
            100.3082393,
            5.3552017
          ],
          [
            100.3083038,
            5.3551427
          ]
        ]
      }
    },
    {
      "type": "Feature",
      "properties": {
        "id": 1528512212,
        "highway": "residential",
        "maxspeed": "30",
        "oneway": "yes",
        "surface": "asphalt"
      },
      "geometry": {
        "type": "LineString",
        "coordinates": [
          [
            100.2925113,
            5.3553974
          ],
          [
            100.2925066,
            5.3552479
          ]
        ]
      }
    },
    {
      "type": "Feature",
      "properties": {
        "id": 1528512213,
        "highway": "residential",
        "maxspeed": "30",
        "name": "Halaman Bukit Gambir 4",
        "oneway": "yes",
        "source:name": "ImproveOSM",
        "surface": "asphalt"
      },
      "geometry": {
        "type": "LineString",
        "coordinates": [
          [
            100.2925066,
            5.3552479
          ],
          [
            100.2922993,
            5.3552434
          ],
          [
            100.2922414,
            5.3552422
          ]
        ]
      }
    }
  ]
}