{
  "type": "FeatureCollection",
  "features": [
    {
      "type": "Feature",
      "properties": {
        "id": 170711342,
        "bridge": "yes",
        "highway": "footway",
        "layer": "1",
        "name": "Jejantas Batu Uban",
        "name:ms": "Jejantas Batu Uban",
        "name:zh": "\u5cc7\u90fd\u86ee\u4eba\u884c\u5929\u6865",
        "name:zh-Hans": "\u5cc7\u90fd\u86ee\u4eba\u884c\u5929\u6865",
        "name:zh-Hant": "\u5cc7\u90fd\u883b\u4eba\u884c\u5929\u6a4b"
      },
      "geometry": {
        "type": "LineString",
        "coordinates": [
          [
            100.3080754,
            5.3543767
          ],
          [
            100.3082555,
            5.3541706
          ]
        ]
      }
    },
    {
      "type": "Feature",
      "properties": {
        "id": 388186784,
        "highway": "footway"
      },
      "geometry": {
        "type": "LineString",
        "coordinates": [
          [
            100.2886019,
            5.3554185
          ],
          [
            100.288585,
            5.3556622
          ],
          [
            100.2885709,
            5.3558106
          ],
          [
            100.2885438,
            5.3559905
          ],
          [
            100.2884937,
            5.3561787
          ],
          [
            100.2884631,
            5.3563075
          ],
          [
            100.2883883,
            5.3565044
          ],
          [
            100.2883064,
            5.3566473
          ],
          [
            100.2882449,
            5.3567243
          ],
          [
            100.2881546,
            5.3568141
          ],
          [
            100.2879801,
            5.3568955
          ],
          [
            100.287813,
            5.3569505
          ],
          [
            100.2877034,
            5.3569611
          ],
          [
            100.2873916,
            5.3569637
          ],
          [
            100.287207,
            5.3570155
          ],
          [
            100.2869442,
            5.3572079
          ],
          [
            100.2867665,
            5.3573567
          ],
          [
            100.2867035,
            5.3574694
          ],
          [
            100.2866296,
            5.3575645
          ],
          [
            100.2864245,
            5.3576353
          ],
          [
            100.2863494,
            5.3577034
          ],
          [
            100.2861428,
            5.3577661
          ],
          [
            100.2859943,
            5.3578829
          ],
          [
            100.2859243,
            5.3579636
          ],
          [
            100.2857819,
            5.3581661
          ],
          [
            100.2857128,
            5.3582441
          ],
          [
            100.2855943,
            5.3582775
          ],
          [
            100.2853662,
            5.3582995
          ],
          [
            100.2851078,
            5.3583823
          ],
          [
            100.2850345,
            5.3584656
          ],
          [
            100.2850084,
            5.3585186
          ],
          [
            100.2850241,
            5.3585836
          ],
          [
            100.285078,
            5.358647
          ],
          [
            100.2851548,
            5.3587313
          ],
          [
            100.2852242,
            5.358857
          ],
          [
            100.2852602,
            5.3589746
          ],
          [
            100.2852566,
            5.3590111
          ],
          [
            100.28523,
            5.3590473
          ],
          [
            100.2852012,
            5.3591207
          ],
          [
            100.2851872,
            5.3591483
          ],
          [
            100.285142,
            5.3591694
          ],
          [
            100.2850421,
            5.3591238
          ],
          [
            100.2848964,
            5.3591436
          ],
          [
            100.2848254,
            5.3591752
          ],
          [
            100.2847716,
            5.3592018
          ],
          [
            100.2847533,
            5.3592265
          ],
          [
            100.2847513,
            5.359254
          ],
          [
            100.2847662,
            5.3592906
          ],
          [
            100.2848493,
            5.3593956
          ],
          [
            100.2848756,
            5.3596599
          ],
          [
            100.284875,
            5.3597163
          ],
          [
            100.2848539,
            5.3597769
          ],
          [
            100.2848281,
            5.3598191
          ],
          [
            100.2847312,
            5.3599303
          ],
          [
            100.2846257,
            5.3599805
          ],
          [
            100.2845072,
            5.3600743
          ],
          [
            100.2844548,
            5.3601565
          ],
          [
            100.2844143,
            5.3602145
          ],
          [
            100.2843596,
            5.3603866
          ],
          [
            100.2843502,
            5.3605065
          ],
          [
            100.2842818,
            5.360622
          ],
          [
            100.2841474,
            5.360754
          ],
          [
            100.2840294,
            5.3609081
          ],
          [
            100.2839574,
            5.3610565
          ],
          [
            100.2838646,
            5.3611149
          ],
          [
            100.2838258,
            5.3612732
          ],
          [
            100.2838146,
            5.3614566
          ],
          [
            100.2838838,
            5.3615443
          ],
          [
            100.2839173,
            5.361581
          ],
          [
            100.2839885,
            5.3616025
          ],
          [
            100.2840424,
            5.3617788
          ],
          [
            100.2840655,
            5.3618352
          ],
          [
            100.2841027,
            5.3619222
          ],
          [
            100.284176,
            5.3620264
          ],
          [
            100.2843023,
            5.3621323
          ],
          [
            100.2843521,
            5.3621602
          ],
          [
            100.2844026,
            5.3622196
          ],
          [
            100.2844297,
            5.3622726
          ],
          [
            100.2844488,
            5.3623935
          ],
          [
            100.2844437,
            5.3624936
          ],
          [
            100.2844238,
            5.3625426
          ],
          [
            100.2843896,
            5.3625782
          ],
          [
            100.2842779,
            5.3626326
          ],
          [
            100.2841674,
            5.3626883
          ],
          [
            100.2841568,
            5.362807
          ],
          [
            100.2841877,
            5.3629019
          ],
          [
            100.2842417,
            5.3629279
          ],
          [
            100.2843699,
            5.3629989
          ],
          [
            100.2845249,
            5.363025
          ],
          [
            100.2846727,
            5.3631377
          ],
          [
            100.2847521,
            5.3631855
          ],
          [
            100.2847835,
            5.3632231
          ],
          [
            100.2848191,
            5.3632789
          ],
          [
            100.2848401,
            5.363409
          ],
          [
            100.2848376,
            5.3634586
          ],
          [
            100.2848232,
            5.3634981
          ],
          [
            100.2847822,
            5.3635574
          ],
          [
            100.284743,
            5.3636092
          ],
          [
            100.2847119,
            5.3636692
          ],
          [
            100.2847107,
            5.3637479
          ],
          [
            100.284721,
            5.3638125
          ],
          [
            100.2847707,
            5.363979
          ],
          [
            100.284861,
            5.364156
          ],
          [
            100.2849265,
            5.3642679
          ],
          [
            100.2849409,
            5.3643116
          ],
          [
            100.2849422,
            5.3643619
          ],
          [
            100.2848756,
            5.3645383
          ],
          [
            100.2848575,
            5.3646753
          ],
          [
            100.2848708,
            5.3647414
          ],
          [
            100.284902,
            5.3647823
          ],
          [
            100.2849525,
            5.3648348
          ],
          [
            100.285039,
            5.3649255
          ],
          [
            100.2851323,
            5.3649647
          ],
          [
            100.2852445,
            5.3650649
          ],
          [
            100.285314,
            5.3651313
          ],
          [
            100.2853452,
            5.3651962
          ],
          [
            100.2853703,
            5.3652579
          ],
          [
            100.2854011,
            5.3653263
          ],
          [
            100.2854893,
            5.3654079
          ],
          [
            100.2856075,
            5.365515
          ],
          [
            100.2857414,
            5.3656554
          ],
          [
            100.2858495,
            5.3657726
          ],
          [
            100.2859689,
            5.3659005
          ],
          [
            100.2860438,
            5.3660552
          ]
        ]
      }
    },
    {
      "type": "Feature",
      "properties": {
        "id": 591498251,
        "bicycle": "yes",
        "foot": "yes",
        "highway": "footway",
        "horse": "yes",
        "lit": "no",
        "surface": "bricks"
      },
      "geometry": {
        "type": "LineString",
        "coordinates": [
          [
            100.2972814,
            5.3563844
          ],
          [
            100.297166,
            5.3563577
          ],
          [
            100.2970194,
            5.3563929
          ],
          [
            100.2958249,
            5.3566794
          ],
          [
            100.2953779,
            5.3566888
          ],
          [
            100.295352,
            5.3566893
          ]
        ]
      }
    },
    {
      "type": "Feature",
      "properties": {
        "id": 645250131,
        "highway": "path",
        "motor_vehicle": "yes",
        "surface": "asphalt"
      },
      "geometry": {
        "type": "LineString",
        "coordinates": [
          [
            100.3095614,
            5.3517278
          ],
          [
            100.309409,
            5.3517975
          ],
          [
            100.3093413,
            5.3518316
          ],
          [
            100.3092615,
            5.3518683
          ],
          [
            100.3089248,
            5.3520131
          ],
          [
            100.3088984,
            5.3520256
          ],
          [
            100.3088867,
            5.35205
          ],
          [
            100.3088601,
            5.3520701
          ],
          [
            100.3087398,
            5.3521062
          ],
          [
            100.308693,
            5.3521104
          ],
          [
            100.3086435,
            5.3521136
          ]
        ]
      }
    },
    {
      "type": "Feature",
      "properties": {
        "id": 646808348,
        "highway": "steps"
      },
      "geometry": {
        "type": "LineString",
        "coordinates": [
          [
            100.3083707,
            5.3542767
          ],
          [
            100.3082555,
            5.3541706
          ]
        ]
      }
    },
    {
      "type": "Feature",
      "properties": {
        "id": 646847581,
        "highway": "footway"
      },
      "geometry": {
        "type": "LineString",
        "coordinates": [
          [
            100.3007623,
            5.3579569
          ],
          [
            100.3007714,
            5.3579248
          ],
          [
            100.3007753,
            5.3578904
          ],
          [
            100.3007751,
            5.3578136
          ],
          [
            100.3007748,
            5.3576492
          ],
          [
            100.3007332,
            5.3575686
          ],
          [
            100.3005612,
            5.3574694
          ]
        ]
      }
    },
    {
      "type": "Feature",
      "properties": {
        "id": 646847584,
        "highway": "footway"
      },
      "geometry": {
        "type": "LineString",
        "coordinates": [
          [
            100.3026953,
            5.3569137
          ],
          [
            100.3027075,
            5.3569244
          ],
          [
            100.3027445,
            5.3569528
          ],
          [
            100.3027676,
            5.3569615
          ],
          [
            100.3028105,
            5.3569684
          ],
          [
            100.302852,
            5.3569745
          ],
          [
            100.3028912,
            5.3569915
          ],
          [
            100.3030036,
            5.3570587
          ],
          [
            100.3032183,
            5.357188
          ]
        ]
      }
    },
    {
      "type": "Feature",
      "properties": {
        "id": 646847620,
        "highway": "footway",
        "surface": "concrete"
      },
      "geometry": {
        "type": "LineString",
        "coordinates": [
          [
            100.301962,
            5.3564133
          ],
          [
            100.3023297,
            5.3564335
          ],
          [
            100.3025526,
            5.3564513
          ],
          [
            100.3026491,
            5.3564883
          ],
          [
            100.3026809,
            5.356516
          ],
          [
            100.3027061,
            5.3565459
          ],
          [
            100.30274,
            5.35661
          ],
          [
            100.3027434,
            5.3566497
          ],
          [
            100.3027215,
            5.3567877
          ],
          [
            100.3027075,
            5.3569244
          ],
          [
            100.3027198,
            5.3569668
          ],
          [
            100.3027296,
            5.3570007
          ],
          [
            100.3027603,
            5.3570563
          ],
          [
            100.3028531,
            5.357159
          ]
        ]
      }
    },
    {
      "type": "Feature",
      "properties": {
        "id": 647449335,
        "covered": "yes",
        "highway": "unclassified",
        "name": "Lengkok Teknologi",
        "name:ms": "Lengkok Teknologi",
        "oneway": "yes"
      },
      "geometry": {
        "type": "LineString",
        "coordinates": [
          [
            100.2986431,
            5.3580447
          ],
          [
            100.2986921,
            5.3580486
          ],
          [
            100.2987424,
            5.3580442
          ],
          [
            100.2988949,
            5.3580133
          ],
          [
            100.2989508,
            5.3579904
          ]
        ]
      }
    },
    {
      "type": "Feature",
      "properties": {
        "id": 781845849,
        "crossing": "marked",
        "crossing:markings": "yes",
        "footway": "crossing",
        "highway": "footway",
        "surface": "asphalt"
      },
      "geometry": {
        "type": "LineString",
        "coordinates": [
          [
            100.3024824,
            5.3529985
          ],
          [
            100.3024985,
            5.3529313
          ]
        ]
      }
    },
    {
      "type": "Feature",
      "properties": {
        "id": 785987359,
        "bicycle": "yes",
        "bridge": "yes",
        "foot": "yes",
        "highway": "footway",
        "horse": "yes",
        "layer": "1",
        "lit": "no",
        "surface": "bricks"
      },
      "geometry": {
        "type": "LineString",
        "coordinates": [
          [
            100.2973672,
            5.3564432
          ],
          [
            100.2972814,
            5.3563844
          ]
        ]
      }
    },
    {
      "type": "Feature",
      "properties": {
        "id": 785987360,
        "bicycle": "yes",
        "foot": "yes",
        "highway": "footway",
        "horse": "yes",
        "lit": "no",
        "surface": "bricks"
      },
      "geometry": {
        "type": "LineString",
        "coordinates": [
          [
            100.2975792,
            5.3565707
          ],
          [
            100.2973672,
            5.3564432
          ]
        ]
      }
    },
    {
      "type": "Feature",
      "properties": {
        "id": 860378757,
        "highway": "path",
        "surface": "dirt"
      },
      "geometry": {
        "type": "LineString",
        "coordinates": [
          [
            100.289863,
            5.3633087
          ],
          [
            100.2896968,
            5.3631698
          ],
          [
            100.2895921,
            5.3629161
          ],
          [
            100.2894017,
            5.3627132
          ],
          [
            100.2891402,
            5.3625556
          ],
          [
            100.2889766,
            5.3622672
          ],
          [
            100.2890463,
            5.3619174
          ],
          [
            100.2890074,
            5.3617999
          ],
          [
            100.2889511,
            5.3617772
          ],
          [
            100.288884,
            5.3618306
          ],
          [
            100.2887781,
            5.3618747
          ],
          [
            100.2886735,
            5.3618533
          ],
          [
            100.2885018,
            5.3618853
          ],
          [
            100.2883892,
            5.3618479
          ],
          [
            100.2883007,
            5.3618813
          ],
          [
            100.2881706,
            5.3617852
          ],
          [
            100.2878876,
            5.3617585
          ],
          [
            100.2878447,
            5.3617251
          ],
          [
            100.2878353,
            5.3615021
          ],
          [
            100.2878031,
            5.361406
          ],
          [
            100.287787,
            5.3612898
          ],
          [
            100.2878232,
            5.3612017
          ],
          [
            100.2878286,
            5.3611523
          ],
          [
            100.287783,
            5.3611122
          ],
          [
            100.2876703,
            5.3611296
          ],
          [
            100.2875309,
            5.3611042
          ],
          [
            100.2874008,
            5.3611202
          ],
          [
            100.287323,
            5.361187
          ],
          [
            100.2871272,
            5.361199
          ],
          [
            100.2869461,
            5.3612685
          ],
          [
            100.2866846,
            5.3612604
          ],
          [
            100.2865209,
            5.3614016
          ],
          [
            100.2865101,
            5.3615084
          ],
          [
            100.2866496,
            5.3616459
          ],
          [
            100.2867099,
            5.3617488
          ],
          [
            100.2867019,
            5.3618703
          ],
          [
            100.2866361,
            5.3620932
          ],
          [
            100.2865812,
            5.3621106
          ],
          [
            100.2864095,
            5.3619357
          ],
          [
            100.2863035,
            5.3619277
          ],
          [
            100.286266,
            5.3619918
          ],
          [
            100.2863357,
            5.3621493
          ],
          [
            100.2862888,
            5.3622748
          ],
          [
            100.2862378,
            5.3623122
          ],
          [
            100.2861587,
            5.3622869
          ],
          [
            100.2861065,
            5.3622215
          ],
          [
            100.2860394,
            5.3621627
          ],
          [
            100.285975,
            5.3622201
          ],
          [
            100.2859401,
            5.3623002
          ],
          [
            100.2858905,
            5.3623122
          ],
          [
            100.2858368,
            5.3622321
          ],
          [
            100.2857496,
            5.3621827
          ],
          [
            100.2856772,
            5.3622374
          ],
          [
            100.2856558,
            5.3623576
          ],
          [
            100.2857121,
            5.3625699
          ],
          [
            100.2858302,
            5.3626847
          ],
          [
            100.2859214,
            5.3628957
          ],
          [
            100.2858798,
            5.3629171
          ],
          [
            100.2858087,
            5.3628837
          ],
          [
            100.2857511,
            5.3629091
          ],
          [
            100.2857149,
            5.3630172
          ],
          [
            100.2857926,
            5.3631894
          ],
          [
            100.2859213,
            5.3632509
          ],
          [
            100.2859911,
            5.3633403
          ],
          [
            100.2861118,
            5.363538
          ],
          [
            100.2862191,
            5.363538
          ],
          [
            100.2863652,
            5.3635954
          ],
          [
            100.2864618,
            5.3636674
          ],
          [
            100.2864403,
            5.3638317
          ],
          [
            100.2863291,
            5.3640574
          ],
          [
            100.286211,
            5.364303
          ],
          [
            100.2861332,
            5.3645073
          ],
          [
            100.2860086,
            5.3646756
          ],
          [
            100.285967,
            5.3648158
          ],
          [
            100.285916,
            5.3649333
          ],
          [
            100.2858342,
            5.3650254
          ],
          [
            100.2858342,
            5.3650922
          ],
          [
            100.2858947,
            5.3651847
          ],
          [
            100.2866296,
            5.3659845
          ],
          [
            100.2867007,
            5.3660152
          ],
          [
            100.2867839,
            5.3660232
          ],
          [
            100.286812,
            5.3660913
          ],
          [
            100.2867852,
            5.3661741
          ],
          [
            100.2867168,
            5.3662342
          ],
          [
            100.2866283,
            5.3662142
          ],
          [
            100.2865022,
            5.3661274
          ],
          [
            100.2863829,
            5.3661167
          ],
          [
            100.2863024,
            5.3661741
          ],
          [
            100.2861965,
            5.3663009
          ]
        ]
      }
    },
    {
      "type": "Feature",
      "properties": {
        "id": 941638623,
        "highway": "footway"
      },
      "geometry": {
        "type": "LineString",
        "coordinates": [
          [
            100.3004975,
            5.3542196
          ],
          [
            100.3005264,
            5.3540284
          ],
          [
            100.3005332,
            5.3540004
          ],
          [
            100.3005543,
            5.3539749
          ],
          [
            100.3007476,
            5.3538066
          ],
          [
            100.3007865,
            5.3537175
          ],
          [
            100.3009301,
            5.3533137
          ],
          [
            100.3009945,
            5.3531116
          ],
          [
            100.3009943,
            5.3530219
          ],
          [
            100.300976,
            5.3529544
          ],
          [
            100.3009729,
            5.3529427
          ],
          [
            100.3009427,
            5.3528895
          ],
          [
            100.3008905,
            5.3528339
          ],
          [
            100.3008284,
            5.3528034
          ],
          [
            100.3007733,
            5.3527893
          ],
          [
            100.3007029,
            5.3527947
          ],
          [
            100.3006074,
            5.3528612
          ],
          [
            100.3004866,
            5.3530218
          ],
          [
            100.3004688,
            5.3530748
          ],
          [
            100.3004206,
            5.3531158
          ],
          [
            100.3002787,
            5.3531425
          ],
          [
            100.3000709,
            5.3532363
          ],
          [
            100.2999873,
            5.3532969
          ],
          [
            100.2998023,
            5.3534651
          ],
          [
            100.2995602,
            5.3539426
          ]
        ]
      }
    },
    {
      "type": "Feature",
      "properties": {
        "id": 941638624,
        "bridge": "yes",
        "highway": "footway",
        "layer": "1"
      },
      "geometry": {
        "type": "LineString",
        "coordinates": [
          [
            100.2995018,
            5.3539208
          ],
          [
            100.2994174,
            5.3538905
          ]
        ]
      }
    },
    {
      "type": "Feature",
      "properties": {
        "id": 941638625,
        "highway": "footway"
      },
      "geometry": {
        "type": "LineString",
        "coordinates": [
          [
            100.3001198,
            5.3540782
          ],
          [
            100.300024,
            5.35407
          ],
          [
            100.2999619,
            5.3540809
          ],
          [
            100.2999062,
            5.3541128
          ],
          [
            100.2997963,
            5.3541246
          ],
          [
            100.299673,
            5.354096
          ],
          [
            100.2995231,
            5.3540218
          ],
          [
            100.2995602,
            5.3539426
          ],
          [
            100.2995018,
            5.3539208
          ]
        ]
      }
    },
    {
      "type": "Feature",
      "properties": {
        "id": 941638626,
        "highway": "footway",
        "lit": "no",
        "surface": "paving_stones"
      },
      "geometry": {
        "type": "LineString",
        "coordinates": [
          [
            100.2989865,
            5.3542121
          ],
          [
            100.2987917,
            5.354386
          ],
          [
            100.2987203,
            5.3544695
          ],
          [
            100.2986194,
            5.3546003
          ],
          [
            100.2985205,
            5.3546948
          ]
        ]
      }
    },
    {
      "type": "Feature",
      "properties": {
        "id": 941638627,
        "highway": "footway",
        "lit": "yes",
        "surface": "paving_stones"
      },
      "geometry": {
        "type": "LineString",
        "coordinates": [
          [
            100.2976425,
            5.35461
          ],
          [
            100.2979203,
            5.3545976
          ]
        ]
      }
    },
    {
      "type": "Feature",
      "properties": {
        "id": 941638628,
        "highway": "footway"
      },
      "geometry": {
        "type": "LineString",
        "coordinates": [
          [
            100.2980808,
            5.3550025
          ],
          [
            100.2981021,
            5.3548595
          ],
          [
            100.298059,
            5.3548541
          ],
          [
            100.2980251,
            5.3548437
          ],
          [
            100.2979388,
            5.3547774
          ],
          [
            100.2979257,
            5.3547476
          ],
          [
            100.2979203,
            5.3545976
          ],
          [
            100.2979416,
            5.3545149
          ],
          [
            100.2979525,
            5.3544876
          ],
          [
            100.2979878,
            5.3544325
          ],
          [
            100.2980384,
            5.3543686
          ],
          [
            100.2980878,
            5.3543233
          ],
          [
            100.298803,
            5.3537029
          ],
          [
            100.2988745,
            5.3536556
          ],
          [
            100.2989868,
            5.3536165
          ],
          [
            100.2990552,
            5.3536213
          ],
          [
            100.2991379,
            5.3536539
          ],
          [
            100.2993377,
            5.3537952
          ],
          [
            100.2993576,
            5.3538209
          ],
          [
            100.2993759,
            5.3538856
          ]
        ]
      }
    },
    {
      "type": "Feature",
      "properties": {
        "id": 990623739,
        "access": "private",
        "covered": "yes",
        "highway": "service",
        "service": "driveway"
      },
      "geometry": {
        "type": "LineString",
        "coordinates": [
          [
            100.3077545,
            5.3608175
          ],
          [
            100.3077688,
            5.3608986
          ]
        ]
      }
    },
    {
      "type": "Feature",
      "properties": {
        "id": 993227655,
        "footway": "sidewalk",
        "highway": "footway",
        "surface": "paved"
      },
      "geometry": {
        "type": "LineString",
        "coordinates": [
          [
            100.3103318,
            5.3512386
          ],
          [
            100.3103753,
            5.3514104
          ],
          [
            100.3104112,
            5.3515055
          ],
          [
            100.3105384,
            5.3517761
          ],
          [
            100.3107277,
            5.3521579
          ],
          [
            100.3108369,
            5.3523617
          ],
          [
            100.3109014,
            5.3524667
          ],
          [
            100.3112327,
            5.3529783
          ],
          [
            100.3114686,
            5.3533075
          ],
          [
            100.3116053,
            5.3534982
          ],
          [
            100.3120429,
            5.3539994
          ]
        ]
      }
    },
    {
      "type": "Feature",
      "properties": {
        "id": 993227661,
        "highway": "footway",
        "surface": "concrete"
      },
      "geometry": {
        "type": "LineString",
        "coordinates": [
          [
            100.3081445,
            5.3523184
          ],
          [
            100.3081169,
            5.3523088
          ],
          [
            100.307874,
            5.3521991
          ],
          [
            100.3079898,
            5.3519753
          ],
          [
            100.3080424,
            5.3518734
          ],
          [
            100.3081121,
            5.3516977
          ],
          [
            100.308125,
            5.3516864
          ],
          [
            100.3081558,
            5.3516703
          ],
          [
            100.308206,
            5.3516493
          ],
          [
            100.3084959,
            5.3516445
          ],
          [
            100.3085121,
            5.3516542
          ],
          [
            100.3084651,
            5.3519347
          ],
          [
            100.3084602,
            5.3523426
          ],
          [
            100.3082578,
            5.3523271
          ],
          [
            100.3081445,
            5.3523184
          ]
        ]
      }
    },
    {
      "type": "Feature",
      "properties": {
        "id": 993227663,
        "highway": "footway",
        "surface": "concrete"
      },
      "geometry": {
        "type": "LineString",
        "coordinates": [
          [
            100.3082578,
            5.3523271
          ],
          [
            100.3082718,
            5.352403
          ],
          [
            100.3082791,
            5.3524204
          ],
          [
            100.3082995,
            5.3524529
          ],
          [
            100.3083054,
            5.3524682
          ],
          [
            100.308301,
            5.3525179
          ],
          [
            100.3083054,
            5.3525558
          ],
          [
            100.3083239,
            5.3526044
          ],
          [
            100.308338,
            5.3526369
          ],
          [
            100.3083391,
            5.352665
          ],
          [
            100.3083717,
            5.352745
          ],
          [
            100.3083836,
            5.3527559
          ],
          [
            100.3084064,
            5.3527645
          ],
          [
            100.3084151,
            5.3527591
          ],
          [
            100.3084195,
            5.3527494
          ],
          [
            100.3084303,
            5.3527039
          ],
          [
            100.3084466,
            5.3526801
          ],
          [
            100.3084662,
            5.3525785
          ],
          [
            100.3084618,
            5.3524258
          ],
          [
            100.3084602,
            5.3523426
          ]
        ]
      }
    },
    {
      "type": "Feature",
      "properties": {
        "id": 993227664,
        "highway": "footway"
      },
      "geometry": {
        "type": "LineString",
        "coordinates": [
          [
            100.3084618,
            5.3524258
          ],
          [
            100.3085104,
            5.3524266
          ]
        ]
      }
    },
    {
      "type": "Feature",
      "properties": {
        "id": 993227665,
        "highway": "steps"
      },
      "geometry": {
        "type": "LineString",
        "coordinates": [
          [
            100.3085104,
            5.3524266
          ],
          [
            100.3086107,
            5.3524258
          ]
        ]
      }
    },
    {
      "type": "Feature",
      "properties": {
        "id": 993227666,
        "highway": "footway"
      },
      "geometry": {
        "type": "LineString",
        "coordinates": [
          [
            100.3086107,
            5.3524258
          ],
          [
            100.3086595,
            5.3524227
          ]
        ]
      }
    },
    {
      "type": "Feature",
      "properties": {
        "id": 993227667,
        "highway": "steps"
      },
      "geometry": {
        "type": "LineString",
        "coordinates": [
          [
            100.3084595,
            5.3527686
          ],
          [
            100.3085146,
            5.3527933
          ]
        ]
      }
    },
    {
      "type": "Feature",
      "properties": {
        "id": 993227668,
        "highway": "footway"
      },
      "geometry": {
        "type": "LineString",
        "coordinates": [
          [
            100.3085146,
            5.3527933
          ],
          [
            100.3085743,
            5.3528175
          ]
        ]
      }
    },
    {
      "type": "Feature",
      "properties": {
        "id": 993227669,
        "highway": "footway"
      },
      "geometry": {
        "type": "LineString",
        "coordinates": [
          [
            100.3084595,
            5.3527686
          ],
          [
            100.3084195,
            5.3527494
          ]
        ]
      }
    },
    {
      "type": "Feature",
      "properties": {
        "id": 993227673,
        "highway": "steps"
      },
      "geometry": {
        "type": "LineString",
        "coordinates": [
          [
            100.3079822,
            5.3542955
          ],
          [
            100.3080754,
            5.3543767
          ]
        ]
      }
    },
    {
      "type": "Feature",
      "properties": {
        "id": 993227674,
        "highway": "footway"
      },
      "geometry": {
        "type": "LineString",
        "coordinates": [
          [
            100.3079822,
            5.3542955
          ],
          [
            100.3079676,
            5.3542637
          ],
          [
            100.3077916,
            5.3541198
          ],
          [
            100.3077058,
            5.3540366
          ],
          [
            100.30762,
            5.3539619
          ],
          [
            100.3075546,
            5.3538492
          ]
        ]
      }
    },
    {
      "type": "Feature",
      "properties": {
        "id": 993227675,
        "highway": "path",
        "surface": "asphalt"
      },
      "geometry": {
        "type": "LineString",
        "coordinates": [
          [
            100.3083938,
            5.3543748
          ],
          [
            100.3084295,
            5.3543336
          ],
          [
            100.3084434,
            5.3543177
          ],
          [
            100.308444,
            5.354302
          ],
          [
            100.3084337,
            5.3542889
          ],
          [
            100.3083699,
            5.3542258
          ],
          [
            100.3083649,
            5.3542123
          ],
          [
            100.3083728,
            5.3541988
          ],
          [
            100.3084945,
            5.354095
          ],
          [
            100.3085303,
            5.3539933
          ],
          [
            100.3085772,
            5.3539229
          ]
        ]
      }
    },
    {
      "type": "Feature",
      "properties": {
        "id": 993227676,
        "highway": "footway"
      },
      "geometry": {
        "type": "LineString",
        "coordinates": [
          [
            100.3083707,
            5.3542767
          ],
          [
            100.3084012,
            5.3543063
          ],
          [
            100.3084295,
            5.3543336
          ]
        ]
      }
    },
    {
      "type": "Feature",
      "properties": {
        "id": 1030376052,
        "bridge": "yes",
        "covered": "yes",
        "highway": "footway",
        "layer": "1",
        "surface": "concrete"
      },
      "geometry": {
        "type": "LineString",
        "coordinates": [
          [
            100.2926561,
            5.3564645
          ],
          [
            100.2930917,
            5.3564397
          ]
        ]
      }
    },
    {
      "type": "Feature",
      "properties": {
        "id": 1030376053,
        "covered": "yes",
        "highway": "steps",
        "surface": "concrete"
      },
      "geometry": {
        "type": "LineString",
        "coordinates": [
          [
            100.2926561,
            5.3564645
          ],
          [
            100.2925642,
            5.3564697
          ]
        ]
      }
    },
    {
      "type": "Feature",
      "properties": {
        "id": 1030376054,
        "covered": "yes",
        "highway": "steps",
        "surface": "concrete"
      },
      "geometry": {
        "type": "LineString",
        "coordinates": [
          [
            100.2930917,
            5.3564397
          ],
          [
            100.2932233,
            5.3564322
          ]
        ]
      }
    },
    {
      "type": "Feature",
      "properties": {
        "id": 1030376055,
        "covered": "yes",
        "highway": "footway",
        "surface": "concrete"
      },
      "geometry": {
        "type": "LineString",
        "coordinates": [
          [
            100.2932233,
            5.3564322
          ],
          [
            100.2933114,
            5.3564272
          ]
        ]
      }
    },
    {
      "type": "Feature",
      "properties": {
        "id": 1030376056,
        "covered": "yes",
        "highway": "steps",
        "surface": "concrete"
      },
      "geometry": {
        "type": "LineString",
        "coordinates": [
          [
            100.2933114,
            5.3564272
          ],
          [
            100.2933979,
            5.3564223
          ]
        ]
      }
    },
    {
      "type": "Feature",
      "properties": {
        "id": 1030376057,
        "covered": "yes",
        "highway": "footway",
        "surface": "concrete"
      },
      "geometry": {
        "type": "LineString",
        "coordinates": [
          [
            100.2925642,
            5.3564697
          ],
          [
            100.2925421,
            5.3564709
          ],
          [
            100.292539,
            5.3564134
          ]
        ]
      }
    },
    {
      "type": "Feature",
      "properties": {
        "id": 1030376058,
        "highway": "footway",
        "surface": "concrete"
      },
      "geometry": {
        "type": "LineString",
        "coordinates": [
          [
            100.292539,
            5.3564134
          ],
          [
            100.2925375,
            5.3563883
          ],
          [
            100.2925324,
            5.3563804
          ],
          [
            100.2924948,
            5.3563527
          ]
        ]
      }
    },
    {
      "type": "Feature",
      "properties": {
        "id": 1030376063,
        "highway": "footway"
      },
      "geometry": {
        "type": "LineString",
        "coordinates": [
          [
            100.2994174,
            5.3538905
          ],
          [
            100.2993759,
            5.3538856
          ],
          [
            100.2993476,
            5.3538942
          ],
          [
            100.2990401,
            5.3541627
          ]
        ]
      }
    },
    {
      "type": "Feature",
      "properties": {
        "id": 1030376064,
        "bridge": "yes",
        "highway": "footway",
        "layer": "1"
      },
      "geometry": {
        "type": "LineString",
        "coordinates": [
          [
            100.2990401,
            5.3541627
          ],
          [
            100.2989865,
            5.3542121
          ]
        ]
      }
    },
    {
      "type": "Feature",
      "properties": {
        "id": 1030943292,
        "highway": "path",
        "motorcycle": "yes",
        "surface": "asphalt"
      },
      "geometry": {
        "type": "LineString",
        "coordinates": [
          [
            100.2963299,
            5.3521802
          ],
          [
            100.2962431,
            5.3522633
          ],
          [
            100.2960868,
            5.3523736
          ],
          [
            100.2960348,
            5.3523529
          ],
          [
            100.2959576,
            5.3524066
          ]
        ]
      }
    },
    {
      "type": "Feature",
      "properties": {
        "id": 1030965764,
        "highway": "footway"
      },
      "geometry": {
        "type": "LineString",
        "coordinates": [
          [
            100.2995231,
            5.3540218
          ],
          [
            100.2993023,
            5.3544364
          ]
        ]
      }
    },
    {
      "type": "Feature",
      "properties": {
        "id": 1030965769,
        "highway": "footway"
      },
      "geometry": {
        "type": "LineString",
        "coordinates": [
          [
            100.2984777,
            5.3547357
          ],
          [
            100.2984682,
            5.3547447
          ],
          [
            100.2984572,
            5.3547645
          ],
          [
            100.2984481,
            5.3547918
          ],
          [
            100.2984355,
            5.3548145
          ],
          [
            100.298398,
            5.354846
          ],
          [
            100.2983501,
            5.3548598
          ],
          [
            100.2982507,
            5.3548662
          ],
          [
            100.2981021,
            5.3548595
          ]
        ]
      }
    },
    {
      "type": "Feature",
      "properties": {
        "id": 1030965770,
        "bridge": "yes",
        "highway": "footway",
        "layer": "1",
        "lit": "no",
        "surface": "paving_stones"
      },
      "geometry": {
        "type": "LineString",
        "coordinates": [
          [
            100.2985205,
            5.3546948
          ],
          [
            100.2984777,
            5.3547357
          ]
        ]
      }
    },
    {
      "type": "Feature",
      "properties": {
        "id": 1030965795,
        "highway": "steps"
      },
      "geometry": {
        "type": "LineString",
        "coordinates": [
          [
            100.3040634,
            5.3550037
          ],
          [
            100.3040969,
            5.3550998
          ],
          [
            100.3040822,
            5.3551185
          ]
        ]
      }
    },
    {
      "type": "Feature",
      "properties": {
        "id": 1030965796,
        "highway": "path",
        "informal": "yes"
      },
      "geometry": {
        "type": "LineString",
        "coordinates": [
          [
            100.3040822,
            5.3551185
          ],
          [
            100.3042041,
            5.3552332
          ]
        ]
      }
    },
    {
      "type": "Feature",
      "properties": {
        "id": 1030965797,
        "highway": "path",
        "informal": "yes"
      },
      "geometry": {
        "type": "LineString",
        "coordinates": [
          [
            100.3040634,
            5.3550037
          ],
          [
            100.3040438,
            5.3549592
          ]
        ]
      }
    },
    {
      "type": "Feature",
      "properties": {
        "id": 1030965799,
        "highway": "pedestrian",
        "motor_vehicle": "no",
        "name": "Permatang Pelajar",
        "name:ms": "Permatang Pelajar",
        "surface": "paving_stones"
      },
      "geometry": {
        "type": "LineString",
        "coordinates": [
          [
            100.3048641,
            5.3557581
          ],
          [
            100.304246,
            5.35649
          ],
          [
            100.3041067,
            5.3566563
          ],
          [
            100.3040365,
            5.3567406
          ]
        ]
      }
    },
    {
      "type": "Feature",
      "properties": {
        "id": 1030965802,
        "highway": "footway",
        "surface": "paving_stones"
      },
      "geometry": {
        "type": "LineString",
        "coordinates": [
          [
            100.3037483,
            5.356333
          ],
          [
            100.303802,
            5.356275
          ],
          [
            100.3038647,
            5.3562072
          ]
        ]
      }
    },
    {
      "type": "Feature",
      "properties": {
        "id": 1031054635,
        "crossing": "marked",
        "crossing:markings": "yes",
        "footway": "crossing",
        "highway": "footway",
        "surface": "asphalt"
      },
      "geometry": {
        "type": "LineString",
        "coordinates": [
          [
            100.3016927,
            5.352801
          ],
          [
            100.30171,
            5.3527355
          ]
        ]
      }
    },
    {
      "type": "Feature",
      "properties": {
        "id": 1031054641,
        "highway": "footway",
        "surface": "paved"
      },
      "geometry": {
        "type": "LineString",
        "coordinates": [
          [
            100.3017463,
            5.3561193
          ],
          [
            100.3017431,
            5.35647
          ]
        ]
      }
    },
    {
      "type": "Feature",
      "properties": {
        "id": 1031054642,
        "highway": "steps",
        "surface": "paved"
      },
      "geometry": {
        "type": "LineString",
        "coordinates": [
          [
            100.3017469,
            5.3560504
          ],
          [
            100.3017475,
            5.3559848
          ]
        ]
      }
    },
    {
      "type": "Feature",
      "properties": {
        "id": 1031054643,
        "highway": "footway",
        "surface": "paved"
      },
      "geometry": {
        "type": "LineString",
        "coordinates": [
          [
            100.3017475,
            5.3559848
          ],
          [
            100.3017505,
            5.3556532
          ]
        ]
      }
    },
    {
      "type": "Feature",
      "properties": {
        "id": 1031054644,
        "highway": "footway"
      },
      "geometry": {
        "type": "LineString",
        "coordinates": [
          [
            100.3075531,
            5.3583685
          ],
          [
            100.3074906,
            5.3586594
          ]
        ]
      }
    },
    {
      "type": "Feature",
      "properties": {
        "id": 1031054650,
        "highway": "footway"
      },
      "geometry": {
        "type": "LineString",
        "coordinates": [
          [
            100.3056961,
            5.355274
          ],
          [
            100.3057062,
            5.3552942
          ]
        ]
      }
    },
    {
      "type": "Feature",
      "properties": {
        "id": 1031054651,
        "highway": "steps"
      },
      "geometry": {
        "type": "LineString",
        "coordinates": [
          [
            100.3057062,
            5.3552942
          ],
          [
            100.3057238,
            5.3553296
          ]
        ]
      }
    },
    {
      "type": "Feature",
      "properties": {
        "id": 1031054652,
        "highway": "footway"
      },
      "geometry": {
        "type": "LineString",
        "coordinates": [
          [
            100.3057238,
            5.3553296
          ],
          [
            100.3057727,
            5.3554276
          ]
        ]
      }
    },
    {
      "type": "Feature",
      "properties": {
        "id": 1031054653,
        "highway": "steps"
      },
      "geometry": {
        "type": "LineString",
        "coordinates": [
          [
            100.3057727,
            5.3554276
          ],
          [
            100.3058002,
            5.3554827
          ]
        ]
      }
    },
    {
      "type": "Feature",
      "properties": {
        "id": 1031054654,
        "highway": "footway"
      },
      "geometry": {
        "type": "LineString",
        "coordinates": [
          [
            100.3058002,
            5.3554827
          ],
          [
            100.3058209,
            5.3555243
          ]
        ]
      }
    },
    {
      "type": "Feature",
      "properties": {
        "id": 1031054657,
        "highway": "steps"
      },
      "geometry": {
        "type": "LineString",
        "coordinates": [
          [
            100.306461,
            5.3554104
          ],
          [
            100.3064941,
            5.3554436
          ],
          [
            100.3065358,
            5.3554652
          ],
          [
            100.3065937,
            5.3554859
          ]
        ]
      }
    },
    {
      "type": "Feature",
      "properties": {
        "id": 1031054658,
        "highway": "path",
        "informal": "yes"
      },
      "geometry": {
        "type": "LineString",
        "coordinates": [
          [
            100.306461,
            5.3554104
          ],
          [
            100.3064135,
            5.3553527
          ]
        ]
      }
    },
    {
      "type": "Feature",
      "properties": {
        "id": 1031054659,
        "highway": "path",
        "informal": "yes"
      },
      "geometry": {
        "type": "LineString",
        "coordinates": [
          [
            100.3065937,
            5.3554859
          ],
          [
            100.3066724,
            5.355501
          ]
        ]
      }
    },
    {
      "type": "Feature",
      "properties": {
        "id": 1031081053,
        "covered": "yes",
        "highway": "footway"
      },
      "geometry": {
        "type": "LineString",
        "coordinates": [
          [
            100.3036333,
            5.3573188
          ],
          [
            100.3036298,
            5.3573014
          ],
          [
            100.3036257,
            5.3572811
          ]
        ]
      }
    },
    {
      "type": "Feature",
      "properties": {
        "id": 1031081054,
        "highway": "steps"
      },
      "geometry": {
        "type": "LineString",
        "coordinates": [
          [
            100.3036257,
            5.3572811
          ],
          [
            100.3036092,
            5.3571989
          ]
        ]
      }
    },
    {
      "type": "Feature",
      "properties": {
        "id": 1031081055,
        "highway": "footway"
      },
      "geometry": {
        "type": "LineString",
        "coordinates": [
          [
            100.3036092,
            5.3571989
          ],
          [
            100.3036093,
            5.3571537
          ],
          [
            100.3036147,
            5.3571306
          ]
        ]
      }
    },
    {
      "type": "Feature",
      "properties": {
        "id": 1031136398,
        "highway": "footway"
      },
      "geometry": {
        "type": "LineString",
        "coordinates": [
          [
            100.3029558,
            5.3572032
          ],
          [
            100.3029443,
            5.357217
          ],
          [
            100.302929,
            5.3572266
          ],
          [
            100.3029114,
            5.3572308
          ],
          [
            100.3028934,
            5.3572292
          ],
          [
            100.3028768,
            5.3572221
          ],
          [
            100.3028634,
            5.3572101
          ],
          [
            100.3028544,
            5.3571945
          ],
          [
            100.3028509,
            5.3571768
          ],
          [
            100.3028531,
            5.357159
          ],
          [
            100.3028617,
            5.3571417
          ],
          [
            100.3028757,
            5.3571283
          ],
          [
            100.3028934,
            5.3571204
          ],
          [
            100.3029127,
            5.3571189
          ],
          [
            100.3029314,
            5.3571241
          ],
          [
            100.3029472,
            5.3571353
          ],
          [
            100.3029583,
            5.3571511
          ],
          [
            100.3029632,
            5.3571684
          ],
          [
            100.3029624,
            5.3571846
          ],
          [
            100.3029558,
            5.3572032
          ]
        ]
      }
    },
    {
      "type": "Feature",
      "properties": {
        "id": 1031136399,
        "highway": "footway",
        "surface": "paving_stones"
      },
      "geometry": {
        "type": "LineString",
        "coordinates": [
          [
            100.3037069,
            5.3563765
          ],
          [
            100.3037406,
            5.3563418
          ]
        ]
      }
    },
    {
      "type": "Feature",
      "properties": {
        "id": 1031136400,
        "highway": "steps",
        "surface": "concrete"
      },
      "geometry": {
        "type": "LineString",
        "coordinates": [
          [
            100.3037406,
            5.3563418
          ],
          [
            100.3037483,
            5.356333
          ]
        ]
      }
    },
    {
      "type": "Feature",
      "properties": {
        "id": 1031136401,
        "highway": "footway",
        "surface": "paving_stones"
      },
      "geometry": {
        "type": "LineString",
        "coordinates": [
          [
            100.303802,
            5.356275
          ],
          [
            100.3038178,
            5.3562891
          ]
        ]
      }
    },
    {
      "type": "Feature",
      "properties": {
        "id": 1031136402,
        "highway": "steps",
        "surface": "concrete"
      },
      "geometry": {
        "type": "LineString",
        "coordinates": [
          [
            100.3038178,
            5.3562891
          ],
          [
            100.3038275,
            5.3562979
          ]
        ]
      }
    },
    {
      "type": "Feature",
      "properties": {
        "id": 1031136403,
        "highway": "footway",
        "surface": "paving_stones"
      },
      "geometry": {
        "type": "LineString",
        "coordinates": [
          [
            100.3038275,
            5.3562979
          ],
          [
            100.3038831,
            5.3563478
          ]
        ]
      }
    },
    {
      "type": "Feature",
      "properties": {
        "id": 1031136404,
        "highway": "steps",
        "surface": "concrete"
      },
      "geometry": {
        "type": "LineString",
        "coordinates": [
          [
            100.3039216,
            5.3563846
          ],
          [
            100.3038831,
            5.3563478
          ]
        ]
      }
    },
    {
      "type": "Feature",
      "properties": {
        "id": 1031136405,
        "area": "yes",
        "highway": "pedestrian"
      },
      "geometry": {
        "type": "LineString",
        "coordinates": [
          [
            100.3039205,
            5.3564939
          ],
          [
            100.3038906,
            5.3564671
          ],
          [
            100.3038841,
            5.3564575
          ],
          [
            100.3038809,
            5.3564463
          ],
          [
            100.3038813,
            5.3564347
          ],
          [
            100.3038853,
            5.3564238
          ],
          [
            100.3038925,
            5.3564147
          ],
          [
            100.3038941,
            5.356413
          ],
          [
            100.3039216,
            5.3563846
          ],
          [
            100.3039497,
            5.3563554
          ],
          [
            100.3039604,
            5.3563485
          ],
          [
            100.3039727,
            5.3563456
          ],
          [
            100.3039853,
            5.356347
          ],
          [
            100.3039967,
            5.3563525
          ],
          [
            100.3040094,
            5.3563645
          ],
          [
            100.3040569,
            5.3563139
          ],
          [
            100.3041637,
            5.356413
          ],
          [
            100.304246,
            5.35649
          ],
          [
            100.3041067,
            5.3566563
          ],
          [
            100.3039798,
            5.3565376
          ],
          [
            100.3039696,
            5.3565451
          ],
          [
            100.3039575,
            5.3565487
          ],
          [
            100.3039458,
            5.3565483
          ],
          [
            100.3039349,
            5.3565443
          ],
          [
            100.3039304,
            5.3565408
          ],
          [
            100.3039257,
            5.3565372
          ],
          [
            100.3039192,
            5.3565276
          ],
          [
            100.303916,
            5.3565164
          ],
          [
            100.3039165,
            5.3565048
          ],
          [
            100.3039205,
            5.3564939
          ]
        ]
      }
    },
    {
      "type": "Feature",
      "properties": {
        "id": 1031136407,
        "highway": "footway"
      },
      "geometry": {
        "type": "LineString",
        "coordinates": [
          [
            100.3039114,
            5.3565619
          ],
          [
            100.3038786,
            5.3565981
          ]
        ]
      }
    },
    {
      "type": "Feature",
      "properties": {
        "id": 1031136408,
        "highway": "steps"
      },
      "geometry": {
        "type": "LineString",
        "coordinates": [
          [
            100.3039114,
            5.3565619
          ],
          [
            100.3039304,
            5.3565408
          ]
        ]
      }
    },
    {
      "type": "Feature",
      "properties": {
        "id": 1031136415,
        "covered": "yes",
        "highway": "service",
        "surface": "asphalt"
      },
      "geometry": {
        "type": "LineString",
        "coordinates": [
          [
            100.2902972,
            5.3573926
          ],
          [
            100.290244,
            5.357417
          ]
        ]
      }
    },
    {
      "type": "Feature",
      "properties": {
        "id": 1057138736,
        "highway": "path",
        "informal": "yes"
      },
      "geometry": {
        "type": "LineString",
        "coordinates": [
          [
            100.3015526,
            5.352558
          ],
          [
            100.3016404,
            5.3525809
          ]
        ]
      }
    },
    {
      "type": "Feature",
      "properties": {
        "id": 1119141479,
        "highway": "footway"
      },
      "geometry": {
        "type": "LineString",
        "coordinates": [
          [
            100.3015175,
            5.3548813
          ],
          [
            100.301418,
            5.3548811
          ],
          [
            100.3008579,
            5.3548797
          ],
          [
            100.300833,
            5.3548796
          ],
          [
            100.3007935,
            5.3548648
          ]
        ]
      }
    },
    {
      "type": "Feature",
      "properties": {
        "id": 1119141480,
        "highway": "footway"
      },
      "geometry": {
        "type": "LineString",
        "coordinates": [
          [
            100.3015906,
            5.3548815
          ],
          [
            100.3015656,
            5.3548814
          ]
        ]
      }
    },
    {
      "type": "Feature",
      "properties": {
        "id": 1119141481,
        "highway": "steps"
      },
      "geometry": {
        "type": "LineString",
        "coordinates": [
          [
            100.3015656,
            5.3548814
          ],
          [
            100.3015175,
            5.3548813
          ]
        ]
      }
    },
    {
      "type": "Feature",
      "properties": {
        "id": 1119141483,
        "highway": "footway"
      },
      "geometry": {
        "type": "LineString",
        "coordinates": [
          [
            100.3027198,
            5.3569668
          ],
          [
            100.302751,
            5.3569948
          ],
          [
            100.3029428,
            5.3571043
          ],
          [
            100.3029728,
            5.3571214
          ],
          [
            100.3030254,
            5.3571514
          ],
          [
            100.3031705,
            5.3572404
          ],
          [
            100.3031776,
            5.3572476
          ],
          [
            100.3031814,
            5.3572591
          ]
        ]
      }
    },
    {
      "type": "Feature",
      "properties": {
        "id": 1119141484,
        "highway": "footway"
      },
      "geometry": {
        "type": "LineString",
        "coordinates": [
          [
            100.3070285,
            5.3544765
          ],
          [
            100.3070279,
            5.3544514
          ],
          [
            100.3070259,
            5.3543025
          ]
        ]
      }
    },
    {
      "type": "Feature",
      "properties": {
        "id": 1119141485,
        "highway": "footway"
      },
      "geometry": {
        "type": "LineString",
        "coordinates": [
          [
            100.3056785,
            5.3560885
          ],
          [
            100.3058881,
            5.3560589
          ]
        ]
      }
    },
    {
      "type": "Feature",
      "properties": {
        "id": 1119141486,
        "highway": "steps"
      },
      "geometry": {
        "type": "LineString",
        "coordinates": [
          [
            100.3058881,
            5.3560589
          ],
          [
            100.3059294,
            5.356056
          ]
        ]
      }
    },
    {
      "type": "Feature",
      "properties": {
        "id": 1119141487,
        "highway": "path",
        "informal": "yes"
      },
      "geometry": {
        "type": "LineString",
        "coordinates": [
          [
            100.3059294,
            5.356056
          ],
          [
            100.3059692,
            5.356056
          ],
          [
            100.3060121,
            5.3560736
          ]
        ]
      }
    },
    {
      "type": "Feature",
      "properties": {
        "id": 1119141488,
        "highway": "footway"
      },
      "geometry": {
        "type": "LineString",
        "coordinates": [
          [
            100.3012757,
            5.3529782
          ],
          [
            100.300976,
            5.3529544
          ]
        ]
      }
    },
    {
      "type": "Feature",
      "properties": {
        "id": 1119141489,
        "highway": "footway"
      },
      "geometry": {
        "type": "LineString",
        "coordinates": [
          [
            100.3014489,
            5.353018
          ],
          [
            100.3013283,
            5.3529833
          ]
        ]
      }
    },
    {
      "type": "Feature",
      "properties": {
        "id": 1119141490,
        "highway": "steps"
      },
      "geometry": {
        "type": "LineString",
        "coordinates": [
          [
            100.3013283,
            5.3529833
          ],
          [
            100.3012757,
            5.3529782
          ]
        ]
      }
    },
    {
      "type": "Feature",
      "properties": {
        "id": 1119141491,
        "highway": "footway"
      },
      "geometry": {
        "type": "LineString",
        "coordinates": [
          [
            100.3014721,
            5.352943
          ],
          [
            100.301701,
            5.3529314
          ],
          [
            100.3022222,
            5.353076
          ],
          [
            100.3023829,
            5.3531712
          ],
          [
            100.3024492,
            5.3531928
          ],
          [
            100.3025024,
            5.3532578
          ],
          [
            100.3025612,
            5.3532713
          ]
        ]
      }
    },
    {
      "type": "Feature",
      "properties": {
        "id": 1119141492,
        "highway": "path",
        "informal": "yes"
      },
      "geometry": {
        "type": "LineString",
        "coordinates": [
          [
            100.3023829,
            5.3531712
          ],
          [
            100.302377,
            5.3531917
          ]
        ]
      }
    },
    {
      "type": "Feature",
      "properties": {
        "id": 1119141493,
        "covered": "yes",
        "highway": "footway"
      },
      "geometry": {
        "type": "LineString",
        "coordinates": [
          [
            100.3019727,
            5.3568209
          ],
          [
            100.3020109,
            5.3568675
          ],
          [
            100.3023589,
            5.3571586
          ],
          [
            100.302383,
            5.3571788
          ],
          [
            100.3024094,
            5.3572009
          ],
          [
            100.3024454,
            5.357231
          ],
          [
            100.3026092,
            5.3572844
          ],
          [
            100.3026595,
            5.3572845
          ],
          [
            100.3026892,
            5.3572846
          ]
        ]
      }
    },
    {
      "type": "Feature",
      "properties": {
        "id": 1119141497,
        "highway": "steps"
      },
      "geometry": {
        "type": "LineString",
        "coordinates": [
          [
            100.3038022,
            5.3571773
          ],
          [
            100.3037401,
            5.3571389
          ]
        ]
      }
    },
    {
      "type": "Feature",
      "properties": {
        "id": 1119141498,
        "covered": "yes",
        "highway": "footway"
      },
      "geometry": {
        "type": "LineString",
        "coordinates": [
          [
            100.3038564,
            5.3572109
          ],
          [
            100.3038201,
            5.3571884
          ],
          [
            100.3038022,
            5.3571773
          ]
        ]
      }
    },
    {
      "type": "Feature",
      "properties": {
        "id": 1119141499,
        "highway": "footway"
      },
      "geometry": {
        "type": "LineString",
        "coordinates": [
          [
            100.303655,
            5.3572959
          ],
          [
            100.3037599,
            5.3572729
          ],
          [
            100.3038093,
            5.3572064
          ]
        ]
      }
    },
    {
      "type": "Feature",
      "properties": {
        "id": 1119141501,
        "highway": "steps"
      },
      "geometry": {
        "type": "LineString",
        "coordinates": [
          [
            100.3022859,
            5.3573524
          ],
          [
            100.3022654,
            5.3574225
          ]
        ]
      }
    },
    {
      "type": "Feature",
      "properties": {
        "id": 1119141502,
        "highway": "path",
        "informal": "yes"
      },
      "geometry": {
        "type": "LineString",
        "coordinates": [
          [
            100.3022859,
            5.3573524
          ],
          [
            100.302132,
            5.3573081
          ],
          [
            100.3020954,
            5.3572781
          ]
        ]
      }
    },
    {
      "type": "Feature",
      "properties": {
        "id": 1153500742,
        "highway": "path"
      },
      "geometry": {
        "type": "LineString",
        "coordinates": [
          [
            100.2888534,
            5.3554883
          ],
          [
            100.2886019,
            5.3554185
          ]
        ]
      }
    },
    {
      "type": "Feature",
      "properties": {
        "id": 1153500743,
        "highway": "path"
      },
      "geometry": {
        "type": "LineString",
        "coordinates": [
          [
            100.2905041,
            5.3526668
          ],
          [
            100.2904706,
            5.352317
          ],
          [
            100.2905725,
            5.3520472
          ],
          [
            100.290779,
            5.3519177
          ],
          [
            100.2908809,
            5.3517054
          ],
          [
            100.2908555,
            5.3514824
          ],
          [
            100.2907415,
            5.3513809
          ],
          [
            100.2905993,
            5.3513676
          ],
          [
            100.2904759,
            5.3513168
          ],
          [
            100.2903941,
            5.3512114
          ],
          [
            100.2902976,
            5.3511633
          ],
          [
            100.290083,
            5.351222
          ],
          [
            100.2898765,
            5.351202
          ],
          [
            100.2896404,
            5.3510631
          ],
          [
            100.2895264,
            5.3510725
          ],
          [
            100.2894232,
            5.3509991
          ],
          [
            100.2892877,
            5.3509884
          ],
          [
            100.2890785,
            5.350987
          ],
          [
            100.2889591,
            5.3509149
          ],
          [
            100.2887446,
            5.3509804
          ],
          [
            100.2886279,
            5.350975
          ],
          [
            100.2885126,
            5.3510044
          ],
          [
            100.2882484,
            5.3508936
          ],
          [
            100.2885649,
            5.3506986
          ],
          [
            100.2888089,
            5.3505464
          ],
          [
            100.2889055,
            5.3503434
          ],
          [
            100.2890584,
            5.350274
          ],
          [
            100.2891013,
            5.3501699
          ],
          [
            100.2893051,
            5.3499429
          ],
          [
            100.2893212,
            5.3497292
          ],
          [
            100.2892756,
            5.3495797
          ],
          [
            100.2890128,
            5.3493527
          ],
          [
            100.2889605,
            5.3492619
          ],
          [
            100.2889779,
            5.3491631
          ],
          [
            100.2890088,
            5.349115
          ],
          [
            100.2890691,
            5.3491016
          ],
          [
            100.2891402,
            5.3490522
          ],
          [
            100.2891657,
            5.3489895
          ],
          [
            100.2891429,
            5.3489107
          ],
          [
            100.2890772,
            5.3488506
          ],
          [
            100.2887607,
            5.3487375
          ]
        ]
      }
    },
    {
      "type": "Feature",
      "properties": {
        "id": 1153500746,
        "highway": "path"
      },
      "geometry": {
        "type": "LineString",
        "coordinates": [
          [
            100.2848904,
            5.3497096
          ],
          [
            100.2851853,
            5.3494862
          ],
          [
            100.2854454,
            5.3492966
          ],
          [
            100.2856439,
            5.3492966
          ],
          [
            100.2857539,
            5.3495129
          ],
          [
            100.2858371,
            5.3496304
          ],
          [
            100.2860275,
            5.3496518
          ],
          [
            100.2862769,
            5.3498147
          ],
          [
            100.2864137,
            5.3498334
          ],
          [
            100.2865988,
            5.3499188
          ],
          [
            100.2867329,
            5.3500123
          ],
          [
            100.2869019,
            5.3502179
          ],
          [
            100.2870911,
            5.3504
          ],
          [
            100.287315,
            5.3505598
          ],
          [
            100.2874491,
            5.3505598
          ],
          [
            100.2876194,
            5.3506145
          ],
          [
            100.2878769,
            5.3506586
          ],
          [
            100.2880579,
            5.3508241
          ],
          [
            100.2882484,
            5.3508936
          ],
          [
            100.2883717,
            5.3511072
          ],
          [
            100.2884012,
            5.3514223
          ],
          [
            100.2886936,
            5.3517214
          ],
          [
            100.2887392,
            5.3519965
          ],
          [
            100.2887338,
            5.3522075
          ],
          [
            100.2885702,
            5.3522689
          ],
          [
            100.2885166,
            5.3524612
          ],
          [
            100.2884281,
            5.3524852
          ],
          [
            100.2882779,
            5.3524104
          ],
          [
            100.2882349,
            5.3522582
          ],
          [
            100.2880391,
            5.3521006
          ],
          [
            100.2879882,
            5.3519404
          ],
          [
            100.2877521,
            5.351895
          ],
          [
            100.2875188,
            5.3519618
          ],
          [
            100.2872613,
            5.351855
          ],
          [
            100.2870843,
            5.3519084
          ],
          [
            100.2868979,
            5.3518429
          ],
          [
            100.2867544,
            5.351871
          ],
          [
            100.2864271,
            5.352114
          ],
          [
            100.286091,
            5.3521151
          ],
          [
            100.2859537,
            5.3522141
          ],
          [
            100.2858075,
            5.3522368
          ],
          [
            100.2856936,
            5.3521995
          ],
          [
            100.2855594,
            5.3521541
          ],
          [
            100.2853046,
            5.3521888
          ],
          [
            100.2850029,
            5.3521808
          ],
          [
            100.2847186,
            5.3522395
          ],
          [
            100.2844745,
            5.3523784
          ],
          [
            100.2842277,
            5.3527122
          ],
          [
            100.2840842,
            5.3528711
          ],
          [
            100.2841204,
            5.3530674
          ],
          [
            100.2840963,
            5.3532223
          ],
          [
            100.2839595,
            5.3533358
          ],
          [
            100.283808,
            5.3534119
          ],
          [
            100.283749,
            5.35348
          ],
          [
            100.2837087,
            5.3535534
          ],
          [
            100.2835679,
            5.3536656
          ],
          [
            100.2832903,
            5.353759
          ],
          [
            100.2831253,
            5.3538939
          ],
          [
            100.2829148,
            5.353954
          ],
          [
            100.2827981,
            5.3539473
          ],
          [
            100.2826573,
            5.3538832
          ],
          [
            100.2825581,
            5.3538685
          ],
          [
            100.2824783,
            5.3539139
          ],
          [
            100.282442,
            5.3539687
          ],
          [
            100.282377,
            5.3540047
          ],
          [
            100.2818974,
            5.3539884
          ]
        ]
      }
    },
    {
      "type": "Feature",
      "properties": {
        "id": 1153500792,
        "highway": "path",
        "surface": "dirt"
      },
      "geometry": {
        "type": "LineString",
        "coordinates": [
          [
            100.2920177,
            5.362343
          ],
          [
            100.2918693,
            5.3623633
          ],
          [
            100.2918559,
            5.3627853
          ],
          [
            100.2914992,
            5.3634048
          ],
          [
            100.2915153,
            5.3635384
          ],
          [
            100.2914724,
            5.3636959
          ],
          [
            100.291526,
            5.3639096
          ],
          [
            100.2915126,
            5.3640164
          ],
          [
            100.2914509,
            5.3641205
          ],
          [
            100.2913249,
            5.3641205
          ],
          [
            100.2912202,
            5.3640805
          ],
          [
            100.2911532,
            5.3641232
          ],
          [
            100.2910942,
            5.3642607
          ],
          [
            100.2910633,
            5.3643982
          ],
          [
            100.2909842,
            5.3645184
          ],
          [
            100.2909198,
            5.3645531
          ],
          [
            100.2906194,
            5.3644944
          ],
          [
            100.2904102,
            5.3645932
          ],
          [
            100.2902171,
            5.3645852
          ],
          [
            100.2900642,
            5.3644917
          ],
          [
            100.2899247,
            5.3645024
          ],
          [
            100.2897973,
            5.3644356
          ],
          [
            100.2896847,
            5.3644103
          ],
          [
            100.2895331,
            5.3641819
          ],
          [
            100.288986,
            5.3639469
          ],
          [
            100.28853,
            5.363509
          ],
          [
            100.2882323,
            5.3634422
          ],
          [
            100.2879989,
            5.3632046
          ],
          [
            100.2876502,
            5.3630016
          ],
          [
            100.2874893,
            5.3624995
          ],
          [
            100.287264,
            5.3622485
          ],
          [
            100.2873176,
            5.3617144
          ],
          [
            100.2871272,
            5.361199
          ],
          [
            100.2870628,
            5.3608118
          ],
          [
            100.286985,
            5.360681
          ],
          [
            100.2868536,
            5.3606142
          ],
          [
            100.2867168,
            5.3605661
          ],
          [
            100.2865827,
            5.360462
          ],
          [
            100.2865103,
            5.3603258
          ],
          [
            100.2864057,
            5.3602377
          ],
          [
            100.2862421,
            5.3601869
          ],
          [
            100.2860999,
            5.3600908
          ],
          [
            100.2858961,
            5.3599012
          ],
          [
            100.2858719,
            5.3597383
          ],
          [
            100.285652,
            5.3595433
          ],
          [
            100.2854535,
            5.3594872
          ],
          [
            100.2853703,
            5.3593697
          ],
          [
            100.28523,
            5.3590473
          ],
          [
            100.2850485,
            5.3589024
          ],
          [
            100.2848527,
            5.3588784
          ],
          [
            100.2845938,
            5.3589358
          ],
          [
            100.2842854,
            5.3588877
          ],
          [
            100.2840534,
            5.3589905
          ],
          [
            100.283934,
            5.3589438
          ],
          [
            100.2838576,
            5.358877
          ],
          [
            100.2838127,
            5.358829
          ],
          [
            100.2837664,
            5.3588323
          ],
          [
            100.2837416,
            5.3588657
          ],
          [
            100.28381,
            5.3589552
          ],
          [
            100.2837899,
            5.3590106
          ],
          [
            100.2837181,
            5.3589985
          ],
          [
            100.2836296,
            5.3589558
          ],
          [
            100.2834526,
            5.3588437
          ],
          [
            100.2834231,
            5.3587529
          ],
          [
            100.2833346,
            5.3586247
          ],
          [
            100.2833667,
            5.3585339
          ],
          [
            100.2833037,
            5.3584377
          ],
          [
            100.2831776,
            5.3584084
          ],
          [
            100.28312,
            5.3582682
          ],
          [
            100.2830449,
            5.3582214
          ],
          [
            100.2829778,
            5.3580492
          ],
          [
            100.2830502,
            5.3578396
          ],
          [
            100.2829993,
            5.3577501
          ],
          [
            100.2829765,
            5.3576326
          ],
          [
            100.282896,
            5.3575685
          ],
          [
            100.2828129,
            5.3575752
          ],
          [
            100.2826332,
            5.3577701
          ],
          [
            100.2825594,
            5.3577354
          ],
          [
            100.2824655,
            5.357431
          ],
          [
            100.2823663,
            5.3574417
          ],
          [
            100.2823395,
            5.357698
          ],
          [
            100.2821597,
            5.3579464
          ],
          [
            100.2821544,
            5.3582695
          ],
          [
            100.2819478,
            5.3586033
          ],
          [
            100.2819666,
            5.3589745
          ],
          [
            100.2821946,
            5.359343
          ],
          [
            100.2822174,
            5.3596475
          ],
          [
            100.2821906,
            5.3597076
          ],
          [
            100.2821128,
            5.3597556
          ],
          [
            100.2820779,
            5.3598197
          ],
          [
            100.2821007,
            5.3599519
          ],
          [
            100.2822804,
            5.3603098
          ],
          [
            100.2822831,
            5.360478
          ],
          [
            100.2824199,
            5.3608692
          ],
          [
            100.2823609,
            5.3611429
          ],
          [
            100.2824132,
            5.3613539
          ],
          [
            100.2825634,
            5.3615288
          ],
          [
            100.2827109,
            5.3615529
          ],
          [
            100.2829336,
            5.361685
          ],
          [
            100.2831227,
            5.3619
          ],
          [
            100.2834432,
            5.3619094
          ],
          [
            100.2835733,
            5.3618146
          ],
          [
            100.2837087,
            5.3618092
          ],
          [
            100.2838093,
            5.3618747
          ],
          [
            100.283871,
            5.3618453
          ],
          [
            100.2840655,
            5.3618352
          ]
        ]
      }
    },
    {
      "type": "Feature",
      "properties": {
        "id": 1317248673,
        "footway": "sidewalk",
        "highway": "footway",
        "surface": "concrete"
      },
      "geometry": {
        "type": "LineString",
        "coordinates": [
          [
            100.2949785,
            5.355239
          ],
          [
            100.2943203,
            5.3552892
          ],
          [
            100.2942066,
            5.3553021
          ],
          [
            100.293267,
            5.3554094
          ],
          [
            100.2930562,
            5.3554501
          ],
          [
            100.2930247,
            5.3554561
          ]
        ]
      }
    },
    {
      "type": "Feature",
      "properties": {
        "id": 1317248674,
        "covered": "no",
        "footway": "sidewalk",
        "highway": "footway",
        "oneway": "no",
        "stroller": "yes",
        "surface": "concrete",
        "tactile_paving": "no",
        "wheelchair": "yes"
      },
      "geometry": {
        "type": "LineString",
        "coordinates": [
          [
            100.2951013,
            5.35523
          ],
          [
            100.2965778,
            5.3551396
          ]
        ]
      }
    },
    {
      "type": "Feature",
      "properties": {
        "id": 1317248675,
        "crossing": "uncontrolled",
        "crossing:island": "no",
        "crossing:markings": "yes",
        "flashing_lights": "no",
        "footway": "crossing",
        "highway": "footway",
        "surface": "asphalt"
      },
      "geometry": {
        "type": "LineString",
        "coordinates": [
          [
            100.2949785,
            5.355239
          ],
          [
            100.2950412,
            5.3552344
          ],
          [
            100.2951013,
            5.35523
          ]
        ]
      }
    },
    {
      "type": "Feature",
      "properties": {
        "id": 1317248681,
        "footway": "sidewalk",
        "highway": "footway"
      },
      "geometry": {
        "type": "LineString",
        "coordinates": [
          [
            100.2926464,
            5.3553023
          ],
          [
            100.2927051,
            5.3552969
          ],
          [
            100.2927233,
            5.3553179
          ],
          [
            100.2927347,
            5.3553439
          ],
          [
            100.2927438,
            5.355464
          ],
          [
            100.2927544,
            5.3556046
          ],
          [
            100.2928328,
            5.3563889
          ],
          [
            100.2928398,
            5.3565033
          ]
        ]
      }
    },
    {
      "type": "Feature",
      "properties": {
        "id": 1317248682,
        "crossing": "unmarked",
        "crossing:markings": "no",
        "footway": "crossing",
        "highway": "footway"
      },
      "geometry": {
        "type": "LineString",
        "coordinates": [
          [
            100.2925505,
            5.3553112
          ],
          [
            100.2926201,
            5.3553048
          ],
          [
            100.2926464,
            5.3553023
          ]
        ]
      }
    },
    {
      "type": "Feature",
      "properties": {
        "id": 1347892087,
        "highway": "footway"
      },
      "geometry": {
        "type": "LineString",
        "coordinates": [
          [
            100.3003229,
            5.3579716
          ],
          [
            100.3004919,
            5.3579793
          ],
          [
            100.3005604,
            5.3580106
          ]
        ]
      }
    },
    {
      "type": "Feature",
      "properties": {
        "id": 1353572815,
        "highway": "steps"
      },
      "geometry": {
        "type": "LineString",
        "coordinates": [
          [
            100.3005836,
            5.3552328
          ],
          [
            100.3005517,
            5.3552328
          ]
        ]
      }
    },
    {
      "type": "Feature",
      "properties": {
        "id": 1353572816,
        "highway": "footway"
      },
      "geometry": {
        "type": "LineString",
        "coordinates": [
          [
            100.3005517,
            5.3552328
          ],
          [
            100.3004816,
            5.3552328
          ]
        ]
      }
    },
    {
      "type": "Feature",
      "properties": {
        "id": 1353572820,
        "highway": "footway"
      },
      "geometry": {
        "type": "LineString",
        "coordinates": [
          [
            100.300833,
            5.3548796
          ],
          [
            100.3008336,
            5.3549319
          ]
        ]
      }
    },
    {
      "type": "Feature",
      "properties": {
        "id": 1353572826,
        "covered": "yes",
        "highway": "service",
        "oneway": "yes",
        "service": "driveway"
      },
      "geometry": {
        "type": "LineString",
        "coordinates": [
          [
            100.3015682,
            5.3546737
          ],
          [
            100.3015699,
            5.3547629
          ]
        ]
      }
    },
    {
      "type": "Feature",
      "properties": {
        "id": 1353572827,
        "highway": "footway"
      },
      "geometry": {
        "type": "LineString",
        "coordinates": [
          [
            100.301488,
            5.3552155
          ],
          [
            100.3015708,
            5.3552157
          ]
        ]
      }
    },
    {
      "type": "Feature",
      "properties": {
        "id": 1353572828,
        "highway": "steps"
      },
      "geometry": {
        "type": "LineString",
        "coordinates": [
          [
            100.3015708,
            5.3552157
          ],
          [
            100.3015837,
            5.3552157
          ]
        ]
      }
    },
    {
      "type": "Feature",
      "properties": {
        "id": 1353572829,
        "highway": "footway"
      },
      "geometry": {
        "type": "LineString",
        "coordinates": [
          [
            100.3015837,
            5.3552157
          ],
          [
            100.3016026,
            5.3551886
          ]
        ]
      }
    },
    {
      "type": "Feature",
      "properties": {
        "id": 1353572830,
        "highway": "footway"
      },
      "geometry": {
        "type": "LineString",
        "coordinates": [
          [
            100.301417,
            5.3549417
          ],
          [
            100.301418,
            5.3548811
          ]
        ]
      }
    },
    {
      "type": "Feature",
      "properties": {
        "id": 1353641047,
        "covered": "yes",
        "highway": "footway"
      },
      "geometry": {
        "type": "LineString",
        "coordinates": [
          [
            100.301149,
            5.3556524
          ],
          [
            100.3011495,
            5.3557034
          ]
        ]
      }
    },
    {
      "type": "Feature",
      "properties": {
        "id": 1353641048,
        "covered": "yes",
        "highway": "steps",
        "indoor": "yes"
      },
      "geometry": {
        "type": "LineString",
        "coordinates": [
          [
            100.3011495,
            5.3557034
          ],
          [
            100.3011502,
            5.3557855
          ]
        ]
      }
    },
    {
      "type": "Feature",
      "properties": {
        "id": 1353641049,
        "highway": "footway"
      },
      "geometry": {
        "type": "LineString",
        "coordinates": [
          [
            100.3011487,
            5.3556168
          ],
          [
            100.301149,
            5.3556524
          ]
        ]
      }
    },
    {
      "type": "Feature",
      "properties": {
        "id": 1353641052,
        "covered": "yes",
        "highway": "footway",
        "surface": "paved"
      },
      "geometry": {
        "type": "LineString",
        "coordinates": [
          [
            100.3017469,
            5.3560504
          ],
          [
            100.3017466,
            5.3560878
          ],
          [
            100.3017463,
            5.3561193
          ]
        ]
      }
    },
    {
      "type": "Feature",
      "properties": {
        "id": 1353641058,
        "covered": "yes",
        "highway": "footway"
      },
      "geometry": {
        "type": "LineString",
        "coordinates": [
          [
            100.301332,
            5.356769
          ],
          [
            100.3015799,
            5.3567652
          ],
          [
            100.3018336,
            5.3567614
          ]
        ]
      }
    },
    {
      "type": "Feature",
      "properties": {
        "id": 1353641059,
        "highway": "footway"
      },
      "geometry": {
        "type": "LineString",
        "coordinates": [
          [
            100.3012725,
            5.3567701
          ],
          [
            100.3011789,
            5.3567728
          ]
        ]
      }
    },
    {
      "type": "Feature",
      "properties": {
        "id": 1353641060,
        "highway": "footway"
      },
      "geometry": {
        "type": "LineString",
        "coordinates": [
          [
            100.301332,
            5.356769
          ],
          [
            100.301293,
            5.3567697
          ]
        ]
      }
    },
    {
      "type": "Feature",
      "properties": {
        "id": 1353641061,
        "highway": "steps"
      },
      "geometry": {
        "type": "LineString",
        "coordinates": [
          [
            100.301293,
            5.3567697
          ],
          [
            100.3012725,
            5.3567701
          ]
        ]
      }
    },
    {
      "type": "Feature",
      "properties": {
        "id": 1353641065,
        "highway": "footway"
      },
      "geometry": {
        "type": "LineString",
        "coordinates": [
          [
            100.3018336,
            5.3567614
          ],
          [
            100.3018644,
            5.3567621
          ],
          [
            100.3019632,
            5.3568158
          ],
          [
            100.3019727,
            5.3568209
          ]
        ]
      }
    },
    {
      "type": "Feature",
      "properties": {
        "id": 1353641066,
        "highway": "footway"
      },
      "geometry": {
        "type": "LineString",
        "coordinates": [
          [
            100.3034868,
            5.3572572
          ],
          [
            100.3034643,
            5.3572254
          ]
        ]
      }
    },
    {
      "type": "Feature",
      "properties": {
        "id": 1353641067,
        "highway": "steps"
      },
      "geometry": {
        "type": "LineString",
        "coordinates": [
          [
            100.3034866,
            5.3572863
          ],
          [
            100.3034605,
            5.3572863
          ]
        ]
      }
    },
    {
      "type": "Feature",
      "properties": {
        "id": 1353641069,
        "covered": "yes",
        "highway": "footway",
        "layer": "1"
      },
      "geometry": {
        "type": "LineString",
        "coordinates": [
          [
            100.3027067,
            5.3572846
          ],
          [
            100.3032467,
            5.3572858
          ],
          [
            100.3034605,
            5.3572863
          ]
        ]
      }
    },
    {
      "type": "Feature",
      "properties": {
        "id": 1353641070,
        "covered": "yes",
        "highway": "steps"
      },
      "geometry": {
        "type": "LineString",
        "coordinates": [
          [
            100.3026892,
            5.3572846
          ],
          [
            100.3027067,
            5.3572846
          ]
        ]
      }
    },
    {
      "type": "Feature",
      "properties": {
        "id": 1353641071,
        "highway": "footway"
      },
      "geometry": {
        "type": "LineString",
        "coordinates": [
          [
            100.3026095,
            5.3573135
          ],
          [
            100.3026113,
            5.3576127
          ],
          [
            100.3025648,
            5.357613
          ]
        ]
      }
    },
    {
      "type": "Feature",
      "properties": {
        "id": 1353641072,
        "covered": "yes",
        "highway": "footway"
      },
      "geometry": {
        "type": "LineString",
        "coordinates": [
          [
            100.3026092,
            5.3572844
          ],
          [
            100.3026095,
            5.3573135
          ]
        ]
      }
    },
    {
      "type": "Feature",
      "properties": {
        "id": 1353641073,
        "covered": "yes",
        "highway": "footway"
      },
      "geometry": {
        "type": "LineString",
        "coordinates": [
          [
            100.3032183,
            5.357188
          ],
          [
            100.3032451,
            5.3571876
          ],
          [
            100.3032442,
            5.3571363
          ],
          [
            100.3033283,
            5.3569673
          ],
          [
            100.3033289,
            5.3568001
          ],
          [
            100.3033706,
            5.3568002
          ],
          [
            100.3034001,
            5.3568003
          ],
          [
            100.303439,
            5.3568005
          ]
        ]
      }
    },
    {
      "type": "Feature",
      "properties": {
        "id": 1353641074,
        "covered": "yes",
        "highway": "steps"
      },
      "geometry": {
        "type": "LineString",
        "coordinates": [
          [
            100.3032451,
            5.3571876
          ],
          [
            100.3032462,
            5.3572595
          ]
        ]
      }
    },
    {
      "type": "Feature",
      "properties": {
        "id": 1353641075,
        "covered": "yes",
        "highway": "footway",
        "layer": "1"
      },
      "geometry": {
        "type": "LineString",
        "coordinates": [
          [
            100.3032462,
            5.3572595
          ],
          [
            100.3032467,
            5.3572858
          ]
        ]
      }
    },
    {
      "type": "Feature",
      "properties": {
        "id": 1353641076,
        "highway": "footway"
      },
      "geometry": {
        "type": "LineString",
        "coordinates": [
          [
            100.303439,
            5.3568005
          ],
          [
            100.3035023,
            5.3568007
          ]
        ]
      }
    },
    {
      "type": "Feature",
      "properties": {
        "id": 1353641077,
        "highway": "footway"
      },
      "geometry": {
        "type": "LineString",
        "coordinates": [
          [
            100.3029624,
            5.3571846
          ],
          [
            100.3029811,
            5.3571868
          ],
          [
            100.3029926,
            5.3571913
          ],
          [
            100.3029991,
            5.3571991
          ],
          [
            100.3030347,
            5.3572581
          ]
        ]
      }
    },
    {
      "type": "Feature",
      "properties": {
        "id": 1353641078,
        "highway": "footway"
      },
      "geometry": {
        "type": "LineString",
        "coordinates": [
          [
            100.3029926,
            5.3571913
          ],
          [
            100.3030254,
            5.3571514
          ]
        ]
      }
    },
    {
      "type": "Feature",
      "properties": {
        "id": 1353641079,
        "highway": "footway"
      },
      "geometry": {
        "type": "LineString",
        "coordinates": [
          [
            100.3026186,
            5.3568466
          ],
          [
            100.3024706,
            5.357025
          ]
        ]
      }
    },
    {
      "type": "Feature",
      "properties": {
        "id": 1353641080,
        "covered": "yes",
        "highway": "footway"
      },
      "geometry": {
        "type": "LineString",
        "coordinates": [
          [
            100.3024706,
            5.357025
          ],
          [
            100.3023589,
            5.3571586
          ]
        ]
      }
    },
    {
      "type": "Feature",
      "properties": {
        "id": 1353641081,
        "highway": "footway"
      },
      "geometry": {
        "type": "LineString",
        "coordinates": [
          [
            100.3026186,
            5.3568466
          ],
          [
            100.3026716,
            5.3567013
          ],
          [
            100.30274,
            5.35661
          ]
        ]
      }
    },
    {
      "type": "Feature",
      "properties": {
        "id": 1353641082,
        "highway": "footway",
        "surface": "fine_gravel"
      },
      "geometry": {
        "type": "LineString",
        "coordinates": [
          [
            100.3026809,
            5.356516
          ],
          [
            100.3026258,
            5.3560843
          ],
          [
            100.3025696,
            5.3556441
          ],
          [
            100.302488,
            5.3551961
          ]
        ]
      }
    },
    {
      "type": "Feature",
      "properties": {
        "id": 1353641083,
        "highway": "footway"
      },
      "geometry": {
        "type": "LineString",
        "coordinates": [
          [
            100.3029428,
            5.3571043
          ],
          [
            100.3029314,
            5.3571241
          ]
        ]
      }
    },
    {
      "type": "Feature",
      "properties": {
        "id": 1353641084,
        "highway": "footway"
      },
      "geometry": {
        "type": "LineString",
        "coordinates": [
          [
            100.3029728,
            5.3571214
          ],
          [
            100.3030036,
            5.3570587
          ]
        ]
      }
    },
    {
      "type": "Feature",
      "properties": {
        "id": 1353641085,
        "highway": "footway",
        "surface": "concrete"
      },
      "geometry": {
        "type": "LineString",
        "coordinates": [
          [
            100.302488,
            5.3551961
          ],
          [
            100.3025014,
            5.3551938
          ],
          [
            100.3025877,
            5.3552042
          ],
          [
            100.3026658,
            5.355242
          ],
          [
            100.3027274,
            5.355303
          ],
          [
            100.3027657,
            5.3553808
          ],
          [
            100.3027764,
            5.3554667
          ],
          [
            100.3028029,
            5.3560819
          ],
          [
            100.3028124,
            5.3563004
          ],
          [
            100.3028057,
            5.3563489
          ],
          [
            100.3027901,
            5.3563952
          ],
          [
            100.3027527,
            5.3564555
          ],
          [
            100.3027196,
            5.356489
          ],
          [
            100.3026809,
            5.356516
          ],
          [
            100.3026009,
            5.356546
          ],
          [
            100.3025551,
            5.356551
          ],
          [
            100.3025092,
            5.356548
          ],
          [
            100.3024236,
            5.3565193
          ],
          [
            100.3023526,
            5.3564631
          ],
          [
            100.3023297,
            5.3564335
          ],
          [
            100.3023084,
            5.3563946
          ],
          [
            100.3022877,
            5.3563183
          ],
          [
            100.3022795,
            5.3561208
          ],
          [
            100.3022705,
            5.3559242
          ],
          [
            100.3022575,
            5.3556092
          ],
          [
            100.3022518,
            5.3554846
          ],
          [
            100.3022553,
            5.3554041
          ],
          [
            100.3022692,
            5.3553577
          ],
          [
            100.3022915,
            5.3553146
          ],
          [
            100.3023401,
            5.3552584
          ],
          [
            100.3024164,
            5.355212
          ],
          [
            100.302488,
            5.3551961
          ]
        ]
      }
    },
    {
      "type": "Feature",
      "properties": {
        "id": 1353883013,
        "crossing": "uncontrolled",
        "crossing:markings": "yes",
        "footway": "crossing",
        "highway": "footway"
      },
      "geometry": {
        "type": "LineString",
        "coordinates": [
          [
            100.3013844,
            5.35433
          ],
          [
            100.3013554,
            5.3543731
          ]
        ]
      }
    },
    {
      "type": "Feature",
      "properties": {
        "id": 1353883014,
        "highway": "footway"
      },
      "geometry": {
        "type": "LineString",
        "coordinates": [
          [
            100.3013554,
            5.3543731
          ],
          [
            100.3013265,
            5.354416
          ]
        ]
      }
    },
    {
      "type": "Feature",
      "properties": {
        "id": 1353883015,
        "highway": "steps"
      },
      "geometry": {
        "type": "LineString",
        "coordinates": [
          [
            100.3013265,
            5.354416
          ],
          [
            100.3013274,
            5.3544744
          ]
        ]
      }
    },
    {
      "type": "Feature",
      "properties": {
        "id": 1353883016,
        "covered": "yes",
        "highway": "footway"
      },
      "geometry": {
        "type": "LineString",
        "coordinates": [
          [
            100.301581,
            5.3569417
          ],
          [
            100.3015808,
            5.3569077
          ],
          [
            100.3015803,
            5.3568256
          ]
        ]
      }
    },
    {
      "type": "Feature",
      "properties": {
        "id": 1353883017,
        "highway": "footway"
      },
      "geometry": {
        "type": "LineString",
        "coordinates": [
          [
            100.301581,
            5.3569417
          ],
          [
            100.3015813,
            5.3569923
          ]
        ]
      }
    },
    {
      "type": "Feature",
      "properties": {
        "id": 1353883018,
        "highway": "footway"
      },
      "geometry": {
        "type": "LineString",
        "coordinates": [
          [
            100.3008435,
            5.3567776
          ],
          [
            100.3010612,
            5.3566721
          ]
        ]
      }
    },
    {
      "type": "Feature",
      "properties": {
        "id": 1353883019,
        "highway": "footway"
      },
      "geometry": {
        "type": "LineString",
        "coordinates": [
          [
            100.3010802,
            5.3566629
          ],
          [
            100.3011053,
            5.3566507
          ]
        ]
      }
    },
    {
      "type": "Feature",
      "properties": {
        "id": 1353883020,
        "highway": "steps"
      },
      "geometry": {
        "type": "LineString",
        "coordinates": [
          [
            100.3010612,
            5.3566721
          ],
          [
            100.3010802,
            5.3566629
          ]
        ]
      }
    },
    {
      "type": "Feature",
      "properties": {
        "id": 1353883021,
        "covered": "yes",
        "highway": "steps"
      },
      "geometry": {
        "type": "LineString",
        "coordinates": [
          [
            100.3015803,
            5.3568256
          ],
          [
            100.3015799,
            5.3567652
          ]
        ]
      }
    },
    {
      "type": "Feature",
      "properties": {
        "id": 1353883024,
        "highway": "footway"
      },
      "geometry": {
        "type": "LineString",
        "coordinates": [
          [
            100.3022859,
            5.3573524
          ],
          [
            100.3023928,
            5.3572213
          ]
        ]
      }
    },
    {
      "type": "Feature",
      "properties": {
        "id": 1353883025,
        "highway": "footway"
      },
      "geometry": {
        "type": "LineString",
        "coordinates": [
          [
            100.3022654,
            5.3574225
          ],
          [
            100.3022507,
            5.3574727
          ]
        ]
      }
    },
    {
      "type": "Feature",
      "properties": {
        "id": 1353883026,
        "covered": "yes",
        "highway": "footway"
      },
      "geometry": {
        "type": "LineString",
        "coordinates": [
          [
            100.3023928,
            5.3572213
          ],
          [
            100.3024094,
            5.3572009
          ]
        ]
      }
    },
    {
      "type": "Feature",
      "properties": {
        "id": 1353883027,
        "highway": "footway"
      },
      "geometry": {
        "type": "LineString",
        "coordinates": [
          [
            100.3013835,
            5.357842
          ],
          [
            100.3015278,
            5.357769
          ]
        ]
      }
    },
    {
      "type": "Feature",
      "properties": {
        "id": 1353883028,
        "highway": "steps"
      },
      "geometry": {
        "type": "LineString",
        "coordinates": [
          [
            100.3015278,
            5.357769
          ],
          [
            100.3015844,
            5.3577651
          ]
        ]
      }
    },
    {
      "type": "Feature",
      "properties": {
        "id": 1353883030,
        "highway": "path",
        "informal": "yes"
      },
      "geometry": {
        "type": "LineString",
        "coordinates": [
          [
            100.3017664,
            5.356088
          ],
          [
            100.3018347,
            5.3561919
          ],
          [
            100.3018998,
            5.3563118
          ],
          [
            100.3019253,
            5.3563904
          ],
          [
            100.3019357,
            5.3564139
          ],
          [
            100.3020368,
            5.3565676
          ],
          [
            100.3020431,
            5.3565818
          ],
          [
            100.3020462,
            5.3565982
          ],
          [
            100.3020453,
            5.356611
          ],
          [
            100.3020411,
            5.3566249
          ],
          [
            100.3019827,
            5.3567172
          ],
          [
            100.3019714,
            5.3567484
          ],
          [
            100.3019632,
            5.3568158
          ]
        ]
      }
    },
    {
      "type": "Feature",
      "properties": {
        "id": 1353883032,
        "highway": "footway",
        "surface": "concrete"
      },
      "geometry": {
        "type": "LineString",
        "coordinates": [
          [
            100.3022795,
            5.3561208
          ],
          [
            100.3022487,
            5.3561131
          ],
          [
            100.3022219,
            5.3560962
          ],
          [
            100.3022017,
            5.3560717
          ],
          [
            100.3021904,
            5.3560422
          ],
          [
            100.3021889,
            5.3560106
          ],
          [
            100.3021975,
            5.3559801
          ],
          [
            100.3022153,
            5.3559539
          ],
          [
            100.3022405,
            5.3559346
          ],
          [
            100.3022705,
            5.3559242
          ]
        ]
      }
    },
    {
      "type": "Feature",
      "properties": {
        "id": 1353883035,
        "highway": "steps"
      },
      "geometry": {
        "type": "LineString",
        "coordinates": [
          [
            100.3024395,
            5.3566899
          ],
          [
            100.3024171,
            5.3567138
          ]
        ]
      }
    },
    {
      "type": "Feature",
      "properties": {
        "id": 1353883036,
        "highway": "steps"
      },
      "geometry": {
        "type": "LineString",
        "coordinates": [
          [
            100.3024495,
            5.3567438
          ],
          [
            100.3024728,
            5.356719
          ]
        ]
      }
    },
    {
      "type": "Feature",
      "properties": {
        "id": 1353883037,
        "highway": "footway"
      },
      "geometry": {
        "type": "LineString",
        "coordinates": [
          [
            100.3022082,
            5.3556117
          ],
          [
            100.3021616,
            5.3556118
          ]
        ]
      }
    },
    {
      "type": "Feature",
      "properties": {
        "id": 1353883038,
        "highway": "footway",
        "surface": "concrete"
      },
      "geometry": {
        "type": "LineString",
        "coordinates": [
          [
            100.3022575,
            5.3556092
          ],
          [
            100.3022171,
            5.3556113
          ]
        ]
      }
    },
    {
      "type": "Feature",
      "properties": {
        "id": 1353883039,
        "highway": "steps",
        "surface": "concrete"
      },
      "geometry": {
        "type": "LineString",
        "coordinates": [
          [
            100.3022171,
            5.3556113
          ],
          [
            100.3022082,
            5.3556117
          ]
        ]
      }
    },
    {
      "type": "Feature",
      "properties": {
        "id": 1353883040,
        "crossing": "uncontrolled",
        "crossing:markings": "yes",
        "footway": "crossing",
        "highway": "footway"
      },
      "geometry": {
        "type": "LineString",
        "coordinates": [
          [
            100.3033105,
            5.3557478
          ],
          [
            100.3033607,
            5.3557223
          ]
        ]
      }
    },
    {
      "type": "Feature",
      "properties": {
        "id": 1353883044,
        "highway": "steps"
      },
      "geometry": {
        "type": "LineString",
        "coordinates": [
          [
            100.3036486,
            5.3568053
          ],
          [
            100.3036047,
            5.3568414
          ]
        ]
      }
    },
    {
      "type": "Feature",
      "properties": {
        "id": 1353883045,
        "highway": "footway"
      },
      "geometry": {
        "type": "LineString",
        "coordinates": [
          [
            100.3036047,
            5.3568414
          ],
          [
            100.3035058,
            5.3568827
          ]
        ]
      }
    },
    {
      "type": "Feature",
      "properties": {
        "id": 1353883046,
        "highway": "footway"
      },
      "geometry": {
        "type": "LineString",
        "coordinates": [
          [
            100.3036486,
            5.3568053
          ],
          [
            100.3036414,
            5.3567772
          ],
          [
            100.3037462,
            5.3566472
          ],
          [
            100.3037483,
            5.3566045
          ],
          [
            100.3037751,
            5.3565717
          ]
        ]
      }
    },
    {
      "type": "Feature",
      "properties": {
        "id": 1353883047,
        "highway": "footway"
      },
      "geometry": {
        "type": "LineString",
        "coordinates": [
          [
            100.303087,
            5.3566039
          ],
          [
            100.3030462,
            5.3566424
          ],
          [
            100.3027434,
            5.3566497
          ]
        ]
      }
    },
    {
      "type": "Feature",
      "properties": {
        "id": 1353883048,
        "highway": "steps"
      },
      "geometry": {
        "type": "LineString",
        "coordinates": [
          [
            100.3031107,
            5.3565816
          ],
          [
            100.303087,
            5.3566039
          ]
        ]
      }
    },
    {
      "type": "Feature",
      "properties": {
        "id": 1353883049,
        "area": "yes",
        "highway": "pedestrian",
        "name": "Dataran Merah",
        "name:ms": "Dataran Merah"
      },
      "geometry": {
        "type": "LineString",
        "coordinates": [
          [
            100.3031046,
            5.3565751
          ],
          [
            100.3031107,
            5.3565816
          ],
          [
            100.3031473,
            5.35662
          ],
          [
            100.3031476,
            5.3566747
          ],
          [
            100.3032096,
            5.3566744
          ],
          [
            100.3032096,
            5.3566626
          ],
          [
            100.3033389,
            5.356662
          ],
          [
            100.3033389,
            5.3566473
          ],
          [
            100.3033706,
            5.3566472
          ],
          [
            100.3033994,
            5.3566471
          ],
          [
            100.3033967,
            5.3565848
          ],
          [
            100.3033673,
            5.3564653
          ],
          [
            100.3033027,
            5.3563784
          ],
          [
            100.3032833,
            5.3563664
          ],
          [
            100.3032633,
            5.3563618
          ],
          [
            100.3032287,
            5.3563618
          ],
          [
            100.3032287,
            5.3563936
          ],
          [
            100.303192,
            5.3564105
          ],
          [
            100.3030655,
            5.3564102
          ],
          [
            100.3030276,
            5.356411
          ],
          [
            100.3030279,
            5.356628
          ],
          [
            100.3030486,
            5.356628
          ],
          [
            100.3031046,
            5.3565751
          ]
        ]
      }
    },
    {
      "type": "Feature",
      "properties": {
        "id": 1353883050,
        "highway": "footway"
      },
      "geometry": {
        "type": "LineString",
        "coordinates": [
          [
            100.3032833,
            5.3563664
          ],
          [
            100.3033311,
            5.3563069
          ]
        ]
      }
    },
    {
      "type": "Feature",
      "properties": {
        "id": 1353883051,
        "covered": "yes",
        "highway": "footway"
      },
      "geometry": {
        "type": "LineString",
        "coordinates": [
          [
            100.3033706,
            5.3568002
          ],
          [
            100.3033706,
            5.3566649
          ]
        ]
      }
    },
    {
      "type": "Feature",
      "properties": {
        "id": 1353883052,
        "covered": "yes",
        "highway": "steps"
      },
      "geometry": {
        "type": "LineString",
        "coordinates": [
          [
            100.3033706,
            5.3566649
          ],
          [
            100.3033706,
            5.3566472
          ]
        ]
      }
    },
    {
      "type": "Feature",
      "properties": {
        "id": 1353884032,
        "highway": "corridor",
        "indoor": "yes"
      },
      "geometry": {
        "type": "LineString",
        "coordinates": [
          [
            100.3029806,
            5.356075
          ],
          [
            100.3028465,
            5.3560802
          ]
        ]
      }
    },
    {
      "type": "Feature",
      "properties": {
        "id": 1353884033,
        "highway": "footway"
      },
      "geometry": {
        "type": "LineString",
        "coordinates": [
          [
            100.3030615,
            5.3560719
          ],
          [
            100.3029806,
            5.356075
          ]
        ]
      }
    },
    {
      "type": "Feature",
      "properties": {
        "id": 1353884034,
        "highway": "steps"
      },
      "geometry": {
        "type": "LineString",
        "coordinates": [
          [
            100.3028465,
            5.3560802
          ],
          [
            100.3028029,
            5.3560819
          ]
        ]
      }
    },
    {
      "type": "Feature",
      "properties": {
        "id": 1353884035,
        "highway": "footway",
        "surface": "fine_gravel"
      },
      "geometry": {
        "type": "LineString",
        "coordinates": [
          [
            100.3028029,
            5.3560819
          ],
          [
            100.3026258,
            5.3560843
          ]
        ]
      }
    },
    {
      "type": "Feature",
      "properties": {
        "id": 1353884036,
        "highway": "footway",
        "surface": "concrete"
      },
      "geometry": {
        "type": "LineString",
        "coordinates": [
          [
            100.302488,
            5.3551961
          ],
          [
            100.3024203,
            5.3548137
          ]
        ]
      }
    },
    {
      "type": "Feature",
      "properties": {
        "id": 1353908056,
        "covered": "yes",
        "highway": "footway"
      },
      "geometry": {
        "type": "LineString",
        "coordinates": [
          [
            100.3045887,
            5.3568554
          ],
          [
            100.3046352,
            5.3568972
          ]
        ]
      }
    },
    {
      "type": "Feature",
      "properties": {
        "id": 1353908057,
        "highway": "footway"
      },
      "geometry": {
        "type": "LineString",
        "coordinates": [
          [
            100.3046352,
            5.3568972
          ],
          [
            100.3046702,
            5.3569295
          ]
        ]
      }
    },
    {
      "type": "Feature",
      "properties": {
        "id": 1353908059,
        "highway": "footway"
      },
      "geometry": {
        "type": "LineString",
        "coordinates": [
          [
            100.3047451,
            5.3568468
          ],
          [
            100.3048886,
            5.3569968
          ]
        ]
      }
    },
    {
      "type": "Feature",
      "properties": {
        "id": 1353908060,
        "highway": "steps"
      },
      "geometry": {
        "type": "LineString",
        "coordinates": [
          [
            100.3048886,
            5.3569968
          ],
          [
            100.3048907,
            5.3570487
          ],
          [
            100.3049077,
            5.3570697
          ],
          [
            100.3049919,
            5.3571729
          ]
        ]
      }
    },
    {
      "type": "Feature",
      "properties": {
        "id": 1353908061,
        "highway": "footway"
      },
      "geometry": {
        "type": "LineString",
        "coordinates": [
          [
            100.3049919,
            5.3571729
          ],
          [
            100.3050335,
            5.3572254
          ]
        ]
      }
    },
    {
      "type": "Feature",
      "properties": {
        "id": 1353908062,
        "highway": "footway"
      },
      "geometry": {
        "type": "LineString",
        "coordinates": [
          [
            100.3049077,
            5.3570697
          ],
          [
            100.3047894,
            5.3570283
          ],
          [
            100.304723,
            5.3570212
          ],
          [
            100.3046341,
            5.3569788
          ]
        ]
      }
    },
    {
      "type": "Feature",
      "properties": {
        "id": 1353908063,
        "highway": "footway"
      },
      "geometry": {
        "type": "LineString",
        "coordinates": [
          [
            100.305211,
            5.3570205
          ],
          [
            100.3051963,
            5.3570041
          ]
        ]
      }
    },
    {
      "type": "Feature",
      "properties": {
        "id": 1353908064,
        "bridge": "yes",
        "highway": "footway",
        "layer": "1"
      },
      "geometry": {
        "type": "LineString",
        "coordinates": [
          [
            100.3051963,
            5.3570041
          ],
          [
            100.3051242,
            5.3569235
          ]
        ]
      }
    },
    {
      "type": "Feature",
      "properties": {
        "id": 1353908065,
        "covered": "yes",
        "highway": "footway",
        "tunnel": "building_passage"
      },
      "geometry": {
        "type": "LineString",
        "coordinates": [
          [
            100.3031813,
            5.3576442
          ],
          [
            100.3031814,
            5.3572591
          ]
        ]
      }
    },
    {
      "type": "Feature",
      "properties": {
        "id": 1353908066,
        "highway": "footway"
      },
      "geometry": {
        "type": "LineString",
        "coordinates": [
          [
            100.3031822,
            5.3576908
          ],
          [
            100.3031813,
            5.3576442
          ]
        ]
      }
    },
    {
      "type": "Feature",
      "properties": {
        "id": 1353908070,
        "covered": "yes",
        "highway": "footway",
        "informal": "yes"
      },
      "geometry": {
        "type": "LineString",
        "coordinates": [
          [
            100.3034854,
            5.3574455
          ],
          [
            100.3034852,
            5.3574555
          ],
          [
            100.3034757,
            5.3574553
          ],
          [
            100.3034708,
            5.3574552
          ],
          [
            100.3034701,
            5.357492
          ],
          [
            100.3034858,
            5.3574923
          ],
          [
            100.3034833,
            5.3576276
          ],
          [
            100.3034643,
            5.3576599
          ]
        ]
      }
    },
    {
      "type": "Feature",
      "properties": {
        "id": 1353908071,
        "highway": "footway",
        "informal": "yes"
      },
      "geometry": {
        "type": "LineString",
        "coordinates": [
          [
            100.3034854,
            5.3574455
          ],
          [
            100.3034866,
            5.3572863
          ],
          [
            100.3034867,
            5.3572696
          ]
        ]
      }
    },
    {
      "type": "Feature",
      "properties": {
        "id": 1353908072,
        "highway": "steps"
      },
      "geometry": {
        "type": "LineString",
        "coordinates": [
          [
            100.3033905,
            5.357841
          ],
          [
            100.3033497,
            5.3578404
          ]
        ]
      }
    },
    {
      "type": "Feature",
      "properties": {
        "id": 1353908073,
        "highway": "footway",
        "informal": "yes"
      },
      "geometry": {
        "type": "LineString",
        "coordinates": [
          [
            100.3034643,
            5.3576599
          ],
          [
            100.3034399,
            5.3577388
          ],
          [
            100.3034139,
            5.3577725
          ],
          [
            100.3033905,
            5.357841
          ]
        ]
      }
    },
    {
      "type": "Feature",
      "properties": {
        "id": 1353908077,
        "covered": "yes",
        "highway": "service",
        "is_in": "Universiti Sains Malaysia",
        "oneway": "yes",
        "surface": "asphalt"
      },
      "geometry": {
        "type": "LineString",
        "coordinates": [
          [
            100.303184,
            5.3581163
          ],
          [
            100.3031836,
            5.3580572
          ],
          [
            100.3031832,
            5.358005
          ]
        ]
      }
    },
    {
      "type": "Feature",
      "properties": {
        "id": 1353908079,
        "covered": "yes",
        "highway": "steps"
      },
      "geometry": {
        "type": "LineString",
        "coordinates": [
          [
            100.3032371,
            5.3580572
          ],
          [
            100.3033191,
            5.3580572
          ]
        ]
      }
    },
    {
      "type": "Feature",
      "properties": {
        "id": 1353908080,
        "covered": "yes",
        "highway": "footway"
      },
      "geometry": {
        "type": "LineString",
        "coordinates": [
          [
            100.3031836,
            5.3580572
          ],
          [
            100.3032371,
            5.3580572
          ]
        ]
      }
    },
    {
      "type": "Feature",
      "properties": {
        "id": 1353908084,
        "covered": "yes",
        "highway": "footway"
      },
      "geometry": {
        "type": "LineString",
        "coordinates": [
          [
            100.3036298,
            5.3573014
          ],
          [
            100.303655,
            5.3572959
          ]
        ]
      }
    },
    {
      "type": "Feature",
      "properties": {
        "id": 1353908086,
        "highway": "footway"
      },
      "geometry": {
        "type": "LineString",
        "coordinates": [
          [
            100.3024395,
            5.3566899
          ],
          [
            100.3024728,
            5.356719
          ],
          [
            100.3026186,
            5.3568466
          ],
          [
            100.3026472,
            5.3568716
          ]
        ]
      }
    },
    {
      "type": "Feature",
      "properties": {
        "id": 1353908087,
        "highway": "steps"
      },
      "geometry": {
        "type": "LineString",
        "coordinates": [
          [
            100.3026472,
            5.3568716
          ],
          [
            100.3026953,
            5.3569137
          ]
        ]
      }
    },
    {
      "type": "Feature",
      "properties": {
        "id": 1353908088,
        "highway": "footway"
      },
      "geometry": {
        "type": "LineString",
        "coordinates": [
          [
            100.3026186,
            5.3568466
          ],
          [
            100.3026422,
            5.3569479
          ],
          [
            100.3026646,
            5.3570106
          ],
          [
            100.302671,
            5.357034
          ],
          [
            100.3026759,
            5.3570688
          ]
        ]
      }
    },
    {
      "type": "Feature",
      "properties": {
        "id": 1354561991,
        "highway": "footway"
      },
      "geometry": {
        "type": "LineString",
        "coordinates": [
          [
            100.2996362,
            5.3548699
          ],
          [
            100.2995393,
            5.3548697
          ]
        ]
      }
    },
    {
      "type": "Feature",
      "properties": {
        "id": 1354561992,
        "highway": "steps"
      },
      "geometry": {
        "type": "LineString",
        "coordinates": [
          [
            100.2996362,
            5.3548848
          ],
          [
            100.2996362,
            5.3548699
          ]
        ]
      }
    },
    {
      "type": "Feature",
      "properties": {
        "id": 1354561993,
        "highway": "footway"
      },
      "geometry": {
        "type": "LineString",
        "coordinates": [
          [
            100.2998516,
            5.3550898
          ],
          [
            100.2998514,
            5.3551034
          ],
          [
            100.2999502,
            5.355105
          ]
        ]
      }
    },
    {
      "type": "Feature",
      "properties": {
        "id": 1354561995,
        "covered": "yes",
        "highway": "path",
        "informal": "yes"
      },
      "geometry": {
        "type": "LineString",
        "coordinates": [
          [
            100.3017466,
            5.3560878
          ],
          [
            100.3017664,
            5.356088
          ]
        ]
      }
    },
    {
      "type": "Feature",
      "properties": {
        "id": 1354561996,
        "highway": "footway"
      },
      "geometry": {
        "type": "LineString",
        "coordinates": [
          [
            100.3000572,
            5.3565549
          ],
          [
            100.3000218,
            5.3565738
          ],
          [
            100.2999646,
            5.3565747
          ],
          [
            100.2998115,
            5.3565771
          ]
        ]
      }
    },
    {
      "type": "Feature",
      "properties": {
        "id": 1354561997,
        "highway": "footway"
      },
      "geometry": {
        "type": "LineString",
        "coordinates": [
          [
            100.2999541,
            5.3562841
          ],
          [
            100.2999519,
            5.3561195
          ]
        ]
      }
    },
    {
      "type": "Feature",
      "properties": {
        "id": 1354561998,
        "highway": "footway"
      },
      "geometry": {
        "type": "LineString",
        "coordinates": [
          [
            100.3000296,
            5.3563404
          ],
          [
            100.2999549,
            5.3563414
          ],
          [
            100.2999547,
            5.3563309
          ]
        ]
      }
    },
    {
      "type": "Feature",
      "properties": {
        "id": 1354561999,
        "highway": "steps"
      },
      "geometry": {
        "type": "LineString",
        "coordinates": [
          [
            100.2999547,
            5.3563309
          ],
          [
            100.2999541,
            5.3562841
          ]
        ]
      }
    },
    {
      "type": "Feature",
      "properties": {
        "id": 1354562000,
        "highway": "footway"
      },
      "geometry": {
        "type": "LineString",
        "coordinates": [
          [
            100.2998945,
            5.355969
          ],
          [
            100.2999219,
            5.3559688
          ],
          [
            100.2999496,
            5.3559685
          ]
        ]
      }
    },
    {
      "type": "Feature",
      "properties": {
        "id": 1354562001,
        "highway": "steps"
      },
      "geometry": {
        "type": "LineString",
        "coordinates": [
          [
            100.2999496,
            5.3559685
          ],
          [
            100.2999865,
            5.3559681
          ]
        ]
      }
    },
    {
      "type": "Feature",
      "properties": {
        "id": 1354562002,
        "highway": "footway"
      },
      "geometry": {
        "type": "LineString",
        "coordinates": [
          [
            100.2999865,
            5.3559681
          ],
          [
            100.3000076,
            5.3559679
          ]
        ]
      }
    },
    {
      "type": "Feature",
      "properties": {
        "id": 1354562004,
        "highway": "footway"
      },
      "geometry": {
        "type": "LineString",
        "coordinates": [
          [
            100.2998082,
            5.3558023
          ],
          [
            100.2998919,
            5.3558025
          ]
        ]
      }
    },
    {
      "type": "Feature",
      "properties": {
        "id": 1354562005,
        "highway": "steps"
      },
      "geometry": {
        "type": "LineString",
        "coordinates": [
          [
            100.2998919,
            5.3558025
          ],
          [
            100.2999354,
            5.3558026
          ]
        ]
      }
    },
    {
      "type": "Feature",
      "properties": {
        "id": 1354562006,
        "highway": "footway"
      },
      "geometry": {
        "type": "LineString",
        "coordinates": [
          [
            100.2999354,
            5.3558026
          ],
          [
            100.2999621,
            5.3558027
          ]
        ]
      }
    },
    {
      "type": "Feature",
      "properties": {
        "id": 1354562007,
        "highway": "footway"
      },
      "geometry": {
        "type": "LineString",
        "coordinates": [
          [
            100.2999561,
            5.3557732
          ],
          [
            100.2999234,
            5.3557408
          ],
          [
            100.2998855,
            5.35553
          ]
        ]
      }
    },
    {
      "type": "Feature",
      "properties": {
        "id": 1354562008,
        "highway": "steps"
      },
      "geometry": {
        "type": "LineString",
        "coordinates": [
          [
            100.2999627,
            5.3553794
          ],
          [
            100.2998855,
            5.35553
          ]
        ]
      }
    },
    {
      "type": "Feature",
      "properties": {
        "id": 1354562009,
        "highway": "footway"
      },
      "geometry": {
        "type": "LineString",
        "coordinates": [
          [
            100.3000034,
            5.3553254
          ],
          [
            100.2999627,
            5.3553794
          ]
        ]
      }
    },
    {
      "type": "Feature",
      "properties": {
        "id": 1354562012,
        "highway": "footway"
      },
      "geometry": {
        "type": "LineString",
        "coordinates": [
          [
            100.3002185,
            5.3567189
          ],
          [
            100.2999693,
            5.356722
          ],
          [
            100.2996458,
            5.3567261
          ]
        ]
      }
    },
    {
      "type": "Feature",
      "properties": {
        "id": 1354562013,
        "highway": "footway"
      },
      "geometry": {
        "type": "LineString",
        "coordinates": [
          [
            100.2999693,
            5.356722
          ],
          [
            100.2999671,
            5.3566519
          ],
          [
            100.2999659,
            5.3566148
          ]
        ]
      }
    },
    {
      "type": "Feature",
      "properties": {
        "id": 1354562014,
        "highway": "steps"
      },
      "geometry": {
        "type": "LineString",
        "coordinates": [
          [
            100.2999659,
            5.3566148
          ],
          [
            100.2999646,
            5.3565747
          ]
        ]
      }
    },
    {
      "type": "Feature",
      "properties": {
        "id": 1354565634,
        "highway": "steps"
      },
      "geometry": {
        "type": "LineString",
        "coordinates": [
          [
            100.30069,
            5.3579871
          ],
          [
            100.3006907,
            5.3579432
          ]
        ]
      }
    },
    {
      "type": "Feature",
      "properties": {
        "id": 1354565635,
        "highway": "footway"
      },
      "geometry": {
        "type": "LineString",
        "coordinates": [
          [
            100.30069,
            5.3579871
          ],
          [
            100.3006893,
            5.3580232
          ]
        ]
      }
    },
    {
      "type": "Feature",
      "properties": {
        "id": 1354565636,
        "highway": "footway"
      },
      "geometry": {
        "type": "LineString",
        "coordinates": [
          [
            100.3006907,
            5.3579432
          ],
          [
            100.300691,
            5.3579273
          ]
        ]
      }
    },
    {
      "type": "Feature",
      "properties": {
        "id": 1354565637,
        "highway": "footway"
      },
      "geometry": {
        "type": "LineString",
        "coordinates": [
          [
            100.3007085,
            5.3580439
          ],
          [
            100.3007521,
            5.3579774
          ]
        ]
      }
    },
    {
      "type": "Feature",
      "properties": {
        "id": 1354565638,
        "highway": "steps"
      },
      "geometry": {
        "type": "LineString",
        "coordinates": [
          [
            100.3007521,
            5.3579774
          ],
          [
            100.3007623,
            5.3579569
          ]
        ]
      }
    },
    {
      "type": "Feature",
      "properties": {
        "id": 1354565639,
        "highway": "footway"
      },
      "geometry": {
        "type": "LineString",
        "coordinates": [
          [
            100.3012394,
            5.3578182
          ],
          [
            100.301213,
            5.3578208
          ],
          [
            100.3011572,
            5.3578262
          ],
          [
            100.3007751,
            5.3578136
          ]
        ]
      }
    },
    {
      "type": "Feature",
      "properties": {
        "id": 1354565640,
        "highway": "footway"
      },
      "geometry": {
        "type": "LineString",
        "coordinates": [
          [
            100.3011759,
            5.3581671
          ],
          [
            100.3012352,
            5.358168
          ],
          [
            100.3012816,
            5.3581281
          ],
          [
            100.3012339,
            5.3578898
          ],
          [
            100.3012039,
            5.3578689
          ],
          [
            100.3012394,
            5.3578182
          ]
        ]
      }
    },
    {
      "type": "Feature",
      "properties": {
        "id": 1354565641,
        "highway": "steps"
      },
      "geometry": {
        "type": "LineString",
        "coordinates": [
          [
            100.3012394,
            5.3578182
          ],
          [
            100.3012939,
            5.3577761
          ]
        ]
      }
    },
    {
      "type": "Feature",
      "properties": {
        "id": 1354565642,
        "highway": "footway"
      },
      "geometry": {
        "type": "LineString",
        "coordinates": [
          [
            100.301213,
            5.3578208
          ],
          [
            100.301215,
            5.3577777
          ]
        ]
      }
    },
    {
      "type": "Feature",
      "properties": {
        "id": 1354565643,
        "highway": "steps"
      },
      "geometry": {
        "type": "LineString",
        "coordinates": [
          [
            100.3012802,
            5.3577466
          ],
          [
            100.301215,
            5.3577777
          ]
        ]
      }
    },
    {
      "type": "Feature",
      "properties": {
        "id": 1354565644,
        "footway": "sidewalk",
        "highway": "footway"
      },
      "geometry": {
        "type": "LineString",
        "coordinates": [
          [
            100.3012939,
            5.3577761
          ],
          [
            100.3012802,
            5.3577466
          ],
          [
            100.3012467,
            5.3576749
          ]
        ]
      }
    },
    {
      "type": "Feature",
      "properties": {
        "id": 1354565645,
        "crossing": "uncontrolled",
        "crossing:markings": "yes",
        "footway": "crossing",
        "highway": "footway",
        "traffic_calming": "table"
      },
      "geometry": {
        "type": "LineString",
        "coordinates": [
          [
            100.3012467,
            5.3576749
          ],
          [
            100.3012878,
            5.3576559
          ]
        ]
      }
    },
    {
      "type": "Feature",
      "properties": {
        "id": 1354673738,
        "covered": "yes",
        "highway": "service",
        "oneway": "no",
        "service": "driveway"
      },
      "geometry": {
        "type": "LineString",
        "coordinates": [
          [
            100.3028834,
            5.3582719
          ],
          [
            100.3028811,
            5.3582682
          ],
          [
            100.3028797,
            5.3582634
          ],
          [
            100.302879,
            5.3582271
          ],
          [
            100.3028794,
            5.3582227
          ],
          [
            100.3028805,
            5.3582184
          ]
        ]
      }
    },
    {
      "type": "Feature",
      "properties": {
        "id": 1354673739,
        "covered": "yes",
        "highway": "steps"
      },
      "geometry": {
        "type": "LineString",
        "coordinates": [
          [
            100.3028384,
            5.3585573
          ],
          [
            100.3028839,
            5.3585567
          ]
        ]
      }
    },
    {
      "type": "Feature",
      "properties": {
        "id": 1354673740,
        "highway": "steps"
      },
      "geometry": {
        "type": "LineString",
        "coordinates": [
          [
            100.3028839,
            5.3585567
          ],
          [
            100.3029186,
            5.3585563
          ]
        ]
      }
    },
    {
      "type": "Feature",
      "properties": {
        "id": 1354673741,
        "highway": "footway"
      },
      "geometry": {
        "type": "LineString",
        "coordinates": [
          [
            100.302941,
            5.358556
          ],
          [
            100.3029186,
            5.3585563
          ]
        ]
      }
    },
    {
      "type": "Feature",
      "properties": {
        "id": 1354673742,
        "highway": "footway"
      },
      "geometry": {
        "type": "LineString",
        "coordinates": [
          [
            100.3028574,
            5.3586754
          ],
          [
            100.3028875,
            5.3586345
          ],
          [
            100.3029475,
            5.3586033
          ]
        ]
      }
    },
    {
      "type": "Feature",
      "properties": {
        "id": 1354673743,
        "highway": "steps"
      },
      "geometry": {
        "type": "LineString",
        "coordinates": [
          [
            100.3022776,
            5.3586662
          ],
          [
            100.3022785,
            5.3587294
          ]
        ]
      }
    },
    {
      "type": "Feature",
      "properties": {
        "id": 1354673744,
        "highway": "footway"
      },
      "geometry": {
        "type": "LineString",
        "coordinates": [
          [
            100.3022785,
            5.3587294
          ],
          [
            100.3022794,
            5.3587875
          ]
        ]
      }
    },
    {
      "type": "Feature",
      "properties": {
        "id": 1354673750,
        "covered": "yes",
        "highway": "footway"
      },
      "geometry": {
        "type": "LineString",
        "coordinates": [
          [
            100.3038093,
            5.3572064
          ],
          [
            100.3038201,
            5.3571884
          ]
        ]
      }
    },
    {
      "type": "Feature",
      "properties": {
        "id": 1354673751,
        "highway": "footway"
      },
      "geometry": {
        "type": "LineString",
        "coordinates": [
          [
            100.3037401,
            5.3571389
          ],
          [
            100.3037247,
            5.3571212
          ]
        ]
      }
    },
    {
      "type": "Feature",
      "properties": {
        "id": 1354673753,
        "highway": "steps"
      },
      "geometry": {
        "type": "LineString",
        "coordinates": [
          [
            100.3041418,
            5.3570697
          ],
          [
            100.3041755,
            5.3570998
          ]
        ]
      }
    },
    {
      "type": "Feature",
      "properties": {
        "id": 1354673754,
        "highway": "footway"
      },
      "geometry": {
        "type": "LineString",
        "coordinates": [
          [
            100.3041755,
            5.3570998
          ],
          [
            100.304196,
            5.3571253
          ],
          [
            100.3042448,
            5.3572092
          ],
          [
            100.304264,
            5.3572225
          ],
          [
            100.3044285,
            5.3571458
          ]
        ]
      }
    },
    {
      "type": "Feature",
      "properties": {
        "id": 1354673755,
        "covered": "yes",
        "highway": "footway"
      },
      "geometry": {
        "type": "LineString",
        "coordinates": [
          [
            100.3042136,
            5.3575006
          ],
          [
            100.3042755,
            5.3575405
          ]
        ]
      }
    },
    {
      "type": "Feature",
      "properties": {
        "id": 1354673756,
        "highway": "footway"
      },
      "geometry": {
        "type": "LineString",
        "coordinates": [
          [
            100.3042755,
            5.3575405
          ],
          [
            100.3043107,
            5.3575638
          ]
        ]
      }
    },
    {
      "type": "Feature",
      "properties": {
        "id": 1354673758,
        "highway": "footway"
      },
      "geometry": {
        "type": "LineString",
        "coordinates": [
          [
            100.30425,
            5.3572467
          ],
          [
            100.304264,
            5.3572225
          ]
        ]
      }
    },
    {
      "type": "Feature",
      "properties": {
        "id": 1354673761,
        "highway": "footway"
      },
      "geometry": {
        "type": "LineString",
        "coordinates": [
          [
            100.3039734,
            5.3577857
          ],
          [
            100.3039582,
            5.3577812
          ],
          [
            100.3037089,
            5.3577066
          ]
        ]
      }
    },
    {
      "type": "Feature",
      "properties": {
        "id": 1354673762,
        "highway": "steps"
      },
      "geometry": {
        "type": "LineString",
        "coordinates": [
          [
            100.3039734,
            5.3577857
          ],
          [
            100.3040852,
            5.3578294
          ]
        ]
      }
    },
    {
      "type": "Feature",
      "properties": {
        "id": 1354673763,
        "highway": "footway"
      },
      "geometry": {
        "type": "LineString",
        "coordinates": [
          [
            100.3040852,
            5.3578294
          ],
          [
            100.3041363,
            5.3578576
          ]
        ]
      }
    },
    {
      "type": "Feature",
      "properties": {
        "id": 1354673764,
        "highway": "steps"
      },
      "geometry": {
        "type": "LineString",
        "coordinates": [
          [
            100.3041138,
            5.3577878
          ],
          [
            100.3040058,
            5.3577254
          ],
          [
            100.3040143,
            5.3577108
          ],
          [
            100.304003,
            5.3577043
          ]
        ]
      }
    },
    {
      "type": "Feature",
      "properties": {
        "id": 1354673765,
        "highway": "footway"
      },
      "geometry": {
        "type": "LineString",
        "coordinates": [
          [
            100.3039674,
            5.3577167
          ],
          [
            100.3039825,
            5.3576913
          ],
          [
            100.3039876,
            5.3576827
          ]
        ]
      }
    },
    {
      "type": "Feature",
      "properties": {
        "id": 1354673766,
        "highway": "steps"
      },
      "geometry": {
        "type": "LineString",
        "coordinates": [
          [
            100.3039674,
            5.3577167
          ],
          [
            100.3039582,
            5.3577812
          ]
        ]
      }
    },
    {
      "type": "Feature",
      "properties": {
        "id": 1354673767,
        "highway": "footway"
      },
      "geometry": {
        "type": "LineString",
        "coordinates": [
          [
            100.304003,
            5.3577043
          ],
          [
            100.3039825,
            5.3576913
          ]
        ]
      }
    },
    {
      "type": "Feature",
      "properties": {
        "id": 1354673768,
        "highway": "footway"
      },
      "geometry": {
        "type": "LineString",
        "coordinates": [
          [
            100.3041138,
            5.3577878
          ],
          [
            100.3041614,
            5.3578153
          ]
        ]
      }
    },
    {
      "type": "Feature",
      "properties": {
        "id": 1354921207,
        "highway": "footway"
      },
      "geometry": {
        "type": "LineString",
        "coordinates": [
          [
            100.3003081,
            5.3570933
          ],
          [
            100.2999048,
            5.3570733
          ]
        ]
      }
    },
    {
      "type": "Feature",
      "properties": {
        "id": 1354921208,
        "highway": "footway"
      },
      "geometry": {
        "type": "LineString",
        "coordinates": [
          [
            100.3003219,
            5.3579877
          ],
          [
            100.3001562,
            5.3581856
          ],
          [
            100.2998344,
            5.3583037
          ],
          [
            100.2998331,
            5.3583443
          ]
        ]
      }
    },
    {
      "type": "Feature",
      "properties": {
        "id": 1354921209,
        "highway": "footway"
      },
      "geometry": {
        "type": "LineString",
        "coordinates": [
          [
            100.3003262,
            5.3579136
          ],
          [
            100.3003229,
            5.3579716
          ],
          [
            100.3003219,
            5.3579877
          ],
          [
            100.3003176,
            5.3580631
          ]
        ]
      }
    },
    {
      "type": "Feature",
      "properties": {
        "id": 1354921210,
        "highway": "footway"
      },
      "geometry": {
        "type": "LineString",
        "coordinates": [
          [
            100.300643,
            5.3583545
          ],
          [
            100.3006129,
            5.3583367
          ],
          [
            100.3006004,
            5.3583341
          ],
          [
            100.3004023,
            5.3583231
          ]
        ]
      }
    },
    {
      "type": "Feature",
      "properties": {
        "id": 1354921211,
        "highway": "steps"
      },
      "geometry": {
        "type": "LineString",
        "coordinates": [
          [
            100.3004023,
            5.3583231
          ],
          [
            100.3003637,
            5.358321
          ]
        ]
      }
    },
    {
      "type": "Feature",
      "properties": {
        "id": 1354921212,
        "highway": "footway"
      },
      "geometry": {
        "type": "LineString",
        "coordinates": [
          [
            100.3003637,
            5.358321
          ],
          [
            100.3003244,
            5.358319
          ]
        ]
      }
    },
    {
      "type": "Feature",
      "properties": {
        "id": 1354921214,
        "highway": "path"
      },
      "geometry": {
        "type": "LineString",
        "coordinates": [
          [
            100.3006644,
            5.3583441
          ],
          [
            100.3006294,
            5.3583243
          ],
          [
            100.3006176,
            5.3583199
          ],
          [
            100.3004491,
            5.3583119
          ],
          [
            100.3004463,
            5.358311
          ],
          [
            100.300444,
            5.3583097
          ],
          [
            100.300443,
            5.3583071
          ],
          [
            100.3004426,
            5.3583046
          ],
          [
            100.3004463,
            5.3582196
          ]
        ]
      }
    },
    {
      "type": "Feature",
      "properties": {
        "id": 1354921223,
        "covered": "yes",
        "highway": "service",
        "service": "driveway"
      },
      "geometry": {
        "type": "LineString",
        "coordinates": [
          [
            100.3014965,
            5.3587595
          ],
          [
            100.3015522,
            5.3588115
          ]
        ]
      }
    },
    {
      "type": "Feature",
      "properties": {
        "id": 1354921230,
        "highway": "steps"
      },
      "geometry": {
        "type": "LineString",
        "coordinates": [
          [
            100.303471,
            5.360562
          ],
          [
            100.3035075,
            5.3605311
          ]
        ]
      }
    },
    {
      "type": "Feature",
      "properties": {
        "id": 1354921231,
        "highway": "footway"
      },
      "geometry": {
        "type": "LineString",
        "coordinates": [
          [
            100.303471,
            5.360562
          ],
          [
            100.3033838,
            5.3606359
          ]
        ]
      }
    },
    {
      "type": "Feature",
      "properties": {
        "id": 1369516370,
        "highway": "steps"
      },
      "geometry": {
        "type": "LineString",
        "coordinates": [
          [
            100.3034867,
            5.3572696
          ],
          [
            100.3034868,
            5.3572572
          ]
        ]
      }
    },
    {
      "type": "Feature",
      "properties": {
        "id": 1369516371,
        "highway": "footway"
      },
      "geometry": {
        "type": "LineString",
        "coordinates": [
          [
            100.3037089,
            5.3577066
          ],
          [
            100.3036607,
            5.3576239
          ],
          [
            100.3035944,
            5.3575784
          ],
          [
            100.3035818,
            5.3575662
          ],
          [
            100.3035724,
            5.3575527
          ],
          [
            100.3035651,
            5.3575361
          ],
          [
            100.3035609,
            5.357516
          ]
        ]
      }
    },
    {
      "type": "Feature",
      "properties": {
        "id": 1369516372,
        "bridge": "yes",
        "highway": "footway",
        "layer": "1"
      },
      "geometry": {
        "type": "LineString",
        "coordinates": [
          [
            100.3035609,
            5.357516
          ],
          [
            100.3035611,
            5.3574557
          ],
          [
            100.3035007,
            5.3574555
          ]
        ]
      }
    },
    {
      "type": "Feature",
      "properties": {
        "id": 1369516373,
        "covered": "yes",
        "highway": "footway"
      },
      "geometry": {
        "type": "LineString",
        "coordinates": [
          [
            100.3033191,
            5.3580572
          ],
          [
            100.3033652,
            5.3580576
          ],
          [
            100.303366,
            5.3579681
          ],
          [
            100.3034024,
            5.3579684
          ],
          [
            100.3034029,
            5.3579107
          ],
          [
            100.3035179,
            5.3579118
          ],
          [
            100.303519,
            5.3577895
          ],
          [
            100.3035208,
            5.3575927
          ],
          [
            100.3035606,
            5.3575783
          ]
        ]
      }
    },
    {
      "type": "Feature",
      "properties": {
        "id": 1369516374,
        "highway": "footway"
      },
      "geometry": {
        "type": "LineString",
        "coordinates": [
          [
            100.3035606,
            5.3575783
          ],
          [
            100.3035744,
            5.3575728
          ],
          [
            100.3035818,
            5.3575662
          ]
        ]
      }
    },
    {
      "type": "Feature",
      "properties": {
        "id": 1369516375,
        "bridge": "yes",
        "covered": "yes",
        "highway": "steps",
        "layer": "1"
      },
      "geometry": {
        "type": "LineString",
        "coordinates": [
          [
            100.3034849,
            5.3574805
          ],
          [
            100.3034754,
            5.3574804
          ],
          [
            100.3034757,
            5.3574553
          ]
        ]
      }
    },
    {
      "type": "Feature",
      "properties": {
        "id": 1369516376,
        "bridge": "yes",
        "covered": "yes",
        "highway": "footway",
        "layer": "1"
      },
      "geometry": {
        "type": "LineString",
        "coordinates": [
          [
            100.3035007,
            5.3574555
          ],
          [
            100.3034852,
            5.3574555
          ],
          [
            100.3034757,
            5.3574553
          ]
        ]
      }
    },
    {
      "type": "Feature",
      "properties": {
        "id": 1369516377,
        "covered": "yes",
        "highway": "steps"
      },
      "geometry": {
        "type": "LineString",
        "coordinates": [
          [
            100.3034852,
            5.3574555
          ],
          [
            100.3034849,
            5.3574805
          ]
        ]
      }
    },
    {
      "type": "Feature",
      "properties": {
        "id": 1429918460,
        "covered": "no",
        "footway": "sidewalk",
        "highway": "footway",
        "oneway": "no",
        "stroller": "yes",
        "surface": "paving_stones",
        "tactile_paving": "no",
        "wheelchair": "limited"
      },
      "geometry": {
        "type": "LineString",
        "coordinates": [
          [
            100.2954152,
            5.3572013
          ],
          [
            100.2953779,
            5.3566888
          ],
          [
            100.2953609,
            5.3564948
          ],
          [
            100.2953298,
            5.3562179
          ],
          [
            100.2953168,
            5.3561456
          ],
          [
            100.2952975,
            5.3560895
          ],
          [
            100.2952523,
            5.3560047
          ],
          [
            100.2952008,
            5.355896
          ],
          [
            100.2951685,
            5.3558088
          ],
          [
            100.29514,
            5.355713
          ],
          [
            100.2951184,
            5.3555658
          ],
          [
            100.2951013,
            5.35523
          ]
        ]
      }
    },
    {
      "type": "Feature",
      "properties": {
        "id": 1479446859,
        "highway": "footway"
      },
      "geometry": {
        "type": "LineString",
        "coordinates": [
          [
            100.2942022,
            5.3551379
          ],
          [
            100.2942038,
            5.3551994
          ],
          [
            100.2942066,
            5.3553021
          ]
        ]
      }
    },
    {
      "type": "Feature",
      "properties": {
        "id": 1479446860,
        "highway": "footway"
      },
      "geometry": {
        "type": "LineString",
        "coordinates": [
          [
            100.2927927,
            5.3554675
          ],
          [
            100.2927438,
            5.355464
          ]
        ]
      }
    },
    {
      "type": "Feature",
      "properties": {
        "id": 1479446861,
        "footway": "crossing",
        "highway": "footway"
      },
      "geometry": {
        "type": "LineString",
        "coordinates": [
          [
            100.2930247,
            5.3554561
          ],
          [
            100.2929858,
            5.3554619
          ],
          [
            100.2929437,
            5.3554629
          ],
          [
            100.2928134,
            5.3554679
          ],
          [
            100.2927927,
            5.3554675
          ]
        ]
      }
    },
    {
      "type": "Feature",
      "properties": {
        "id": 1479446862,
        "highway": "footway"
      },
      "geometry": {
        "type": "LineString",
        "coordinates": [
          [
            100.29656,
            5.3550072
          ],
          [
            100.2947125,
            5.3551063
          ],
          [
            100.2945315,
            5.3551183
          ],
          [
            100.2942022,
            5.3551379
          ],
          [
            100.2937227,
            5.3551664
          ],
          [
            100.2933033,
            5.3551857
          ],
          [
            100.2932451,
            5.355191
          ],
          [
            100.2931785,
            5.3551929
          ]
        ]
      }
    }
  ]
}