{
  "type": "FeatureCollection",
  "features": [
    {
      "type": "Feature",
      "geometry": {
        "type": "LineString",
        "coordinates": [
          [
            100.289213,
            5.3559292
          ],
          [
            100.2892189,
            5.3559286
          ],
          [
            100.2892202,
            5.3559286
          ],
          [
            100.2892208,
            5.3559286
          ],
          [
            100.2892209,
            5.3559277
          ],
          [
            100.2892205,
            5.3559266
          ],
          [
            100.2892198,
            5.3559255
          ],
          [
            100.2892191,
            5.3559245
          ],
          [
            100.2892183,
            5.3559235
          ],
          [
            100.2892175,
            5.3559227
          ],
          [
            100.2892168,
            5.3559219
          ],
          [
            100.2892161,
            5.3559213
          ],
          [
            100.2892155,
            5.3559207
          ],
          [
            100.2892149,
            5.3559201
          ],
          [
            100.2892145,
            5.3559195
          ],
          [
            100.2892141,
            5.355919
          ],
          [
            100.2892137,
            5.3559185
          ],
          [
            100.2892133,
            5.355918
          ],
          [
            100.289213,
            5.3559175
          ],
          [
            100.2892127,
            5.3559171
          ],
          [
            100.2892124,
            5.3559166
          ],
          [
            100.2892122,
            5.3559161
          ],
          [
            100.289212,
            5.3559157
          ],
          [
            100.2892119,
            5.3559152
          ],
          [
            100.2892117,
            5.3559148
          ],
          [
            100.2892116,
            5.3559144
          ],
          [
            100.2892115,
            5.3559139
          ],
          [
            100.2892114,
            5.3559135
          ],
          [
            100.2892114,
            5.3559132
          ],
          [
            100.2892113,
            5.3559128
          ],
          [
            100.2892113,
            5.3559124
          ],
          [
            100.2892112,
            5.3559121
          ],
          [
            100.2892112,
            5.3559117
          ],
          [
            100.2892112,
            5.3559114
          ],
          [
            100.2892111,
            5.3559111
          ],
          [
            100.289211,
            5.3559107
          ],
          [
            100.289211,
            5.3559104
          ],
          [
            100.2892109,
            5.3559101
          ],
          [
            100.2892109,
            5.3559098
          ],
          [
            100.2892108,
            5.3559095
          ],
          [
            100.2892107,
            5.3559093
          ],
          [
            100.2892106,
            5.355909
          ],
          [
            100.2892106,
            5.3559088
          ],
          [
            100.2892105,
            5.3559085
          ],
          [
            100.2892104,
            5.3559083
          ],
          [
            100.2892103,
            5.3559081
          ],
          [
            100.2892101,
            5.3559079
          ],
          [
            100.28921,
            5.3559077
          ],
          [
            100.2892099,
            5.3559075
          ],
          [
            100.2892098,
            5.3559074
          ],
          [
            100.2892097,
            5.3559072
          ],
          [
            100.2892095,
            5.3559071
          ],
          [
            100.2892094,
            5.355907
          ],
          [
            100.2892093,
            5.355907
          ],
          [
            100.2892092,
            5.3559069
          ],
          [
            100.2892091,
            5.3559069
          ],
          [
            100.289209,
            5.3559068
          ],
          [
            100.2892088,
            5.3559068
          ],
          [
            100.2892087,
            5.3559069
          ],
          [
            100.2892086,
            5.3559069
          ],
          [
            100.2892085,
            5.3559069
          ],
          [
            100.2892084,
            5.355907
          ],
          [
            100.2892083,
            5.3559071
          ],
          [
            100.2892082,
            5.3559072
          ],
          [
            100.2892083,
            5.3559081
          ],
          [
            100.2892084,
            5.3559095
          ],
          [
            100.2892087,
            5.355912
          ],
          [
            100.2892091,
            5.3559151
          ],
          [
            100.2892097,
            5.355919
          ],
          [
            100.2892104,
            5.3559235
          ],
          [
            100.2892114,
            5.3559282
          ],
          [
            100.2892126,
            5.355933
          ],
          [
            100.2892135,
            5.3559378
          ],
          [
            100.2892146,
            5.3559425
          ],
          [
            100.289216,
            5.3559475
          ],
          [
            100.2892176,
            5.3559527
          ],
          [
            100.28922,
            5.3559591
          ],
          [
            100.2892224,
            5.3559658
          ],
          [
            100.2892249,
            5.3559729
          ],
          [
            100.2892273,
            5.3559803
          ],
          [
            100.2892296,
            5.3559877
          ],
          [
            100.2892319,
            5.3559949
          ],
          [
            100.2892343,
            5.3560024
          ],
          [
            100.2892367,
            5.3560093
          ],
          [
            100.2892389,
            5.3560154
          ],
          [
            100.2892415,
            5.3560221
          ],
          [
            100.2892438,
            5.3560278
          ],
          [
            100.2892459,
            5.3560332
          ],
          [
            100.289248,
            5.3560388
          ],
          [
            100.2892499,
            5.3560441
          ],
          [
            100.2892515,
            5.3560494
          ],
          [
            100.2892528,
            5.3560544
          ],
          [
            100.2892539,
            5.3560588
          ],
          [
            100.2892533,
            5.356064
          ],
          [
            100.2892524,
            5.356069
          ],
          [
            100.2892512,
            5.3560736
          ],
          [
            100.2892494,
            5.3560787
          ],
          [
            100.2892475,
            5.3560838
          ],
          [
            100.2892446,
            5.3560898
          ],
          [
            100.2892416,
            5.3560952
          ],
          [
            100.2892383,
            5.3561007
          ],
          [
            100.2892347,
            5.3561064
          ],
          [
            100.2892315,
            5.3561113
          ],
          [
            100.2892281,
            5.3561165
          ],
          [
            100.2892245,
            5.3561221
          ],
          [
            100.2892213,
            5.356127
          ],
          [
            100.2892182,
            5.3561318
          ],
          [
            100.2892151,
            5.3561367
          ],
          [
            100.289212,
            5.3561414
          ],
          [
            100.2892093,
            5.3561457
          ],
          [
            100.2892063,
            5.3561499
          ],
          [
            100.2892037,
            5.3561533
          ],
          [
            100.289201,
            5.356157
          ],
          [
            100.2891983,
            5.3561608
          ],
          [
            100.2891955,
            5.3561651
          ],
          [
            100.2891929,
            5.3561689
          ],
          [
            100.2891905,
            5.3561724
          ],
          [
            100.2891879,
            5.3561765
          ],
          [
            100.2891859,
            5.3561794
          ],
          [
            100.289184,
            5.3561822
          ],
          [
            100.2891819,
            5.3561854
          ],
          [
            100.2891802,
            5.356188
          ],
          [
            100.2891786,
            5.3561909
          ],
          [
            100.2891768,
            5.3561935
          ],
          [
            100.289175,
            5.3561959
          ],
          [
            100.2891731,
            5.3561988
          ],
          [
            100.2891717,
            5.3562009
          ],
          [
            100.2891706,
            5.3562023
          ],
          [
            100.2891693,
            5.3562041
          ],
          [
            100.2891681,
            5.3562059
          ],
          [
            100.2891671,
            5.3562072
          ],
          [
            100.2891663,
            5.3562086
          ],
          [
            100.2891654,
            5.3562098
          ],
          [
            100.2891643,
            5.3562107
          ],
          [
            100.2891634,
            5.3562115
          ],
          [
            100.2891627,
            5.3562123
          ],
          [
            100.2891621,
            5.3562131
          ],
          [
            100.2891615,
            5.3562141
          ],
          [
            100.289161,
            5.3562152
          ],
          [
            100.2891604,
            5.3562167
          ],
          [
            100.2891599,
            5.3562183
          ],
          [
            100.2891594,
            5.3562202
          ],
          [
            100.289159,
            5.3562228
          ],
          [
            100.2891587,
            5.3562261
          ],
          [
            100.2891585,
            5.3562293
          ],
          [
            100.2891584,
            5.3562327
          ],
          [
            100.2891584,
            5.3562362
          ],
          [
            100.2891585,
            5.3562392
          ],
          [
            100.2891585,
            5.3562418
          ],
          [
            100.2891586,
            5.3562445
          ],
          [
            100.2891589,
            5.3562471
          ],
          [
            100.2891593,
            5.3562496
          ],
          [
            100.2891598,
            5.3562521
          ],
          [
            100.2891604,
            5.3562548
          ],
          [
            100.2891609,
            5.3562572
          ],
          [
            100.2891615,
            5.3562601
          ],
          [
            100.289162,
            5.356263
          ],
          [
            100.2891625,
            5.3562657
          ],
          [
            100.289163,
            5.356269
          ],
          [
            100.2891636,
            5.3562719
          ],
          [
            100.2891641,
            5.3562749
          ],
          [
            100.2891647,
            5.3562778
          ],
          [
            100.2891653,
            5.3562808
          ],
          [
            100.289166,
            5.3562839
          ],
          [
            100.2891666,
            5.3562866
          ],
          [
            100.2891673,
            5.3562889
          ],
          [
            100.2891685,
            5.356289
          ],
          [
            100.2891699,
            5.3562885
          ],
          [
            100.2891711,
            5.356288
          ],
          [
            100.2891726,
            5.3562875
          ],
          [
            100.289174,
            5.3562869
          ],
          [
            100.2891753,
            5.3562861
          ],
          [
            100.2891768,
            5.3562849
          ],
          [
            100.2891782,
            5.3562836
          ],
          [
            100.2891796,
            5.3562821
          ],
          [
            100.289181,
            5.3562801
          ],
          [
            100.2891823,
            5.3562777
          ],
          [
            100.2891836,
            5.3562753
          ],
          [
            100.2891848,
            5.3562725
          ],
          [
            100.289186,
            5.3562693
          ],
          [
            100.2891872,
            5.3562658
          ],
          [
            100.2891883,
            5.3562623
          ],
          [
            100.2891894,
            5.3562589
          ],
          [
            100.2891905,
            5.3562544
          ],
          [
            100.2891914,
            5.3562502
          ],
          [
            100.2891925,
            5.3562453
          ],
          [
            100.2891936,
            5.3562404
          ],
          [
            100.2891949,
            5.3562355
          ],
          [
            100.289196,
            5.3562314
          ],
          [
            100.2891974,
            5.3562271
          ],
          [
            100.2891986,
            5.3562234
          ],
          [
            100.2891999,
            5.35622
          ],
          [
            100.2892013,
            5.3562167
          ],
          [
            100.2892024,
            5.356214
          ],
          [
            100.2892036,
            5.3562111
          ],
          [
            100.2892047,
            5.3562085
          ],
          [
            100.2892057,
            5.356206
          ],
          [
            100.2892087,
            5.356207
          ],
          [
            100.289212,
            5.356209
          ],
          [
            100.2892159,
            5.3562119
          ],
          [
            100.2892187,
            5.3562142
          ],
          [
            100.2892219,
            5.356217
          ],
          [
            100.2892255,
            5.3562202
          ],
          [
            100.289229,
            5.3562233
          ],
          [
            100.2892328,
            5.3562268
          ],
          [
            100.2892367,
            5.3562303
          ],
          [
            100.2892401,
            5.3562335
          ],
          [
            100.2892437,
            5.3562373
          ],
          [
            100.2892469,
            5.3562407
          ],
          [
            100.2892497,
            5.3562439
          ],
          [
            100.2892521,
            5.3562469
          ],
          [
            100.2892541,
            5.3562495
          ],
          [
            100.2892558,
            5.3562518
          ],
          [
            100.2892572,
            5.3562557
          ],
          [
            100.2892582,
            5.3562595
          ],
          [
            100.2892593,
            5.356264
          ],
          [
            100.2892602,
            5.3562682
          ],
          [
            100.289261,
            5.356272
          ],
          [
            100.289262,
            5.356276
          ],
          [
            100.289263,
            5.3562798
          ],
          [
            100.2892639,
            5.3562833
          ],
          [
            100.2892648,
            5.3562865
          ],
          [
            100.2892658,
            5.3562897
          ],
          [
            100.2892667,
            5.3562924
          ],
          [
            100.2892677,
            5.3562952
          ],
          [
            100.2892687,
            5.3562977
          ],
          [
            100.2892696,
            5.3563
          ],
          [
            100.2892706,
            5.3563022
          ],
          [
            100.2892715,
            5.3563063
          ],
          [
            100.2892722,
            5.3563109
          ],
          [
            100.2892728,
            5.3563157
          ],
          [
            100.2892735,
            5.3563206
          ],
          [
            100.2892743,
            5.3563257
          ],
          [
            100.2892753,
            5.3563314
          ],
          [
            100.2892763,
            5.3563365
          ],
          [
            100.2892772,
            5.3563415
          ],
          [
            100.2892782,
            5.3563464
          ],
          [
            100.2892791,
            5.3563512
          ],
          [
            100.2892799,
            5.3563557
          ],
          [
            100.2892807,
            5.3563599
          ],
          [
            100.2892813,
            5.3563638
          ],
          [
            100.2892819,
            5.3563676
          ],
          [
            100.2892825,
            5.3563708
          ],
          [
            100.2892831,
            5.3563738
          ],
          [
            100.289284,
            5.3563778
          ],
          [
            100.289285,
            5.3563817
          ],
          [
            100.2892862,
            5.3563857
          ],
          [
            100.2892877,
            5.3563901
          ],
          [
            100.2893036,
            5.3564349
          ],
          [
            100.2893053,
            5.3564397
          ],
          [
            100.2893059,
            5.3564415
          ],
          [
            100.2893061,
            5.3564425
          ],
          [
            100.2893061,
            5.356443
          ],
          [
            100.2893059,
            5.3564434
          ],
          [
            100.2893058,
            5.3564437
          ],
          [
            100.2893056,
            5.3564439
          ],
          [
            100.2893054,
            5.3564441
          ],
          [
            100.2893052,
            5.3564442
          ],
          [
            100.2893051,
            5.3564443
          ],
          [
            100.2893049,
            5.3564443
          ],
          [
            100.2893048,
            5.3564443
          ],
          [
            100.2893046,
            5.3564442
          ],
          [
            100.2893044,
            5.3564441
          ],
          [
            100.2893042,
            5.356444
          ],
          [
            100.289304,
            5.3564438
          ],
          [
            100.2893037,
            5.3564436
          ],
          [
            100.2893034,
            5.3564433
          ],
          [
            100.2893032,
            5.356443
          ],
          [
            100.2893029,
            5.3564427
          ],
          [
            100.2893026,
            5.3564424
          ],
          [
            100.2893023,
            5.3564421
          ],
          [
            100.2893021,
            5.3564418
          ],
          [
            100.2893018,
            5.3564415
          ],
          [
            100.2893016,
            5.3564412
          ],
          [
            100.2893014,
            5.356441
          ],
          [
            100.2893011,
            5.3564407
          ],
          [
            100.2893009,
            5.3564404
          ],
          [
            100.2893007,
            5.3564402
          ],
          [
            100.2893005,
            5.3564399
          ],
          [
            100.2893003,
            5.3564397
          ],
          [
            100.2893001,
            5.3564395
          ],
          [
            100.2892999,
            5.3564392
          ],
          [
            100.2892998,
            5.356439
          ],
          [
            100.2892996,
            5.3564389
          ],
          [
            100.2892994,
            5.3564387
          ],
          [
            100.2892993,
            5.3564385
          ],
          [
            100.2892992,
            5.3564384
          ],
          [
            100.289299,
            5.3564382
          ],
          [
            100.2892989,
            5.3564381
          ],
          [
            100.2892987,
            5.3564379
          ],
          [
            100.2892986,
            5.3564378
          ],
          [
            100.2892985,
            5.3564377
          ],
          [
            100.2892984,
            5.3564376
          ],
          [
            100.2892982,
            5.3564376
          ],
          [
            100.2892981,
            5.3564375
          ],
          [
            100.289298,
            5.3564374
          ],
          [
            100.2892978,
            5.3564374
          ],
          [
            100.2892977,
            5.3564373
          ],
          [
            100.2892976,
            5.3564373
          ],
          [
            100.2892975,
            5.3564372
          ],
          [
            100.2892973,
            5.3564372
          ],
          [
            100.2892972,
            5.3564372
          ],
          [
            100.2892971,
            5.3564372
          ],
          [
            100.2892969,
            5.3564372
          ],
          [
            100.2892968,
            5.3564372
          ],
          [
            100.2892966,
            5.3564372
          ],
          [
            100.2892965,
            5.3564372
          ],
          [
            100.2892964,
            5.3564372
          ],
          [
            100.2892962,
            5.3564372
          ],
          [
            100.289296,
            5.3564373
          ],
          [
            100.2892959,
            5.3564373
          ],
          [
            100.2892957,
            5.3564374
          ],
          [
            100.2892955,
            5.3564374
          ],
          [
            100.2892953,
            5.3564375
          ],
          [
            100.2892951,
            5.3564375
          ],
          [
            100.2892946,
            5.3564379
          ],
          [
            100.2892941,
            5.3564384
          ],
          [
            100.2892934,
            5.3564388
          ],
          [
            100.2892924,
            5.3564392
          ],
          [
            100.289291,
            5.3564398
          ],
          [
            100.2892896,
            5.3564403
          ],
          [
            100.2892876,
            5.3564408
          ],
          [
            100.2892853,
            5.3564414
          ],
          [
            100.2892829,
            5.3564419
          ],
          [
            100.28928,
            5.3564424
          ],
          [
            100.2892771,
            5.3564427
          ],
          [
            100.2892743,
            5.356443
          ],
          [
            100.2892716,
            5.3564432
          ],
          [
            100.2892703,
            5.3564434
          ],
          [
            100.2892693,
            5.3564436
          ],
          [
            100.2892682,
            5.3564438
          ],
          [
            100.289267,
            5.3564439
          ],
          [
            100.2892654,
            5.3564439
          ],
          [
            100.289264,
            5.3564436
          ],
          [
            100.2892625,
            5.356443
          ],
          [
            100.2892614,
            5.3564425
          ],
          [
            100.2892616,
            5.3564428
          ],
          [
            100.2892624,
            5.3564435
          ],
          [
            100.2892634,
            5.3564443
          ],
          [
            100.2892646,
            5.3564452
          ],
          [
            100.2892658,
            5.3564461
          ],
          [
            100.289267,
            5.3564468
          ],
          [
            100.289268,
            5.3564472
          ],
          [
            100.2892705,
            5.3564478
          ],
          [
            100.2892735,
            5.3564483
          ],
          [
            100.2892765,
            5.3564485
          ],
          [
            100.2893092,
            5.3564499
          ],
          [
            100.2893116,
            5.3564496
          ],
          [
            100.2893122,
            5.3564492
          ],
          [
            100.2893125,
            5.3564488
          ],
          [
            100.2893125,
            5.3564483
          ],
          [
            100.2893123,
            5.3564478
          ],
          [
            100.289312,
            5.3564475
          ],
          [
            100.2893117,
            5.3564473
          ],
          [
            100.2893113,
            5.3564471
          ],
          [
            100.289311,
            5.3564469
          ],
          [
            100.2893106,
            5.3564467
          ],
          [
            100.2893105,
            5.3564466
          ],
          [
            100.2893102,
            5.3564465
          ],
          [
            100.2893099,
            5.3564466
          ],
          [
            100.2893095,
            5.3564468
          ],
          [
            100.2893091,
            5.3564471
          ],
          [
            100.2893086,
            5.3564474
          ],
          [
            100.2893081,
            5.3564478
          ],
          [
            100.2893077,
            5.3564481
          ],
          [
            100.2893074,
            5.3564483
          ],
          [
            100.2893071,
            5.3564485
          ],
          [
            100.2893075,
            5.3564491
          ],
          [
            100.2893081,
            5.3564497
          ],
          [
            100.2893087,
            5.3564503
          ],
          [
            100.2893094,
            5.3564508
          ],
          [
            100.28931,
            5.3564514
          ],
          [
            100.2893105,
            5.3564519
          ],
          [
            100.289311,
            5.3564524
          ],
          [
            100.2893114,
            5.356453
          ],
          [
            100.2893116,
            5.3564535
          ],
          [
            100.2893117,
            5.3564538
          ],
          [
            100.2893107,
            5.3564544
          ],
          [
            100.2893091,
            5.3564548
          ],
          [
            100.2893073,
            5.3564551
          ],
          [
            100.289305,
            5.3564553
          ],
          [
            100.2893026,
            5.3564552
          ],
          [
            100.2893003,
            5.3564549
          ],
          [
            100.2892982,
            5.3564546
          ],
          [
            100.2892956,
            5.3564542
          ],
          [
            100.2892928,
            5.3564537
          ],
          [
            100.2892899,
            5.356453
          ],
          [
            100.2892865,
            5.3564521
          ],
          [
            100.2892829,
            5.3564509
          ],
          [
            100.2892796,
            5.3564497
          ],
          [
            100.2892765,
            5.3564485
          ],
          [
            100.2892738,
            5.3564473
          ],
          [
            100.2892714,
            5.3564462
          ],
          [
            100.2892688,
            5.3564455
          ],
          [
            100.2892663,
            5.356445
          ],
          [
            100.2892374,
            5.3564384
          ],
          [
            100.2892348,
            5.3564378
          ],
          [
            100.2892337,
            5.3564375
          ],
          [
            100.2892329,
            5.3564374
          ],
          [
            100.2892323,
            5.3564374
          ],
          [
            100.2892318,
            5.3564373
          ],
          [
            100.2892315,
            5.3564376
          ],
          [
            100.2892316,
            5.3564379
          ],
          [
            100.2892318,
            5.3564384
          ],
          [
            100.2892321,
            5.356439
          ],
          [
            100.2892324,
            5.3564396
          ],
          [
            100.2892328,
            5.3564402
          ],
          [
            100.2892332,
            5.3564408
          ],
          [
            100.2892336,
            5.3564414
          ],
          [
            100.289234,
            5.356442
          ],
          [
            100.2892344,
            5.3564425
          ],
          [
            100.2892348,
            5.3564431
          ],
          [
            100.2892353,
            5.3564437
          ],
          [
            100.2892357,
            5.3564444
          ],
          [
            100.2892361,
            5.356445
          ],
          [
            100.2892365,
            5.3564457
          ],
          [
            100.2892368,
            5.3564463
          ],
          [
            100.2892371,
            5.3564469
          ],
          [
            100.2892374,
            5.3564475
          ],
          [
            100.2892377,
            5.3564481
          ],
          [
            100.2892379,
            5.3564486
          ],
          [
            100.2892381,
            5.3564491
          ],
          [
            100.2892383,
            5.3564496
          ],
          [
            100.2892385,
            5.35645
          ],
          [
            100.2892386,
            5.3564504
          ],
          [
            100.2892387,
            5.3564508
          ],
          [
            100.2892389,
            5.3564512
          ],
          [
            100.289239,
            5.3564515
          ],
          [
            100.2892391,
            5.3564518
          ],
          [
            100.2892392,
            5.356452
          ],
          [
            100.2892393,
            5.3564523
          ],
          [
            100.2892394,
            5.3564525
          ],
          [
            100.2892395,
            5.3564528
          ],
          [
            100.2892396,
            5.356453
          ],
          [
            100.2892397,
            5.3564532
          ],
          [
            100.2892398,
            5.3564534
          ],
          [
            100.2892399,
            5.3564536
          ],
          [
            100.28924,
            5.3564538
          ],
          [
            100.2892401,
            5.356454
          ],
          [
            100.2892402,
            5.3564542
          ],
          [
            100.2892403,
            5.3564544
          ],
          [
            100.2892404,
            5.3564546
          ],
          [
            100.2892405,
            5.3564548
          ],
          [
            100.2892406,
            5.3564549
          ],
          [
            100.2892407,
            5.3564551
          ],
          [
            100.2892408,
            5.3564553
          ],
          [
            100.2892409,
            5.3564554
          ],
          [
            100.289241,
            5.3564556
          ],
          [
            100.2892411,
            5.3564557
          ],
          [
            100.2892412,
            5.3564559
          ],
          [
            100.2892413,
            5.356456
          ],
          [
            100.2892414,
            5.3564562
          ],
          [
            100.2892415,
            5.3564563
          ],
          [
            100.2892416,
            5.3564564
          ],
          [
            100.2892417,
            5.3564566
          ],
          [
            100.2892418,
            5.3564567
          ],
          [
            100.2892419,
            5.3564569
          ],
          [
            100.289242,
            5.3564571
          ],
          [
            100.2892422,
            5.3564573
          ],
          [
            100.2892423,
            5.3564574
          ],
          [
            100.2892425,
            5.3564576
          ],
          [
            100.2892426,
            5.3564578
          ],
          [
            100.2892428,
            5.356458
          ],
          [
            100.2892429,
            5.3564582
          ],
          [
            100.2892431,
            5.3564584
          ],
          [
            100.2892433,
            5.3564586
          ],
          [
            100.2892434,
            5.3564589
          ],
          [
            100.2892436,
            5.3564591
          ],
          [
            100.2892438,
            5.3564593
          ],
          [
            100.2892439,
            5.3564595
          ],
          [
            100.2892441,
            5.3564597
          ],
          [
            100.2892442,
            5.3564599
          ],
          [
            100.2892444,
            5.3564602
          ],
          [
            100.2892445,
            5.3564604
          ],
          [
            100.2892447,
            5.3564606
          ],
          [
            100.2892448,
            5.3564608
          ],
          [
            100.289245,
            5.356461
          ],
          [
            100.2892451,
            5.3564612
          ],
          [
            100.2892453,
            5.3564614
          ],
          [
            100.2892454,
            5.3564615
          ],
          [
            100.2892456,
            5.3564617
          ],
          [
            100.2892457,
            5.3564619
          ],
          [
            100.2892459,
            5.3564621
          ],
          [
            100.2892461,
            5.3564623
          ],
          [
            100.2892462,
            5.3564625
          ],
          [
            100.2892464,
            5.3564627
          ],
          [
            100.2892466,
            5.3564628
          ],
          [
            100.2892467,
            5.356463
          ],
          [
            100.2892469,
            5.3564632
          ],
          [
            100.2892471,
            5.3564634
          ],
          [
            100.2892473,
            5.3564636
          ],
          [
            100.2892475,
            5.3564637
          ],
          [
            100.2892477,
            5.3564639
          ],
          [
            100.2892479,
            5.3564641
          ],
          [
            100.2892481,
            5.3564642
          ],
          [
            100.2892483,
            5.3564644
          ],
          [
            100.2892485,
            5.3564646
          ],
          [
            100.2892487,
            5.3564647
          ],
          [
            100.2892489,
            5.3564649
          ],
          [
            100.2892491,
            5.356465
          ],
          [
            100.2892493,
            5.3564652
          ],
          [
            100.2892495,
            5.3564653
          ],
          [
            100.2892498,
            5.3564654
          ],
          [
            100.28925,
            5.3564656
          ],
          [
            100.2892502,
            5.3564657
          ],
          [
            100.2892504,
            5.3564658
          ],
          [
            100.2892507,
            5.3564659
          ],
          [
            100.2892509,
            5.356466
          ],
          [
            100.2892511,
            5.3564661
          ],
          [
            100.2892514,
            5.3564662
          ],
          [
            100.2892516,
            5.3564663
          ],
          [
            100.2892518,
            5.3564664
          ],
          [
            100.2892521,
            5.3564665
          ],
          [
            100.2892523,
            5.3564666
          ],
          [
            100.2892525,
            5.3564667
          ],
          [
            100.2892527,
            5.3564668
          ],
          [
            100.289253,
            5.3564668
          ],
          [
            100.2892532,
            5.3564669
          ],
          [
            100.2892534,
            5.3564669
          ],
          [
            100.2892536,
            5.356467
          ],
          [
            100.2892538,
            5.356467
          ],
          [
            100.289254,
            5.356467
          ],
          [
            100.2892542,
            5.3564671
          ],
          [
            100.2892543,
            5.3564671
          ],
          [
            100.2892545,
            5.3564671
          ],
          [
            100.2892547,
            5.3564671
          ],
          [
            100.2892549,
            5.3564671
          ],
          [
            100.2892551,
            5.3564671
          ],
          [
            100.2892552,
            5.3564671
          ],
          [
            100.2892554,
            5.356467
          ],
          [
            100.2892556,
            5.356467
          ],
          [
            100.2892557,
            5.356467
          ],
          [
            100.2892559,
            5.3564669
          ],
          [
            100.2892561,
            5.3564669
          ],
          [
            100.2892562,
            5.3564668
          ],
          [
            100.2892564,
            5.3564667
          ],
          [
            100.2892565,
            5.3564667
          ],
          [
            100.2892567,
            5.3564666
          ],
          [
            100.2892568,
            5.3564665
          ],
          [
            100.289257,
            5.3564664
          ],
          [
            100.2892571,
            5.3564664
          ],
          [
            100.2892573,
            5.3564663
          ],
          [
            100.2892574,
            5.3564662
          ],
          [
            100.2892576,
            5.3564661
          ],
          [
            100.2892577,
            5.356466
          ],
          [
            100.2892579,
            5.3564659
          ],
          [
            100.289258,
            5.3564658
          ],
          [
            100.2892582,
            5.3564657
          ],
          [
            100.2892583,
            5.3564656
          ],
          [
            100.2892585,
            5.3564655
          ],
          [
            100.2892586,
            5.3564654
          ],
          [
            100.2892587,
            5.3564654
          ],
          [
            100.2892588,
            5.3564653
          ],
          [
            100.289259,
            5.3564652
          ],
          [
            100.2892591,
            5.3564651
          ],
          [
            100.2892592,
            5.356465
          ],
          [
            100.2892593,
            5.3564649
          ],
          [
            100.2892594,
            5.3564648
          ],
          [
            100.2892595,
            5.3564647
          ],
          [
            100.2892597,
            5.3564646
          ],
          [
            100.2892598,
            5.3564645
          ],
          [
            100.2892599,
            5.3564644
          ],
          [
            100.28926,
            5.3564643
          ],
          [
            100.2892601,
            5.3564642
          ],
          [
            100.2892602,
            5.3564641
          ],
          [
            100.2892603,
            5.356464
          ],
          [
            100.2892604,
            5.3564639
          ],
          [
            100.2892605,
            5.3564639
          ],
          [
            100.2892606,
            5.3564638
          ],
          [
            100.2892608,
            5.3564637
          ],
          [
            100.2892609,
            5.3564637
          ],
          [
            100.289261,
            5.3564636
          ],
          [
            100.2892611,
            5.3564635
          ],
          [
            100.2892612,
            5.3564635
          ],
          [
            100.2892613,
            5.3564634
          ],
          [
            100.2892615,
            5.3564634
          ],
          [
            100.2892616,
            5.3564633
          ],
          [
            100.2892617,
            5.3564633
          ],
          [
            100.2892618,
            5.3564633
          ],
          [
            100.289262,
            5.3564632
          ],
          [
            100.2892621,
            5.3564632
          ],
          [
            100.2892622,
            5.3564631
          ],
          [
            100.2892623,
            5.3564631
          ],
          [
            100.2892625,
            5.3564631
          ],
          [
            100.2892626,
            5.3564631
          ],
          [
            100.2892628,
            5.3564631
          ],
          [
            100.2892629,
            5.356463
          ],
          [
            100.289263,
            5.356463
          ],
          [
            100.2892632,
            5.356463
          ],
          [
            100.2892633,
            5.356463
          ],
          [
            100.2892635,
            5.356463
          ],
          [
            100.2892636,
            5.356463
          ],
          [
            100.2892638,
            5.356463
          ],
          [
            100.2892639,
            5.356463
          ],
          [
            100.2892641,
            5.356463
          ],
          [
            100.2892642,
            5.356463
          ],
          [
            100.2892644,
            5.356463
          ],
          [
            100.2892645,
            5.3564631
          ],
          [
            100.2892647,
            5.3564631
          ],
          [
            100.2892648,
            5.3564631
          ],
          [
            100.289265,
            5.3564631
          ],
          [
            100.2892651,
            5.3564631
          ],
          [
            100.2892653,
            5.3564632
          ],
          [
            100.2892654,
            5.3564632
          ],
          [
            100.2892655,
            5.3564632
          ],
          [
            100.2892657,
            5.3564632
          ],
          [
            100.2892658,
            5.3564633
          ],
          [
            100.289266,
            5.3564633
          ],
          [
            100.2892661,
            5.3564633
          ],
          [
            100.2892662,
            5.3564634
          ],
          [
            100.2892664,
            5.3564634
          ],
          [
            100.2892665,
            5.3564635
          ],
          [
            100.2892666,
            5.3564635
          ],
          [
            100.2892668,
            5.3564635
          ],
          [
            100.2892669,
            5.3564636
          ],
          [
            100.289267,
            5.3564636
          ],
          [
            100.2892671,
            5.3564636
          ],
          [
            100.2892673,
            5.3564637
          ],
          [
            100.2892674,
            5.3564637
          ],
          [
            100.2892675,
            5.3564638
          ],
          [
            100.2892676,
            5.3564638
          ],
          [
            100.2892677,
            5.3564638
          ],
          [
            100.2892678,
            5.3564639
          ],
          [
            100.2892679,
            5.3564639
          ],
          [
            100.289268,
            5.3564639
          ],
          [
            100.289268,
            5.3564639
          ],
          [
            100.2892681,
            5.356464
          ],
          [
            100.2892682,
            5.356464
          ],
          [
            100.2892683,
            5.356464
          ],
          [
            100.2892683,
            5.356464
          ],
          [
            100.2892684,
            5.356464
          ],
          [
            100.2892685,
            5.356464
          ],
          [
            100.2892685,
            5.356464
          ],
          [
            100.2892686,
            5.356464
          ],
          [
            100.2892686,
            5.356464
          ],
          [
            100.2892687,
            5.356464
          ],
          [
            100.2892687,
            5.356464
          ],
          [
            100.2892688,
            5.356464
          ],
          [
            100.2892688,
            5.356464
          ],
          [
            100.2892689,
            5.3564639
          ],
          [
            100.2892689,
            5.3564639
          ],
          [
            100.2892689,
            5.3564639
          ],
          [
            100.289269,
            5.3564639
          ],
          [
            100.289269,
            5.3564639
          ],
          [
            100.289269,
            5.3564638
          ],
          [
            100.2892691,
            5.3564638
          ],
          [
            100.2892691,
            5.3564638
          ],
          [
            100.2892691,
            5.3564638
          ],
          [
            100.2892691,
            5.3564637
          ],
          [
            100.2892691,
            5.3564637
          ],
          [
            100.2892691,
            5.3564637
          ],
          [
            100.2892691,
            5.3564636
          ],
          [
            100.2892691,
            5.3564636
          ],
          [
            100.2892691,
            5.3564636
          ],
          [
            100.2892691,
            5.3564636
          ],
          [
            100.2892691,
            5.3564635
          ],
          [
            100.2892691,
            5.3564635
          ],
          [
            100.2892691,
            5.3564635
          ],
          [
            100.2892691,
            5.3564634
          ],
          [
            100.2892691,
            5.3564634
          ],
          [
            100.2892691,
            5.3564634
          ],
          [
            100.2892691,
            5.3564633
          ],
          [
            100.2892691,
            5.3564633
          ],
          [
            100.2892691,
            5.3564632
          ],
          [
            100.289269,
            5.3564632
          ],
          [
            100.289269,
            5.3564632
          ],
          [
            100.289269,
            5.3564631
          ],
          [
            100.289269,
            5.3564631
          ],
          [
            100.289269,
            5.356463
          ],
          [
            100.289269,
            5.356463
          ],
          [
            100.289269,
            5.3564629
          ],
          [
            100.289269,
            5.3564629
          ],
          [
            100.289269,
            5.3564628
          ],
          [
            100.289269,
            5.3564628
          ],
          [
            100.289269,
            5.3564627
          ],
          [
            100.289269,
            5.3564627
          ],
          [
            100.289269,
            5.3564627
          ],
          [
            100.289269,
            5.3564626
          ],
          [
            100.289269,
            5.3564626
          ],
          [
            100.289269,
            5.3564625
          ],
          [
            100.289269,
            5.3564625
          ],
          [
            100.289269,
            5.3564624
          ],
          [
            100.289269,
            5.3564624
          ],
          [
            100.289269,
            5.3564623
          ],
          [
            100.289269,
            5.3564623
          ],
          [
            100.289269,
            5.3564622
          ],
          [
            100.289269,
            5.3564622
          ],
          [
            100.289269,
            5.3564621
          ],
          [
            100.289269,
            5.3564621
          ],
          [
            100.289269,
            5.3564621
          ],
          [
            100.2892691,
            5.356462
          ],
          [
            100.2892691,
            5.356462
          ],
          [
            100.2892691,
            5.356462
          ],
          [
            100.2892691,
            5.3564619
          ],
          [
            100.2892692,
            5.3564619
          ],
          [
            100.2892692,
            5.3564619
          ],
          [
            100.2892692,
            5.3564619
          ],
          [
            100.2892693,
            5.3564619
          ],
          [
            100.2892693,
            5.3564619
          ],
          [
            100.2892694,
            5.3564618
          ],
          [
            100.2892694,
            5.3564618
          ],
          [
            100.2892695,
            5.3564618
          ],
          [
            100.2892695,
            5.3564618
          ],
          [
            100.2892696,
            5.3564618
          ],
          [
            100.2892696,
            5.3564618
          ],
          [
            100.2892697,
            5.3564618
          ],
          [
            100.2892697,
            5.3564618
          ],
          [
            100.2892698,
            5.3564618
          ],
          [
            100.2892699,
            5.3564618
          ],
          [
            100.28927,
            5.3564618
          ],
          [
            100.28927,
            5.3564617
          ],
          [
            100.2892701,
            5.3564617
          ],
          [
            100.2892702,
            5.3564617
          ],
          [
            100.2892703,
            5.3564617
          ],
          [
            100.2892704,
            5.3564617
          ],
          [
            100.2892705,
            5.3564617
          ],
          [
            100.2892706,
            5.3564617
          ],
          [
            100.2892707,
            5.3564617
          ],
          [
            100.2892708,
            5.3564617
          ],
          [
            100.2892709,
            5.3564617
          ],
          [
            100.289271,
            5.3564617
          ],
          [
            100.2892711,
            5.3564617
          ],
          [
            100.2892712,
            5.3564616
          ],
          [
            100.2892714,
            5.3564616
          ],
          [
            100.2892715,
            5.3564616
          ],
          [
            100.2892716,
            5.3564616
          ],
          [
            100.2892717,
            5.3564616
          ],
          [
            100.2892719,
            5.3564616
          ],
          [
            100.289272,
            5.3564616
          ],
          [
            100.2892722,
            5.3564616
          ],
          [
            100.2892723,
            5.3564616
          ],
          [
            100.2892724,
            5.3564616
          ],
          [
            100.2892726,
            5.3564616
          ],
          [
            100.2892727,
            5.3564616
          ],
          [
            100.2892729,
            5.3564616
          ],
          [
            100.289273,
            5.3564615
          ],
          [
            100.2892732,
            5.3564615
          ],
          [
            100.2892733,
            5.3564615
          ],
          [
            100.2892735,
            5.3564615
          ],
          [
            100.2892736,
            5.3564615
          ],
          [
            100.2892738,
            5.3564615
          ],
          [
            100.289274,
            5.3564615
          ],
          [
            100.2892741,
            5.3564615
          ],
          [
            100.2892743,
            5.3564615
          ],
          [
            100.2892745,
            5.3564615
          ],
          [
            100.2892746,
            5.3564615
          ],
          [
            100.2892748,
            5.3564615
          ],
          [
            100.2892749,
            5.3564614
          ],
          [
            100.2892751,
            5.3564614
          ],
          [
            100.2892753,
            5.3564614
          ],
          [
            100.2892754,
            5.3564614
          ],
          [
            100.2892756,
            5.3564614
          ],
          [
            100.2892757,
            5.3564613
          ],
          [
            100.2892759,
            5.3564613
          ],
          [
            100.289276,
            5.3564613
          ],
          [
            100.2892762,
            5.3564612
          ],
          [
            100.2892763,
            5.3564612
          ],
          [
            100.2892765,
            5.3564612
          ],
          [
            100.2892766,
            5.3564611
          ],
          [
            100.2892767,
            5.3564611
          ],
          [
            100.2892768,
            5.356461
          ],
          [
            100.289277,
            5.356461
          ],
          [
            100.2892771,
            5.3564609
          ],
          [
            100.2892772,
            5.3564608
          ],
          [
            100.2892773,
            5.3564608
          ],
          [
            100.2892774,
            5.3564607
          ],
          [
            100.2892775,
            5.3564607
          ],
          [
            100.2892776,
            5.3564606
          ],
          [
            100.2892777,
            5.3564605
          ],
          [
            100.2892778,
            5.3564604
          ],
          [
            100.2892779,
            5.3564604
          ],
          [
            100.289278,
            5.3564603
          ],
          [
            100.289278,
            5.3564602
          ],
          [
            100.2892781,
            5.3564601
          ],
          [
            100.2892782,
            5.35646
          ],
          [
            100.2892783,
            5.35646
          ],
          [
            100.2892784,
            5.3564599
          ],
          [
            100.2892784,
            5.3564598
          ],
          [
            100.2892785,
            5.3564597
          ],
          [
            100.2892786,
            5.3564596
          ],
          [
            100.2892786,
            5.3564596
          ],
          [
            100.2892787,
            5.3564595
          ],
          [
            100.2892787,
            5.3564594
          ],
          [
            100.2892788,
            5.3564593
          ],
          [
            100.2892788,
            5.3564592
          ],
          [
            100.2892789,
            5.3564591
          ],
          [
            100.2892789,
            5.3564591
          ],
          [
            100.289279,
            5.356459
          ],
          [
            100.289279,
            5.3564589
          ],
          [
            100.289279,
            5.3564588
          ],
          [
            100.2892791,
            5.3564588
          ],
          [
            100.2892791,
            5.3564587
          ],
          [
            100.2892791,
            5.3564586
          ],
          [
            100.2892791,
            5.3564585
          ],
          [
            100.2892792,
            5.3564585
          ],
          [
            100.2892792,
            5.3564584
          ],
          [
            100.2892792,
            5.3564583
          ],
          [
            100.2892792,
            5.3564583
          ],
          [
            100.2892792,
            5.3564582
          ],
          [
            100.2892792,
            5.3564581
          ],
          [
            100.2892792,
            5.3564581
          ],
          [
            100.2892792,
            5.356458
          ],
          [
            100.2892792,
            5.3564579
          ],
          [
            100.2892792,
            5.3564579
          ],
          [
            100.2892792,
            5.3564578
          ],
          [
            100.2892792,
            5.3564578
          ],
          [
            100.2892792,
            5.3564577
          ],
          [
            100.2892792,
            5.3564577
          ],
          [
            100.2892792,
            5.3564576
          ],
          [
            100.2892792,
            5.3564576
          ],
          [
            100.2892791,
            5.3564576
          ],
          [
            100.2892791,
            5.3564575
          ],
          [
            100.2892791,
            5.3564575
          ],
          [
            100.2892791,
            5.3564575
          ],
          [
            100.2892791,
            5.3564574
          ],
          [
            100.2892791,
            5.3564574
          ],
          [
            100.2892791,
            5.3564574
          ],
          [
            100.2892791,
            5.3564574
          ],
          [
            100.2892791,
            5.3564574
          ],
          [
            100.2892791,
            5.3564573
          ],
          [
            100.2892791,
            5.3564573
          ],
          [
            100.2892791,
            5.3564573
          ],
          [
            100.2892791,
            5.3564573
          ],
          [
            100.2892791,
            5.3564573
          ],
          [
            100.2892791,
            5.3564574
          ],
          [
            100.2892791,
            5.3564574
          ],
          [
            100.2892791,
            5.3564574
          ],
          [
            100.2892791,
            5.3564574
          ],
          [
            100.2892791,
            5.3564574
          ],
          [
            100.2892791,
            5.3564574
          ],
          [
            100.2892791,
            5.3564574
          ],
          [
            100.289279,
            5.3564575
          ],
          [
            100.289279,
            5.3564575
          ],
          [
            100.289279,
            5.3564575
          ],
          [
            100.289279,
            5.3564575
          ],
          [
            100.289279,
            5.3564576
          ],
          [
            100.289279,
            5.3564576
          ],
          [
            100.289279,
            5.3564576
          ],
          [
            100.2892789,
            5.3564576
          ],
          [
            100.2892789,
            5.3564576
          ],
          [
            100.2892789,
            5.3564577
          ],
          [
            100.2892789,
            5.3564577
          ],
          [
            100.2892788,
            5.3564577
          ],
          [
            100.2892788,
            5.3564577
          ],
          [
            100.2892788,
            5.3564577
          ],
          [
            100.2892787,
            5.3564577
          ],
          [
            100.2892787,
            5.3564578
          ],
          [
            100.2892787,
            5.3564578
          ],
          [
            100.2892787,
            5.3564578
          ],
          [
            100.2892786,
            5.3564578
          ],
          [
            100.2892786,
            5.3564578
          ],
          [
            100.2892786,
            5.3564578
          ],
          [
            100.2892785,
            5.3564579
          ],
          [
            100.2892785,
            5.3564579
          ],
          [
            100.2892785,
            5.3564579
          ],
          [
            100.2892784,
            5.3564579
          ],
          [
            100.2892784,
            5.3564579
          ],
          [
            100.2892783,
            5.3564579
          ],
          [
            100.2892783,
            5.3564579
          ],
          [
            100.2892782,
            5.3564579
          ],
          [
            100.2892782,
            5.3564579
          ],
          [
            100.2892781,
            5.3564579
          ],
          [
            100.2892781,
            5.3564579
          ],
          [
            100.289278,
            5.3564579
          ],
          [
            100.289278,
            5.3564579
          ],
          [
            100.2892779,
            5.3564579
          ],
          [
            100.2892779,
            5.3564579
          ],
          [
            100.2892778,
            5.3564579
          ],
          [
            100.2892777,
            5.3564579
          ],
          [
            100.2892777,
            5.3564578
          ],
          [
            100.2892776,
            5.3564578
          ],
          [
            100.2892776,
            5.3564578
          ],
          [
            100.2892775,
            5.3564578
          ],
          [
            100.2892774,
            5.3564578
          ],
          [
            100.2892774,
            5.3564578
          ],
          [
            100.2892773,
            5.3564577
          ],
          [
            100.2892772,
            5.3564577
          ],
          [
            100.2892772,
            5.3564577
          ],
          [
            100.2892771,
            5.3564576
          ],
          [
            100.289277,
            5.3564576
          ],
          [
            100.289277,
            5.3564576
          ],
          [
            100.2892769,
            5.3564575
          ],
          [
            100.2892769,
            5.3564575
          ],
          [
            100.2892768,
            5.3564574
          ],
          [
            100.2892767,
            5.3564574
          ],
          [
            100.2892767,
            5.3564573
          ],
          [
            100.2892766,
            5.3564573
          ],
          [
            100.2892766,
            5.3564572
          ],
          [
            100.2892765,
            5.3564572
          ],
          [
            100.2892765,
            5.3564571
          ],
          [
            100.2892764,
            5.3564571
          ],
          [
            100.2892764,
            5.356457
          ],
          [
            100.2892763,
            5.356457
          ],
          [
            100.2892763,
            5.3564569
          ],
          [
            100.2892763,
            5.3564568
          ],
          [
            100.2892762,
            5.3564568
          ],
          [
            100.2892762,
            5.3564567
          ],
          [
            100.2892762,
            5.3564567
          ],
          [
            100.2892762,
            5.3564566
          ],
          [
            100.2892762,
            5.3564566
          ],
          [
            100.2892761,
            5.3564565
          ],
          [
            100.2892761,
            5.3564565
          ],
          [
            100.2892761,
            5.3564564
          ],
          [
            100.2892761,
            5.3564564
          ],
          [
            100.2892761,
            5.3564563
          ],
          [
            100.2892761,
            5.3564562
          ],
          [
            100.2892761,
            5.3564562
          ],
          [
            100.2892761,
            5.3564561
          ],
          [
            100.2892761,
            5.3564561
          ],
          [
            100.2892762,
            5.356456
          ],
          [
            100.2892762,
            5.356456
          ],
          [
            100.2892762,
            5.3564559
          ],
          [
            100.2892762,
            5.3564558
          ],
          [
            100.2892762,
            5.3564558
          ],
          [
            100.2892763,
            5.3564557
          ],
          [
            100.2892763,
            5.3564557
          ],
          [
            100.2892764,
            5.3564556
          ],
          [
            100.2892764,
            5.3564555
          ],
          [
            100.2892764,
            5.3564555
          ],
          [
            100.2892765,
            5.3564554
          ],
          [
            100.2892765,
            5.3564554
          ],
          [
            100.2892766,
            5.3564553
          ],
          [
            100.2892766,
            5.3564552
          ],
          [
            100.2892767,
            5.3564552
          ],
          [
            100.2892767,
            5.3564551
          ],
          [
            100.2892768,
            5.356455
          ],
          [
            100.2892769,
            5.356455
          ],
          [
            100.2892769,
            5.3564549
          ],
          [
            100.289277,
            5.3564548
          ],
          [
            100.2892771,
            5.3564548
          ],
          [
            100.2892772,
            5.3564547
          ],
          [
            100.2892772,
            5.3564547
          ],
          [
            100.2892773,
            5.3564546
          ],
          [
            100.2892774,
            5.3564545
          ],
          [
            100.2892775,
            5.3564545
          ],
          [
            100.2892776,
            5.3564544
          ],
          [
            100.2892777,
            5.3564543
          ],
          [
            100.2892778,
            5.3564543
          ],
          [
            100.2892779,
            5.3564542
          ],
          [
            100.289278,
            5.3564542
          ],
          [
            100.2892781,
            5.3564541
          ],
          [
            100.2892782,
            5.3564541
          ],
          [
            100.2892783,
            5.356454
          ],
          [
            100.2892784,
            5.356454
          ],
          [
            100.2892786,
            5.3564539
          ],
          [
            100.2892787,
            5.3564539
          ],
          [
            100.2892788,
            5.3564538
          ],
          [
            100.2892789,
            5.3564538
          ],
          [
            100.289279,
            5.3564537
          ],
          [
            100.2892791,
            5.3564537
          ],
          [
            100.2892792,
            5.3564536
          ],
          [
            100.2892793,
            5.3564536
          ],
          [
            100.2892794,
            5.3564535
          ],
          [
            100.2892795,
            5.3564535
          ],
          [
            100.2892797,
            5.3564535
          ],
          [
            100.2892798,
            5.3564534
          ],
          [
            100.2892799,
            5.3564534
          ],
          [
            100.28928,
            5.3564534
          ],
          [
            100.2892801,
            5.3564533
          ],
          [
            100.2892801,
            5.3564533
          ],
          [
            100.2892802,
            5.3564533
          ],
          [
            100.2892803,
            5.3564532
          ],
          [
            100.2892804,
            5.3564532
          ],
          [
            100.2892805,
            5.3564532
          ],
          [
            100.2892806,
            5.3564532
          ],
          [
            100.2892806,
            5.3564531
          ],
          [
            100.2892807,
            5.3564531
          ],
          [
            100.2892808,
            5.3564531
          ],
          [
            100.2892808,
            5.3564531
          ],
          [
            100.2892809,
            5.3564531
          ],
          [
            100.2892809,
            5.356453
          ],
          [
            100.289281,
            5.356453
          ],
          [
            100.289281,
            5.356453
          ],
          [
            100.289281,
            5.356453
          ],
          [
            100.2892811,
            5.356453
          ],
          [
            100.2892811,
            5.356453
          ],
          [
            100.2892811,
            5.356453
          ],
          [
            100.2892811,
            5.356453
          ],
          [
            100.2892812,
            5.356453
          ],
          [
            100.2892812,
            5.356453
          ],
          [
            100.2892812,
            5.356453
          ],
          [
            100.2892812,
            5.356453
          ],
          [
            100.2892812,
            5.356453
          ],
          [
            100.2892812,
            5.356453
          ],
          [
            100.2892812,
            5.356453
          ],
          [
            100.2892812,
            5.356453
          ],
          [
            100.2892811,
            5.3564531
          ],
          [
            100.2892811,
            5.3564531
          ],
          [
            100.2892811,
            5.3564531
          ],
          [
            100.2892811,
            5.3564531
          ],
          [
            100.289281,
            5.3564531
          ],
          [
            100.289281,
            5.3564532
          ],
          [
            100.2892809,
            5.3564532
          ],
          [
            100.2892809,
            5.3564532
          ],
          [
            100.2892808,
            5.3564533
          ],
          [
            100.2892807,
            5.3564533
          ],
          [
            100.2892807,
            5.3564533
          ],
          [
            100.2892806,
            5.3564534
          ],
          [
            100.2892805,
            5.3564534
          ],
          [
            100.2892805,
            5.3564534
          ],
          [
            100.2892804,
            5.3564535
          ],
          [
            100.2892803,
            5.3564535
          ],
          [
            100.2892802,
            5.3564536
          ],
          [
            100.2892801,
            5.3564536
          ],
          [
            100.28928,
            5.3564537
          ],
          [
            100.2892799,
            5.3564538
          ],
          [
            100.2892798,
            5.3564538
          ],
          [
            100.2892798,
            5.3564539
          ],
          [
            100.2892797,
            5.356454
          ],
          [
            100.2892796,
            5.356454
          ],
          [
            100.2892795,
            5.3564541
          ],
          [
            100.2892794,
            5.3564542
          ],
          [
            100.2892793,
            5.3564543
          ],
          [
            100.2892792,
            5.3564543
          ],
          [
            100.2892791,
            5.3564544
          ],
          [
            100.289279,
            5.3564545
          ],
          [
            100.2892789,
            5.3564546
          ],
          [
            100.2892788,
            5.3564547
          ],
          [
            100.2892787,
            5.3564548
          ],
          [
            100.2892786,
            5.3564549
          ],
          [
            100.2892785,
            5.356455
          ],
          [
            100.2892784,
            5.3564551
          ],
          [
            100.2892784,
            5.3564552
          ],
          [
            100.2892783,
            5.3564553
          ],
          [
            100.2892782,
            5.3564554
          ],
          [
            100.2892781,
            5.3564555
          ],
          [
            100.2892781,
            5.3564556
          ],
          [
            100.289278,
            5.3564558
          ],
          [
            100.2892779,
            5.3564559
          ],
          [
            100.2892778,
            5.356456
          ],
          [
            100.2892778,
            5.3564561
          ],
          [
            100.2892777,
            5.3564562
          ],
          [
            100.2892777,
            5.3564564
          ],
          [
            100.2892776,
            5.3564565
          ],
          [
            100.2892776,
            5.3564566
          ],
          [
            100.2892775,
            5.3564567
          ],
          [
            100.2892775,
            5.3564569
          ],
          [
            100.2892774,
            5.356457
          ],
          [
            100.2892774,
            5.3564571
          ],
          [
            100.2892773,
            5.3564573
          ],
          [
            100.2892773,
            5.3564574
          ],
          [
            100.2892773,
            5.3564575
          ],
          [
            100.2892772,
            5.3564577
          ],
          [
            100.2892772,
            5.3564578
          ],
          [
            100.2892772,
            5.3564579
          ],
          [
            100.2892772,
            5.3564581
          ],
          [
            100.2892772,
            5.3564582
          ],
          [
            100.2892772,
            5.3564584
          ],
          [
            100.2892772,
            5.3564585
          ],
          [
            100.2892772,
            5.3564586
          ],
          [
            100.2892772,
            5.3564588
          ],
          [
            100.2892772,
            5.3564589
          ],
          [
            100.2892772,
            5.356459
          ],
          [
            100.2892772,
            5.3564592
          ],
          [
            100.2892772,
            5.3564593
          ],
          [
            100.2892772,
            5.3564595
          ],
          [
            100.2892772,
            5.3564596
          ],
          [
            100.2892773,
            5.3564597
          ],
          [
            100.2892773,
            5.3564599
          ],
          [
            100.2892773,
            5.35646
          ],
          [
            100.2892773,
            5.3564601
          ],
          [
            100.2892773,
            5.3564602
          ],
          [
            100.2892774,
            5.3564604
          ],
          [
            100.2892774,
            5.3564605
          ],
          [
            100.2892774,
            5.3564606
          ],
          [
            100.2892775,
            5.3564607
          ],
          [
            100.2892775,
            5.3564608
          ],
          [
            100.2892776,
            5.3564609
          ],
          [
            100.2892776,
            5.356461
          ],
          [
            100.2892777,
            5.3564612
          ],
          [
            100.2892777,
            5.3564613
          ],
          [
            100.2892778,
            5.3564614
          ],
          [
            100.2892778,
            5.3564614
          ],
          [
            100.2892779,
            5.3564615
          ],
          [
            100.2892779,
            5.3564616
          ],
          [
            100.289278,
            5.3564617
          ],
          [
            100.2892781,
            5.3564618
          ],
          [
            100.2892781,
            5.3564619
          ],
          [
            100.2892782,
            5.356462
          ],
          [
            100.2892783,
            5.356462
          ],
          [
            100.2892784,
            5.3564621
          ],
          [
            100.2892785,
            5.3564622
          ],
          [
            100.2892786,
            5.3564622
          ],
          [
            100.2892787,
            5.3564623
          ],
          [
            100.2892788,
            5.3564623
          ],
          [
            100.2892789,
            5.3564624
          ],
          [
            100.289279,
            5.3564624
          ],
          [
            100.2892791,
            5.3564625
          ],
          [
            100.2892792,
            5.3564625
          ],
          [
            100.2892793,
            5.3564626
          ],
          [
            100.2892794,
            5.3564626
          ],
          [
            100.2892795,
            5.3564626
          ],
          [
            100.2892796,
            5.3564627
          ],
          [
            100.2892797,
            5.3564627
          ],
          [
            100.2892798,
            5.3564627
          ],
          [
            100.28928,
            5.3564628
          ],
          [
            100.2892801,
            5.3564628
          ],
          [
            100.2892802,
            5.3564628
          ],
          [
            100.2892803,
            5.3564628
          ],
          [
            100.2892804,
            5.3564628
          ],
          [
            100.2892805,
            5.3564628
          ],
          [
            100.2892807,
            5.3564628
          ],
          [
            100.2892808,
            5.3564628
          ],
          [
            100.2892809,
            5.3564627
          ],
          [
            100.289281,
            5.3564627
          ],
          [
            100.2892811,
            5.3564627
          ],
          [
            100.2892812,
            5.3564627
          ],
          [
            100.2892813,
            5.3564627
          ],
          [
            100.2892814,
            5.3564626
          ],
          [
            100.2892815,
            5.3564626
          ],
          [
            100.2892816,
            5.3564625
          ],
          [
            100.2892816,
            5.3564625
          ],
          [
            100.2892817,
            5.3564625
          ],
          [
            100.2892818,
            5.3564624
          ],
          [
            100.2892819,
            5.3564624
          ],
          [
            100.289282,
            5.3564623
          ],
          [
            100.289282,
            5.3564622
          ],
          [
            100.2892821,
            5.3564622
          ],
          [
            100.2892822,
            5.3564621
          ],
          [
            100.2892822,
            5.3564621
          ],
          [
            100.2892823,
            5.356462
          ],
          [
            100.2892823,
            5.3564619
          ],
          [
            100.2892824,
            5.3564619
          ],
          [
            100.2892825,
            5.3564618
          ],
          [
            100.2892825,
            5.3564618
          ],
          [
            100.2892826,
            5.3564617
          ],
          [
            100.2892826,
            5.3564616
          ],
          [
            100.2892826,
            5.3564616
          ],
          [
            100.2892827,
            5.3564615
          ],
          [
            100.2892827,
            5.3564614
          ],
          [
            100.2892827,
            5.3564614
          ],
          [
            100.2892828,
            5.3564613
          ],
          [
            100.2892828,
            5.3564612
          ],
          [
            100.2892828,
            5.3564611
          ],
          [
            100.2892828,
            5.3564611
          ],
          [
            100.2892828,
            5.356461
          ],
          [
            100.2892828,
            5.3564609
          ],
          [
            100.2892828,
            5.3564609
          ],
          [
            100.2892828,
            5.3564608
          ],
          [
            100.2892828,
            5.3564607
          ],
          [
            100.2892828,
            5.3564606
          ],
          [
            100.2892828,
            5.3564606
          ],
          [
            100.2892828,
            5.3564605
          ],
          [
            100.2892828,
            5.3564604
          ],
          [
            100.2892827,
            5.3564603
          ],
          [
            100.2892827,
            5.3564603
          ],
          [
            100.2892827,
            5.3564602
          ],
          [
            100.2892826,
            5.3564601
          ],
          [
            100.2892826,
            5.35646
          ],
          [
            100.2892826,
            5.35646
          ],
          [
            100.2892825,
            5.3564599
          ],
          [
            100.2892825,
            5.3564598
          ],
          [
            100.2892824,
            5.3564597
          ],
          [
            100.2892824,
            5.3564597
          ],
          [
            100.2892823,
            5.3564596
          ],
          [
            100.2892822,
            5.3564595
          ],
          [
            100.2892822,
            5.3564595
          ],
          [
            100.2892821,
            5.3564594
          ],
          [
            100.2892821,
            5.3564593
          ],
          [
            100.289282,
            5.3564593
          ],
          [
            100.2892819,
            5.3564592
          ],
          [
            100.2892819,
            5.3564592
          ],
          [
            100.2892818,
            5.3564591
          ],
          [
            100.2892818,
            5.3564591
          ],
          [
            100.2892817,
            5.356459
          ],
          [
            100.2892817,
            5.356459
          ],
          [
            100.2892816,
            5.3564589
          ],
          [
            100.2892816,
            5.3564589
          ],
          [
            100.2892815,
            5.3564589
          ],
          [
            100.2892814,
            5.3564588
          ],
          [
            100.2892814,
            5.3564588
          ],
          [
            100.2892814,
            5.3564588
          ],
          [
            100.2892813,
            5.3564587
          ],
          [
            100.2892813,
            5.3564587
          ],
          [
            100.2892812,
            5.3564587
          ],
          [
            100.2892812,
            5.3564586
          ],
          [
            100.2892811,
            5.3564586
          ],
          [
            100.2892811,
            5.3564586
          ],
          [
            100.289281,
            5.3564585
          ],
          [
            100.289281,
            5.3564585
          ],
          [
            100.289281,
            5.3564585
          ],
          [
            100.2892809,
            5.3564585
          ],
          [
            100.2892809,
            5.3564584
          ],
          [
            100.2892809,
            5.3564584
          ],
          [
            100.2892808,
            5.3564584
          ],
          [
            100.2892808,
            5.3564583
          ],
          [
            100.2892808,
            5.3564583
          ],
          [
            100.2892807,
            5.3564583
          ],
          [
            100.2892807,
            5.3564582
          ],
          [
            100.2892807,
            5.3564582
          ],
          [
            100.2892807,
            5.3564582
          ],
          [
            100.2892807,
            5.3564582
          ],
          [
            100.2892806,
            5.3564581
          ],
          [
            100.2892806,
            5.3564581
          ],
          [
            100.2892806,
            5.3564581
          ],
          [
            100.2892806,
            5.356458
          ],
          [
            100.2892806,
            5.356458
          ],
          [
            100.2892805,
            5.356458
          ],
          [
            100.2892805,
            5.356458
          ],
          [
            100.2892805,
            5.3564579
          ],
          [
            100.2892805,
            5.3564579
          ],
          [
            100.2892804,
            5.3564579
          ],
          [
            100.2892804,
            5.3564579
          ],
          [
            100.2892804,
            5.3564578
          ],
          [
            100.2892804,
            5.3564578
          ],
          [
            100.2892804,
            5.3564578
          ],
          [
            100.2892803,
            5.3564578
          ],
          [
            100.2892803,
            5.3564577
          ],
          [
            100.2892803,
            5.3564577
          ],
          [
            100.2892803,
            5.3564577
          ],
          [
            100.2892802,
            5.3564577
          ],
          [
            100.2892802,
            5.3564577
          ],
          [
            100.2892802,
            5.3564577
          ],
          [
            100.2892802,
            5.3564577
          ],
          [
            100.2892801,
            5.3564576
          ],
          [
            100.2892801,
            5.3564576
          ],
          [
            100.2892801,
            5.3564576
          ],
          [
            100.2892801,
            5.3564576
          ],
          [
            100.28928,
            5.3564576
          ],
          [
            100.28928,
            5.3564576
          ],
          [
            100.28928,
            5.3564576
          ],
          [
            100.28928,
            5.3564576
          ],
          [
            100.28928,
            5.3564575
          ],
          [
            100.2892799,
            5.3564575
          ],
          [
            100.2892799,
            5.3564575
          ],
          [
            100.2892799,
            5.3564575
          ],
          [
            100.2892799,
            5.3564575
          ],
          [
            100.2892799,
            5.3564575
          ],
          [
            100.2892799,
            5.3564574
          ],
          [
            100.2892799,
            5.3564574
          ],
          [
            100.2892798,
            5.3564574
          ],
          [
            100.2892798,
            5.3564574
          ],
          [
            100.2892798,
            5.3564574
          ],
          [
            100.2892798,
            5.3564573
          ],
          [
            100.2892798,
            5.3564573
          ],
          [
            100.2892798,
            5.3564573
          ],
          [
            100.2892798,
            5.3564573
          ],
          [
            100.2892798,
            5.3564573
          ],
          [
            100.2892799,
            5.3564573
          ],
          [
            100.2892799,
            5.3564573
          ],
          [
            100.2892799,
            5.3564572
          ],
          [
            100.2892799,
            5.3564572
          ],
          [
            100.2892799,
            5.3564572
          ],
          [
            100.28928,
            5.3564572
          ],
          [
            100.28928,
            5.3564572
          ],
          [
            100.28928,
            5.3564572
          ],
          [
            100.2892801,
            5.3564572
          ],
          [
            100.2892801,
            5.3564572
          ],
          [
            100.2892801,
            5.3564572
          ],
          [
            100.2892802,
            5.3564572
          ],
          [
            100.2892802,
            5.3564572
          ],
          [
            100.2892802,
            5.3564572
          ],
          [
            100.2892803,
            5.3564572
          ],
          [
            100.2892803,
            5.3564572
          ],
          [
            100.2892803,
            5.3564571
          ],
          [
            100.2892804,
            5.3564571
          ],
          [
            100.2892804,
            5.3564571
          ],
          [
            100.2892804,
            5.3564571
          ],
          [
            100.2892805,
            5.3564571
          ],
          [
            100.2892805,
            5.3564571
          ],
          [
            100.2892805,
            5.3564571
          ],
          [
            100.2892806,
            5.3564571
          ],
          [
            100.2892806,
            5.3564571
          ],
          [
            100.2892806,
            5.3564571
          ],
          [
            100.2892807,
            5.3564571
          ],
          [
            100.2892807,
            5.356457
          ],
          [
            100.2892807,
            5.356457
          ],
          [
            100.2892808,
            5.356457
          ],
          [
            100.2892808,
            5.356457
          ],
          [
            100.2892808,
            5.356457
          ],
          [
            100.2892809,
            5.3564569
          ],
          [
            100.2892809,
            5.3564569
          ],
          [
            100.2892809,
            5.3564569
          ],
          [
            100.289281,
            5.3564569
          ],
          [
            100.289281,
            5.3564568
          ],
          [
            100.289281,
            5.3564568
          ],
          [
            100.289281,
            5.3564568
          ],
          [
            100.2892811,
            5.3564567
          ],
          [
            100.2892811,
            5.3564567
          ],
          [
            100.2892811,
            5.3564567
          ],
          [
            100.2892811,
            5.3564566
          ],
          [
            100.2892811,
            5.3564566
          ],
          [
            100.2892811,
            5.3564565
          ],
          [
            100.2892811,
            5.3564565
          ],
          [
            100.2892811,
            5.3564565
          ],
          [
            100.2892812,
            5.3564564
          ],
          [
            100.2892811,
            5.3564563
          ],
          [
            100.2892811,
            5.3564563
          ],
          [
            100.2892811,
            5.3564562
          ],
          [
            100.2892811,
            5.3564562
          ],
          [
            100.2892811,
            5.3564561
          ],
          [
            100.2892811,
            5.356456
          ],
          [
            100.2892811,
            5.356456
          ],
          [
            100.289281,
            5.3564559
          ],
          [
            100.289281,
            5.3564558
          ],
          [
            100.289281,
            5.3564558
          ],
          [
            100.2892809,
            5.3564557
          ],
          [
            100.2892809,
            5.3564556
          ],
          [
            100.2892809,
            5.3564555
          ],
          [
            100.2892808,
            5.3564554
          ],
          [
            100.2892808,
            5.3564553
          ],
          [
            100.2892807,
            5.3564552
          ],
          [
            100.2892807,
            5.3564551
          ],
          [
            100.2892806,
            5.3564551
          ],
          [
            100.2892805,
            5.356455
          ],
          [
            100.2892805,
            5.3564549
          ],
          [
            100.2892804,
            5.3564548
          ],
          [
            100.2892803,
            5.3564547
          ],
          [
            100.2892803,
            5.3564546
          ],
          [
            100.2892802,
            5.3564545
          ],
          [
            100.2892801,
            5.3564544
          ],
          [
            100.28928,
            5.3564543
          ],
          [
            100.28928,
            5.3564542
          ],
          [
            100.2892799,
            5.3564541
          ],
          [
            100.2892798,
            5.356454
          ],
          [
            100.2892798,
            5.3564539
          ],
          [
            100.2892797,
            5.3564538
          ],
          [
            100.2892797,
            5.3564537
          ],
          [
            100.2892796,
            5.3564536
          ],
          [
            100.2892795,
            5.3564536
          ],
          [
            100.2892795,
            5.3564535
          ],
          [
            100.2892794,
            5.3564534
          ],
          [
            100.2892794,
            5.3564533
          ],
          [
            100.2892793,
            5.3564532
          ],
          [
            100.2892793,
            5.3564532
          ],
          [
            100.2892792,
            5.3564531
          ],
          [
            100.2892792,
            5.356453
          ],
          [
            100.2892791,
            5.3564529
          ],
          [
            100.2892791,
            5.3564529
          ],
          [
            100.289279,
            5.3564528
          ],
          [
            100.289279,
            5.3564527
          ],
          [
            100.289279,
            5.3564527
          ],
          [
            100.2892789,
            5.3564526
          ],
          [
            100.2892789,
            5.3564526
          ],
          [
            100.2892789,
            5.3564525
          ],
          [
            100.2892788,
            5.3564524
          ],
          [
            100.2892788,
            5.3564524
          ],
          [
            100.2892788,
            5.3564523
          ],
          [
            100.2892788,
            5.3564523
          ],
          [
            100.2892787,
            5.3564522
          ],
          [
            100.2892787,
            5.3564522
          ],
          [
            100.2892787,
            5.3564521
          ],
          [
            100.2892787,
            5.3564521
          ],
          [
            100.2892787,
            5.3564521
          ],
          [
            100.2892787,
            5.356452
          ],
          [
            100.2892787,
            5.356452
          ],
          [
            100.2892787,
            5.356452
          ],
          [
            100.2892787,
            5.3564519
          ],
          [
            100.2892787,
            5.3564519
          ],
          [
            100.2892788,
            5.3564519
          ],
          [
            100.2892788,
            5.3564519
          ],
          [
            100.2892788,
            5.3564519
          ],
          [
            100.2892789,
            5.3564519
          ],
          [
            100.2892789,
            5.3564519
          ],
          [
            100.2892789,
            5.3564519
          ],
          [
            100.289279,
            5.3564519
          ],
          [
            100.289279,
            5.3564519
          ],
          [
            100.2892791,
            5.3564519
          ],
          [
            100.2892791,
            5.3564519
          ],
          [
            100.2892792,
            5.3564519
          ],
          [
            100.2892792,
            5.3564519
          ],
          [
            100.2892793,
            5.356452
          ],
          [
            100.2892793,
            5.356452
          ],
          [
            100.2892794,
            5.356452
          ],
          [
            100.2892794,
            5.356452
          ],
          [
            100.2892795,
            5.3564521
          ],
          [
            100.2892796,
            5.3564521
          ],
          [
            100.2892796,
            5.3564521
          ],
          [
            100.2892797,
            5.3564521
          ],
          [
            100.2892797,
            5.3564522
          ],
          [
            100.2892798,
            5.3564522
          ],
          [
            100.2892799,
            5.3564522
          ],
          [
            100.2892799,
            5.3564523
          ],
          [
            100.28928,
            5.3564523
          ],
          [
            100.2892801,
            5.3564523
          ],
          [
            100.2892801,
            5.3564524
          ],
          [
            100.2892802,
            5.3564524
          ],
          [
            100.2892803,
            5.3564524
          ],
          [
            100.2892803,
            5.3564525
          ],
          [
            100.2892804,
            5.3564525
          ],
          [
            100.2892805,
            5.3564525
          ],
          [
            100.2892805,
            5.3564526
          ],
          [
            100.2892806,
            5.3564526
          ],
          [
            100.2892807,
            5.3564526
          ],
          [
            100.2892807,
            5.3564527
          ],
          [
            100.2892808,
            5.3564527
          ],
          [
            100.2892809,
            5.3564527
          ],
          [
            100.2892809,
            5.3564528
          ],
          [
            100.289281,
            5.3564528
          ],
          [
            100.2892811,
            5.3564528
          ],
          [
            100.2892811,
            5.3564528
          ],
          [
            100.2892812,
            5.3564529
          ],
          [
            100.2892812,
            5.3564529
          ],
          [
            100.2892813,
            5.3564529
          ],
          [
            100.2892814,
            5.356453
          ],
          [
            100.2892814,
            5.356453
          ],
          [
            100.2892815,
            5.356453
          ],
          [
            100.2892816,
            5.3564531
          ],
          [
            100.2892816,
            5.3564531
          ],
          [
            100.2892817,
            5.3564531
          ],
          [
            100.2892818,
            5.3564532
          ],
          [
            100.2892818,
            5.3564532
          ],
          [
            100.2892819,
            5.3564532
          ],
          [
            100.289282,
            5.3564533
          ],
          [
            100.289282,
            5.3564533
          ],
          [
            100.2892821,
            5.3564533
          ],
          [
            100.2892822,
            5.3564534
          ],
          [
            100.2892822,
            5.3564534
          ],
          [
            100.2892823,
            5.3564535
          ],
          [
            100.2892824,
            5.3564535
          ],
          [
            100.2892825,
            5.3564536
          ],
          [
            100.2892825,
            5.3564536
          ],
          [
            100.2892826,
            5.3564536
          ],
          [
            100.2892827,
            5.3564537
          ],
          [
            100.2892827,
            5.3564537
          ],
          [
            100.2892828,
            5.3564538
          ],
          [
            100.2892829,
            5.3564538
          ],
          [
            100.289283,
            5.3564539
          ],
          [
            100.2892831,
            5.3564539
          ],
          [
            100.2892831,
            5.356454
          ],
          [
            100.2892832,
            5.356454
          ],
          [
            100.2892833,
            5.3564541
          ],
          [
            100.2892834,
            5.3564542
          ],
          [
            100.2892834,
            5.3564542
          ],
          [
            100.2892835,
            5.3564543
          ],
          [
            100.2892836,
            5.3564544
          ],
          [
            100.2892837,
            5.3564544
          ],
          [
            100.2892838,
            5.3564545
          ],
          [
            100.2892838,
            5.3564546
          ],
          [
            100.2892839,
            5.3564546
          ],
          [
            100.289284,
            5.3564547
          ],
          [
            100.2892841,
            5.3564548
          ],
          [
            100.2892841,
            5.3564548
          ],
          [
            100.2892842,
            5.3564549
          ],
          [
            100.2892843,
            5.356455
          ],
          [
            100.2892844,
            5.356455
          ],
          [
            100.2892844,
            5.3564551
          ],
          [
            100.2892845,
            5.3564552
          ],
          [
            100.2892846,
            5.3564553
          ],
          [
            100.2892847,
            5.3564554
          ],
          [
            100.2892847,
            5.3564554
          ],
          [
            100.2892848,
            5.3564555
          ],
          [
            100.2892849,
            5.3564556
          ],
          [
            100.289285,
            5.3564557
          ],
          [
            100.289285,
            5.3564558
          ],
          [
            100.2892851,
            5.3564559
          ],
          [
            100.2892852,
            5.356456
          ],
          [
            100.2892853,
            5.3564561
          ],
          [
            100.2892853,
            5.3564562
          ],
          [
            100.2892854,
            5.3564563
          ],
          [
            100.2892855,
            5.3564564
          ],
          [
            100.2892856,
            5.3564565
          ],
          [
            100.2892856,
            5.3564566
          ],
          [
            100.2892857,
            5.3564567
          ],
          [
            100.2892858,
            5.3564568
          ],
          [
            100.2892859,
            5.3564569
          ],
          [
            100.2892859,
            5.356457
          ],
          [
            100.289286,
            5.3564571
          ],
          [
            100.2892861,
            5.3564572
          ],
          [
            100.2892861,
            5.3564573
          ],
          [
            100.2892862,
            5.3564574
          ],
          [
            100.2892862,
            5.3564575
          ],
          [
            100.2892863,
            5.3564576
          ],
          [
            100.2892864,
            5.3564578
          ],
          [
            100.2892864,
            5.3564579
          ],
          [
            100.2892865,
            5.356458
          ],
          [
            100.2892866,
            5.3564581
          ],
          [
            100.2892866,
            5.3564582
          ],
          [
            100.2892867,
            5.3564583
          ],
          [
            100.2892867,
            5.3564584
          ],
          [
            100.2892867,
            5.3564585
          ],
          [
            100.2892868,
            5.3564586
          ],
          [
            100.2892868,
            5.3564587
          ],
          [
            100.2892869,
            5.3564588
          ],
          [
            100.2892869,
            5.3564589
          ],
          [
            100.2892869,
            5.356459
          ],
          [
            100.2892869,
            5.356459
          ],
          [
            100.2892869,
            5.3564591
          ],
          [
            100.289287,
            5.3564592
          ],
          [
            100.289287,
            5.3564593
          ],
          [
            100.289287,
            5.3564594
          ],
          [
            100.289287,
            5.3564594
          ],
          [
            100.289287,
            5.3564595
          ],
          [
            100.289287,
            5.3564596
          ],
          [
            100.2892869,
            5.3564597
          ],
          [
            100.2892869,
            5.3564597
          ],
          [
            100.2892869,
            5.3564598
          ],
          [
            100.2892869,
            5.3564598
          ],
          [
            100.2892869,
            5.3564599
          ],
          [
            100.2892868,
            5.3564599
          ],
          [
            100.2892868,
            5.35646
          ],
          [
            100.2892868,
            5.35646
          ],
          [
            100.2892867,
            5.3564601
          ],
          [
            100.2892867,
            5.3564601
          ],
          [
            100.2892867,
            5.3564602
          ],
          [
            100.2892866,
            5.3564602
          ],
          [
            100.2892866,
            5.3564602
          ],
          [
            100.2892865,
            5.3564602
          ],
          [
            100.2892865,
            5.3564603
          ],
          [
            100.2892864,
            5.3564603
          ],
          [
            100.2892864,
            5.3564603
          ],
          [
            100.2892863,
            5.3564603
          ],
          [
            100.2892863,
            5.3564603
          ],
          [
            100.2892862,
            5.3564603
          ],
          [
            100.2892862,
            5.3564603
          ],
          [
            100.2892861,
            5.3564603
          ],
          [
            100.289286,
            5.3564603
          ],
          [
            100.289286,
            5.3564603
          ],
          [
            100.2892859,
            5.3564602
          ],
          [
            100.2892858,
            5.3564602
          ],
          [
            100.2892858,
            5.3564602
          ],
          [
            100.2892857,
            5.3564602
          ],
          [
            100.2892857,
            5.3564601
          ],
          [
            100.2892856,
            5.3564601
          ],
          [
            100.2892855,
            5.3564601
          ],
          [
            100.2892855,
            5.35646
          ],
          [
            100.2892854,
            5.35646
          ],
          [
            100.2892853,
            5.3564599
          ],
          [
            100.2892852,
            5.3564599
          ],
          [
            100.2892852,
            5.3564598
          ],
          [
            100.2892851,
            5.3564598
          ],
          [
            100.289285,
            5.3564597
          ],
          [
            100.2892849,
            5.3564597
          ],
          [
            100.2892848,
            5.3564596
          ],
          [
            100.2892847,
            5.3564596
          ],
          [
            100.2892846,
            5.3564595
          ],
          [
            100.2892846,
            5.3564594
          ],
          [
            100.2892845,
            5.3564594
          ],
          [
            100.2892844,
            5.3564593
          ],
          [
            100.2892843,
            5.3564593
          ],
          [
            100.2892842,
            5.3564592
          ],
          [
            100.2892841,
            5.3564592
          ],
          [
            100.289284,
            5.3564591
          ],
          [
            100.2892839,
            5.356459
          ],
          [
            100.2892839,
            5.356459
          ],
          [
            100.2892838,
            5.3564589
          ],
          [
            100.2892837,
            5.3564589
          ],
          [
            100.2892836,
            5.3564588
          ],
          [
            100.2892835,
            5.3564588
          ],
          [
            100.2892834,
            5.3564587
          ],
          [
            100.2892834,
            5.3564587
          ],
          [
            100.2892833,
            5.3564587
          ],
          [
            100.2892832,
            5.3564586
          ],
          [
            100.2892831,
            5.3564586
          ],
          [
            100.289283,
            5.3564585
          ],
          [
            100.2892829,
            5.3564585
          ],
          [
            100.2892828,
            5.3564584
          ],
          [
            100.2892827,
            5.3564584
          ],
          [
            100.2892827,
            5.3564584
          ],
          [
            100.2892826,
            5.3564583
          ],
          [
            100.2892825,
            5.3564583
          ],
          [
            100.2892824,
            5.3564582
          ],
          [
            100.2892823,
            5.3564582
          ],
          [
            100.2892822,
            5.3564582
          ],
          [
            100.2892821,
            5.3564581
          ],
          [
            100.2892819,
            5.3564581
          ],
          [
            100.2892818,
            5.3564581
          ],
          [
            100.2892817,
            5.356458
          ],
          [
            100.2892816,
            5.356458
          ],
          [
            100.2892815,
            5.356458
          ],
          [
            100.2892814,
            5.3564579
          ],
          [
            100.2892813,
            5.3564579
          ],
          [
            100.2892811,
            5.3564579
          ],
          [
            100.289281,
            5.3564578
          ],
          [
            100.2892809,
            5.3564578
          ],
          [
            100.2892808,
            5.3564577
          ],
          [
            100.2892806,
            5.3564577
          ],
          [
            100.2892805,
            5.3564577
          ],
          [
            100.2892804,
            5.3564576
          ],
          [
            100.2892802,
            5.3564576
          ],
          [
            100.2892801,
            5.3564575
          ],
          [
            100.28928,
            5.3564575
          ],
          [
            100.2892798,
            5.3564574
          ],
          [
            100.2892797,
            5.3564574
          ],
          [
            100.2892796,
            5.3564574
          ],
          [
            100.2892794,
            5.3564573
          ],
          [
            100.2892793,
            5.3564573
          ],
          [
            100.2892791,
            5.3564572
          ],
          [
            100.289279,
            5.3564572
          ],
          [
            100.2892788,
            5.3564571
          ],
          [
            100.2892786,
            5.3564571
          ],
          [
            100.2892785,
            5.356457
          ],
          [
            100.2892783,
            5.3564569
          ],
          [
            100.2892781,
            5.3564569
          ],
          [
            100.289278,
            5.3564568
          ],
          [
            100.2892778,
            5.3564568
          ],
          [
            100.2892776,
            5.3564567
          ],
          [
            100.2892774,
            5.3564566
          ],
          [
            100.2892772,
            5.3564566
          ],
          [
            100.289277,
            5.3564565
          ],
          [
            100.2892767,
            5.3564564
          ],
          [
            100.2892765,
            5.3564563
          ],
          [
            100.2892763,
            5.3564563
          ],
          [
            100.2892761,
            5.3564562
          ],
          [
            100.2892758,
            5.3564561
          ],
          [
            100.2892756,
            5.356456
          ],
          [
            100.2892754,
            5.3564559
          ],
          [
            100.2892751,
            5.3564559
          ],
          [
            100.2892749,
            5.3564558
          ],
          [
            100.2892747,
            5.3564557
          ],
          [
            100.2892744,
            5.3564556
          ],
          [
            100.2892742,
            5.3564555
          ],
          [
            100.2892739,
            5.3564554
          ],
          [
            100.2892737,
            5.3564553
          ],
          [
            100.2892735,
            5.3564553
          ],
          [
            100.2892732,
            5.3564552
          ],
          [
            100.289273,
            5.3564551
          ],
          [
            100.2892728,
            5.356455
          ],
          [
            100.2892725,
            5.3564549
          ],
          [
            100.2892723,
            5.3564548
          ],
          [
            100.289272,
            5.3564547
          ],
          [
            100.2892718,
            5.3564546
          ],
          [
            100.2892716,
            5.3564546
          ],
          [
            100.2892713,
            5.3564545
          ],
          [
            100.2892711,
            5.3564544
          ],
          [
            100.2892709,
            5.3564543
          ],
          [
            100.2892706,
            5.3564542
          ],
          [
            100.2892704,
            5.3564541
          ],
          [
            100.2892702,
            5.356454
          ],
          [
            100.2892699,
            5.3564539
          ],
          [
            100.2892697,
            5.3564539
          ],
          [
            100.2892695,
            5.3564538
          ],
          [
            100.2892693,
            5.3564537
          ],
          [
            100.2892691,
            5.3564536
          ],
          [
            100.2892689,
            5.3564536
          ],
          [
            100.2892687,
            5.3564535
          ],
          [
            100.2892684,
            5.3564534
          ],
          [
            100.2892682,
            5.3564534
          ],
          [
            100.2892681,
            5.3564533
          ],
          [
            100.2892679,
            5.3564532
          ],
          [
            100.2892677,
            5.3564532
          ],
          [
            100.2892675,
            5.3564531
          ],
          [
            100.2892673,
            5.356453
          ],
          [
            100.2892671,
            5.356453
          ],
          [
            100.2892669,
            5.3564529
          ],
          [
            100.2892668,
            5.3564529
          ],
          [
            100.2892666,
            5.3564528
          ],
          [
            100.2892665,
            5.3564528
          ],
          [
            100.2892663,
            5.3564527
          ],
          [
            100.2892662,
            5.3564527
          ],
          [
            100.2892661,
            5.3564526
          ],
          [
            100.2892659,
            5.3564526
          ],
          [
            100.2892658,
            5.3564525
          ],
          [
            100.2892657,
            5.3564525
          ],
          [
            100.2892656,
            5.3564524
          ],
          [
            100.2892655,
            5.3564524
          ],
          [
            100.2892655,
            5.3564523
          ],
          [
            100.2892654,
            5.3564523
          ],
          [
            100.2892653,
            5.3564523
          ],
          [
            100.2892653,
            5.3564522
          ],
          [
            100.2892652,
            5.3564522
          ],
          [
            100.2892652,
            5.3564521
          ],
          [
            100.2892651,
            5.3564521
          ],
          [
            100.2892651,
            5.356452
          ],
          [
            100.289265,
            5.356452
          ],
          [
            100.289265,
            5.356452
          ],
          [
            100.289265,
            5.3564519
          ],
          [
            100.2892649,
            5.3564519
          ],
          [
            100.2892649,
            5.3564518
          ],
          [
            100.2892649,
            5.3564518
          ],
          [
            100.2892649,
            5.3564517
          ],
          [
            100.2892649,
            5.3564517
          ],
          [
            100.2892648,
            5.3564516
          ],
          [
            100.2892648,
            5.3564516
          ],
          [
            100.2892648,
            5.3564515
          ],
          [
            100.2892648,
            5.3564515
          ],
          [
            100.2892648,
            5.3564514
          ],
          [
            100.2892648,
            5.3564514
          ],
          [
            100.2892648,
            5.3564513
          ],
          [
            100.2892648,
            5.3564512
          ],
          [
            100.2892648,
            5.3564512
          ],
          [
            100.2892648,
            5.3564511
          ],
          [
            100.2892648,
            5.3564511
          ],
          [
            100.2892648,
            5.356451
          ],
          [
            100.2892648,
            5.3564509
          ],
          [
            100.2892648,
            5.3564509
          ],
          [
            100.2892648,
            5.3564508
          ],
          [
            100.2892648,
            5.3564507
          ],
          [
            100.2892648,
            5.3564507
          ],
          [
            100.2892648,
            5.3564506
          ],
          [
            100.2892648,
            5.3564505
          ],
          [
            100.2892648,
            5.3564505
          ],
          [
            100.2892648,
            5.3564504
          ],
          [
            100.2892648,
            5.3564503
          ],
          [
            100.2892648,
            5.3564502
          ],
          [
            100.2892648,
            5.3564502
          ],
          [
            100.2892648,
            5.3564501
          ],
          [
            100.2892648,
            5.35645
          ],
          [
            100.2892647,
            5.3564499
          ],
          [
            100.2892647,
            5.3564499
          ],
          [
            100.2892647,
            5.3564498
          ],
          [
            100.2892647,
            5.3564497
          ],
          [
            100.2892647,
            5.3564496
          ],
          [
            100.2892646,
            5.3564495
          ],
          [
            100.2892646,
            5.3564494
          ],
          [
            100.2892646,
            5.3564493
          ],
          [
            100.2892645,
            5.3564492
          ],
          [
            100.2892645,
            5.3564492
          ],
          [
            100.2892644,
            5.3564491
          ],
          [
            100.2892643,
            5.356449
          ],
          [
            100.2892643,
            5.3564489
          ],
          [
            100.2892642,
            5.3564488
          ],
          [
            100.2892641,
            5.3564487
          ],
          [
            100.289264,
            5.3564486
          ],
          [
            100.289264,
            5.3564485
          ],
          [
            100.2892639,
            5.3564484
          ],
          [
            100.2892638,
            5.3564483
          ],
          [
            100.2892637,
            5.3564482
          ],
          [
            100.2892636,
            5.3564481
          ],
          [
            100.2892634,
            5.356448
          ],
          [
            100.2892633,
            5.3564479
          ],
          [
            100.2892632,
            5.3564478
          ],
          [
            100.2892631,
            5.3564477
          ],
          [
            100.289263,
            5.3564476
          ],
          [
            100.2892629,
            5.3564475
          ],
          [
            100.2892627,
            5.3564474
          ],
          [
            100.2892626,
            5.3564473
          ],
          [
            100.2892625,
            5.3564472
          ],
          [
            100.2892624,
            5.3564471
          ],
          [
            100.2892623,
            5.356447
          ],
          [
            100.2892621,
            5.3564469
          ],
          [
            100.289262,
            5.3564468
          ],
          [
            100.2892619,
            5.3564467
          ],
          [
            100.2892618,
            5.3564466
          ],
          [
            100.2892616,
            5.3564465
          ],
          [
            100.2892615,
            5.3564464
          ],
          [
            100.2892614,
            5.3564464
          ],
          [
            100.2892613,
            5.3564463
          ],
          [
            100.2892611,
            5.3564462
          ],
          [
            100.289261,
            5.3564461
          ],
          [
            100.2892609,
            5.356446
          ],
          [
            100.2892608,
            5.3564459
          ],
          [
            100.2892607,
            5.3564458
          ],
          [
            100.2892605,
            5.3564457
          ],
          [
            100.2892604,
            5.3564457
          ],
          [
            100.2892603,
            5.3564456
          ],
          [
            100.2892602,
            5.3564455
          ],
          [
            100.2892601,
            5.3564454
          ],
          [
            100.28926,
            5.3564453
          ],
          [
            100.2892599,
            5.3564452
          ],
          [
            100.2892598,
            5.3564452
          ],
          [
            100.2892597,
            5.3564451
          ],
          [
            100.2892596,
            5.356445
          ],
          [
            100.2892595,
            5.3564449
          ],
          [
            100.2892594,
            5.3564449
          ],
          [
            100.2892593,
            5.3564448
          ],
          [
            100.2892593,
            5.3564447
          ],
          [
            100.2892592,
            5.3564447
          ],
          [
            100.2892591,
            5.3564446
          ],
          [
            100.2892591,
            5.3564446
          ],
          [
            100.289259,
            5.3564445
          ],
          [
            100.2892589,
            5.3564445
          ],
          [
            100.2892589,
            5.3564444
          ],
          [
            100.2892588,
            5.3564444
          ],
          [
            100.2892588,
            5.3564444
          ],
          [
            100.2892587,
            5.3564443
          ],
          [
            100.2892587,
            5.3564443
          ],
          [
            100.2892587,
            5.3564443
          ],
          [
            100.2892586,
            5.3564442
          ],
          [
            100.2892586,
            5.3564442
          ],
          [
            100.2892586,
            5.3564442
          ],
          [
            100.2892585,
            5.3564442
          ],
          [
            100.2892585,
            5.3564442
          ],
          [
            100.2892585,
            5.3564441
          ],
          [
            100.2892585,
            5.3564441
          ],
          [
            100.2892585,
            5.3564441
          ],
          [
            100.2892585,
            5.3564441
          ],
          [
            100.2892585,
            5.3564441
          ],
          [
            100.2892585,
            5.3564441
          ],
          [
            100.2892585,
            5.3564441
          ],
          [
            100.2892585,
            5.3564441
          ],
          [
            100.2892585,
            5.3564441
          ],
          [
            100.2892585,
            5.3564441
          ],
          [
            100.2892585,
            5.3564441
          ],
          [
            100.2892585,
            5.3564441
          ],
          [
            100.2892586,
            5.3564441
          ],
          [
            100.2892586,
            5.3564441
          ],
          [
            100.2892586,
            5.3564441
          ],
          [
            100.2892587,
            5.3564441
          ],
          [
            100.2892587,
            5.3564441
          ],
          [
            100.2892587,
            5.3564441
          ],
          [
            100.2892588,
            5.3564442
          ],
          [
            100.2892588,
            5.3564442
          ],
          [
            100.2892589,
            5.3564442
          ],
          [
            100.2892589,
            5.3564442
          ],
          [
            100.289259,
            5.3564443
          ],
          [
            100.289259,
            5.3564443
          ],
          [
            100.2892591,
            5.3564443
          ],
          [
            100.2892591,
            5.3564444
          ],
          [
            100.2892592,
            5.3564444
          ],
          [
            100.2892592,
            5.3564445
          ],
          [
            100.2892593,
            5.3564445
          ],
          [
            100.2892594,
            5.3564445
          ],
          [
            100.2892594,
            5.3564446
          ],
          [
            100.2892595,
            5.3564446
          ],
          [
            100.2892596,
            5.3564447
          ],
          [
            100.2892596,
            5.3564447
          ],
          [
            100.2892597,
            5.3564448
          ],
          [
            100.2892598,
            5.3564448
          ],
          [
            100.2892599,
            5.3564449
          ],
          [
            100.2892599,
            5.356445
          ],
          [
            100.28926,
            5.356445
          ],
          [
            100.2892601,
            5.3564451
          ],
          [
            100.2892602,
            5.3564451
          ],
          [
            100.2892602,
            5.3564452
          ],
          [
            100.2892603,
            5.3564452
          ],
          [
            100.2892604,
            5.3564453
          ],
          [
            100.2892605,
            5.3564454
          ],
          [
            100.2892605,
            5.3564454
          ],
          [
            100.2892606,
            5.3564455
          ],
          [
            100.2892607,
            5.3564455
          ],
          [
            100.2892608,
            5.3564456
          ],
          [
            100.2892608,
            5.3564456
          ],
          [
            100.2892609,
            5.3564456
          ],
          [
            100.289261,
            5.3564457
          ],
          [
            100.2892611,
            5.3564457
          ],
          [
            100.2892611,
            5.3564458
          ],
          [
            100.2892612,
            5.3564458
          ],
          [
            100.2892613,
            5.3564459
          ],
          [
            100.2892613,
            5.3564459
          ],
          [
            100.2892614,
            5.356446
          ],
          [
            100.2892615,
            5.356446
          ],
          [
            100.2892615,
            5.356446
          ],
          [
            100.2892616,
            5.3564461
          ],
          [
            100.2892616,
            5.3564461
          ],
          [
            100.2892617,
            5.3564462
          ],
          [
            100.2892617,
            5.3564462
          ],
          [
            100.2892618,
            5.3564463
          ],
          [
            100.2892618,
            5.3564463
          ],
          [
            100.2892618,
            5.3564464
          ],
          [
            100.2892619,
            5.3564464
          ],
          [
            100.2892619,
            5.3564464
          ],
          [
            100.2892619,
            5.3564465
          ],
          [
            100.289262,
            5.3564465
          ],
          [
            100.289262,
            5.3564465
          ],
          [
            100.289262,
            5.3564466
          ],
          [
            100.289262,
            5.3564466
          ],
          [
            100.289262,
            5.3564466
          ],
          [
            100.289262,
            5.3564467
          ],
          [
            100.289262,
            5.3564467
          ],
          [
            100.289262,
            5.3564467
          ],
          [
            100.289262,
            5.3564468
          ],
          [
            100.289262,
            5.3564468
          ],
          [
            100.289262,
            5.3564469
          ],
          [
            100.289262,
            5.3564469
          ],
          [
            100.289262,
            5.3564469
          ],
          [
            100.2892619,
            5.356447
          ],
          [
            100.2892619,
            5.356447
          ],
          [
            100.2892619,
            5.356447
          ],
          [
            100.2892619,
            5.3564471
          ],
          [
            100.2892619,
            5.3564471
          ],
          [
            100.2892619,
            5.3564472
          ],
          [
            100.2892619,
            5.3564472
          ],
          [
            100.2892618,
            5.3564472
          ],
          [
            100.2892618,
            5.3564473
          ],
          [
            100.2892618,
            5.3564473
          ],
          [
            100.2892618,
            5.3564474
          ],
          [
            100.2892617,
            5.3564474
          ],
          [
            100.2892617,
            5.3564475
          ],
          [
            100.2892617,
            5.3564475
          ],
          [
            100.2892617,
            5.3564476
          ],
          [
            100.2892617,
            5.3564476
          ],
          [
            100.2892616,
            5.3564477
          ],
          [
            100.2892616,
            5.3564477
          ],
          [
            100.2892616,
            5.3564478
          ],
          [
            100.2892616,
            5.3564478
          ],
          [
            100.2892615,
            5.3564479
          ],
          [
            100.2892615,
            5.3564479
          ],
          [
            100.2892615,
            5.356448
          ],
          [
            100.2892615,
            5.356448
          ],
          [
            100.2892615,
            5.3564481
          ],
          [
            100.2892615,
            5.3564482
          ],
          [
            100.2892615,
            5.3564482
          ],
          [
            100.2892615,
            5.3564483
          ],
          [
            100.2892614,
            5.3564483
          ],
          [
            100.2892614,
            5.3564484
          ],
          [
            100.2892614,
            5.3564485
          ],
          [
            100.2892614,
            5.3564485
          ],
          [
            100.2892615,
            5.3564486
          ],
          [
            100.2892615,
            5.3564487
          ],
          [
            100.2892615,
            5.3564488
          ],
          [
            100.2892615,
            5.3564488
          ],
          [
            100.2892615,
            5.3564489
          ],
          [
            100.2892616,
            5.356449
          ],
          [
            100.2892616,
            5.356449
          ],
          [
            100.2892616,
            5.3564491
          ],
          [
            100.2892617,
            5.3564492
          ],
          [
            100.2892617,
            5.3564493
          ],
          [
            100.2892618,
            5.3564493
          ],
          [
            100.2892619,
            5.3564494
          ],
          [
            100.2892619,
            5.3564495
          ],
          [
            100.289262,
            5.3564496
          ],
          [
            100.2892621,
            5.3564496
          ],
          [
            100.2892622,
            5.3564497
          ],
          [
            100.2892622,
            5.3564498
          ],
          [
            100.2892623,
            5.3564499
          ],
          [
            100.2892624,
            5.3564499
          ],
          [
            100.2892625,
            5.35645
          ],
          [
            100.2892626,
            5.3564501
          ],
          [
            100.2892627,
            5.3564502
          ],
          [
            100.2892629,
            5.3564502
          ],
          [
            100.289263,
            5.3564503
          ],
          [
            100.2892631,
            5.3564504
          ],
          [
            100.2892632,
            5.3564505
          ],
          [
            100.2892634,
            5.3564505
          ],
          [
            100.2892635,
            5.3564506
          ],
          [
            100.2892637,
            5.3564507
          ],
          [
            100.2892638,
            5.3564508
          ],
          [
            100.289264,
            5.3564508
          ],
          [
            100.2892641,
            5.3564509
          ],
          [
            100.2892643,
            5.356451
          ],
          [
            100.2892644,
            5.356451
          ],
          [
            100.2892646,
            5.3564511
          ],
          [
            100.2892648,
            5.3564512
          ],
          [
            100.2892649,
            5.3564512
          ],
          [
            100.2892651,
            5.3564513
          ],
          [
            100.2892653,
            5.3564514
          ],
          [
            100.2892655,
            5.3564515
          ],
          [
            100.2892656,
            5.3564515
          ],
          [
            100.2892658,
            5.3564516
          ],
          [
            100.289266,
            5.3564517
          ],
          [
            100.2892662,
            5.3564517
          ],
          [
            100.2892664,
            5.3564518
          ],
          [
            100.2892666,
            5.3564519
          ],
          [
            100.2892667,
            5.3564519
          ],
          [
            100.2892669,
            5.356452
          ],
          [
            100.2892671,
            5.356452
          ],
          [
            100.2892673,
            5.3564521
          ],
          [
            100.2892675,
            5.3564522
          ],
          [
            100.2892677,
            5.3564522
          ],
          [
            100.2892679,
            5.3564523
          ],
          [
            100.2892681,
            5.3564523
          ],
          [
            100.2892683,
            5.3564524
          ],
          [
            100.2892685,
            5.3564524
          ],
          [
            100.2892687,
            5.3564525
          ],
          [
            100.2892688,
            5.3564525
          ],
          [
            100.289269,
            5.3564526
          ],
          [
            100.2892692,
            5.3564526
          ],
          [
            100.2892694,
            5.3564526
          ],
          [
            100.2892696,
            5.3564527
          ],
          [
            100.2892698,
            5.3564527
          ],
          [
            100.28927,
            5.3564527
          ],
          [
            100.2892701,
            5.3564528
          ],
          [
            100.2892703,
            5.3564528
          ],
          [
            100.2892705,
            5.3564528
          ],
          [
            100.2892707,
            5.3564529
          ],
          [
            100.2892708,
            5.3564529
          ],
          [
            100.289271,
            5.3564529
          ],
          [
            100.2892711,
            5.356453
          ],
          [
            100.2892713,
            5.356453
          ],
          [
            100.2892715,
            5.356453
          ],
          [
            100.2892716,
            5.356453
          ],
          [
            100.2892717,
            5.356453
          ],
          [
            100.2892719,
            5.3564531
          ],
          [
            100.289272,
            5.3564531
          ],
          [
            100.2892722,
            5.3564531
          ],
          [
            100.2892723,
            5.3564531
          ],
          [
            100.2892724,
            5.3564531
          ],
          [
            100.2892726,
            5.3564532
          ],
          [
            100.2892727,
            5.3564532
          ],
          [
            100.2892728,
            5.3564532
          ],
          [
            100.2892729,
            5.3564532
          ],
          [
            100.289273,
            5.3564532
          ],
          [
            100.2892731,
            5.3564532
          ],
          [
            100.2892732,
            5.3564532
          ],
          [
            100.2892733,
            5.3564532
          ],
          [
            100.2892734,
            5.3564532
          ],
          [
            100.2892735,
            5.3564532
          ],
          [
            100.2892736,
            5.3564531
          ],
          [
            100.2892737,
            5.3564531
          ],
          [
            100.2892738,
            5.3564531
          ],
          [
            100.2892739,
            5.3564531
          ],
          [
            100.289274,
            5.3564531
          ],
          [
            100.2892741,
            5.3564531
          ],
          [
            100.2892741,
            5.356453
          ],
          [
            100.2892742,
            5.356453
          ],
          [
            100.2892743,
            5.356453
          ],
          [
            100.2892744,
            5.356453
          ],
          [
            100.2892744,
            5.3564529
          ],
          [
            100.2892745,
            5.3564529
          ],
          [
            100.2892746,
            5.3564529
          ],
          [
            100.2892746,
            5.3564528
          ],
          [
            100.2892747,
            5.3564528
          ],
          [
            100.2892747,
            5.3564527
          ],
          [
            100.2892748,
            5.3564527
          ],
          [
            100.2892749,
            5.3564527
          ],
          [
            100.2892749,
            5.3564526
          ],
          [
            100.289275,
            5.3564526
          ],
          [
            100.289275,
            5.3564526
          ],
          [
            100.2892751,
            5.3564525
          ],
          [
            100.2892751,
            5.3564525
          ],
          [
            100.2892752,
            5.3564525
          ],
          [
            100.2892752,
            5.3564524
          ],
          [
            100.2892753,
            5.3564524
          ],
          [
            100.2892753,
            5.3564523
          ],
          [
            100.2892753,
            5.3564523
          ],
          [
            100.2892754,
            5.3564523
          ],
          [
            100.2892754,
            5.3564522
          ],
          [
            100.2892755,
            5.3564522
          ],
          [
            100.2892755,
            5.3564521
          ],
          [
            100.2892756,
            5.3564521
          ],
          [
            100.2892756,
            5.3564521
          ],
          [
            100.2892756,
            5.356452
          ],
          [
            100.2892757,
            5.356452
          ],
          [
            100.2892757,
            5.3564519
          ],
          [
            100.2892758,
            5.3564519
          ],
          [
            100.2892758,
            5.3564519
          ],
          [
            100.2892758,
            5.3564518
          ],
          [
            100.2892759,
            5.3564518
          ],
          [
            100.2892759,
            5.3564518
          ],
          [
            100.289276,
            5.3564517
          ],
          [
            100.289276,
            5.3564517
          ],
          [
            100.2892761,
            5.3564516
          ],
          [
            100.2892761,
            5.3564516
          ],
          [
            100.2892762,
            5.3564516
          ],
          [
            100.2892762,
            5.3564515
          ],
          [
            100.2892763,
            5.3564515
          ],
          [
            100.2892763,
            5.3564515
          ],
          [
            100.2892764,
            5.3564514
          ],
          [
            100.2892764,
            5.3564514
          ],
          [
            100.2892765,
            5.3564513
          ],
          [
            100.2892765,
            5.3564513
          ],
          [
            100.2892766,
            5.3564513
          ],
          [
            100.2892766,
            5.3564512
          ],
          [
            100.2892767,
            5.3564512
          ],
          [
            100.2892767,
            5.3564511
          ],
          [
            100.2892768,
            5.3564511
          ],
          [
            100.2892768,
            5.3564511
          ],
          [
            100.2892769,
            5.356451
          ],
          [
            100.2892769,
            5.356451
          ],
          [
            100.289277,
            5.3564509
          ],
          [
            100.289277,
            5.3564509
          ],
          [
            100.2892771,
            5.3564509
          ],
          [
            100.2892771,
            5.3564508
          ],
          [
            100.2892772,
            5.3564508
          ],
          [
            100.2892772,
            5.3564507
          ],
          [
            100.2892772,
            5.3564507
          ],
          [
            100.2892773,
            5.3564506
          ],
          [
            100.2892773,
            5.3564506
          ],
          [
            100.2892774,
            5.3564505
          ],
          [
            100.2892774,
            5.3564505
          ],
          [
            100.2892774,
            5.3564504
          ],
          [
            100.2892775,
            5.3564504
          ],
          [
            100.2892775,
            5.3564503
          ],
          [
            100.2892775,
            5.3564503
          ],
          [
            100.2892776,
            5.3564502
          ],
          [
            100.2892776,
            5.3564502
          ],
          [
            100.2892776,
            5.3564501
          ],
          [
            100.2892776,
            5.35645
          ],
          [
            100.2892777,
            5.35645
          ],
          [
            100.2892777,
            5.3564499
          ],
          [
            100.2892777,
            5.3564498
          ],
          [
            100.2892777,
            5.3564498
          ],
          [
            100.2892777,
            5.3564497
          ],
          [
            100.2892777,
            5.3564496
          ],
          [
            100.2892777,
            5.3564496
          ],
          [
            100.2892777,
            5.3564495
          ],
          [
            100.2892777,
            5.3564494
          ],
          [
            100.2892777,
            5.3564494
          ],
          [
            100.2892777,
            5.3564493
          ],
          [
            100.2892777,
            5.3564493
          ],
          [
            100.2892777,
            5.3564492
          ],
          [
            100.2892777,
            5.3564491
          ],
          [
            100.2892777,
            5.3564491
          ],
          [
            100.2892777,
            5.356449
          ],
          [
            100.2892777,
            5.3564489
          ],
          [
            100.2892777,
            5.3564489
          ],
          [
            100.2892777,
            5.3564488
          ],
          [
            100.2892777,
            5.3564488
          ],
          [
            100.2892777,
            5.3564487
          ],
          [
            100.2892777,
            5.3564486
          ],
          [
            100.2892776,
            5.3564486
          ],
          [
            100.2892776,
            5.3564485
          ],
          [
            100.2892776,
            5.3564485
          ],
          [
            100.2892775,
            5.3564484
          ],
          [
            100.2892775,
            5.3564483
          ],
          [
            100.2892775,
            5.3564483
          ],
          [
            100.2892774,
            5.3564482
          ],
          [
            100.2892774,
            5.3564482
          ],
          [
            100.2892774,
            5.3564481
          ],
          [
            100.2892773,
            5.3564481
          ],
          [
            100.2892773,
            5.356448
          ],
          [
            100.2892772,
            5.356448
          ],
          [
            100.2892772,
            5.3564479
          ],
          [
            100.2892771,
            5.3564479
          ],
          [
            100.2892771,
            5.3564478
          ],
          [
            100.289277,
            5.3564478
          ],
          [
            100.289277,
            5.3564477
          ],
          [
            100.2892769,
            5.3564477
          ],
          [
            100.2892768,
            5.3564476
          ],
          [
            100.2892768,
            5.3564476
          ],
          [
            100.2892767,
            5.3564475
          ],
          [
            100.2892766,
            5.3564475
          ],
          [
            100.2892765,
            5.3564474
          ],
          [
            100.2892764,
            5.3564474
          ],
          [
            100.2892763,
            5.3564473
          ],
          [
            100.2892762,
            5.3564473
          ],
          [
            100.2892761,
            5.3564472
          ],
          [
            100.289276,
            5.3564472
          ],
          [
            100.2892759,
            5.3564471
          ],
          [
            100.2892758,
            5.3564471
          ],
          [
            100.2892757,
            5.356447
          ],
          [
            100.2892756,
            5.356447
          ],
          [
            100.2892755,
            5.3564469
          ],
          [
            100.2892753,
            5.3564469
          ],
          [
            100.2892752,
            5.3564468
          ],
          [
            100.2892751,
            5.3564468
          ],
          [
            100.289275,
            5.3564468
          ],
          [
            100.2892749,
            5.3564467
          ],
          [
            100.2892748,
            5.3564467
          ],
          [
            100.2892746,
            5.3564466
          ],
          [
            100.2892745,
            5.3564466
          ],
          [
            100.2892744,
            5.3564466
          ],
          [
            100.2892743,
            5.3564466
          ],
          [
            100.2892742,
            5.3564465
          ],
          [
            100.289274,
            5.3564465
          ],
          [
            100.2892739,
            5.3564465
          ],
          [
            100.2892738,
            5.3564465
          ],
          [
            100.2892737,
            5.3564464
          ],
          [
            100.2892735,
            5.3564464
          ],
          [
            100.2892734,
            5.3564464
          ],
          [
            100.2892733,
            5.3564464
          ],
          [
            100.2892732,
            5.3564464
          ],
          [
            100.2892731,
            5.3564464
          ],
          [
            100.2892729,
            5.3564464
          ],
          [
            100.2892728,
            5.3564464
          ],
          [
            100.2892727,
            5.3564464
          ],
          [
            100.2892726,
            5.3564464
          ],
          [
            100.2892725,
            5.3564464
          ],
          [
            100.2892724,
            5.3564464
          ],
          [
            100.2892723,
            5.3564464
          ],
          [
            100.2892722,
            5.3564464
          ],
          [
            100.2892721,
            5.3564464
          ],
          [
            100.289272,
            5.3564464
          ],
          [
            100.289272,
            5.3564465
          ],
          [
            100.2892719,
            5.3564465
          ],
          [
            100.2892718,
            5.3564465
          ],
          [
            100.2892717,
            5.3564466
          ],
          [
            100.2892716,
            5.3564466
          ],
          [
            100.2892715,
            5.3564466
          ],
          [
            100.2892714,
            5.3564467
          ],
          [
            100.2892714,
            5.3564467
          ],
          [
            100.2892713,
            5.3564468
          ],
          [
            100.2892712,
            5.3564469
          ],
          [
            100.2892711,
            5.3564469
          ],
          [
            100.2892711,
            5.356447
          ],
          [
            100.289271,
            5.3564471
          ],
          [
            100.2892709,
            5.3564472
          ],
          [
            100.2892709,
            5.3564473
          ],
          [
            100.2892708,
            5.3564474
          ],
          [
            100.2892708,
            5.3564475
          ],
          [
            100.2892707,
            5.3564476
          ],
          [
            100.2892707,
            5.3564477
          ],
          [
            100.2892706,
            5.3564478
          ],
          [
            100.2892706,
            5.3564479
          ],
          [
            100.2892706,
            5.356448
          ],
          [
            100.2892705,
            5.3564481
          ],
          [
            100.2892705,
            5.3564483
          ],
          [
            100.2892705,
            5.3564484
          ],
          [
            100.2892705,
            5.3564485
          ],
          [
            100.2892705,
            5.3564486
          ],
          [
            100.2892705,
            5.3564488
          ],
          [
            100.2892704,
            5.3564489
          ],
          [
            100.2892704,
            5.3564491
          ],
          [
            100.2892704,
            5.3564492
          ],
          [
            100.2892704,
            5.3564493
          ],
          [
            100.2892705,
            5.3564495
          ],
          [
            100.2892705,
            5.3564496
          ],
          [
            100.2892705,
            5.3564498
          ],
          [
            100.2892705,
            5.3564499
          ],
          [
            100.2892705,
            5.3564501
          ],
          [
            100.2892705,
            5.3564502
          ],
          [
            100.2892705,
            5.3564503
          ],
          [
            100.2892705,
            5.3564505
          ],
          [
            100.2892706,
            5.3564506
          ],
          [
            100.2892706,
            5.3564508
          ],
          [
            100.2892706,
            5.3564509
          ],
          [
            100.2892707,
            5.356451
          ],
          [
            100.2892707,
            5.3564512
          ],
          [
            100.2892707,
            5.3564513
          ],
          [
            100.2892708,
            5.3564514
          ],
          [
            100.2892708,
            5.3564516
          ],
          [
            100.2892709,
            5.3564517
          ],
          [
            100.289271,
            5.3564519
          ],
          [
            100.289271,
            5.356452
          ],
          [
            100.2892711,
            5.3564521
          ],
          [
            100.2892712,
            5.3564523
          ],
          [
            100.2892712,
            5.3564524
          ],
          [
            100.2892713,
            5.3564526
          ],
          [
            100.2892714,
            5.3564527
          ],
          [
            100.2892715,
            5.3564528
          ],
          [
            100.2892716,
            5.356453
          ],
          [
            100.2892717,
            5.3564531
          ],
          [
            100.2892718,
            5.3564532
          ],
          [
            100.2892719,
            5.3564534
          ],
          [
            100.289272,
            5.3564535
          ],
          [
            100.2892721,
            5.3564536
          ],
          [
            100.2892722,
            5.3564538
          ],
          [
            100.2892724,
            5.3564539
          ],
          [
            100.2892725,
            5.356454
          ],
          [
            100.2892726,
            5.3564541
          ],
          [
            100.2892727,
            5.3564543
          ],
          [
            100.2892728,
            5.3564544
          ],
          [
            100.289273,
            5.3564545
          ],
          [
            100.2892731,
            5.3564546
          ],
          [
            100.2892732,
            5.3564547
          ],
          [
            100.2892734,
            5.3564548
          ],
          [
            100.2892735,
            5.3564549
          ],
          [
            100.2892736,
            5.356455
          ],
          [
            100.2892738,
            5.3564551
          ],
          [
            100.2892739,
            5.3564552
          ],
          [
            100.2892741,
            5.3564553
          ],
          [
            100.2892742,
            5.3564554
          ],
          [
            100.2892744,
            5.3564555
          ],
          [
            100.2892745,
            5.3564556
          ],
          [
            100.2892747,
            5.3564557
          ],
          [
            100.2892748,
            5.3564558
          ],
          [
            100.289275,
            5.3564559
          ],
          [
            100.2892751,
            5.356456
          ],
          [
            100.2892753,
            5.3564561
          ],
          [
            100.2892754,
            5.3564562
          ],
          [
            100.2892756,
            5.3564563
          ],
          [
            100.2892757,
            5.3564564
          ],
          [
            100.2892759,
            5.3564565
          ],
          [
            100.289276,
            5.3564566
          ],
          [
            100.2892762,
            5.3564567
          ],
          [
            100.2892763,
            5.3564568
          ],
          [
            100.2892765,
            5.3564569
          ],
          [
            100.2892767,
            5.356457
          ],
          [
            100.2892768,
            5.3564571
          ],
          [
            100.289277,
            5.3564572
          ],
          [
            100.2892772,
            5.3564573
          ],
          [
            100.2892773,
            5.3564574
          ],
          [
            100.2892775,
            5.3564575
          ],
          [
            100.2892777,
            5.3564576
          ],
          [
            100.2892779,
            5.3564577
          ],
          [
            100.289278,
            5.3564578
          ],
          [
            100.2892782,
            5.3564579
          ],
          [
            100.2892784,
            5.356458
          ],
          [
            100.2892786,
            5.3564582
          ],
          [
            100.2892788,
            5.3564583
          ],
          [
            100.289279,
            5.3564584
          ],
          [
            100.2892791,
            5.3564585
          ],
          [
            100.2892793,
            5.3564586
          ],
          [
            100.2892795,
            5.3564587
          ],
          [
            100.2892797,
            5.3564589
          ],
          [
            100.2892799,
            5.356459
          ],
          [
            100.2892801,
            5.3564591
          ],
          [
            100.2892803,
            5.3564592
          ],
          [
            100.2892804,
            5.3564593
          ],
          [
            100.2892806,
            5.3564595
          ],
          [
            100.2892808,
            5.3564596
          ],
          [
            100.2892809,
            5.3564597
          ],
          [
            100.2892811,
            5.3564598
          ],
          [
            100.2892813,
            5.35646
          ],
          [
            100.2892814,
            5.3564601
          ],
          [
            100.2892816,
            5.3564602
          ],
          [
            100.2892818,
            5.3564603
          ],
          [
            100.289282,
            5.3564605
          ],
          [
            100.2892821,
            5.3564606
          ],
          [
            100.2892823,
            5.3564607
          ],
          [
            100.2892824,
            5.3564608
          ],
          [
            100.2892826,
            5.356461
          ],
          [
            100.2892828,
            5.3564611
          ],
          [
            100.2892829,
            5.3564612
          ],
          [
            100.2892831,
            5.3564613
          ],
          [
            100.2892832,
            5.3564614
          ],
          [
            100.2892834,
            5.3564616
          ],
          [
            100.2892835,
            5.3564617
          ],
          [
            100.2892836,
            5.3564618
          ],
          [
            100.2892838,
            5.3564619
          ],
          [
            100.2892839,
            5.3564621
          ],
          [
            100.2892841,
            5.3564622
          ],
          [
            100.2892842,
            5.3564623
          ],
          [
            100.2892844,
            5.3564624
          ],
          [
            100.2892845,
            5.3564626
          ],
          [
            100.2892846,
            5.3564627
          ],
          [
            100.2892848,
            5.3564628
          ],
          [
            100.2892849,
            5.3564629
          ],
          [
            100.2892851,
            5.3564631
          ],
          [
            100.2892852,
            5.3564632
          ],
          [
            100.2892853,
            5.3564633
          ],
          [
            100.2892855,
            5.3564634
          ],
          [
            100.2892856,
            5.3564635
          ],
          [
            100.2892857,
            5.3564637
          ],
          [
            100.2892858,
            5.3564638
          ],
          [
            100.289286,
            5.3564639
          ],
          [
            100.2892861,
            5.356464
          ],
          [
            100.2892862,
            5.3564641
          ],
          [
            100.2892863,
            5.3564642
          ],
          [
            100.2892864,
            5.3564643
          ],
          [
            100.2892865,
            5.3564644
          ],
          [
            100.2892867,
            5.3564645
          ],
          [
            100.2892867,
            5.3564647
          ],
          [
            100.2892868,
            5.3564648
          ],
          [
            100.2892869,
            5.3564649
          ],
          [
            100.289287,
            5.356465
          ],
          [
            100.2892871,
            5.3564651
          ],
          [
            100.2892872,
            5.3564652
          ],
          [
            100.2892872,
            5.3564652
          ],
          [
            100.2892873,
            5.3564653
          ],
          [
            100.2892873,
            5.3564654
          ],
          [
            100.2892874,
            5.3564655
          ],
          [
            100.2892874,
            5.3564656
          ],
          [
            100.2892874,
            5.3564656
          ],
          [
            100.2892875,
            5.3564657
          ],
          [
            100.2892875,
            5.3564658
          ],
          [
            100.2892875,
            5.3564658
          ],
          [
            100.2892875,
            5.3564659
          ],
          [
            100.2892875,
            5.3564659
          ],
          [
            100.2892875,
            5.356466
          ],
          [
            100.2892875,
            5.356466
          ],
          [
            100.2892875,
            5.3564661
          ],
          [
            100.2892875,
            5.3564661
          ],
          [
            100.2892875,
            5.3564661
          ],
          [
            100.2892875,
            5.3564662
          ],
          [
            100.2892875,
            5.3564662
          ],
          [
            100.2892875,
            5.3564662
          ],
          [
            100.2892875,
            5.3564662
          ],
          [
            100.2892875,
            5.3564663
          ],
          [
            100.2892875,
            5.3564663
          ],
          [
            100.2892875,
            5.3564663
          ],
          [
            100.2892874,
            5.3564663
          ],
          [
            100.2892874,
            5.3564663
          ],
          [
            100.2892874,
            5.3564663
          ],
          [
            100.2892874,
            5.3564664
          ],
          [
            100.2892873,
            5.3564664
          ],
          [
            100.2892873,
            5.3564664
          ],
          [
            100.2892873,
            5.3564664
          ],
          [
            100.2892872,
            5.3564663
          ],
          [
            100.2892872,
            5.3564663
          ],
          [
            100.2892872,
            5.3564663
          ],
          [
            100.2892871,
            5.3564663
          ],
          [
            100.2892871,
            5.3564663
          ],
          [
            100.2892871,
            5.3564663
          ],
          [
            100.289287,
            5.3564663
          ],
          [
            100.289287,
            5.3564663
          ],
          [
            100.2892869,
            5.3564663
          ],
          [
            100.2892869,
            5.3564663
          ],
          [
            100.2892869,
            5.3564663
          ],
          [
            100.2892868,
            5.3564662
          ],
          [
            100.2892868,
            5.3564662
          ],
          [
            100.2892867,
            5.3564662
          ],
          [
            100.2892867,
            5.3564662
          ],
          [
            100.2892867,
            5.3564662
          ],
          [
            100.2892866,
            5.3564662
          ],
          [
            100.2892866,
            5.3564662
          ],
          [
            100.2892865,
            5.3564662
          ],
          [
            100.2892865,
            5.3564662
          ],
          [
            100.2892865,
            5.3564662
          ],
          [
            100.2892864,
            5.3564662
          ],
          [
            100.2892864,
            5.3564662
          ],
          [
            100.2892864,
            5.3564662
          ],
          [
            100.2892863,
            5.3564662
          ],
          [
            100.2892863,
            5.3564662
          ],
          [
            100.2892863,
            5.3564663
          ],
          [
            100.2892863,
            5.3564663
          ],
          [
            100.2892862,
            5.3564663
          ],
          [
            100.2892862,
            5.3564663
          ],
          [
            100.2892862,
            5.3564663
          ],
          [
            100.2892861,
            5.3564664
          ],
          [
            100.2892861,
            5.3564664
          ],
          [
            100.2892861,
            5.3564664
          ],
          [
            100.2892861,
            5.3564665
          ],
          [
            100.2892861,
            5.3564665
          ],
          [
            100.2892861,
            5.3564666
          ],
          [
            100.289286,
            5.3564666
          ],
          [
            100.289286,
            5.3564666
          ],
          [
            100.289286,
            5.3564667
          ],
          [
            100.289286,
            5.3564667
          ],
          [
            100.289286,
            5.3564668
          ],
          [
            100.289286,
            5.3564668
          ],
          [
            100.289286,
            5.3564669
          ],
          [
            100.289286,
            5.3564669
          ],
          [
            100.289286,
            5.3564669
          ],
          [
            100.289286,
            5.356467
          ],
          [
            100.289286,
            5.356467
          ],
          [
            100.289286,
            5.3564671
          ],
          [
            100.289286,
            5.3564671
          ],
          [
            100.289286,
            5.3564671
          ],
          [
            100.289286,
            5.3564672
          ],
          [
            100.289286,
            5.3564672
          ],
          [
            100.289286,
            5.3564672
          ],
          [
            100.289286,
            5.3564672
          ],
          [
            100.289286,
            5.3564673
          ],
          [
            100.289286,
            5.3564673
          ],
          [
            100.289286,
            5.3564673
          ],
          [
            100.2892861,
            5.3564674
          ],
          [
            100.2892861,
            5.3564674
          ],
          [
            100.2892861,
            5.3564674
          ],
          [
            100.2892862,
            5.3564674
          ],
          [
            100.2892862,
            5.3564675
          ],
          [
            100.2892862,
            5.3564675
          ],
          [
            100.2892863,
            5.3564675
          ],
          [
            100.2892863,
            5.3564675
          ],
          [
            100.2892864,
            5.3564676
          ],
          [
            100.2892864,
            5.3564676
          ],
          [
            100.2892865,
            5.3564676
          ],
          [
            100.2892865,
            5.3564676
          ],
          [
            100.2892866,
            5.3564676
          ],
          [
            100.2892866,
            5.3564677
          ],
          [
            100.2892867,
            5.3564677
          ],
          [
            100.2892867,
            5.3564677
          ],
          [
            100.2892868,
            5.3564677
          ],
          [
            100.2892868,
            5.3564677
          ],
          [
            100.2892869,
            5.3564677
          ],
          [
            100.2892869,
            5.3564677
          ],
          [
            100.289287,
            5.3564677
          ],
          [
            100.289287,
            5.3564677
          ],
          [
            100.289287,
            5.3564677
          ],
          [
            100.2892871,
            5.3564677
          ],
          [
            100.2892871,
            5.3564677
          ],
          [
            100.2892871,
            5.3564677
          ],
          [
            100.2892871,
            5.3564676
          ],
          [
            100.2892871,
            5.3564676
          ],
          [
            100.2892872,
            5.3564676
          ],
          [
            100.2892872,
            5.3564675
          ],
          [
            100.2892872,
            5.3564675
          ],
          [
            100.2892872,
            5.3564674
          ],
          [
            100.2892872,
            5.3564674
          ],
          [
            100.2892872,
            5.3564673
          ],
          [
            100.2892872,
            5.3564673
          ],
          [
            100.2892872,
            5.3564672
          ],
          [
            100.2892872,
            5.3564672
          ],
          [
            100.2892872,
            5.3564671
          ],
          [
            100.2892872,
            5.356467
          ],
          [
            100.2892872,
            5.356467
          ],
          [
            100.2892872,
            5.3564669
          ],
          [
            100.2892872,
            5.3564668
          ],
          [
            100.2892872,
            5.3564667
          ],
          [
            100.2892872,
            5.3564667
          ],
          [
            100.2892871,
            5.3564666
          ],
          [
            100.2892871,
            5.3564665
          ],
          [
            100.2892871,
            5.3564664
          ],
          [
            100.2892871,
            5.3564663
          ],
          [
            100.2892871,
            5.3564662
          ],
          [
            100.289287,
            5.3564662
          ],
          [
            100.289287,
            5.3564661
          ],
          [
            100.289287,
            5.356466
          ],
          [
            100.289287,
            5.356466
          ],
          [
            100.289287,
            5.3564659
          ],
          [
            100.289287,
            5.3564659
          ],
          [
            100.289287,
            5.3564658
          ],
          [
            100.2892869,
            5.3564658
          ],
          [
            100.2892869,
            5.3564657
          ],
          [
            100.2892869,
            5.3564657
          ],
          [
            100.2892869,
            5.3564656
          ],
          [
            100.2892868,
            5.3564656
          ],
          [
            100.2892868,
            5.3564656
          ],
          [
            100.2892868,
            5.3564656
          ],
          [
            100.2892867,
            5.3564656
          ],
          [
            100.2892867,
            5.3564655
          ],
          [
            100.2892866,
            5.3564655
          ],
          [
            100.2892866,
            5.3564656
          ],
          [
            100.2892866,
            5.3564656
          ],
          [
            100.2892865,
            5.3564656
          ],
          [
            100.2892865,
            5.3564656
          ],
          [
            100.2892864,
            5.3564657
          ],
          [
            100.2892864,
            5.3564657
          ],
          [
            100.2892863,
            5.3564658
          ],
          [
            100.2892863,
            5.3564658
          ],
          [
            100.2892862,
            5.3564659
          ],
          [
            100.2892862,
            5.356466
          ],
          [
            100.2892861,
            5.3564661
          ],
          [
            100.2892861,
            5.3564662
          ],
          [
            100.289286,
            5.3564663
          ],
          [
            100.289286,
            5.3564664
          ],
          [
            100.289286,
            5.3564665
          ],
          [
            100.2892859,
            5.3564666
          ],
          [
            100.2892859,
            5.3564667
          ],
          [
            100.2892858,
            5.3564669
          ],
          [
            100.2892858,
            5.356467
          ],
          [
            100.2892858,
            5.3564672
          ],
          [
            100.2892858,
            5.3564673
          ],
          [
            100.2892858,
            5.3564675
          ],
          [
            100.2892857,
            5.3564677
          ],
          [
            100.2892857,
            5.3564679
          ],
          [
            100.2892857,
            5.3564681
          ],
          [
            100.2892857,
            5.3564682
          ],
          [
            100.2892857,
            5.3564684
          ],
          [
            100.2892857,
            5.3564686
          ],
          [
            100.2892857,
            5.3564688
          ],
          [
            100.2892856,
            5.356469
          ],
          [
            100.2892856,
            5.3564692
          ],
          [
            100.2892856,
            5.3564694
          ],
          [
            100.2892856,
            5.3564696
          ],
          [
            100.2892856,
            5.3564698
          ],
          [
            100.2892856,
            5.35647
          ],
          [
            100.2892856,
            5.3564702
          ],
          [
            100.2892856,
            5.3564704
          ],
          [
            100.2892856,
            5.3564707
          ],
          [
            100.2892856,
            5.3564709
          ],
          [
            100.2892856,
            5.3564711
          ],
          [
            100.2892856,
            5.3564713
          ],
          [
            100.2892856,
            5.3564716
          ],
          [
            100.2892856,
            5.3564718
          ],
          [
            100.2892856,
            5.356472
          ],
          [
            100.2892856,
            5.3564723
          ],
          [
            100.2892856,
            5.3564725
          ],
          [
            100.2892856,
            5.3564727
          ],
          [
            100.2892857,
            5.3564729
          ],
          [
            100.2892857,
            5.3564732
          ],
          [
            100.2892857,
            5.3564734
          ],
          [
            100.2892857,
            5.3564736
          ],
          [
            100.2892857,
            5.3564738
          ],
          [
            100.2892858,
            5.356474
          ],
          [
            100.2892858,
            5.3564742
          ],
          [
            100.2892858,
            5.3564744
          ],
          [
            100.2892859,
            5.3564746
          ],
          [
            100.2892859,
            5.3564748
          ],
          [
            100.2892859,
            5.356475
          ],
          [
            100.2892859,
            5.3564752
          ],
          [
            100.289286,
            5.3564754
          ],
          [
            100.289286,
            5.3564755
          ],
          [
            100.289286,
            5.3564757
          ],
          [
            100.2892861,
            5.3564758
          ],
          [
            100.2892861,
            5.356476
          ],
          [
            100.2892861,
            5.3564761
          ],
          [
            100.2892861,
            5.3564762
          ],
          [
            100.2892862,
            5.3564763
          ],
          [
            100.2892862,
            5.3564764
          ],
          [
            100.2892862,
            5.3564765
          ],
          [
            100.2892862,
            5.3564766
          ],
          [
            100.2892862,
            5.3564767
          ],
          [
            100.2892862,
            5.3564768
          ],
          [
            100.2892863,
            5.3564768
          ],
          [
            100.2892863,
            5.3564769
          ],
          [
            100.2892863,
            5.3564769
          ],
          [
            100.2892863,
            5.356477
          ],
          [
            100.2892863,
            5.356477
          ],
          [
            100.2892863,
            5.356477
          ],
          [
            100.2892863,
            5.3564771
          ],
          [
            100.2892863,
            5.3564771
          ],
          [
            100.2892863,
            5.3564771
          ],
          [
            100.2892863,
            5.3564771
          ],
          [
            100.2892863,
            5.3564771
          ],
          [
            100.2892863,
            5.3564771
          ],
          [
            100.2892863,
            5.3564771
          ],
          [
            100.2892863,
            5.356477
          ],
          [
            100.2892863,
            5.356477
          ],
          [
            100.2892863,
            5.356477
          ],
          [
            100.2892863,
            5.356477
          ],
          [
            100.2892863,
            5.356477
          ],
          [
            100.2892863,
            5.3564769
          ],
          [
            100.2892863,
            5.3564769
          ],
          [
            100.2892863,
            5.3564769
          ],
          [
            100.2892863,
            5.3564769
          ],
          [
            100.2892864,
            5.3564768
          ],
          [
            100.2892864,
            5.3564768
          ],
          [
            100.2892864,
            5.3564768
          ],
          [
            100.2892864,
            5.3564767
          ],
          [
            100.2892864,
            5.3564767
          ],
          [
            100.2892864,
            5.3564766
          ],
          [
            100.2892864,
            5.3564766
          ],
          [
            100.2892864,
            5.3564765
          ],
          [
            100.2892864,
            5.3564765
          ],
          [
            100.2892863,
            5.3564764
          ],
          [
            100.2892863,
            5.3564764
          ],
          [
            100.2892863,
            5.3564763
          ],
          [
            100.2892863,
            5.3564762
          ],
          [
            100.2892863,
            5.3564762
          ],
          [
            100.2892862,
            5.3564761
          ],
          [
            100.2892862,
            5.356476
          ],
          [
            100.2892862,
            5.356476
          ],
          [
            100.2892862,
            5.3564759
          ],
          [
            100.2892861,
            5.3564758
          ],
          [
            100.2892861,
            5.3564757
          ],
          [
            100.2892861,
            5.3564757
          ],
          [
            100.2892861,
            5.3564756
          ],
          [
            100.2892861,
            5.3564755
          ],
          [
            100.289286,
            5.3564755
          ],
          [
            100.289286,
            5.3564754
          ],
          [
            100.289286,
            5.3564753
          ],
          [
            100.289286,
            5.3564752
          ],
          [
            100.289286,
            5.3564751
          ],
          [
            100.2892859,
            5.3564751
          ],
          [
            100.2892859,
            5.356475
          ],
          [
            100.2892859,
            5.3564749
          ],
          [
            100.2892859,
            5.3564748
          ],
          [
            100.2892859,
            5.3564747
          ],
          [
            100.2892859,
            5.3564746
          ],
          [
            100.2892858,
            5.3564745
          ],
          [
            100.2892858,
            5.3564744
          ],
          [
            100.2892858,
            5.3564743
          ],
          [
            100.2892858,
            5.3564742
          ],
          [
            100.2892858,
            5.3564741
          ],
          [
            100.2892858,
            5.356474
          ],
          [
            100.2892858,
            5.3564739
          ],
          [
            100.2892857,
            5.3564738
          ],
          [
            100.2892857,
            5.3564737
          ],
          [
            100.2892857,
            5.3564736
          ],
          [
            100.2892857,
            5.3564735
          ],
          [
            100.2892857,
            5.3564734
          ],
          [
            100.2892857,
            5.3564733
          ],
          [
            100.2892857,
            5.3564732
          ],
          [
            100.2892856,
            5.3564731
          ],
          [
            100.2892856,
            5.356473
          ],
          [
            100.2892856,
            5.3564729
          ],
          [
            100.2892856,
            5.3564727
          ],
          [
            100.2892855,
            5.3564726
          ],
          [
            100.2892855,
            5.3564725
          ],
          [
            100.2892855,
            5.3564724
          ],
          [
            100.2892855,
            5.3564723
          ],
          [
            100.2892854,
            5.3564722
          ],
          [
            100.2892854,
            5.3564721
          ],
          [
            100.2892854,
            5.3564719
          ],
          [
            100.2892853,
            5.3564718
          ],
          [
            100.2892853,
            5.3564717
          ],
          [
            100.2892853,
            5.3564716
          ],
          [
            100.2892852,
            5.3564715
          ],
          [
            100.2892852,
            5.3564714
          ],
          [
            100.2892852,
            5.3564713
          ],
          [
            100.2892851,
            5.3564712
          ],
          [
            100.2892851,
            5.3564711
          ],
          [
            100.2892851,
            5.356471
          ],
          [
            100.2892851,
            5.3564709
          ],
          [
            100.289285,
            5.3564708
          ],
          [
            100.289285,
            5.3564707
          ],
          [
            100.289285,
            5.3564706
          ],
          [
            100.2892849,
            5.3564705
          ],
          [
            100.2892849,
            5.3564704
          ],
          [
            100.2892849,
            5.3564703
          ],
          [
            100.2892848,
            5.3564702
          ],
          [
            100.2892848,
            5.3564701
          ],
          [
            100.2892847,
            5.35647
          ],
          [
            100.2892847,
            5.3564699
          ],
          [
            100.2892846,
            5.3564698
          ],
          [
            100.2892846,
            5.3564697
          ],
          [
            100.2892845,
            5.3564696
          ],
          [
            100.2892844,
            5.3564695
          ],
          [
            100.2892844,
            5.3564694
          ],
          [
            100.2892843,
            5.3564693
          ],
          [
            100.2892842,
            5.3564692
          ],
          [
            100.2892841,
            5.3564691
          ],
          [
            100.2892841,
            5.356469
          ],
          [
            100.289284,
            5.3564689
          ],
          [
            100.2892839,
            5.3564688
          ],
          [
            100.2892838,
            5.3564687
          ],
          [
            100.2892837,
            5.3564686
          ],
          [
            100.2892837,
            5.3564685
          ],
          [
            100.2892836,
            5.3564685
          ],
          [
            100.2892835,
            5.3564684
          ],
          [
            100.2892834,
            5.3564683
          ],
          [
            100.2892833,
            5.3564682
          ],
          [
            100.2892832,
            5.3564681
          ],
          [
            100.2892831,
            5.3564681
          ],
          [
            100.2892831,
            5.356468
          ],
          [
            100.289283,
            5.3564679
          ],
          [
            100.2892829,
            5.3564678
          ],
          [
            100.2892828,
            5.3564678
          ],
          [
            100.2892827,
            5.3564677
          ],
          [
            100.2892826,
            5.3564676
          ],
          [
            100.2892825,
            5.3564675
          ],
          [
            100.2892824,
            5.3564675
          ],
          [
            100.2892824,
            5.3564674
          ],
          [
            100.2892823,
            5.3564673
          ],
          [
            100.2892822,
            5.3564673
          ],
          [
            100.2892821,
            5.3564672
          ],
          [
            100.289282,
            5.3564671
          ],
          [
            100.2892819,
            5.356467
          ],
          [
            100.2892818,
            5.356467
          ],
          [
            100.2892817,
            5.3564669
          ],
          [
            100.2892816,
            5.3564668
          ],
          [
            100.2892815,
            5.3564668
          ],
          [
            100.2892814,
            5.3564667
          ],
          [
            100.2892813,
            5.3564666
          ],
          [
            100.2892812,
            5.3564665
          ],
          [
            100.289281,
            5.3564664
          ],
          [
            100.2892809,
            5.3564664
          ],
          [
            100.2892808,
            5.3564663
          ],
          [
            100.2892806,
            5.3564662
          ],
          [
            100.2892805,
            5.3564661
          ],
          [
            100.2892803,
            5.356466
          ],
          [
            100.2892802,
            5.3564659
          ],
          [
            100.28928,
            5.3564658
          ],
          [
            100.2892798,
            5.3564657
          ],
          [
            100.2892797,
            5.3564655
          ],
          [
            100.2892795,
            5.3564654
          ],
          [
            100.2892793,
            5.3564653
          ],
          [
            100.2892791,
            5.3564652
          ],
          [
            100.2892789,
            5.356465
          ],
          [
            100.2892787,
            5.3564649
          ],
          [
            100.2892785,
            5.3564648
          ],
          [
            100.2892783,
            5.3564647
          ],
          [
            100.2892782,
            5.3564645
          ],
          [
            100.289278,
            5.3564644
          ],
          [
            100.2892778,
            5.3564643
          ],
          [
            100.2892776,
            5.3564641
          ],
          [
            100.2892774,
            5.356464
          ],
          [
            100.2892772,
            5.3564638
          ],
          [
            100.289277,
            5.3564637
          ],
          [
            100.2892768,
            5.3564636
          ],
          [
            100.2892766,
            5.3564634
          ],
          [
            100.2892764,
            5.3564633
          ],
          [
            100.2892762,
            5.3564631
          ],
          [
            100.289276,
            5.356463
          ],
          [
            100.2892758,
            5.3564628
          ],
          [
            100.2892756,
            5.3564627
          ],
          [
            100.2892754,
            5.3564625
          ],
          [
            100.2892752,
            5.3564624
          ],
          [
            100.289275,
            5.3564622
          ],
          [
            100.2892748,
            5.3564621
          ],
          [
            100.2892746,
            5.3564619
          ],
          [
            100.2892744,
            5.3564618
          ],
          [
            100.2892742,
            5.3564616
          ],
          [
            100.289274,
            5.3564615
          ],
          [
            100.2892738,
            5.3564613
          ],
          [
            100.2892737,
            5.3564612
          ],
          [
            100.2892735,
            5.356461
          ],
          [
            100.2892733,
            5.3564609
          ],
          [
            100.2892731,
            5.3564608
          ],
          [
            100.2892729,
            5.3564606
          ],
          [
            100.2892727,
            5.3564605
          ],
          [
            100.2892725,
            5.3564603
          ],
          [
            100.2892724,
            5.3564602
          ],
          [
            100.2892722,
            5.3564601
          ],
          [
            100.289272,
            5.3564599
          ],
          [
            100.2892718,
            5.3564598
          ],
          [
            100.2892717,
            5.3564597
          ],
          [
            100.2892715,
            5.3564596
          ],
          [
            100.2892713,
            5.3564594
          ],
          [
            100.2892712,
            5.3564593
          ],
          [
            100.289271,
            5.3564592
          ],
          [
            100.2892709,
            5.3564591
          ],
          [
            100.2892707,
            5.356459
          ],
          [
            100.2892706,
            5.3564588
          ],
          [
            100.2892704,
            5.3564587
          ],
          [
            100.2892703,
            5.3564586
          ],
          [
            100.2892701,
            5.3564585
          ],
          [
            100.28927,
            5.3564584
          ],
          [
            100.2892699,
            5.3564583
          ],
          [
            100.2892697,
            5.3564582
          ],
          [
            100.2892696,
            5.3564581
          ],
          [
            100.2892695,
            5.356458
          ],
          [
            100.2892694,
            5.3564579
          ],
          [
            100.2892693,
            5.3564578
          ],
          [
            100.2892692,
            5.3564577
          ],
          [
            100.2892691,
            5.3564576
          ],
          [
            100.289269,
            5.3564575
          ],
          [
            100.2892689,
            5.3564575
          ],
          [
            100.2892688,
            5.3564574
          ],
          [
            100.2892687,
            5.3564573
          ],
          [
            100.2892686,
            5.3564572
          ],
          [
            100.2892685,
            5.3564571
          ],
          [
            100.2892685,
            5.3564571
          ],
          [
            100.2892684,
            5.356457
          ],
          [
            100.2892683,
            5.3564569
          ],
          [
            100.2892682,
            5.3564569
          ],
          [
            100.2892682,
            5.3564568
          ],
          [
            100.2892681,
            5.3564567
          ],
          [
            100.289268,
            5.3564567
          ],
          [
            100.2892679,
            5.3564566
          ],
          [
            100.2892679,
            5.3564566
          ],
          [
            100.2892678,
            5.3564565
          ],
          [
            100.2892677,
            5.3564565
          ],
          [
            100.2892676,
            5.3564564
          ],
          [
            100.2892675,
            5.3564564
          ],
          [
            100.2892675,
            5.3564563
          ],
          [
            100.2892674,
            5.3564563
          ],
          [
            100.2892673,
            5.3564562
          ],
          [
            100.2892672,
            5.3564562
          ],
          [
            100.2892671,
            5.3564561
          ],
          [
            100.289267,
            5.3564561
          ],
          [
            100.289267,
            5.356456
          ],
          [
            100.2892669,
            5.356456
          ],
          [
            100.2892668,
            5.3564559
          ],
          [
            100.2892667,
            5.3564559
          ],
          [
            100.2892666,
            5.3564558
          ],
          [
            100.2892665,
            5.3564558
          ],
          [
            100.2892665,
            5.3564557
          ],
          [
            100.2892664,
            5.3564557
          ],
          [
            100.2892663,
            5.3564556
          ],
          [
            100.2892662,
            5.3564556
          ],
          [
            100.2892661,
            5.3564555
          ],
          [
            100.289266,
            5.3564555
          ],
          [
            100.289266,
            5.3564555
          ],
          [
            100.2892659,
            5.3564554
          ],
          [
            100.2892658,
            5.3564554
          ],
          [
            100.2892657,
            5.3564553
          ],
          [
            100.2892656,
            5.3564553
          ],
          [
            100.2892655,
            5.3564552
          ],
          [
            100.2892654,
            5.3564552
          ],
          [
            100.2892654,
            5.3564551
          ],
          [
            100.2892653,
            5.3564551
          ],
          [
            100.2892652,
            5.356455
          ],
          [
            100.2892651,
            5.356455
          ],
          [
            100.289265,
            5.3564549
          ],
          [
            100.2892649,
            5.3564549
          ],
          [
            100.2892649,
            5.3564548
          ],
          [
            100.2892648,
            5.3564548
          ],
          [
            100.2892647,
            5.3564547
          ],
          [
            100.2892646,
            5.3564547
          ],
          [
            100.2892646,
            5.3564547
          ],
          [
            100.2892645,
            5.3564546
          ],
          [
            100.2892644,
            5.3564546
          ],
          [
            100.2892644,
            5.3564545
          ],
          [
            100.2892643,
            5.3564545
          ],
          [
            100.2892642,
            5.3564545
          ],
          [
            100.2892641,
            5.3564544
          ],
          [
            100.2892641,
            5.3564544
          ],
          [
            100.289264,
            5.3564543
          ],
          [
            100.2892639,
            5.3564543
          ],
          [
            100.2892639,
            5.3564543
          ],
          [
            100.2892638,
            5.3564542
          ],
          [
            100.2892637,
            5.3564542
          ],
          [
            100.2892636,
            5.3564542
          ],
          [
            100.2892636,
            5.3564541
          ],
          [
            100.2892635,
            5.3564541
          ],
          [
            100.2892635,
            5.356454
          ],
          [
            100.2892634,
            5.356454
          ],
          [
            100.2892633,
            5.356454
          ],
          [
            100.2892633,
            5.3564539
          ],
          [
            100.2892632,
            5.3564539
          ],
          [
            100.2892632,
            5.3564539
          ],
          [
            100.2892631,
            5.3564538
          ],
          [
            100.289263,
            5.3564538
          ],
          [
            100.289263,
            5.3564538
          ],
          [
            100.2892629,
            5.3564537
          ],
          [
            100.2892629,
            5.3564537
          ],
          [
            100.2892628,
            5.3564537
          ],
          [
            100.2892628,
            5.3564536
          ],
          [
            100.2892628,
            5.3564536
          ],
          [
            100.2892627,
            5.3564536
          ],
          [
            100.2892627,
            5.3564536
          ],
          [
            100.2892626,
            5.3564535
          ],
          [
            100.2892626,
            5.3564535
          ],
          [
            100.2892625,
            5.3564535
          ],
          [
            100.2892625,
            5.3564535
          ],
          [
            100.2892625,
            5.3564534
          ],
          [
            100.2892625,
            5.3564534
          ],
          [
            100.2892624,
            5.3564534
          ],
          [
            100.2892624,
            5.3564533
          ],
          [
            100.2892624,
            5.3564533
          ],
          [
            100.2892624,
            5.3564533
          ],
          [
            100.2892624,
            5.3564533
          ],
          [
            100.2892623,
            5.3564532
          ],
          [
            100.2892623,
            5.3564532
          ],
          [
            100.2892623,
            5.3564532
          ],
          [
            100.2892623,
            5.3564531
          ],
          [
            100.2892623,
            5.3564531
          ],
          [
            100.2892623,
            5.356453
          ],
          [
            100.2892623,
            5.356453
          ],
          [
            100.2892623,
            5.356453
          ],
          [
            100.2892623,
            5.3564529
          ],
          [
            100.2892623,
            5.3564529
          ],
          [
            100.2892623,
            5.3564528
          ],
          [
            100.2892623,
            5.3564528
          ],
          [
            100.2892623,
            5.3564527
          ],
          [
            100.2892623,
            5.3564527
          ],
          [
            100.2892623,
            5.3564526
          ],
          [
            100.2892623,
            5.3564526
          ],
          [
            100.2892624,
            5.3564525
          ],
          [
            100.2892624,
            5.3564524
          ],
          [
            100.2892624,
            5.3564524
          ],
          [
            100.2892624,
            5.3564523
          ],
          [
            100.2892624,
            5.3564522
          ],
          [
            100.2892624,
            5.3564522
          ],
          [
            100.2892624,
            5.3564521
          ],
          [
            100.2892624,
            5.356452
          ],
          [
            100.2892624,
            5.3564519
          ],
          [
            100.2892625,
            5.3564519
          ],
          [
            100.2892625,
            5.3564518
          ],
          [
            100.2892625,
            5.3564517
          ],
          [
            100.2892625,
            5.3564516
          ],
          [
            100.2892625,
            5.3564515
          ],
          [
            100.2892625,
            5.3564514
          ],
          [
            100.2892625,
            5.3564514
          ],
          [
            100.2892624,
            5.3564513
          ],
          [
            100.2892624,
            5.3564512
          ],
          [
            100.2892624,
            5.3564511
          ],
          [
            100.2892624,
            5.356451
          ],
          [
            100.2892623,
            5.3564509
          ],
          [
            100.2892623,
            5.3564508
          ],
          [
            100.2892623,
            5.3564507
          ],
          [
            100.2892622,
            5.3564506
          ],
          [
            100.2892622,
            5.3564505
          ],
          [
            100.2892621,
            5.3564504
          ],
          [
            100.2892621,
            5.3564504
          ],
          [
            100.289262,
            5.3564503
          ],
          [
            100.289262,
            5.3564502
          ],
          [
            100.2892619,
            5.3564501
          ],
          [
            100.2892619,
            5.35645
          ],
          [
            100.2892618,
            5.3564499
          ],
          [
            100.2892617,
            5.3564498
          ],
          [
            100.2892617,
            5.3564497
          ],
          [
            100.2892616,
            5.3564497
          ],
          [
            100.2892615,
            5.3564496
          ],
          [
            100.2892615,
            5.3564495
          ],
          [
            100.2892614,
            5.3564494
          ],
          [
            100.2892613,
            5.3564493
          ],
          [
            100.2892612,
            5.3564492
          ],
          [
            100.2892611,
            5.3564492
          ],
          [
            100.289261,
            5.3564491
          ],
          [
            100.289261,
            5.356449
          ],
          [
            100.2892609,
            5.3564489
          ],
          [
            100.2892608,
            5.3564488
          ],
          [
            100.2892607,
            5.3564488
          ],
          [
            100.2892606,
            5.3564487
          ],
          [
            100.2892605,
            5.3564486
          ],
          [
            100.2892604,
            5.3564485
          ],
          [
            100.2892603,
            5.3564485
          ],
          [
            100.2892602,
            5.3564484
          ],
          [
            100.2892602,
            5.3564483
          ],
          [
            100.2892601,
            5.3564483
          ],
          [
            100.28926,
            5.3564482
          ],
          [
            100.2892599,
            5.3564482
          ],
          [
            100.2892598,
            5.3564481
          ],
          [
            100.2892597,
            5.3564481
          ],
          [
            100.2892596,
            5.356448
          ],
          [
            100.2892595,
            5.356448
          ],
          [
            100.2892594,
            5.3564479
          ],
          [
            100.2892593,
            5.3564479
          ],
          [
            100.2892592,
            5.3564478
          ],
          [
            100.2892591,
            5.3564478
          ],
          [
            100.289259,
            5.3564478
          ],
          [
            100.2892589,
            5.3564477
          ],
          [
            100.2892588,
            5.3564477
          ],
          [
            100.2892587,
            5.3564477
          ],
          [
            100.2892586,
            5.3564476
          ],
          [
            100.2892585,
            5.3564476
          ],
          [
            100.2892584,
            5.3564476
          ],
          [
            100.2892583,
            5.3564475
          ],
          [
            100.2892582,
            5.3564475
          ],
          [
            100.2892581,
            5.3564475
          ],
          [
            100.289258,
            5.3564475
          ],
          [
            100.2892579,
            5.3564475
          ],
          [
            100.2892578,
            5.3564475
          ],
          [
            100.2892577,
            5.3564475
          ],
          [
            100.2892576,
            5.3564475
          ],
          [
            100.2892576,
            5.3564475
          ],
          [
            100.2892575,
            5.3564475
          ],
          [
            100.2892574,
            5.3564475
          ],
          [
            100.2892573,
            5.3564475
          ],
          [
            100.2892573,
            5.3564475
          ],
          [
            100.2892572,
            5.3564475
          ],
          [
            100.2892571,
            5.3564475
          ],
          [
            100.2892571,
            5.3564475
          ],
          [
            100.289257,
            5.3564475
          ],
          [
            100.289257,
            5.3564476
          ],
          [
            100.2892569,
            5.3564476
          ],
          [
            100.2892568,
            5.3564476
          ],
          [
            100.2892568,
            5.3564476
          ],
          [
            100.2892567,
            5.3564476
          ],
          [
            100.2892567,
            5.3564476
          ],
          [
            100.2892567,
            5.3564476
          ],
          [
            100.2892566,
            5.3564476
          ],
          [
            100.2892566,
            5.3564476
          ],
          [
            100.2892566,
            5.3564476
          ],
          [
            100.2892565,
            5.3564477
          ],
          [
            100.2892565,
            5.3564477
          ],
          [
            100.2892565,
            5.3564477
          ],
          [
            100.2892565,
            5.3564477
          ],
          [
            100.2892565,
            5.3564477
          ],
          [
            100.2892565,
            5.3564477
          ],
          [
            100.2892564,
            5.3564477
          ],
          [
            100.2892564,
            5.3564478
          ],
          [
            100.2892564,
            5.3564478
          ],
          [
            100.2892564,
            5.3564478
          ],
          [
            100.2892564,
            5.3564478
          ],
          [
            100.2892564,
            5.3564478
          ],
          [
            100.2892564,
            5.3564478
          ],
          [
            100.2892564,
            5.3564479
          ],
          [
            100.2892564,
            5.3564479
          ],
          [
            100.2892564,
            5.3564479
          ],
          [
            100.2892565,
            5.3564479
          ],
          [
            100.2892565,
            5.3564479
          ],
          [
            100.2892565,
            5.3564479
          ],
          [
            100.2892565,
            5.356448
          ],
          [
            100.2892565,
            5.356448
          ],
          [
            100.2892565,
            5.356448
          ],
          [
            100.2892566,
            5.356448
          ],
          [
            100.2892566,
            5.356448
          ],
          [
            100.2892566,
            5.356448
          ],
          [
            100.2892566,
            5.356448
          ],
          [
            100.2892567,
            5.356448
          ],
          [
            100.2892567,
            5.356448
          ],
          [
            100.2892568,
            5.356448
          ],
          [
            100.2892568,
            5.356448
          ],
          [
            100.2892568,
            5.356448
          ],
          [
            100.2892569,
            5.356448
          ],
          [
            100.2892569,
            5.3564481
          ],
          [
            100.289257,
            5.3564481
          ],
          [
            100.2892571,
            5.3564481
          ],
          [
            100.2892571,
            5.3564481
          ],
          [
            100.2892572,
            5.3564481
          ],
          [
            100.2892573,
            5.3564481
          ],
          [
            100.2892574,
            5.3564481
          ],
          [
            100.2892575,
            5.3564481
          ],
          [
            100.2892576,
            5.3564481
          ],
          [
            100.2892577,
            5.3564481
          ],
          [
            100.2892578,
            5.3564481
          ],
          [
            100.2892579,
            5.3564481
          ],
          [
            100.2892581,
            5.3564481
          ],
          [
            100.2892582,
            5.3564481
          ],
          [
            100.2892583,
            5.3564481
          ],
          [
            100.2892585,
            5.3564481
          ],
          [
            100.2892586,
            5.3564481
          ],
          [
            100.2892587,
            5.3564481
          ],
          [
            100.2892589,
            5.3564481
          ],
          [
            100.289259,
            5.3564481
          ],
          [
            100.2892592,
            5.3564481
          ],
          [
            100.2892594,
            5.3564481
          ],
          [
            100.2892595,
            5.3564482
          ],
          [
            100.2892597,
            5.3564482
          ],
          [
            100.2892598,
            5.3564482
          ],
          [
            100.28926,
            5.3564482
          ],
          [
            100.2892601,
            5.3564483
          ],
          [
            100.2892603,
            5.3564483
          ],
          [
            100.2892605,
            5.3564483
          ],
          [
            100.2892606,
            5.3564484
          ],
          [
            100.2892608,
            5.3564484
          ],
          [
            100.2892609,
            5.3564484
          ],
          [
            100.2892611,
            5.3564485
          ],
          [
            100.2892613,
            5.3564485
          ],
          [
            100.2892614,
            5.3564486
          ],
          [
            100.2892616,
            5.3564486
          ],
          [
            100.2892617,
            5.3564487
          ],
          [
            100.2892619,
            5.3564488
          ],
          [
            100.2892621,
            5.3564488
          ],
          [
            100.2892622,
            5.3564489
          ],
          [
            100.2892624,
            5.356449
          ],
          [
            100.2892625,
            5.356449
          ],
          [
            100.2892627,
            5.3564491
          ],
          [
            100.2892629,
            5.3564492
          ],
          [
            100.289263,
            5.3564493
          ],
          [
            100.2892632,
            5.3564494
          ],
          [
            100.2892633,
            5.3564494
          ],
          [
            100.2892635,
            5.3564495
          ],
          [
            100.2892636,
            5.3564496
          ],
          [
            100.2892638,
            5.3564497
          ],
          [
            100.289264,
            5.3564498
          ],
          [
            100.2892641,
            5.3564499
          ],
          [
            100.2892643,
            5.3564501
          ],
          [
            100.2892644,
            5.3564502
          ],
          [
            100.2892646,
            5.3564503
          ],
          [
            100.2892648,
            5.3564504
          ],
          [
            100.2892649,
            5.3564505
          ],
          [
            100.2892651,
            5.3564507
          ],
          [
            100.2892652,
            5.3564508
          ],
          [
            100.2892654,
            5.3564509
          ],
          [
            100.2892656,
            5.3564511
          ],
          [
            100.2892657,
            5.3564512
          ],
          [
            100.2892659,
            5.3564514
          ],
          [
            100.289266,
            5.3564515
          ],
          [
            100.2892662,
            5.3564516
          ],
          [
            100.2892663,
            5.3564518
          ],
          [
            100.2892665,
            5.3564519
          ],
          [
            100.2892666,
            5.356452
          ],
          [
            100.2892667,
            5.3564522
          ],
          [
            100.2892669,
            5.3564523
          ],
          [
            100.289267,
            5.3564524
          ],
          [
            100.2892671,
            5.3564526
          ],
          [
            100.2892672,
            5.3564527
          ],
          [
            100.2892673,
            5.3564528
          ],
          [
            100.2892674,
            5.3564529
          ],
          [
            100.2892675,
            5.356453
          ],
          [
            100.2892676,
            5.3564531
          ],
          [
            100.2892676,
            5.3564532
          ],
          [
            100.2892677,
            5.3564533
          ],
          [
            100.2892678,
            5.3564534
          ],
          [
            100.2892678,
            5.3564535
          ],
          [
            100.2892679,
            5.3564535
          ],
          [
            100.289268,
            5.3564536
          ],
          [
            100.289268,
            5.3564536
          ],
          [
            100.2892681,
            5.3564537
          ],
          [
            100.2892681,
            5.3564537
          ],
          [
            100.2892682,
            5.3564538
          ],
          [
            100.2892682,
            5.3564538
          ],
          [
            100.2892682,
            5.3564538
          ],
          [
            100.2892683,
            5.3564538
          ],
          [
            100.2892683,
            5.3564539
          ],
          [
            100.2892683,
            5.3564539
          ],
          [
            100.2892683,
            5.3564539
          ],
          [
            100.2892683,
            5.3564538
          ],
          [
            100.2892683,
            5.3564538
          ],
          [
            100.2892684,
            5.3564538
          ],
          [
            100.2892684,
            5.3564538
          ],
          [
            100.2892684,
            5.3564538
          ],
          [
            100.2892684,
            5.3564537
          ],
          [
            100.2892684,
            5.3564537
          ],
          [
            100.2892683,
            5.3564536
          ],
          [
            100.2892683,
            5.3564536
          ],
          [
            100.2892683,
            5.3564535
          ],
          [
            100.2892683,
            5.3564534
          ],
          [
            100.2892683,
            5.3564533
          ],
          [
            100.2892683,
            5.3564533
          ],
          [
            100.2892683,
            5.3564532
          ],
          [
            100.2892683,
            5.3564531
          ],
          [
            100.2892682,
            5.356453
          ],
          [
            100.2892682,
            5.3564529
          ],
          [
            100.2892682,
            5.3564528
          ],
          [
            100.2892682,
            5.3564526
          ],
          [
            100.2892681,
            5.3564525
          ],
          [
            100.2892681,
            5.3564524
          ],
          [
            100.2892681,
            5.3564523
          ],
          [
            100.289268,
            5.3564521
          ],
          [
            100.289268,
            5.356452
          ],
          [
            100.289268,
            5.3564518
          ],
          [
            100.2892679,
            5.3564517
          ],
          [
            100.2892679,
            5.3564516
          ],
          [
            100.2892678,
            5.3564514
          ],
          [
            100.2892678,
            5.3564513
          ],
          [
            100.2892677,
            5.3564511
          ],
          [
            100.2892677,
            5.3564509
          ],
          [
            100.2892677,
            5.3564508
          ],
          [
            100.2892676,
            5.3564506
          ],
          [
            100.2892676,
            5.3564505
          ],
          [
            100.2892675,
            5.3564503
          ],
          [
            100.2892675,
            5.3564502
          ],
          [
            100.2892675,
            5.35645
          ],
          [
            100.2892675,
            5.3564499
          ],
          [
            100.2892674,
            5.3564497
          ],
          [
            100.2892674,
            5.3564496
          ],
          [
            100.2892674,
            5.3564494
          ],
          [
            100.2892674,
            5.3564493
          ],
          [
            100.2892674,
            5.3564491
          ],
          [
            100.2892674,
            5.356449
          ],
          [
            100.2892674,
            5.3564489
          ],
          [
            100.2892674,
            5.3564488
          ],
          [
            100.2892674,
            5.3564486
          ],
          [
            100.2892675,
            5.3564485
          ],
          [
            100.2892675,
            5.3564484
          ],
          [
            100.2892675,
            5.3564483
          ],
          [
            100.2892675,
            5.3564482
          ],
          [
            100.2892676,
            5.3564481
          ],
          [
            100.2892676,
            5.356448
          ],
          [
            100.2892677,
            5.3564479
          ],
          [
            100.2892677,
            5.3564479
          ],
          [
            100.2892678,
            5.3564478
          ],
          [
            100.2892678,
            5.3564477
          ],
          [
            100.2892679,
            5.3564477
          ],
          [
            100.289268,
            5.3564476
          ],
          [
            100.289268,
            5.3564476
          ],
          [
            100.2892681,
            5.3564475
          ],
          [
            100.2892682,
            5.3564475
          ],
          [
            100.2892683,
            5.3564474
          ],
          [
            100.2892684,
            5.3564474
          ],
          [
            100.2892685,
            5.3564474
          ],
          [
            100.2892686,
            5.3564473
          ],
          [
            100.2892687,
            5.3564473
          ],
          [
            100.2892688,
            5.3564473
          ],
          [
            100.2892689,
            5.3564473
          ],
          [
            100.289269,
            5.3564472
          ],
          [
            100.2892691,
            5.3564472
          ],
          [
            100.2892693,
            5.3564472
          ],
          [
            100.2892694,
            5.3564472
          ],
          [
            100.2892695,
            5.3564472
          ],
          [
            100.2892696,
            5.3564472
          ],
          [
            100.2892698,
            5.3564472
          ],
          [
            100.2892699,
            5.3564472
          ],
          [
            100.28927,
            5.3564473
          ],
          [
            100.2892702,
            5.3564473
          ],
          [
            100.2892703,
            5.3564473
          ],
          [
            100.2892705,
            5.3564473
          ],
          [
            100.2892706,
            5.3564473
          ],
          [
            100.2892707,
            5.3564473
          ],
          [
            100.2892709,
            5.3564473
          ],
          [
            100.289271,
            5.3564474
          ],
          [
            100.2892712,
            5.3564474
          ],
          [
            100.2892713,
            5.3564474
          ],
          [
            100.2892715,
            5.3564474
          ],
          [
            100.2892716,
            5.3564474
          ],
          [
            100.2892718,
            5.3564475
          ],
          [
            100.289272,
            5.3564475
          ],
          [
            100.2892721,
            5.3564475
          ],
          [
            100.2892723,
            5.3564475
          ],
          [
            100.2892724,
            5.3564476
          ],
          [
            100.2892726,
            5.3564476
          ],
          [
            100.2892727,
            5.3564476
          ],
          [
            100.2892729,
            5.3564476
          ],
          [
            100.2892731,
            5.3564477
          ],
          [
            100.2892732,
            5.3564477
          ],
          [
            100.2892734,
            5.3564477
          ],
          [
            100.2892735,
            5.3564477
          ],
          [
            100.2892737,
            5.3564478
          ],
          [
            100.2892738,
            5.3564478
          ],
          [
            100.289274,
            5.3564478
          ],
          [
            100.2892741,
            5.3564479
          ],
          [
            100.2892743,
            5.3564479
          ],
          [
            100.2892744,
            5.3564479
          ],
          [
            100.2892746,
            5.3564479
          ],
          [
            100.2892747,
            5.356448
          ],
          [
            100.2892749,
            5.356448
          ],
          [
            100.289275,
            5.356448
          ],
          [
            100.2892751,
            5.356448
          ],
          [
            100.2892753,
            5.3564481
          ],
          [
            100.2892754,
            5.3564481
          ],
          [
            100.2892755,
            5.3564481
          ],
          [
            100.2892756,
            5.3564481
          ],
          [
            100.2892758,
            5.3564481
          ],
          [
            100.2892759,
            5.3564481
          ],
          [
            100.289276,
            5.3564482
          ],
          [
            100.2892761,
            5.3564482
          ],
          [
            100.2892763,
            5.3564482
          ],
          [
            100.2892764,
            5.3564482
          ],
          [
            100.2892765,
            5.3564482
          ],
          [
            100.2892766,
            5.3564482
          ],
          [
            100.2892767,
            5.3564482
          ],
          [
            100.2892768,
            5.3564482
          ],
          [
            100.289277,
            5.3564483
          ],
          [
            100.2892771,
            5.3564483
          ],
          [
            100.2892772,
            5.3564483
          ],
          [
            100.2892773,
            5.3564483
          ],
          [
            100.2892774,
            5.3564483
          ],
          [
            100.2892775,
            5.3564483
          ],
          [
            100.2892776,
            5.3564483
          ],
          [
            100.2892777,
            5.3564483
          ],
          [
            100.2892778,
            5.3564483
          ],
          [
            100.2892779,
            5.3564483
          ],
          [
            100.2892779,
            5.3564483
          ],
          [
            100.289278,
            5.3564483
          ],
          [
            100.2892781,
            5.3564483
          ],
          [
            100.2892782,
            5.3564483
          ],
          [
            100.2892783,
            5.3564483
          ],
          [
            100.2892784,
            5.3564483
          ],
          [
            100.2892784,
            5.3564484
          ],
          [
            100.2892785,
            5.3564484
          ],
          [
            100.2892786,
            5.3564484
          ],
          [
            100.2892787,
            5.3564484
          ],
          [
            100.2892787,
            5.3564484
          ],
          [
            100.2892788,
            5.3564484
          ],
          [
            100.2892789,
            5.3564483
          ],
          [
            100.2892789,
            5.3564483
          ],
          [
            100.289279,
            5.3564483
          ],
          [
            100.2892791,
            5.3564483
          ],
          [
            100.2892791,
            5.3564483
          ],
          [
            100.2892792,
            5.3564483
          ],
          [
            100.2892792,
            5.3564483
          ],
          [
            100.2892793,
            5.3564483
          ],
          [
            100.2892793,
            5.3564483
          ],
          [
            100.2892794,
            5.3564483
          ],
          [
            100.2892794,
            5.3564483
          ],
          [
            100.2892794,
            5.3564483
          ],
          [
            100.2892795,
            5.3564483
          ],
          [
            100.2892795,
            5.3564482
          ],
          [
            100.2892795,
            5.3564482
          ],
          [
            100.2892796,
            5.3564482
          ],
          [
            100.2892796,
            5.3564482
          ],
          [
            100.2892796,
            5.3564482
          ],
          [
            100.2892796,
            5.3564482
          ],
          [
            100.2892796,
            5.3564482
          ],
          [
            100.2892797,
            5.3564482
          ],
          [
            100.2892797,
            5.3564481
          ],
          [
            100.2892797,
            5.3564481
          ],
          [
            100.2892797,
            5.3564481
          ],
          [
            100.2892797,
            5.3564481
          ],
          [
            100.2892797,
            5.3564481
          ],
          [
            100.2892797,
            5.3564481
          ],
          [
            100.2892797,
            5.3564481
          ],
          [
            100.2892797,
            5.3564481
          ],
          [
            100.2892797,
            5.3564481
          ],
          [
            100.2892797,
            5.3564481
          ],
          [
            100.2892797,
            5.356448
          ],
          [
            100.2892796,
            5.356448
          ],
          [
            100.2892796,
            5.356448
          ],
          [
            100.2892796,
            5.356448
          ],
          [
            100.2892796,
            5.356448
          ],
          [
            100.2892796,
            5.356448
          ],
          [
            100.2892795,
            5.356448
          ],
          [
            100.2892795,
            5.356448
          ],
          [
            100.2892795,
            5.356448
          ],
          [
            100.2892795,
            5.356448
          ],
          [
            100.2892794,
            5.3564479
          ],
          [
            100.2892794,
            5.3564479
          ],
          [
            100.2892794,
            5.3564479
          ],
          [
            100.2892793,
            5.3564479
          ],
          [
            100.2892793,
            5.3564479
          ],
          [
            100.2892792,
            5.3564479
          ],
          [
            100.2892792,
            5.3564479
          ],
          [
            100.2892791,
            5.3564479
          ],
          [
            100.2892791,
            5.3564479
          ],
          [
            100.289279,
            5.3564479
          ],
          [
            100.289279,
            5.3564479
          ],
          [
            100.2892789,
            5.3564479
          ],
          [
            100.2892789,
            5.3564479
          ],
          [
            100.2892788,
            5.3564479
          ],
          [
            100.2892788,
            5.3564479
          ],
          [
            100.2892787,
            5.3564479
          ],
          [
            100.2892787,
            5.3564479
          ],
          [
            100.2892786,
            5.3564479
          ],
          [
            100.2892785,
            5.3564479
          ],
          [
            100.2892785,
            5.3564479
          ],
          [
            100.2892784,
            5.3564479
          ],
          [
            100.2892784,
            5.3564479
          ],
          [
            100.2892783,
            5.3564479
          ],
          [
            100.2892783,
            5.3564479
          ],
          [
            100.2892782,
            5.3564479
          ],
          [
            100.2892782,
            5.3564479
          ],
          [
            100.2892781,
            5.3564479
          ],
          [
            100.2892781,
            5.356448
          ],
          [
            100.289278,
            5.356448
          ],
          [
            100.289278,
            5.356448
          ],
          [
            100.2892779,
            5.356448
          ],
          [
            100.2892779,
            5.356448
          ],
          [
            100.2892778,
            5.356448
          ],
          [
            100.2892778,
            5.3564481
          ],
          [
            100.2892777,
            5.3564481
          ],
          [
            100.2892777,
            5.3564481
          ],
          [
            100.2892776,
            5.3564481
          ],
          [
            100.2892776,
            5.3564481
          ],
          [
            100.2892775,
            5.3564481
          ],
          [
            100.2892775,
            5.3564482
          ],
          [
            100.2892774,
            5.3564482
          ],
          [
            100.2892774,
            5.3564482
          ],
          [
            100.2892774,
            5.3564482
          ],
          [
            100.2892773,
            5.3564482
          ],
          [
            100.2892773,
            5.3564483
          ],
          [
            100.2892772,
            5.3564483
          ],
          [
            100.2892772,
            5.3564483
          ],
          [
            100.2892772,
            5.3564483
          ],
          [
            100.2892771,
            5.3564484
          ],
          [
            100.2892771,
            5.3564484
          ],
          [
            100.289277,
            5.3564484
          ],
          [
            100.289277,
            5.3564485
          ],
          [
            100.289277,
            5.3564485
          ],
          [
            100.2892769,
            5.3564485
          ],
          [
            100.2892769,
            5.3564486
          ],
          [
            100.2892769,
            5.3564486
          ],
          [
            100.2892768,
            5.3564486
          ],
          [
            100.2892768,
            5.3564487
          ],
          [
            100.2892767,
            5.3564487
          ],
          [
            100.2892767,
            5.3564487
          ],
          [
            100.2892767,
            5.3564488
          ],
          [
            100.2892766,
            5.3564488
          ],
          [
            100.2892766,
            5.3564489
          ],
          [
            100.2892765,
            5.3564489
          ],
          [
            100.2892765,
            5.3564489
          ],
          [
            100.2892765,
            5.356449
          ],
          [
            100.2892764,
            5.356449
          ],
          [
            100.2892764,
            5.3564491
          ],
          [
            100.2892763,
            5.3564491
          ],
          [
            100.2892763,
            5.3564492
          ],
          [
            100.2892762,
            5.3564492
          ],
          [
            100.2892761,
            5.3564493
          ],
          [
            100.2892761,
            5.3564493
          ],
          [
            100.289276,
            5.3564494
          ],
          [
            100.289276,
            5.3564494
          ],
          [
            100.2892759,
            5.3564494
          ],
          [
            100.2892758,
            5.3564495
          ],
          [
            100.2892758,
            5.3564495
          ],
          [
            100.2892757,
            5.3564496
          ],
          [
            100.2892756,
            5.3564496
          ],
          [
            100.2892756,
            5.3564497
          ],
          [
            100.2892755,
            5.3564497
          ],
          [
            100.2892754,
            5.3564498
          ],
          [
            100.2892753,
            5.3564498
          ],
          [
            100.2892752,
            5.3564499
          ],
          [
            100.2892752,
            5.3564499
          ],
          [
            100.2892751,
            5.35645
          ],
          [
            100.289275,
            5.35645
          ],
          [
            100.2892749,
            5.3564501
          ],
          [
            100.2892748,
            5.3564501
          ],
          [
            100.2892747,
            5.3564502
          ],
          [
            100.2892746,
            5.3564502
          ],
          [
            100.2892745,
            5.3564503
          ],
          [
            100.2892744,
            5.3564503
          ],
          [
            100.2892743,
            5.3564504
          ],
          [
            100.2892742,
            5.3564504
          ],
          [
            100.2892741,
            5.3564505
          ],
          [
            100.289274,
            5.3564505
          ],
          [
            100.2892739,
            5.3564506
          ],
          [
            100.2892738,
            5.3564506
          ],
          [
            100.2892737,
            5.3564507
          ],
          [
            100.2892736,
            5.3564507
          ],
          [
            100.2892735,
            5.3564507
          ],
          [
            100.2892733,
            5.3564508
          ],
          [
            100.2892732,
            5.3564508
          ],
          [
            100.2892731,
            5.3564509
          ],
          [
            100.289273,
            5.3564509
          ],
          [
            100.2892729,
            5.3564509
          ],
          [
            100.2892728,
            5.356451
          ],
          [
            100.2892726,
            5.356451
          ],
          [
            100.2892725,
            5.356451
          ],
          [
            100.2892724,
            5.3564511
          ],
          [
            100.2892722,
            5.3564511
          ],
          [
            100.2892721,
            5.3564511
          ],
          [
            100.289272,
            5.3564512
          ],
          [
            100.2892719,
            5.3564512
          ],
          [
            100.2892717,
            5.3564512
          ],
          [
            100.2892716,
            5.3564512
          ],
          [
            100.2892715,
            5.3564513
          ],
          [
            100.2892713,
            5.3564513
          ],
          [
            100.2892712,
            5.3564513
          ],
          [
            100.2892711,
            5.3564513
          ],
          [
            100.289271,
            5.3564514
          ],
          [
            100.2892708,
            5.3564514
          ],
          [
            100.2892707,
            5.3564514
          ],
          [
            100.2892706,
            5.3564514
          ],
          [
            100.2892704,
            5.3564514
          ],
          [
            100.2892703,
            5.3564514
          ],
          [
            100.2892702,
            5.3564515
          ],
          [
            100.2892701,
            5.3564515
          ],
          [
            100.2892699,
            5.3564515
          ],
          [
            100.2892698,
            5.3564515
          ],
          [
            100.2892697,
            5.3564515
          ],
          [
            100.2892696,
            5.3564515
          ],
          [
            100.2892695,
            5.3564515
          ],
          [
            100.2892693,
            5.3564515
          ],
          [
            100.2892692,
            5.3564516
          ],
          [
            100.2892691,
            5.3564516
          ],
          [
            100.289269,
            5.3564516
          ],
          [
            100.2892688,
            5.3564516
          ],
          [
            100.2892687,
            5.3564516
          ],
          [
            100.2892686,
            5.3564516
          ],
          [
            100.2892685,
            5.3564516
          ],
          [
            100.2892684,
            5.3564516
          ],
          [
            100.2892682,
            5.3564516
          ],
          [
            100.2892681,
            5.3564517
          ],
          [
            100.289268,
            5.3564517
          ],
          [
            100.2892679,
            5.3564517
          ],
          [
            100.2892678,
            5.3564517
          ],
          [
            100.2892676,
            5.3564517
          ],
          [
            100.2892675,
            5.3564517
          ],
          [
            100.2892674,
            5.3564518
          ],
          [
            100.2892673,
            5.3564518
          ],
          [
            100.2892672,
            5.3564518
          ],
          [
            100.289267,
            5.3564518
          ],
          [
            100.2892669,
            5.3564519
          ],
          [
            100.2892668,
            5.3564519
          ],
          [
            100.2892667,
            5.3564519
          ],
          [
            100.2892666,
            5.3564519
          ],
          [
            100.2892665,
            5.356452
          ],
          [
            100.2892663,
            5.356452
          ],
          [
            100.2892662,
            5.356452
          ],
          [
            100.2892661,
            5.356452
          ],
          [
            100.289266,
            5.3564521
          ],
          [
            100.2892659,
            5.3564521
          ],
          [
            100.2892658,
            5.3564521
          ],
          [
            100.2892657,
            5.3564522
          ],
          [
            100.2892656,
            5.3564522
          ],
          [
            100.2892655,
            5.3564523
          ],
          [
            100.2892654,
            5.3564523
          ],
          [
            100.2892653,
            5.3564523
          ],
          [
            100.2892652,
            5.3564524
          ],
          [
            100.2892651,
            5.3564524
          ],
          [
            100.289265,
            5.3564525
          ],
          [
            100.2892649,
            5.3564525
          ],
          [
            100.2892648,
            5.3564525
          ],
          [
            100.2892647,
            5.3564526
          ],
          [
            100.2892646,
            5.3564526
          ],
          [
            100.2892646,
            5.3564527
          ],
          [
            100.2892645,
            5.3564527
          ],
          [
            100.2892644,
            5.3564528
          ],
          [
            100.2892643,
            5.3564528
          ],
          [
            100.2892642,
            5.3564529
          ],
          [
            100.2892641,
            5.3564529
          ],
          [
            100.289264,
            5.3564529
          ],
          [
            100.289264,
            5.356453
          ],
          [
            100.2892639,
            5.356453
          ],
          [
            100.2892638,
            5.3564531
          ],
          [
            100.2892637,
            5.3564531
          ],
          [
            100.2892636,
            5.3564532
          ],
          [
            100.2892636,
            5.3564532
          ],
          [
            100.2892635,
            5.3564533
          ],
          [
            100.2892634,
            5.3564533
          ],
          [
            100.2892633,
            5.3564534
          ],
          [
            100.2892632,
            5.3564534
          ],
          [
            100.2892632,
            5.3564535
          ],
          [
            100.2892631,
            5.3564535
          ],
          [
            100.289263,
            5.3564536
          ],
          [
            100.2892629,
            5.3564536
          ],
          [
            100.2892628,
            5.3564536
          ],
          [
            100.2892628,
            5.3564537
          ],
          [
            100.2892627,
            5.3564537
          ],
          [
            100.2892626,
            5.3564538
          ],
          [
            100.2892625,
            5.3564538
          ],
          [
            100.2892625,
            5.3564539
          ],
          [
            100.2892624,
            5.3564539
          ],
          [
            100.2892623,
            5.356454
          ],
          [
            100.2892623,
            5.356454
          ],
          [
            100.2892622,
            5.356454
          ],
          [
            100.2892621,
            5.3564541
          ],
          [
            100.2892621,
            5.3564541
          ],
          [
            100.289262,
            5.3564542
          ],
          [
            100.2892619,
            5.3564542
          ],
          [
            100.2892619,
            5.3564542
          ],
          [
            100.2892618,
            5.3564543
          ],
          [
            100.2892618,
            5.3564543
          ],
          [
            100.2892617,
            5.3564543
          ],
          [
            100.2892617,
            5.3564544
          ],
          [
            100.2892616,
            5.3564544
          ],
          [
            100.2892615,
            5.3564545
          ],
          [
            100.2892615,
            5.3564545
          ],
          [
            100.2892614,
            5.3564545
          ],
          [
            100.2892614,
            5.3564546
          ],
          [
            100.2892613,
            5.3564546
          ],
          [
            100.2892613,
            5.3564546
          ],
          [
            100.2892612,
            5.3564547
          ],
          [
            100.2892612,
            5.3564547
          ],
          [
            100.2892612,
            5.3564547
          ],
          [
            100.2892611,
            5.3564548
          ],
          [
            100.2892611,
            5.3564548
          ],
          [
            100.2892611,
            5.3564548
          ],
          [
            100.289261,
            5.3564549
          ],
          [
            100.289261,
            5.3564549
          ],
          [
            100.289261,
            5.3564549
          ],
          [
            100.2892609,
            5.3564549
          ],
          [
            100.2892609,
            5.356455
          ],
          [
            100.2892609,
            5.356455
          ],
          [
            100.2892608,
            5.356455
          ],
          [
            100.2892608,
            5.3564551
          ],
          [
            100.2892608,
            5.3564551
          ],
          [
            100.2892608,
            5.3564551
          ],
          [
            100.2892608,
            5.3564551
          ],
          [
            100.2892608,
            5.3564552
          ],
          [
            100.2892607,
            5.3564552
          ],
          [
            100.2892607,
            5.3564552
          ],
          [
            100.2892607,
            5.3564552
          ],
          [
            100.2892607,
            5.3564553
          ],
          [
            100.2892607,
            5.3564553
          ],
          [
            100.2892607,
            5.3564553
          ],
          [
            100.2892607,
            5.3564553
          ],
          [
            100.2892607,
            5.3564553
          ],
          [
            100.2892607,
            5.3564554
          ],
          [
            100.2892607,
            5.3564554
          ],
          [
            100.2892606,
            5.3564554
          ],
          [
            100.2892606,
            5.3564554
          ],
          [
            100.2892606,
            5.3564554
          ],
          [
            100.2892606,
            5.3564554
          ],
          [
            100.2892606,
            5.3564555
          ],
          [
            100.2892606,
            5.3564555
          ],
          [
            100.2892606,
            5.3564555
          ],
          [
            100.2892606,
            5.3564555
          ],
          [
            100.2892606,
            5.3564555
          ],
          [
            100.2892606,
            5.3564555
          ],
          [
            100.2892606,
            5.3564555
          ],
          [
            100.2892605,
            5.3564555
          ],
          [
            100.2892605,
            5.3564555
          ],
          [
            100.2892605,
            5.3564555
          ],
          [
            100.2892605,
            5.3564555
          ],
          [
            100.2892605,
            5.3564555
          ],
          [
            100.2892605,
            5.3564556
          ],
          [
            100.2892604,
            5.3564556
          ],
          [
            100.2892604,
            5.3564556
          ],
          [
            100.2892604,
            5.3564556
          ],
          [
            100.2892604,
            5.3564556
          ],
          [
            100.2892604,
            5.3564556
          ],
          [
            100.2892603,
            5.3564556
          ],
          [
            100.2892603,
            5.3564556
          ],
          [
            100.2892603,
            5.3564556
          ],
          [
            100.2892603,
            5.3564556
          ],
          [
            100.2892602,
            5.3564557
          ],
          [
            100.2892602,
            5.3564557
          ],
          [
            100.2892602,
            5.3564557
          ],
          [
            100.2892601,
            5.3564557
          ],
          [
            100.2892601,
            5.3564557
          ],
          [
            100.2892601,
            5.3564557
          ],
          [
            100.28926,
            5.3564557
          ],
          [
            100.28926,
            5.3564557
          ],
          [
            100.2892599,
            5.3564558
          ],
          [
            100.2892599,
            5.3564558
          ],
          [
            100.2892599,
            5.3564558
          ],
          [
            100.2892598,
            5.3564558
          ],
          [
            100.2892598,
            5.3564558
          ],
          [
            100.2892597,
            5.3564558
          ],
          [
            100.2892597,
            5.3564558
          ],
          [
            100.2892596,
            5.3564558
          ],
          [
            100.2892596,
            5.3564559
          ],
          [
            100.2892595,
            5.3564559
          ],
          [
            100.2892595,
            5.3564559
          ],
          [
            100.2892594,
            5.3564559
          ],
          [
            100.2892594,
            5.3564559
          ],
          [
            100.2892593,
            5.356456
          ],
          [
            100.2892593,
            5.356456
          ],
          [
            100.2892592,
            5.356456
          ],
          [
            100.2892591,
            5.356456
          ],
          [
            100.2892591,
            5.356456
          ],
          [
            100.289259,
            5.3564561
          ],
          [
            100.289259,
            5.3564561
          ],
          [
            100.2892589,
            5.3564561
          ],
          [
            100.2892589,
            5.3564562
          ],
          [
            100.2892588,
            5.3564562
          ],
          [
            100.2892588,
            5.3564562
          ],
          [
            100.2892587,
            5.3564563
          ],
          [
            100.2892587,
            5.3564563
          ],
          [
            100.2892586,
            5.3564563
          ],
          [
            100.2892586,
            5.3564564
          ],
          [
            100.2892585,
            5.3564564
          ],
          [
            100.2892585,
            5.3564565
          ],
          [
            100.2892585,
            5.3564565
          ],
          [
            100.2892584,
            5.3564566
          ],
          [
            100.2892584,
            5.3564566
          ],
          [
            100.2892584,
            5.3564566
          ],
          [
            100.2892583,
            5.3564567
          ],
          [
            100.2892583,
            5.3564567
          ],
          [
            100.2892583,
            5.3564568
          ],
          [
            100.2892583,
            5.3564568
          ],
          [
            100.2892583,
            5.3564569
          ],
          [
            100.2892582,
            5.3564569
          ],
          [
            100.2892582,
            5.3564569
          ],
          [
            100.2892582,
            5.356457
          ],
          [
            100.2892582,
            5.356457
          ],
          [
            100.2892582,
            5.356457
          ],
          [
            100.2892582,
            5.3564571
          ],
          [
            100.2892581,
            5.3564571
          ],
          [
            100.2892581,
            5.3564571
          ],
          [
            100.2892581,
            5.3564572
          ],
          [
            100.2892581,
            5.3564572
          ],
          [
            100.2892581,
            5.3564572
          ],
          [
            100.2892581,
            5.3564573
          ],
          [
            100.2892581,
            5.3564573
          ],
          [
            100.2892581,
            5.3564573
          ],
          [
            100.2892581,
            5.3564573
          ],
          [
            100.2892581,
            5.3564574
          ],
          [
            100.2892582,
            5.3564574
          ],
          [
            100.2892582,
            5.3564574
          ],
          [
            100.2892582,
            5.3564574
          ],
          [
            100.2892582,
            5.3564574
          ],
          [
            100.2892582,
            5.3564575
          ],
          [
            100.2892582,
            5.3564575
          ],
          [
            100.2892583,
            5.3564575
          ],
          [
            100.2892583,
            5.3564575
          ],
          [
            100.2892583,
            5.3564575
          ],
          [
            100.2892583,
            5.3564575
          ],
          [
            100.2892583,
            5.3564576
          ],
          [
            100.2892583,
            5.3564576
          ],
          [
            100.2892584,
            5.3564576
          ],
          [
            100.2892584,
            5.3564576
          ],
          [
            100.2892584,
            5.3564576
          ],
          [
            100.2892584,
            5.3564576
          ],
          [
            100.2892585,
            5.3564576
          ],
          [
            100.2892585,
            5.3564577
          ],
          [
            100.2892585,
            5.3564577
          ],
          [
            100.2892585,
            5.3564577
          ],
          [
            100.2892586,
            5.3564577
          ],
          [
            100.2892586,
            5.3564577
          ],
          [
            100.2892586,
            5.3564577
          ],
          [
            100.2892587,
            5.3564577
          ],
          [
            100.2892587,
            5.3564577
          ],
          [
            100.2892587,
            5.3564577
          ],
          [
            100.2892587,
            5.3564577
          ],
          [
            100.2892588,
            5.3564577
          ],
          [
            100.2892588,
            5.3564577
          ],
          [
            100.2892588,
            5.3564577
          ],
          [
            100.2892589,
            5.3564577
          ],
          [
            100.2892589,
            5.3564577
          ],
          [
            100.2892589,
            5.3564576
          ],
          [
            100.2892589,
            5.3564576
          ],
          [
            100.289259,
            5.3564576
          ],
          [
            100.289259,
            5.3564576
          ],
          [
            100.289259,
            5.3564576
          ],
          [
            100.2892591,
            5.3564576
          ],
          [
            100.2892591,
            5.3564576
          ],
          [
            100.2892591,
            5.3564575
          ],
          [
            100.2892591,
            5.3564575
          ],
          [
            100.2892592,
            5.3564575
          ],
          [
            100.2892592,
            5.3564575
          ],
          [
            100.2892592,
            5.3564575
          ],
          [
            100.2892593,
            5.3564575
          ],
          [
            100.2892593,
            5.3564574
          ],
          [
            100.2892593,
            5.3564574
          ],
          [
            100.2892594,
            5.3564574
          ],
          [
            100.2892594,
            5.3564574
          ],
          [
            100.2892594,
            5.3564574
          ],
          [
            100.2892595,
            5.3564573
          ],
          [
            100.2892595,
            5.3564573
          ],
          [
            100.2892595,
            5.3564573
          ],
          [
            100.2892596,
            5.3564573
          ],
          [
            100.2892596,
            5.3564573
          ],
          [
            100.2892596,
            5.3564572
          ],
          [
            100.2892597,
            5.3564572
          ],
          [
            100.2892597,
            5.3564572
          ],
          [
            100.2892597,
            5.3564572
          ],
          [
            100.2892597,
            5.3564571
          ],
          [
            100.2892598,
            5.3564571
          ],
          [
            100.2892598,
            5.3564571
          ],
          [
            100.2892598,
            5.3564571
          ],
          [
            100.2892598,
            5.356457
          ],
          [
            100.2892598,
            5.356457
          ],
          [
            100.2892598,
            5.356457
          ],
          [
            100.2892599,
            5.3564569
          ],
          [
            100.2892599,
            5.3564569
          ],
          [
            100.2892599,
            5.3564569
          ],
          [
            100.2892599,
            5.3564568
          ],
          [
            100.2892599,
            5.3564568
          ],
          [
            100.2892599,
            5.3564568
          ],
          [
            100.2892599,
            5.3564567
          ],
          [
            100.2892599,
            5.3564567
          ],
          [
            100.2892598,
            5.3564567
          ],
          [
            100.2892598,
            5.3564566
          ],
          [
            100.2892598,
            5.3564566
          ],
          [
            100.2892598,
            5.3564566
          ],
          [
            100.2892598,
            5.3564565
          ],
          [
            100.2892598,
            5.3564565
          ],
          [
            100.2892597,
            5.3564565
          ],
          [
            100.2892597,
            5.3564564
          ],
          [
            100.2892597,
            5.3564564
          ],
          [
            100.2892596,
            5.3564563
          ],
          [
            100.2892596,
            5.3564563
          ],
          [
            100.2892596,
            5.3564563
          ],
          [
            100.2892595,
            5.3564562
          ],
          [
            100.2892595,
            5.3564562
          ],
          [
            100.2892594,
            5.3564562
          ],
          [
            100.2892594,
            5.3564561
          ],
          [
            100.2892593,
            5.3564561
          ],
          [
            100.2892592,
            5.3564561
          ],
          [
            100.2892592,
            5.3564561
          ],
          [
            100.2892591,
            5.356456
          ],
          [
            100.289259,
            5.356456
          ],
          [
            100.2892589,
            5.356456
          ],
          [
            100.2892589,
            5.356456
          ],
          [
            100.2892588,
            5.356456
          ],
          [
            100.2892587,
            5.3564559
          ],
          [
            100.2892586,
            5.3564559
          ],
          [
            100.2892585,
            5.3564559
          ],
          [
            100.2892584,
            5.3564559
          ],
          [
            100.2892583,
            5.3564559
          ],
          [
            100.2892582,
            5.3564559
          ],
          [
            100.2892581,
            5.3564559
          ],
          [
            100.289258,
            5.3564558
          ],
          [
            100.2892579,
            5.3564558
          ],
          [
            100.2892578,
            5.3564558
          ],
          [
            100.2892577,
            5.3564558
          ],
          [
            100.2892576,
            5.3564558
          ],
          [
            100.2892575,
            5.3564558
          ],
          [
            100.2892573,
            5.3564558
          ],
          [
            100.2892572,
            5.3564558
          ],
          [
            100.2892571,
            5.3564558
          ],
          [
            100.289257,
            5.3564558
          ],
          [
            100.2892569,
            5.3564558
          ],
          [
            100.2892568,
            5.3564559
          ],
          [
            100.2892566,
            5.3564559
          ],
          [
            100.2892565,
            5.3564559
          ],
          [
            100.2892564,
            5.3564559
          ],
          [
            100.2892563,
            5.3564559
          ],
          [
            100.2892562,
            5.3564559
          ],
          [
            100.2892561,
            5.3564559
          ],
          [
            100.2892559,
            5.356456
          ],
          [
            100.2892558,
            5.356456
          ],
          [
            100.2892557,
            5.356456
          ],
          [
            100.2892556,
            5.356456
          ],
          [
            100.2892555,
            5.3564561
          ],
          [
            100.2892554,
            5.3564561
          ],
          [
            100.2892553,
            5.3564561
          ],
          [
            100.2892552,
            5.3564562
          ],
          [
            100.2892551,
            5.3564562
          ],
          [
            100.289255,
            5.3564562
          ],
          [
            100.2892548,
            5.3564562
          ],
          [
            100.2892547,
            5.3564563
          ],
          [
            100.2892546,
            5.3564563
          ],
          [
            100.2892545,
            5.3564564
          ],
          [
            100.2892544,
            5.3564564
          ],
          [
            100.2892543,
            5.3564564
          ],
          [
            100.2892542,
            5.3564565
          ],
          [
            100.2892541,
            5.3564565
          ],
          [
            100.289254,
            5.3564566
          ],
          [
            100.2892539,
            5.3564566
          ],
          [
            100.2892538,
            5.3564566
          ],
          [
            100.2892537,
            5.3564567
          ],
          [
            100.2892537,
            5.3564567
          ],
          [
            100.2892536,
            5.3564568
          ],
          [
            100.2892535,
            5.3564568
          ],
          [
            100.2892534,
            5.3564568
          ],
          [
            100.2892533,
            5.3564569
          ],
          [
            100.2892532,
            5.3564569
          ],
          [
            100.2892531,
            5.356457
          ],
          [
            100.2892531,
            5.356457
          ],
          [
            100.289253,
            5.356457
          ],
          [
            100.2892529,
            5.3564571
          ],
          [
            100.2892529,
            5.3564571
          ],
          [
            100.2892528,
            5.3564572
          ],
          [
            100.2892527,
            5.3564572
          ],
          [
            100.2892527,
            5.3564572
          ],
          [
            100.2892526,
            5.3564573
          ],
          [
            100.2892526,
            5.3564573
          ],
          [
            100.2892525,
            5.3564574
          ],
          [
            100.2892525,
            5.3564574
          ],
          [
            100.2892524,
            5.3564574
          ],
          [
            100.2892524,
            5.3564575
          ],
          [
            100.2892523,
            5.3564575
          ],
          [
            100.2892523,
            5.3564576
          ],
          [
            100.2892522,
            5.3564576
          ],
          [
            100.2892522,
            5.3564576
          ],
          [
            100.2892522,
            5.3564577
          ],
          [
            100.2892521,
            5.3564577
          ],
          [
            100.2892521,
            5.3564578
          ],
          [
            100.289252,
            5.3564578
          ],
          [
            100.289252,
            5.3564579
          ],
          [
            100.2892519,
            5.3564579
          ],
          [
            100.2892519,
            5.3564579
          ],
          [
            100.2892518,
            5.356458
          ],
          [
            100.2892518,
            5.356458
          ],
          [
            100.2892518,
            5.3564581
          ],
          [
            100.2892517,
            5.3564581
          ],
          [
            100.2892517,
            5.3564582
          ],
          [
            100.2892516,
            5.3564582
          ],
          [
            100.2892516,
            5.3564582
          ],
          [
            100.2892515,
            5.3564583
          ],
          [
            100.2892515,
            5.3564583
          ],
          [
            100.2892515,
            5.3564584
          ],
          [
            100.2892514,
            5.3564584
          ],
          [
            100.2892514,
            5.3564584
          ],
          [
            100.2892513,
            5.3564585
          ],
          [
            100.2892513,
            5.3564585
          ],
          [
            100.2892512,
            5.3564586
          ],
          [
            100.2892512,
            5.3564586
          ],
          [
            100.2892512,
            5.3564587
          ],
          [
            100.2892511,
            5.3564587
          ],
          [
            100.2892511,
            5.3564588
          ],
          [
            100.289251,
            5.3564588
          ],
          [
            100.289251,
            5.3564588
          ],
          [
            100.289251,
            5.3564589
          ],
          [
            100.2892509,
            5.3564589
          ],
          [
            100.2892509,
            5.356459
          ],
          [
            100.2892508,
            5.356459
          ],
          [
            100.2892508,
            5.3564591
          ],
          [
            100.2892508,
            5.3564591
          ],
          [
            100.2892507,
            5.3564592
          ],
          [
            100.2892507,
            5.3564592
          ],
          [
            100.2892507,
            5.3564593
          ],
          [
            100.2892506,
            5.3564593
          ],
          [
            100.2892506,
            5.3564594
          ],
          [
            100.2892506,
            5.3564594
          ],
          [
            100.2892505,
            5.3564595
          ],
          [
            100.2892505,
            5.3564595
          ],
          [
            100.2892505,
            5.3564596
          ],
          [
            100.2892504,
            5.3564596
          ],
          [
            100.2892504,
            5.3564597
          ],
          [
            100.2892504,
            5.3564597
          ],
          [
            100.2892503,
            5.3564598
          ],
          [
            100.2892503,
            5.3564598
          ],
          [
            100.2892503,
            5.3564599
          ],
          [
            100.2892502,
            5.3564599
          ],
          [
            100.2892502,
            5.35646
          ],
          [
            100.2892502,
            5.35646
          ],
          [
            100.2892501,
            5.3564601
          ],
          [
            100.2892501,
            5.3564601
          ],
          [
            100.2892501,
            5.3564601
          ],
          [
            100.2892501,
            5.3564602
          ],
          [
            100.28925,
            5.3564602
          ],
          [
            100.28925,
            5.3564603
          ],
          [
            100.28925,
            5.3564603
          ],
          [
            100.2892499,
            5.3564604
          ],
          [
            100.2892499,
            5.3564604
          ],
          [
            100.2892499,
            5.3564605
          ],
          [
            100.2892498,
            5.3564605
          ],
          [
            100.2892498,
            5.3564605
          ],
          [
            100.2892498,
            5.3564606
          ],
          [
            100.2892497,
            5.3564606
          ],
          [
            100.2892497,
            5.3564607
          ],
          [
            100.2892497,
            5.3564607
          ],
          [
            100.2892496,
            5.3564607
          ],
          [
            100.2892496,
            5.3564608
          ],
          [
            100.2892495,
            5.3564608
          ],
          [
            100.2892495,
            5.3564608
          ],
          [
            100.2892495,
            5.3564609
          ],
          [
            100.2892494,
            5.3564609
          ],
          [
            100.2892494,
            5.3564609
          ],
          [
            100.2892494,
            5.3564609
          ],
          [
            100.2892493,
            5.356461
          ],
          [
            100.2892493,
            5.356461
          ],
          [
            100.2892492,
            5.356461
          ],
          [
            100.2892492,
            5.356461
          ],
          [
            100.2892491,
            5.3564611
          ],
          [
            100.2892491,
            5.3564611
          ],
          [
            100.289249,
            5.3564611
          ],
          [
            100.289249,
            5.3564611
          ],
          [
            100.2892489,
            5.3564611
          ],
          [
            100.2892489,
            5.3564611
          ],
          [
            100.2892489,
            5.3564612
          ],
          [
            100.2892488,
            5.3564612
          ],
          [
            100.2892487,
            5.3564612
          ],
          [
            100.2892487,
            5.3564612
          ],
          [
            100.2892486,
            5.3564612
          ],
          [
            100.2892486,
            5.3564612
          ],
          [
            100.2892485,
            5.3564612
          ],
          [
            100.2892485,
            5.3564613
          ],
          [
            100.2892484,
            5.3564613
          ],
          [
            100.2892483,
            5.3564613
          ],
          [
            100.2892483,
            5.3564613
          ],
          [
            100.2892482,
            5.3564613
          ],
          [
            100.2892482,
            5.3564613
          ],
          [
            100.2892481,
            5.3564613
          ],
          [
            100.289248,
            5.3564613
          ],
          [
            100.289248,
            5.3564613
          ],
          [
            100.2892479,
            5.3564613
          ],
          [
            100.2892478,
            5.3564613
          ],
          [
            100.2892477,
            5.3564613
          ],
          [
            100.2892477,
            5.3564613
          ],
          [
            100.2892476,
            5.3564613
          ],
          [
            100.2892475,
            5.3564613
          ],
          [
            100.2892474,
            5.3564613
          ],
          [
            100.2892473,
            5.3564613
          ],
          [
            100.2892472,
            5.3564613
          ],
          [
            100.2892471,
            5.3564613
          ],
          [
            100.2892471,
            5.3564613
          ],
          [
            100.289247,
            5.3564613
          ],
          [
            100.2892469,
            5.3564613
          ],
          [
            100.2892468,
            5.3564613
          ],
          [
            100.2892467,
            5.3564613
          ],
          [
            100.2892466,
            5.3564613
          ],
          [
            100.2892465,
            5.3564613
          ],
          [
            100.2892464,
            5.3564613
          ],
          [
            100.2892464,
            5.3564613
          ],
          [
            100.2892463,
            5.3564613
          ],
          [
            100.2892462,
            5.3564613
          ],
          [
            100.2892461,
            5.3564613
          ],
          [
            100.289246,
            5.3564613
          ],
          [
            100.2892459,
            5.3564613
          ],
          [
            100.2892458,
            5.3564613
          ],
          [
            100.2892458,
            5.3564613
          ],
          [
            100.2892457,
            5.3564613
          ],
          [
            100.2892456,
            5.3564613
          ],
          [
            100.2892455,
            5.3564613
          ],
          [
            100.2892455,
            5.3564613
          ],
          [
            100.2892454,
            5.3564613
          ],
          [
            100.2892453,
            5.3564613
          ],
          [
            100.2892453,
            5.3564613
          ],
          [
            100.2892452,
            5.3564613
          ],
          [
            100.2892451,
            5.3564612
          ],
          [
            100.2892451,
            5.3564612
          ],
          [
            100.289245,
            5.3564612
          ],
          [
            100.289245,
            5.3564612
          ],
          [
            100.2892449,
            5.3564612
          ],
          [
            100.2892449,
            5.3564612
          ],
          [
            100.2892448,
            5.3564612
          ],
          [
            100.2892448,
            5.3564612
          ],
          [
            100.2892447,
            5.3564612
          ],
          [
            100.2892447,
            5.3564612
          ],
          [
            100.2892446,
            5.3564612
          ],
          [
            100.2892446,
            5.3564612
          ],
          [
            100.2892446,
            5.3564612
          ],
          [
            100.2892445,
            5.3564612
          ],
          [
            100.2892445,
            5.3564612
          ],
          [
            100.2892445,
            5.3564612
          ],
          [
            100.2892444,
            5.3564612
          ],
          [
            100.2892444,
            5.3564612
          ],
          [
            100.2892444,
            5.3564612
          ],
          [
            100.2892444,
            5.3564612
          ],
          [
            100.2892444,
            5.3564612
          ],
          [
            100.2892444,
            5.3564612
          ],
          [
            100.2892444,
            5.3564612
          ],
          [
            100.2892444,
            5.3564612
          ],
          [
            100.2892444,
            5.3564612
          ],
          [
            100.2892444,
            5.3564612
          ],
          [
            100.2892444,
            5.3564612
          ],
          [
            100.2892444,
            5.3564612
          ],
          [
            100.2892444,
            5.3564612
          ],
          [
            100.2892444,
            5.3564612
          ],
          [
            100.2892444,
            5.3564612
          ],
          [
            100.2892445,
            5.3564612
          ],
          [
            100.2892445,
            5.3564612
          ],
          [
            100.2892445,
            5.3564612
          ],
          [
            100.2892446,
            5.3564612
          ],
          [
            100.2892446,
            5.3564612
          ],
          [
            100.2892446,
            5.3564613
          ],
          [
            100.2892447,
            5.3564613
          ],
          [
            100.2892447,
            5.3564613
          ],
          [
            100.2892448,
            5.3564613
          ],
          [
            100.2892448,
            5.3564613
          ],
          [
            100.2892449,
            5.3564613
          ],
          [
            100.2892449,
            5.3564613
          ],
          [
            100.289245,
            5.3564613
          ],
          [
            100.289245,
            5.3564613
          ],
          [
            100.2892451,
            5.3564613
          ],
          [
            100.2892452,
            5.3564613
          ],
          [
            100.2892452,
            5.3564614
          ],
          [
            100.2892453,
            5.3564614
          ],
          [
            100.2892454,
            5.3564614
          ],
          [
            100.2892454,
            5.3564614
          ],
          [
            100.2892455,
            5.3564614
          ],
          [
            100.2892456,
            5.3564614
          ],
          [
            100.2892457,
            5.3564614
          ],
          [
            100.2892457,
            5.3564614
          ],
          [
            100.2892458,
            5.3564614
          ],
          [
            100.2892459,
            5.3564614
          ],
          [
            100.289246,
            5.3564615
          ],
          [
            100.2892461,
            5.3564615
          ],
          [
            100.2892462,
            5.3564615
          ],
          [
            100.2892463,
            5.3564615
          ],
          [
            100.2892464,
            5.3564615
          ],
          [
            100.2892465,
            5.3564615
          ],
          [
            100.2892466,
            5.3564615
          ],
          [
            100.2892467,
            5.3564615
          ],
          [
            100.2892468,
            5.3564615
          ],
          [
            100.2892469,
            5.3564615
          ],
          [
            100.289247,
            5.3564615
          ],
          [
            100.2892471,
            5.3564615
          ],
          [
            100.2892472,
            5.3564615
          ],
          [
            100.2892473,
            5.3564615
          ],
          [
            100.2892474,
            5.3564614
          ],
          [
            100.2892475,
            5.3564614
          ],
          [
            100.2892476,
            5.3564614
          ],
          [
            100.2892477,
            5.3564614
          ],
          [
            100.2892478,
            5.3564614
          ],
          [
            100.2892479,
            5.3564614
          ],
          [
            100.289248,
            5.3564613
          ],
          [
            100.2892481,
            5.3564613
          ],
          [
            100.2892481,
            5.3564613
          ],
          [
            100.2892482,
            5.3564613
          ],
          [
            100.2892483,
            5.3564613
          ],
          [
            100.2892484,
            5.3564612
          ],
          [
            100.2892484,
            5.3564612
          ],
          [
            100.2892485,
            5.3564612
          ],
          [
            100.2892485,
            5.3564612
          ],
          [
            100.2892486,
            5.3564611
          ],
          [
            100.2892486,
            5.3564611
          ],
          [
            100.2892487,
            5.3564611
          ],
          [
            100.2892487,
            5.3564611
          ],
          [
            100.2892487,
            5.356461
          ],
          [
            100.2892488,
            5.356461
          ],
          [
            100.2892488,
            5.356461
          ],
          [
            100.2892488,
            5.356461
          ],
          [
            100.2892488,
            5.3564609
          ],
          [
            100.2892488,
            5.3564609
          ],
          [
            100.2892488,
            5.3564609
          ],
          [
            100.2892488,
            5.3564609
          ],
          [
            100.2892488,
            5.3564608
          ],
          [
            100.2892488,
            5.3564608
          ],
          [
            100.2892488,
            5.3564608
          ],
          [
            100.2892488,
            5.3564607
          ],
          [
            100.2892488,
            5.3564607
          ],
          [
            100.2892488,
            5.3564607
          ],
          [
            100.2892488,
            5.3564606
          ],
          [
            100.2892487,
            5.3564606
          ],
          [
            100.2892487,
            5.3564606
          ],
          [
            100.2892487,
            5.3564605
          ],
          [
            100.2892487,
            5.3564605
          ],
          [
            100.2892486,
            5.3564605
          ],
          [
            100.2892486,
            5.3564604
          ],
          [
            100.2892485,
            5.3564604
          ],
          [
            100.2892485,
            5.3564603
          ],
          [
            100.2892485,
            5.3564603
          ],
          [
            100.2892484,
            5.3564602
          ],
          [
            100.2892484,
            5.3564602
          ],
          [
            100.2892483,
            5.3564602
          ],
          [
            100.2892483,
            5.3564601
          ],
          [
            100.2892482,
            5.3564601
          ],
          [
            100.2892482,
            5.35646
          ],
          [
            100.2892481,
            5.35646
          ],
          [
            100.289248,
            5.3564599
          ],
          [
            100.289248,
            5.3564599
          ],
          [
            100.2892479,
            5.3564599
          ],
          [
            100.2892479,
            5.3564598
          ],
          [
            100.2892478,
            5.3564598
          ],
          [
            100.2892478,
            5.3564597
          ],
          [
            100.2892477,
            5.3564597
          ],
          [
            100.2892477,
            5.3564597
          ],
          [
            100.2892476,
            5.3564596
          ],
          [
            100.2892475,
            5.3564596
          ],
          [
            100.2892475,
            5.3564595
          ],
          [
            100.2892474,
            5.3564595
          ],
          [
            100.2892474,
            5.3564595
          ],
          [
            100.2892473,
            5.3564594
          ],
          [
            100.2892473,
            5.3564594
          ],
          [
            100.2892472,
            5.3564594
          ],
          [
            100.2892472,
            5.3564593
          ],
          [
            100.2892471,
            5.3564593
          ],
          [
            100.2892471,
            5.3564592
          ],
          [
            100.289247,
            5.3564592
          ],
          [
            100.289247,
            5.3564592
          ],
          [
            100.289247,
            5.3564591
          ],
          [
            100.289247,
            5.3564591
          ],
          [
            100.2892469,
            5.356459
          ],
          [
            100.2892469,
            5.356459
          ],
          [
            100.2892469,
            5.3564589
          ],
          [
            100.2892469,
            5.3564589
          ],
          [
            100.2892469,
            5.3564589
          ],
          [
            100.2892469,
            5.3564588
          ],
          [
            100.2892469,
            5.3564588
          ],
          [
            100.2892469,
            5.3564587
          ],
          [
            100.2892469,
            5.3564587
          ],
          [
            100.2892469,
            5.3564587
          ],
          [
            100.2892469,
            5.3564586
          ],
          [
            100.2892469,
            5.3564586
          ],
          [
            100.2892469,
            5.3564585
          ],
          [
            100.2892469,
            5.3564585
          ],
          [
            100.289247,
            5.3564585
          ],
          [
            100.289247,
            5.3564585
          ],
          [
            100.289247,
            5.3564584
          ],
          [
            100.289247,
            5.3564584
          ],
          [
            100.289247,
            5.3564584
          ],
          [
            100.289247,
            5.3564584
          ],
          [
            100.289247,
            5.3564584
          ],
          [
            100.2892471,
            5.3564583
          ],
          [
            100.2892471,
            5.3564583
          ],
          [
            100.2892471,
            5.3564583
          ],
          [
            100.2892471,
            5.3564583
          ],
          [
            100.2892471,
            5.3564583
          ],
          [
            100.2892472,
            5.3564583
          ],
          [
            100.2892472,
            5.3564583
          ],
          [
            100.2892472,
            5.3564583
          ],
          [
            100.2892472,
            5.3564583
          ],
          [
            100.2892472,
            5.3564583
          ],
          [
            100.2892473,
            5.3564583
          ],
          [
            100.2892473,
            5.3564584
          ],
          [
            100.2892473,
            5.3564584
          ],
          [
            100.2892473,
            5.3564584
          ],
          [
            100.2892473,
            5.3564584
          ],
          [
            100.2892473,
            5.3564584
          ],
          [
            100.2892473,
            5.3564584
          ],
          [
            100.2892473,
            5.3564584
          ],
          [
            100.2892473,
            5.3564584
          ],
          [
            100.2892473,
            5.3564585
          ],
          [
            100.2892474,
            5.3564585
          ],
          [
            100.2892474,
            5.3564585
          ],
          [
            100.2892474,
            5.3564585
          ],
          [
            100.2892474,
            5.3564586
          ],
          [
            100.2892473,
            5.3564586
          ],
          [
            100.2892473,
            5.3564586
          ],
          [
            100.2892473,
            5.3564586
          ],
          [
            100.2892473,
            5.3564587
          ],
          [
            100.2892473,
            5.3564587
          ],
          [
            100.2892473,
            5.3564587
          ],
          [
            100.2892473,
            5.3564588
          ],
          [
            100.2892473,
            5.3564588
          ],
          [
            100.2892472,
            5.3564589
          ],
          [
            100.2892472,
            5.3564589
          ],
          [
            100.2892472,
            5.356459
          ],
          [
            100.2892472,
            5.356459
          ],
          [
            100.2892471,
            5.3564591
          ],
          [
            100.2892471,
            5.3564591
          ],
          [
            100.2892471,
            5.3564592
          ],
          [
            100.289247,
            5.3564592
          ],
          [
            100.289247,
            5.3564593
          ],
          [
            100.289247,
            5.3564593
          ],
          [
            100.2892469,
            5.3564594
          ],
          [
            100.2892469,
            5.3564595
          ],
          [
            100.2892468,
            5.3564595
          ],
          [
            100.2892468,
            5.3564596
          ],
          [
            100.2892467,
            5.3564596
          ],
          [
            100.2892467,
            5.3564597
          ],
          [
            100.2892466,
            5.3564597
          ],
          [
            100.2892466,
            5.3564598
          ],
          [
            100.2892465,
            5.3564598
          ],
          [
            100.2892465,
            5.3564599
          ],
          [
            100.2892464,
            5.3564599
          ],
          [
            100.2892464,
            5.35646
          ],
          [
            100.2892463,
            5.35646
          ],
          [
            100.2892463,
            5.3564601
          ],
          [
            100.2892462,
            5.3564601
          ],
          [
            100.2892461,
            5.3564602
          ],
          [
            100.2892461,
            5.3564602
          ],
          [
            100.289246,
            5.3564602
          ],
          [
            100.289246,
            5.3564603
          ],
          [
            100.2892459,
            5.3564603
          ],
          [
            100.2892458,
            5.3564603
          ],
          [
            100.2892458,
            5.3564603
          ],
          [
            100.2892457,
            5.3564603
          ],
          [
            100.2892456,
            5.3564604
          ],
          [
            100.2892456,
            5.3564604
          ],
          [
            100.2892455,
            5.3564604
          ],
          [
            100.2892454,
            5.3564604
          ],
          [
            100.2892454,
            5.3564604
          ],
          [
            100.2892453,
            5.3564604
          ],
          [
            100.2892452,
            5.3564604
          ],
          [
            100.2892451,
            5.3564604
          ],
          [
            100.2892451,
            5.3564604
          ],
          [
            100.289245,
            5.3564604
          ],
          [
            100.2892449,
            5.3564604
          ],
          [
            100.2892449,
            5.3564603
          ],
          [
            100.2892448,
            5.3564603
          ],
          [
            100.2892447,
            5.3564603
          ],
          [
            100.2892446,
            5.3564603
          ],
          [
            100.2892446,
            5.3564603
          ],
          [
            100.2892445,
            5.3564603
          ],
          [
            100.2892444,
            5.3564603
          ],
          [
            100.2892443,
            5.3564602
          ],
          [
            100.2892442,
            5.3564602
          ],
          [
            100.2892442,
            5.3564602
          ],
          [
            100.2892441,
            5.3564602
          ],
          [
            100.289244,
            5.3564601
          ],
          [
            100.2892439,
            5.3564601
          ],
          [
            100.2892438,
            5.3564601
          ],
          [
            100.2892438,
            5.3564601
          ],
          [
            100.2892437,
            5.35646
          ],
          [
            100.2892436,
            5.35646
          ],
          [
            100.2892435,
            5.3564599
          ],
          [
            100.2892434,
            5.3564599
          ],
          [
            100.2892434,
            5.3564599
          ],
          [
            100.2892433,
            5.3564598
          ],
          [
            100.2892432,
            5.3564598
          ],
          [
            100.2892431,
            5.3564597
          ],
          [
            100.289243,
            5.3564597
          ],
          [
            100.289243,
            5.3564596
          ],
          [
            100.2892429,
            5.3564596
          ],
          [
            100.2892428,
            5.3564596
          ],
          [
            100.2892428,
            5.3564595
          ],
          [
            100.2892427,
            5.3564595
          ],
          [
            100.2892427,
            5.3564594
          ],
          [
            100.2892426,
            5.3564594
          ],
          [
            100.2892426,
            5.3564593
          ],
          [
            100.2892425,
            5.3564593
          ],
          [
            100.2892425,
            5.3564592
          ],
          [
            100.2892424,
            5.3564592
          ],
          [
            100.2892424,
            5.3564591
          ],
          [
            100.2892423,
            5.3564591
          ],
          [
            100.2892423,
            5.356459
          ],
          [
            100.2892422,
            5.356459
          ],
          [
            100.2892422,
            5.3564589
          ],
          [
            100.2892422,
            5.3564589
          ],
          [
            100.2892421,
            5.3564588
          ],
          [
            100.2892421,
            5.3564588
          ],
          [
            100.2892421,
            5.3564587
          ],
          [
            100.289242,
            5.3564587
          ],
          [
            100.289242,
            5.3564587
          ],
          [
            100.289242,
            5.3564586
          ],
          [
            100.289242,
            5.3564586
          ],
          [
            100.2892419,
            5.3564586
          ],
          [
            100.2892419,
            5.3564585
          ],
          [
            100.2892419,
            5.3564585
          ],
          [
            100.2892418,
            5.3564585
          ],
          [
            100.2892418,
            5.3564585
          ],
          [
            100.2892418,
            5.3564584
          ],
          [
            100.2892418,
            5.3564584
          ],
          [
            100.2892417,
            5.3564584
          ],
          [
            100.2892417,
            5.3564584
          ],
          [
            100.2892417,
            5.3564584
          ],
          [
            100.2892417,
            5.3564584
          ],
          [
            100.2892416,
            5.3564584
          ],
          [
            100.2892416,
            5.3564584
          ],
          [
            100.2892416,
            5.3564584
          ],
          [
            100.2892416,
            5.3564584
          ],
          [
            100.2892415,
            5.3564584
          ],
          [
            100.2892415,
            5.3564584
          ],
          [
            100.2892415,
            5.3564584
          ],
          [
            100.2892415,
            5.3564584
          ],
          [
            100.2892415,
            5.3564584
          ],
          [
            100.2892414,
            5.3564584
          ],
          [
            100.2892414,
            5.3564585
          ],
          [
            100.2892414,
            5.3564585
          ],
          [
            100.2892414,
            5.3564585
          ],
          [
            100.2892414,
            5.3564585
          ],
          [
            100.2892414,
            5.3564585
          ],
          [
            100.2892414,
            5.3564586
          ],
          [
            100.2892413,
            5.3564586
          ],
          [
            100.2892413,
            5.3564586
          ],
          [
            100.2892413,
            5.3564586
          ],
          [
            100.2892413,
            5.3564587
          ],
          [
            100.2892413,
            5.3564587
          ],
          [
            100.2892413,
            5.3564587
          ],
          [
            100.2892413,
            5.3564587
          ],
          [
            100.2892413,
            5.3564588
          ],
          [
            100.2892413,
            5.3564588
          ],
          [
            100.2892412,
            5.3564588
          ],
          [
            100.2892412,
            5.3564589
          ],
          [
            100.2892412,
            5.3564589
          ],
          [
            100.2892412,
            5.356459
          ],
          [
            100.2892412,
            5.356459
          ],
          [
            100.2892411,
            5.356459
          ],
          [
            100.2892411,
            5.3564591
          ],
          [
            100.2892411,
            5.3564591
          ],
          [
            100.2892411,
            5.3564591
          ],
          [
            100.289241,
            5.3564592
          ],
          [
            100.289241,
            5.3564592
          ],
          [
            100.289241,
            5.3564593
          ],
          [
            100.289241,
            5.3564593
          ],
          [
            100.2892409,
            5.3564593
          ],
          [
            100.2892409,
            5.3564594
          ],
          [
            100.2892409,
            5.3564594
          ],
          [
            100.2892409,
            5.3564594
          ],
          [
            100.2892408,
            5.3564595
          ],
          [
            100.2892408,
            5.3564595
          ],
          [
            100.2892408,
            5.3564595
          ],
          [
            100.2892408,
            5.3564596
          ],
          [
            100.2892408,
            5.3564596
          ],
          [
            100.2892407,
            5.3564596
          ],
          [
            100.2892407,
            5.3564597
          ],
          [
            100.2892407,
            5.3564597
          ],
          [
            100.2892407,
            5.3564597
          ],
          [
            100.2892407,
            5.3564597
          ],
          [
            100.2892407,
            5.3564598
          ],
          [
            100.2892407,
            5.3564598
          ],
          [
            100.2892407,
            5.3564598
          ],
          [
            100.2892407,
            5.3564598
          ],
          [
            100.2892407,
            5.3564599
          ],
          [
            100.2892407,
            5.3564599
          ],
          [
            100.2892407,
            5.3564599
          ],
          [
            100.2892407,
            5.3564599
          ],
          [
            100.2892407,
            5.3564599
          ],
          [
            100.2892407,
            5.35646
          ],
          [
            100.2892407,
            5.35646
          ],
          [
            100.2892407,
            5.35646
          ],
          [
            100.2892407,
            5.35646
          ],
          [
            100.2892407,
            5.35646
          ],
          [
            100.2892407,
            5.35646
          ],
          [
            100.2892408,
            5.35646
          ],
          [
            100.2892408,
            5.35646
          ],
          [
            100.2892408,
            5.35646
          ],
          [
            100.2892408,
            5.35646
          ],
          [
            100.2892408,
            5.35646
          ],
          [
            100.2892408,
            5.35646
          ],
          [
            100.2892408,
            5.35646
          ],
          [
            100.2892409,
            5.35646
          ],
          [
            100.2892409,
            5.35646
          ],
          [
            100.2892409,
            5.35646
          ],
          [
            100.2892409,
            5.35646
          ],
          [
            100.2892409,
            5.35646
          ],
          [
            100.289241,
            5.35646
          ],
          [
            100.289241,
            5.3564599
          ],
          [
            100.289241,
            5.3564599
          ],
          [
            100.289241,
            5.3564599
          ],
          [
            100.2892411,
            5.3564599
          ],
          [
            100.2892411,
            5.3564598
          ],
          [
            100.2892411,
            5.3564598
          ],
          [
            100.2892412,
            5.3564598
          ],
          [
            100.2892412,
            5.3564597
          ],
          [
            100.2892412,
            5.3564597
          ],
          [
            100.2892412,
            5.3564597
          ],
          [
            100.2892413,
            5.3564596
          ],
          [
            100.2892413,
            5.3564596
          ],
          [
            100.2892414,
            5.3564595
          ],
          [
            100.2892414,
            5.3564595
          ],
          [
            100.2892415,
            5.3564595
          ],
          [
            100.2892415,
            5.3564594
          ],
          [
            100.2892415,
            5.3564593
          ],
          [
            100.2892416,
            5.3564593
          ],
          [
            100.2892417,
            5.3564592
          ],
          [
            100.2892417,
            5.3564592
          ],
          [
            100.2892418,
            5.3564591
          ],
          [
            100.2892418,
            5.3564591
          ],
          [
            100.2892419,
            5.356459
          ],
          [
            100.2892419,
            5.3564589
          ],
          [
            100.289242,
            5.3564589
          ],
          [
            100.289242,
            5.3564588
          ],
          [
            100.2892421,
            5.3564588
          ],
          [
            100.2892422,
            5.3564587
          ],
          [
            100.2892422,
            5.3564586
          ],
          [
            100.2892423,
            5.3564586
          ],
          [
            100.2892424,
            5.3564585
          ],
          [
            100.2892424,
            5.3564585
          ],
          [
            100.2892425,
            5.3564584
          ],
          [
            100.2892426,
            5.3564584
          ],
          [
            100.2892427,
            5.3564583
          ],
          [
            100.2892428,
            5.3564583
          ],
          [
            100.2892429,
            5.3564582
          ],
          [
            100.2892429,
            5.3564582
          ],
          [
            100.289243,
            5.3564582
          ],
          [
            100.2892431,
            5.3564581
          ],
          [
            100.2892432,
            5.3564581
          ],
          [
            100.2892433,
            5.3564581
          ],
          [
            100.2892434,
            5.356458
          ],
          [
            100.2892435,
            5.356458
          ],
          [
            100.2892436,
            5.356458
          ],
          [
            100.2892437,
            5.356458
          ],
          [
            100.2892438,
            5.3564579
          ],
          [
            100.2892439,
            5.3564579
          ],
          [
            100.289244,
            5.3564579
          ],
          [
            100.2892441,
            5.3564579
          ],
          [
            100.2892443,
            5.3564579
          ],
          [
            100.2892444,
            5.3564579
          ],
          [
            100.2892445,
            5.3564578
          ],
          [
            100.2892446,
            5.3564578
          ],
          [
            100.2892447,
            5.3564578
          ],
          [
            100.2892449,
            5.3564578
          ],
          [
            100.289245,
            5.3564578
          ],
          [
            100.2892451,
            5.3564578
          ],
          [
            100.2892452,
            5.3564578
          ],
          [
            100.2892453,
            5.3564578
          ],
          [
            100.2892455,
            5.3564578
          ],
          [
            100.2892456,
            5.3564578
          ],
          [
            100.2892457,
            5.3564578
          ],
          [
            100.2892458,
            5.3564578
          ],
          [
            100.289246,
            5.3564578
          ],
          [
            100.2892461,
            5.3564578
          ],
          [
            100.2892462,
            5.3564578
          ],
          [
            100.2892463,
            5.3564578
          ],
          [
            100.2892464,
            5.3564579
          ],
          [
            100.2892466,
            5.3564579
          ],
          [
            100.2892467,
            5.3564579
          ],
          [
            100.2892468,
            5.3564579
          ],
          [
            100.2892469,
            5.3564579
          ],
          [
            100.2892471,
            5.3564579
          ],
          [
            100.2892472,
            5.356458
          ],
          [
            100.2892473,
            5.356458
          ],
          [
            100.2892474,
            5.356458
          ],
          [
            100.2892475,
            5.356458
          ],
          [
            100.2892477,
            5.3564581
          ],
          [
            100.2892478,
            5.3564581
          ],
          [
            100.2892479,
            5.3564581
          ],
          [
            100.289248,
            5.3564582
          ],
          [
            100.2892482,
            5.3564582
          ],
          [
            100.2892483,
            5.3564582
          ],
          [
            100.2892484,
            5.3564583
          ],
          [
            100.2892485,
            5.3564583
          ],
          [
            100.2892487,
            5.3564583
          ],
          [
            100.2892488,
            5.3564584
          ],
          [
            100.2892489,
            5.3564584
          ],
          [
            100.289249,
            5.3564584
          ],
          [
            100.2892491,
            5.3564585
          ],
          [
            100.2892493,
            5.3564585
          ],
          [
            100.2892494,
            5.3564585
          ],
          [
            100.2892495,
            5.3564585
          ],
          [
            100.2892496,
            5.3564586
          ],
          [
            100.2892497,
            5.3564586
          ],
          [
            100.2892498,
            5.3564586
          ],
          [
            100.2892499,
            5.3564586
          ],
          [
            100.28925,
            5.3564586
          ],
          [
            100.2892501,
            5.3564586
          ],
          [
            100.2892502,
            5.3564586
          ],
          [
            100.2892503,
            5.3564586
          ],
          [
            100.2892504,
            5.3564586
          ],
          [
            100.2892505,
            5.3564586
          ],
          [
            100.2892506,
            5.3564586
          ],
          [
            100.2892507,
            5.3564586
          ],
          [
            100.2892507,
            5.3564586
          ],
          [
            100.2892508,
            5.3564586
          ],
          [
            100.2892509,
            5.3564586
          ],
          [
            100.289251,
            5.3564586
          ],
          [
            100.289251,
            5.3564586
          ],
          [
            100.2892511,
            5.3564586
          ],
          [
            100.2892512,
            5.3564586
          ],
          [
            100.2892512,
            5.3564586
          ],
          [
            100.2892513,
            5.3564586
          ],
          [
            100.2892514,
            5.3564586
          ],
          [
            100.2892514,
            5.3564586
          ],
          [
            100.2892515,
            5.3564585
          ],
          [
            100.2892515,
            5.3564585
          ],
          [
            100.2892516,
            5.3564585
          ],
          [
            100.2892516,
            5.3564585
          ],
          [
            100.2892517,
            5.3564585
          ],
          [
            100.2892517,
            5.3564585
          ],
          [
            100.2892517,
            5.3564585
          ],
          [
            100.2892518,
            5.3564585
          ],
          [
            100.2892518,
            5.3564585
          ],
          [
            100.2892518,
            5.3564585
          ],
          [
            100.2892518,
            5.3564585
          ],
          [
            100.2892518,
            5.3564585
          ],
          [
            100.2892518,
            5.3564585
          ],
          [
            100.2892518,
            5.3564584
          ],
          [
            100.2892518,
            5.3564584
          ],
          [
            100.2892518,
            5.3564584
          ],
          [
            100.2892518,
            5.3564584
          ],
          [
            100.2892518,
            5.3564584
          ],
          [
            100.2892518,
            5.3564584
          ],
          [
            100.2892518,
            5.3564584
          ],
          [
            100.2892518,
            5.3564584
          ],
          [
            100.2892517,
            5.3564584
          ],
          [
            100.2892517,
            5.3564584
          ],
          [
            100.2892516,
            5.3564584
          ],
          [
            100.2892516,
            5.3564584
          ],
          [
            100.2892516,
            5.3564584
          ],
          [
            100.2892515,
            5.3564584
          ],
          [
            100.2892514,
            5.3564584
          ],
          [
            100.2892514,
            5.3564584
          ],
          [
            100.2892513,
            5.3564584
          ],
          [
            100.2892513,
            5.3564584
          ],
          [
            100.2892512,
            5.3564584
          ],
          [
            100.2892511,
            5.3564584
          ],
          [
            100.289251,
            5.3564584
          ],
          [
            100.2892509,
            5.3564584
          ],
          [
            100.2892509,
            5.3564584
          ],
          [
            100.2892508,
            5.3564584
          ],
          [
            100.2892507,
            5.3564584
          ],
          [
            100.2892506,
            5.3564585
          ],
          [
            100.2892505,
            5.3564585
          ],
          [
            100.2892504,
            5.3564585
          ],
          [
            100.2892503,
            5.3564585
          ],
          [
            100.2892502,
            5.3564585
          ],
          [
            100.2892501,
            5.3564585
          ],
          [
            100.28925,
            5.3564586
          ],
          [
            100.2892499,
            5.3564586
          ],
          [
            100.2892498,
            5.3564586
          ],
          [
            100.2892497,
            5.3564586
          ],
          [
            100.2892496,
            5.3564587
          ],
          [
            100.2892495,
            5.3564587
          ],
          [
            100.2892494,
            5.3564587
          ],
          [
            100.2892493,
            5.3564588
          ],
          [
            100.2892492,
            5.3564588
          ],
          [
            100.2892491,
            5.3564589
          ],
          [
            100.289249,
            5.3564589
          ],
          [
            100.2892489,
            5.3564589
          ],
          [
            100.2892488,
            5.356459
          ],
          [
            100.2892487,
            5.3564591
          ],
          [
            100.2892486,
            5.3564591
          ],
          [
            100.2892485,
            5.3564592
          ],
          [
            100.2892485,
            5.3564592
          ],
          [
            100.2892484,
            5.3564593
          ],
          [
            100.2892483,
            5.3564594
          ],
          [
            100.2892482,
            5.3564594
          ],
          [
            100.2892481,
            5.3564595
          ],
          [
            100.289248,
            5.3564596
          ],
          [
            100.289248,
            5.3564596
          ],
          [
            100.2892479,
            5.3564597
          ],
          [
            100.2892479,
            5.3564598
          ],
          [
            100.2892478,
            5.3564599
          ],
          [
            100.2892478,
            5.3564599
          ],
          [
            100.2892477,
            5.35646
          ],
          [
            100.2892477,
            5.3564601
          ],
          [
            100.2892476,
            5.3564602
          ],
          [
            100.2892476,
            5.3564602
          ],
          [
            100.2892476,
            5.3564603
          ],
          [
            100.2892476,
            5.3564604
          ],
          [
            100.2892476,
            5.3564605
          ],
          [
            100.2892476,
            5.3564606
          ],
          [
            100.2892476,
            5.3564606
          ],
          [
            100.2892476,
            5.3564607
          ],
          [
            100.2892476,
            5.3564608
          ],
          [
            100.2892476,
            5.3564609
          ],
          [
            100.2892476,
            5.356461
          ],
          [
            100.2892476,
            5.3564611
          ],
          [
            100.2892476,
            5.3564612
          ],
          [
            100.2892477,
            5.3564612
          ],
          [
            100.2892477,
            5.3564613
          ],
          [
            100.2892477,
            5.3564614
          ],
          [
            100.2892478,
            5.3564615
          ],
          [
            100.2892478,
            5.3564616
          ],
          [
            100.2892478,
            5.3564617
          ],
          [
            100.2892479,
            5.3564618
          ],
          [
            100.2892479,
            5.3564618
          ],
          [
            100.289248,
            5.3564619
          ],
          [
            100.2892481,
            5.356462
          ],
          [
            100.2892481,
            5.3564621
          ],
          [
            100.2892482,
            5.3564622
          ],
          [
            100.2892482,
            5.3564622
          ],
          [
            100.2892483,
            5.3564623
          ],
          [
            100.2892484,
            5.3564624
          ],
          [
            100.2892484,
            5.3564625
          ],
          [
            100.2892485,
            5.3564626
          ],
          [
            100.2892485,
            5.3564626
          ],
          [
            100.2892486,
            5.3564627
          ],
          [
            100.2892487,
            5.3564628
          ],
          [
            100.2892487,
            5.3564628
          ],
          [
            100.2892488,
            5.3564629
          ],
          [
            100.2892489,
            5.356463
          ],
          [
            100.289249,
            5.356463
          ],
          [
            100.289249,
            5.3564631
          ],
          [
            100.2892491,
            5.3564632
          ],
          [
            100.2892492,
            5.3564632
          ],
          [
            100.2892493,
            5.3564633
          ],
          [
            100.2892493,
            5.3564633
          ],
          [
            100.2892494,
            5.3564634
          ],
          [
            100.2892495,
            5.3564634
          ],
          [
            100.2892496,
            5.3564634
          ],
          [
            100.2892497,
            5.3564635
          ],
          [
            100.2892498,
            5.3564635
          ],
          [
            100.2892499,
            5.3564635
          ],
          [
            100.2892499,
            5.3564636
          ],
          [
            100.28925,
            5.3564636
          ],
          [
            100.2892501,
            5.3564636
          ],
          [
            100.2892502,
            5.3564636
          ],
          [
            100.2892503,
            5.3564637
          ],
          [
            100.2892504,
            5.3564637
          ],
          [
            100.2892505,
            5.3564637
          ],
          [
            100.2892506,
            5.3564637
          ],
          [
            100.2892507,
            5.3564637
          ],
          [
            100.2892508,
            5.3564637
          ],
          [
            100.2892508,
            5.3564637
          ],
          [
            100.2892509,
            5.3564637
          ],
          [
            100.289251,
            5.3564636
          ],
          [
            100.2892511,
            5.3564636
          ],
          [
            100.2892512,
            5.3564636
          ],
          [
            100.2892513,
            5.3564636
          ],
          [
            100.2892513,
            5.3564636
          ],
          [
            100.2892514,
            5.3564635
          ],
          [
            100.2892515,
            5.3564635
          ],
          [
            100.2892516,
            5.3564635
          ],
          [
            100.2892516,
            5.3564635
          ],
          [
            100.2892517,
            5.3564634
          ],
          [
            100.2892518,
            5.3564634
          ],
          [
            100.2892518,
            5.3564634
          ],
          [
            100.2892519,
            5.3564633
          ],
          [
            100.289252,
            5.3564633
          ],
          [
            100.289252,
            5.3564633
          ],
          [
            100.2892521,
            5.3564632
          ],
          [
            100.2892521,
            5.3564632
          ],
          [
            100.2892522,
            5.3564632
          ],
          [
            100.2892522,
            5.3564631
          ],
          [
            100.2892523,
            5.3564631
          ],
          [
            100.2892523,
            5.3564631
          ],
          [
            100.2892524,
            5.356463
          ],
          [
            100.2892524,
            5.356463
          ],
          [
            100.2892525,
            5.356463
          ],
          [
            100.2892525,
            5.3564629
          ],
          [
            100.2892525,
            5.3564629
          ],
          [
            100.2892526,
            5.3564629
          ],
          [
            100.2892526,
            5.3564629
          ],
          [
            100.2892527,
            5.3564628
          ],
          [
            100.2892527,
            5.3564628
          ],
          [
            100.2892528,
            5.3564628
          ],
          [
            100.2892528,
            5.3564628
          ],
          [
            100.2892528,
            5.3564627
          ],
          [
            100.2892529,
            5.3564627
          ],
          [
            100.2892529,
            5.3564627
          ],
          [
            100.2892529,
            5.3564627
          ],
          [
            100.2892529,
            5.3564627
          ],
          [
            100.2892529,
            5.3564626
          ],
          [
            100.289253,
            5.3564626
          ],
          [
            100.289253,
            5.3564626
          ],
          [
            100.289253,
            5.3564626
          ],
          [
            100.289253,
            5.3564626
          ],
          [
            100.289253,
            5.3564626
          ],
          [
            100.289253,
            5.3564626
          ],
          [
            100.289253,
            5.3564626
          ],
          [
            100.2892529,
            5.3564626
          ],
          [
            100.2892529,
            5.3564626
          ],
          [
            100.2892529,
            5.3564626
          ],
          [
            100.2892529,
            5.3564626
          ],
          [
            100.2892529,
            5.3564626
          ],
          [
            100.2892528,
            5.3564626
          ],
          [
            100.2892528,
            5.3564627
          ],
          [
            100.2892527,
            5.3564627
          ],
          [
            100.2892527,
            5.3564627
          ],
          [
            100.2892526,
            5.3564627
          ],
          [
            100.2892526,
            5.3564628
          ],
          [
            100.2892525,
            5.3564628
          ],
          [
            100.2892524,
            5.3564629
          ],
          [
            100.2892523,
            5.3564629
          ],
          [
            100.2892522,
            5.3564629
          ],
          [
            100.2892522,
            5.356463
          ],
          [
            100.2892521,
            5.356463
          ],
          [
            100.289252,
            5.3564631
          ],
          [
            100.2892519,
            5.3564631
          ],
          [
            100.2892518,
            5.3564632
          ],
          [
            100.2892517,
            5.3564632
          ],
          [
            100.2892516,
            5.3564633
          ],
          [
            100.2892515,
            5.3564634
          ],
          [
            100.2892514,
            5.3564634
          ],
          [
            100.2892513,
            5.3564635
          ],
          [
            100.2892512,
            5.3564635
          ],
          [
            100.2892512,
            5.3564636
          ],
          [
            100.2892511,
            5.3564636
          ],
          [
            100.289251,
            5.3564637
          ],
          [
            100.2892509,
            5.3564638
          ],
          [
            100.2892508,
            5.3564638
          ],
          [
            100.2892508,
            5.3564639
          ],
          [
            100.2892507,
            5.3564639
          ],
          [
            100.2892506,
            5.356464
          ],
          [
            100.2892506,
            5.356464
          ],
          [
            100.2892505,
            5.3564641
          ],
          [
            100.2892504,
            5.3564641
          ],
          [
            100.2892504,
            5.3564642
          ],
          [
            100.2892503,
            5.3564642
          ],
          [
            100.2892503,
            5.3564643
          ],
          [
            100.2892502,
            5.3564643
          ],
          [
            100.2892502,
            5.3564644
          ],
          [
            100.2892502,
            5.3564644
          ],
          [
            100.2892501,
            5.3564645
          ],
          [
            100.2892501,
            5.3564645
          ],
          [
            100.2892501,
            5.3564646
          ],
          [
            100.28925,
            5.3564646
          ],
          [
            100.28925,
            5.3564646
          ],
          [
            100.28925,
            5.3564647
          ],
          [
            100.28925,
            5.3564647
          ],
          [
            100.28925,
            5.3564647
          ],
          [
            100.28925,
            5.3564648
          ],
          [
            100.28925,
            5.3564648
          ],
          [
            100.2892501,
            5.3564648
          ],
          [
            100.2892501,
            5.3564649
          ],
          [
            100.2892501,
            5.3564649
          ],
          [
            100.2892501,
            5.3564649
          ],
          [
            100.2892502,
            5.3564649
          ],
          [
            100.2892502,
            5.3564649
          ],
          [
            100.2892503,
            5.3564649
          ],
          [
            100.2892503,
            5.356465
          ],
          [
            100.2892503,
            5.356465
          ],
          [
            100.2892504,
            5.356465
          ],
          [
            100.2892504,
            5.356465
          ],
          [
            100.2892505,
            5.356465
          ],
          [
            100.2892505,
            5.356465
          ],
          [
            100.2892506,
            5.356465
          ],
          [
            100.2892507,
            5.3564649
          ],
          [
            100.2892507,
            5.3564649
          ],
          [
            100.2892508,
            5.3564649
          ],
          [
            100.2892509,
            5.3564649
          ],
          [
            100.2892509,
            5.3564649
          ],
          [
            100.289251,
            5.3564649
          ],
          [
            100.2892511,
            5.3564648
          ],
          [
            100.2892512,
            5.3564648
          ],
          [
            100.2892512,
            5.3564648
          ],
          [
            100.2892513,
            5.3564648
          ],
          [
            100.2892514,
            5.3564647
          ],
          [
            100.2892515,
            5.3564647
          ],
          [
            100.2892515,
            5.3564647
          ],
          [
            100.2892516,
            5.3564646
          ],
          [
            100.2892517,
            5.3564646
          ],
          [
            100.2892517,
            5.3564646
          ],
          [
            100.2892518,
            5.3564645
          ],
          [
            100.2892518,
            5.3564645
          ],
          [
            100.2892519,
            5.3564645
          ],
          [
            100.2892519,
            5.3564644
          ],
          [
            100.289252,
            5.3564644
          ],
          [
            100.289252,
            5.3564644
          ],
          [
            100.289252,
            5.3564644
          ],
          [
            100.2892521,
            5.3564643
          ],
          [
            100.2892521,
            5.3564643
          ],
          [
            100.2892521,
            5.3564643
          ],
          [
            100.2892522,
            5.3564642
          ],
          [
            100.2892522,
            5.3564642
          ],
          [
            100.2892522,
            5.3564642
          ],
          [
            100.2892522,
            5.3564642
          ],
          [
            100.2892522,
            5.3564642
          ],
          [
            100.2892522,
            5.3564641
          ],
          [
            100.2892522,
            5.3564641
          ],
          [
            100.2892522,
            5.3564641
          ],
          [
            100.2892522,
            5.3564641
          ],
          [
            100.2892521,
            5.3564641
          ],
          [
            100.2892521,
            5.3564641
          ],
          [
            100.2892521,
            5.356464
          ],
          [
            100.2892521,
            5.356464
          ],
          [
            100.289252,
            5.356464
          ],
          [
            100.289252,
            5.356464
          ],
          [
            100.2892519,
            5.356464
          ],
          [
            100.2892518,
            5.356464
          ],
          [
            100.2892518,
            5.356464
          ],
          [
            100.2892517,
            5.3564639
          ],
          [
            100.2892516,
            5.3564639
          ],
          [
            100.2892516,
            5.3564639
          ],
          [
            100.2892515,
            5.3564639
          ],
          [
            100.2892514,
            5.3564639
          ],
          [
            100.2892513,
            5.3564639
          ],
          [
            100.2892512,
            5.3564639
          ],
          [
            100.2892511,
            5.3564639
          ],
          [
            100.289251,
            5.3564639
          ],
          [
            100.2892509,
            5.3564639
          ],
          [
            100.2892508,
            5.3564639
          ],
          [
            100.2892507,
            5.3564639
          ],
          [
            100.2892506,
            5.3564639
          ],
          [
            100.2892504,
            5.3564639
          ],
          [
            100.2892503,
            5.3564639
          ],
          [
            100.2892502,
            5.3564639
          ],
          [
            100.2892501,
            5.356464
          ],
          [
            100.28925,
            5.356464
          ],
          [
            100.2892499,
            5.356464
          ],
          [
            100.2892498,
            5.356464
          ],
          [
            100.2892496,
            5.3564641
          ],
          [
            100.2892495,
            5.3564641
          ],
          [
            100.2892494,
            5.3564641
          ],
          [
            100.2892493,
            5.3564642
          ],
          [
            100.2892492,
            5.3564642
          ],
          [
            100.2892491,
            5.3564642
          ],
          [
            100.2892489,
            5.3564643
          ],
          [
            100.2892488,
            5.3564643
          ],
          [
            100.2892487,
            5.3564644
          ],
          [
            100.2892486,
            5.3564644
          ],
          [
            100.2892485,
            5.3564644
          ],
          [
            100.2892484,
            5.3564645
          ],
          [
            100.2892483,
            5.3564645
          ],
          [
            100.2892482,
            5.3564646
          ],
          [
            100.2892481,
            5.3564646
          ],
          [
            100.289248,
            5.3564647
          ],
          [
            100.2892479,
            5.3564647
          ],
          [
            100.2892478,
            5.3564648
          ],
          [
            100.2892477,
            5.3564648
          ],
          [
            100.2892476,
            5.3564649
          ],
          [
            100.2892475,
            5.356465
          ],
          [
            100.2892474,
            5.356465
          ],
          [
            100.2892473,
            5.3564651
          ],
          [
            100.2892472,
            5.3564651
          ],
          [
            100.2892471,
            5.3564652
          ],
          [
            100.289247,
            5.3564652
          ],
          [
            100.2892469,
            5.3564653
          ],
          [
            100.2892468,
            5.3564654
          ],
          [
            100.2892467,
            5.3564654
          ],
          [
            100.2892467,
            5.3564655
          ],
          [
            100.2892466,
            5.3564655
          ],
          [
            100.2892465,
            5.3564656
          ],
          [
            100.2892464,
            5.3564657
          ],
          [
            100.2892463,
            5.3564657
          ],
          [
            100.2892463,
            5.3564658
          ],
          [
            100.2892462,
            5.3564659
          ],
          [
            100.2892461,
            5.3564659
          ],
          [
            100.2892461,
            5.356466
          ],
          [
            100.289246,
            5.3564661
          ],
          [
            100.2892459,
            5.3564661
          ],
          [
            100.2892459,
            5.3564662
          ],
          [
            100.2892458,
            5.3564663
          ],
          [
            100.2892458,
            5.3564664
          ],
          [
            100.2892457,
            5.3564664
          ],
          [
            100.2892457,
            5.3564665
          ],
          [
            100.2892457,
            5.3564666
          ],
          [
            100.2892456,
            5.3564667
          ],
          [
            100.2892456,
            5.3564668
          ],
          [
            100.2892456,
            5.3564668
          ],
          [
            100.2892456,
            5.3564669
          ],
          [
            100.2892455,
            5.356467
          ],
          [
            100.2892455,
            5.3564671
          ],
          [
            100.2892455,
            5.3564672
          ],
          [
            100.2892455,
            5.3564673
          ],
          [
            100.2892455,
            5.3564674
          ],
          [
            100.2892455,
            5.3564675
          ],
          [
            100.2892455,
            5.3564675
          ],
          [
            100.2892455,
            5.3564676
          ],
          [
            100.2892455,
            5.3564677
          ],
          [
            100.2892455,
            5.3564678
          ],
          [
            100.2892455,
            5.3564679
          ],
          [
            100.2892455,
            5.356468
          ],
          [
            100.2892458,
            5.3564684
          ],
          [
            100.2892464,
            5.3564693
          ],
          [
            100.2892471,
            5.3564703
          ],
          [
            100.2892477,
            5.3564713
          ],
          [
            100.2892485,
            5.3564722
          ],
          [
            100.2892494,
            5.3564734
          ],
          [
            100.2892503,
            5.3564745
          ],
          [
            100.2892513,
            5.3564758
          ],
          [
            100.2892525,
            5.3564772
          ],
          [
            100.2892536,
            5.3564786
          ],
          [
            100.2892546,
            5.3564798
          ],
          [
            100.2892555,
            5.3564809
          ],
          [
            100.2892563,
            5.3564818
          ],
          [
            100.2892571,
            5.3564827
          ],
          [
            100.2892578,
            5.3564834
          ],
          [
            100.2892585,
            5.356484
          ],
          [
            100.2892591,
            5.3564846
          ],
          [
            100.2892593,
            5.3564852
          ],
          [
            100.2892593,
            5.3564858
          ],
          [
            100.2892591,
            5.3564864
          ],
          [
            100.2892589,
            5.3564869
          ],
          [
            100.2892587,
            5.3564874
          ],
          [
            100.2892586,
            5.3564877
          ],
          [
            100.2892584,
            5.356488
          ],
          [
            100.2892583,
            5.3564882
          ],
          [
            100.2892582,
            5.3564884
          ],
          [
            100.289259,
            5.3564896
          ],
          [
            100.28926,
            5.3564912
          ],
          [
            100.2892609,
            5.3564926
          ],
          [
            100.2892617,
            5.3564939
          ],
          [
            100.2892625,
            5.3564952
          ],
          [
            100.2892635,
            5.3564964
          ],
          [
            100.2892644,
            5.3564975
          ],
          [
            100.2892653,
            5.3564984
          ],
          [
            100.289266,
            5.356499
          ],
          [
            100.2892668,
            5.3564997
          ],
          [
            100.2892677,
            5.3565003
          ],
          [
            100.2892686,
            5.3565008
          ],
          [
            100.2892692,
            5.3565012
          ],
          [
            100.2892697,
            5.3565016
          ],
          [
            100.28927,
            5.3565019
          ],
          [
            100.2892702,
            5.3565022
          ],
          [
            100.2892705,
            5.3565025
          ],
          [
            100.2892708,
            5.3565027
          ],
          [
            100.289271,
            5.3565026
          ],
          [
            100.2892712,
            5.3565025
          ],
          [
            100.2892712,
            5.3565023
          ],
          [
            100.2892711,
            5.3565021
          ],
          [
            100.289271,
            5.3565019
          ],
          [
            100.2892709,
            5.3565018
          ],
          [
            100.2892708,
            5.3565017
          ],
          [
            100.2892706,
            5.3565016
          ],
          [
            100.2892705,
            5.3565015
          ],
          [
            100.2892707,
            5.3565019
          ],
          [
            100.289271,
            5.3565025
          ],
          [
            100.2892714,
            5.3565031
          ],
          [
            100.2892716,
            5.3565038
          ],
          [
            100.2892717,
            5.3565045
          ],
          [
            100.2892718,
            5.356505
          ],
          [
            100.2892717,
            5.3565055
          ],
          [
            100.2892721,
            5.3565073
          ],
          [
            100.2892724,
            5.3565094
          ],
          [
            100.2892725,
            5.3565115
          ],
          [
            100.2892723,
            5.3565135
          ],
          [
            100.2892719,
            5.3565151
          ],
          [
            100.2892712,
            5.3565164
          ],
          [
            100.2892707,
            5.3565174
          ],
          [
            100.2892701,
            5.3565174
          ],
          [
            100.2892696,
            5.3565168
          ],
          [
            100.2892692,
            5.3565159
          ],
          [
            100.2892687,
            5.3565148
          ],
          [
            100.2892681,
            5.3565134
          ],
          [
            100.2892673,
            5.356512
          ],
          [
            100.2892665,
            5.3565106
          ],
          [
            100.2892659,
            5.3565094
          ],
          [
            100.2892657,
            5.3565077
          ],
          [
            100.2892658,
            5.3565062
          ],
          [
            100.2892658,
            5.3565045
          ],
          [
            100.2892659,
            5.3565027
          ],
          [
            100.289266,
            5.3565006
          ],
          [
            100.2892659,
            5.3564985
          ],
          [
            100.2892658,
            5.3564967
          ],
          [
            100.2892657,
            5.356495
          ],
          [
            100.289264,
            5.3564771
          ],
          [
            100.2892663,
            5.3564793
          ],
          [
            100.2892684,
            5.3564819
          ],
          [
            100.2892701,
            5.3564845
          ],
          [
            100.2892716,
            5.3564867
          ],
          [
            100.2892729,
            5.3564886
          ],
          [
            100.2892739,
            5.3564902
          ],
          [
            100.2892748,
            5.3564915
          ],
          [
            100.2892755,
            5.3564927
          ],
          [
            100.2892761,
            5.3564936
          ],
          [
            100.2892766,
            5.3564944
          ],
          [
            100.2892771,
            5.3564952
          ],
          [
            100.2892775,
            5.3564958
          ],
          [
            100.2892778,
            5.3564963
          ],
          [
            100.2892781,
            5.3564968
          ],
          [
            100.2892783,
            5.3564972
          ],
          [
            100.2892785,
            5.3564976
          ],
          [
            100.2892787,
            5.356498
          ],
          [
            100.2892789,
            5.3564983
          ],
          [
            100.2892791,
            5.3564986
          ],
          [
            100.2892793,
            5.3564989
          ],
          [
            100.2892796,
            5.3564991
          ],
          [
            100.2892798,
            5.3564993
          ],
          [
            100.2892801,
            5.3564995
          ],
          [
            100.2892803,
            5.3564996
          ],
          [
            100.2892806,
            5.3564997
          ],
          [
            100.2892809,
            5.3564998
          ],
          [
            100.2892812,
            5.3565
          ],
          [
            100.2892815,
            5.3565
          ],
          [
            100.2892818,
            5.3565001
          ],
          [
            100.2892821,
            5.3565002
          ],
          [
            100.2892824,
            5.3565003
          ],
          [
            100.2892827,
            5.3565003
          ],
          [
            100.289283,
            5.3565004
          ],
          [
            100.2892833,
            5.3565005
          ],
          [
            100.2892836,
            5.3565005
          ],
          [
            100.2892839,
            5.3565006
          ],
          [
            100.2892842,
            5.3565006
          ],
          [
            100.2892846,
            5.3565007
          ],
          [
            100.2892849,
            5.3565007
          ],
          [
            100.2892852,
            5.3565007
          ],
          [
            100.2892855,
            5.3565008
          ],
          [
            100.2892858,
            5.3565008
          ],
          [
            100.2892862,
            5.3565008
          ],
          [
            100.2892865,
            5.3565009
          ],
          [
            100.2892868,
            5.3565009
          ],
          [
            100.2892871,
            5.3565009
          ],
          [
            100.2892874,
            5.356501
          ],
          [
            100.2892877,
            5.356501
          ],
          [
            100.2892881,
            5.356501
          ],
          [
            100.2892884,
            5.3565011
          ],
          [
            100.2892887,
            5.3565011
          ],
          [
            100.289289,
            5.3565011
          ],
          [
            100.2892893,
            5.3565012
          ],
          [
            100.2892896,
            5.3565012
          ],
          [
            100.2892899,
            5.3565012
          ],
          [
            100.2892902,
            5.3565013
          ],
          [
            100.2892905,
            5.3565013
          ],
          [
            100.2892908,
            5.3565013
          ],
          [
            100.2892911,
            5.3565014
          ],
          [
            100.2892914,
            5.3565015
          ],
          [
            100.2892917,
            5.3565015
          ],
          [
            100.2892921,
            5.3565016
          ],
          [
            100.2892924,
            5.3565016
          ],
          [
            100.2892927,
            5.3565017
          ],
          [
            100.2892931,
            5.3565017
          ],
          [
            100.2892934,
            5.3565018
          ],
          [
            100.2892937,
            5.3565018
          ],
          [
            100.2892941,
            5.3565019
          ],
          [
            100.2892944,
            5.3565019
          ],
          [
            100.2892948,
            5.3565019
          ],
          [
            100.2892951,
            5.356502
          ],
          [
            100.2892954,
            5.356502
          ],
          [
            100.2892958,
            5.3565021
          ],
          [
            100.2892961,
            5.3565021
          ],
          [
            100.2892964,
            5.3565021
          ],
          [
            100.2892968,
            5.3565021
          ],
          [
            100.2892971,
            5.3565022
          ],
          [
            100.2892974,
            5.3565022
          ],
          [
            100.2892977,
            5.3565022
          ],
          [
            100.289298,
            5.3565022
          ],
          [
            100.2892983,
            5.3565022
          ],
          [
            100.2892985,
            5.3565023
          ],
          [
            100.2892988,
            5.3565023
          ],
          [
            100.2892991,
            5.3565023
          ],
          [
            100.2892993,
            5.3565023
          ],
          [
            100.2892995,
            5.3565023
          ],
          [
            100.2892998,
            5.3565023
          ],
          [
            100.2893,
            5.3565023
          ],
          [
            100.2893002,
            5.3565023
          ],
          [
            100.2893004,
            5.3565023
          ],
          [
            100.2893006,
            5.3565023
          ],
          [
            100.2893007,
            5.3565022
          ],
          [
            100.2893009,
            5.3565022
          ],
          [
            100.289301,
            5.3565022
          ],
          [
            100.2893012,
            5.3565022
          ],
          [
            100.2893013,
            5.3565021
          ],
          [
            100.2893014,
            5.3565021
          ],
          [
            100.2893015,
            5.356502
          ],
          [
            100.2893016,
            5.356502
          ],
          [
            100.2893017,
            5.3565019
          ],
          [
            100.2893018,
            5.3565019
          ],
          [
            100.2893019,
            5.3565019
          ],
          [
            100.289302,
            5.3565018
          ],
          [
            100.289302,
            5.3565018
          ],
          [
            100.2893021,
            5.3565017
          ],
          [
            100.2893021,
            5.3565017
          ],
          [
            100.2893022,
            5.3565016
          ],
          [
            100.2893022,
            5.3565016
          ],
          [
            100.2893023,
            5.3565016
          ],
          [
            100.2893023,
            5.3565015
          ],
          [
            100.2893023,
            5.3565015
          ],
          [
            100.2893023,
            5.3565014
          ],
          [
            100.2893024,
            5.3565014
          ],
          [
            100.2893024,
            5.3565014
          ],
          [
            100.2893024,
            5.3565013
          ],
          [
            100.2893024,
            5.3565013
          ],
          [
            100.2893024,
            5.3565013
          ],
          [
            100.2893024,
            5.3565012
          ],
          [
            100.2893024,
            5.3565012
          ],
          [
            100.2893024,
            5.3565012
          ],
          [
            100.2893024,
            5.3565011
          ],
          [
            100.2893024,
            5.3565011
          ],
          [
            100.2893024,
            5.3565011
          ],
          [
            100.2893024,
            5.356501
          ],
          [
            100.2893024,
            5.356501
          ],
          [
            100.2893024,
            5.356501
          ],
          [
            100.2893023,
            5.356501
          ],
          [
            100.2893023,
            5.3565009
          ],
          [
            100.2893023,
            5.3565009
          ],
          [
            100.2893023,
            5.3565009
          ],
          [
            100.2893023,
            5.3565009
          ],
          [
            100.2893022,
            5.3565009
          ],
          [
            100.2893022,
            5.3565009
          ],
          [
            100.2893022,
            5.3565009
          ],
          [
            100.2893022,
            5.3565009
          ],
          [
            100.2893022,
            5.3565009
          ],
          [
            100.2893022,
            5.3565009
          ],
          [
            100.2893022,
            5.3565009
          ],
          [
            100.2893022,
            5.3565009
          ],
          [
            100.2893022,
            5.356501
          ],
          [
            100.2893022,
            5.356501
          ],
          [
            100.2893022,
            5.356501
          ],
          [
            100.2893023,
            5.356501
          ],
          [
            100.2893023,
            5.3565011
          ],
          [
            100.2893023,
            5.3565011
          ],
          [
            100.2893023,
            5.3565012
          ],
          [
            100.2893024,
            5.3565012
          ],
          [
            100.2893024,
            5.3565013
          ],
          [
            100.2893024,
            5.3565013
          ],
          [
            100.2893025,
            5.3565014
          ],
          [
            100.2893025,
            5.3565015
          ],
          [
            100.2893026,
            5.3565015
          ],
          [
            100.2893026,
            5.3565016
          ],
          [
            100.2893027,
            5.3565017
          ],
          [
            100.2893028,
            5.3565018
          ],
          [
            100.2893029,
            5.3565019
          ],
          [
            100.2893029,
            5.356502
          ],
          [
            100.289303,
            5.3565021
          ],
          [
            100.2893031,
            5.3565022
          ],
          [
            100.2893032,
            5.3565023
          ],
          [
            100.2893033,
            5.3565024
          ],
          [
            100.2893034,
            5.3565025
          ],
          [
            100.2893035,
            5.3565026
          ],
          [
            100.2893036,
            5.3565028
          ],
          [
            100.2893037,
            5.3565029
          ],
          [
            100.2893038,
            5.356503
          ],
          [
            100.2893039,
            5.3565031
          ],
          [
            100.289304,
            5.3565032
          ],
          [
            100.2893041,
            5.3565034
          ],
          [
            100.2893042,
            5.3565035
          ],
          [
            100.2893043,
            5.3565036
          ],
          [
            100.2893044,
            5.3565037
          ],
          [
            100.2893045,
            5.3565039
          ],
          [
            100.2893046,
            5.356504
          ],
          [
            100.2893047,
            5.3565041
          ],
          [
            100.2893048,
            5.3565043
          ],
          [
            100.2893049,
            5.3565044
          ],
          [
            100.289305,
            5.3565045
          ],
          [
            100.2893051,
            5.3565047
          ],
          [
            100.2893052,
            5.3565048
          ],
          [
            100.2893052,
            5.356505
          ],
          [
            100.2893053,
            5.3565051
          ],
          [
            100.2893054,
            5.3565052
          ],
          [
            100.2893055,
            5.3565054
          ],
          [
            100.2893056,
            5.3565055
          ],
          [
            100.2893057,
            5.3565057
          ],
          [
            100.2893057,
            5.3565059
          ],
          [
            100.2893058,
            5.356506
          ],
          [
            100.2893058,
            5.3565062
          ],
          [
            100.2893059,
            5.3565063
          ],
          [
            100.289306,
            5.3565065
          ],
          [
            100.289306,
            5.3565066
          ],
          [
            100.289306,
            5.3565068
          ],
          [
            100.2893061,
            5.356507
          ],
          [
            100.2893061,
            5.3565071
          ],
          [
            100.2893061,
            5.3565073
          ],
          [
            100.2893062,
            5.3565075
          ],
          [
            100.2893062,
            5.3565076
          ],
          [
            100.2893062,
            5.3565078
          ],
          [
            100.2893062,
            5.3565079
          ],
          [
            100.2893062,
            5.3565081
          ],
          [
            100.2893062,
            5.3565083
          ],
          [
            100.2893062,
            5.3565084
          ],
          [
            100.2893062,
            5.3565086
          ],
          [
            100.2893062,
            5.3565088
          ],
          [
            100.2893062,
            5.3565089
          ],
          [
            100.2893061,
            5.3565091
          ],
          [
            100.2893061,
            5.3565093
          ],
          [
            100.2893061,
            5.3565094
          ],
          [
            100.289306,
            5.3565096
          ],
          [
            100.289306,
            5.3565097
          ],
          [
            100.2893059,
            5.3565099
          ],
          [
            100.2893059,
            5.35651
          ],
          [
            100.2893058,
            5.3565102
          ],
          [
            100.2893057,
            5.3565103
          ],
          [
            100.2893056,
            5.3565105
          ],
          [
            100.2893055,
            5.3565106
          ],
          [
            100.2893054,
            5.3565108
          ],
          [
            100.2893053,
            5.3565109
          ],
          [
            100.2893052,
            5.3565111
          ],
          [
            100.2893051,
            5.3565112
          ],
          [
            100.289305,
            5.3565113
          ],
          [
            100.2893048,
            5.3565115
          ],
          [
            100.2893047,
            5.3565116
          ],
          [
            100.2893046,
            5.3565117
          ],
          [
            100.2893044,
            5.3565119
          ],
          [
            100.2893043,
            5.356512
          ],
          [
            100.2893041,
            5.3565121
          ],
          [
            100.2893039,
            5.3565122
          ],
          [
            100.2893037,
            5.3565124
          ],
          [
            100.2893036,
            5.3565125
          ],
          [
            100.2893034,
            5.3565126
          ],
          [
            100.2893032,
            5.3565127
          ],
          [
            100.289303,
            5.3565128
          ],
          [
            100.2893028,
            5.3565129
          ],
          [
            100.2893025,
            5.356513
          ],
          [
            100.2893023,
            5.3565131
          ],
          [
            100.2893021,
            5.3565132
          ],
          [
            100.2893019,
            5.3565133
          ],
          [
            100.2893016,
            5.3565134
          ],
          [
            100.2893014,
            5.3565134
          ],
          [
            100.2893011,
            5.3565135
          ],
          [
            100.2893009,
            5.3565136
          ],
          [
            100.2893006,
            5.3565136
          ],
          [
            100.2893003,
            5.3565137
          ],
          [
            100.2893001,
            5.3565137
          ],
          [
            100.2892998,
            5.3565138
          ],
          [
            100.2892995,
            5.3565138
          ],
          [
            100.2892992,
            5.3565138
          ],
          [
            100.289299,
            5.3565139
          ],
          [
            100.2892987,
            5.3565139
          ],
          [
            100.2892984,
            5.3565139
          ],
          [
            100.2892981,
            5.3565139
          ],
          [
            100.2892978,
            5.3565139
          ],
          [
            100.2892975,
            5.3565139
          ],
          [
            100.2892972,
            5.3565139
          ],
          [
            100.2892969,
            5.3565139
          ],
          [
            100.2892966,
            5.3565139
          ],
          [
            100.2892962,
            5.3565138
          ],
          [
            100.2892959,
            5.3565138
          ],
          [
            100.2892956,
            5.3565138
          ],
          [
            100.2892953,
            5.3565137
          ],
          [
            100.289295,
            5.3565137
          ],
          [
            100.2892947,
            5.3565136
          ],
          [
            100.2892943,
            5.3565136
          ],
          [
            100.289294,
            5.3565135
          ],
          [
            100.2892937,
            5.3565135
          ],
          [
            100.2892933,
            5.3565134
          ],
          [
            100.289293,
            5.3565133
          ],
          [
            100.2892927,
            5.3565132
          ],
          [
            100.2892924,
            5.3565132
          ],
          [
            100.289292,
            5.3565131
          ],
          [
            100.2892917,
            5.356513
          ],
          [
            100.2892914,
            5.3565129
          ],
          [
            100.289291,
            5.3565128
          ],
          [
            100.2892907,
            5.3565127
          ],
          [
            100.2892903,
            5.3565126
          ],
          [
            100.28929,
            5.3565125
          ],
          [
            100.2892897,
            5.3565124
          ],
          [
            100.2892893,
            5.3565123
          ],
          [
            100.289289,
            5.3565122
          ],
          [
            100.2892886,
            5.3565121
          ],
          [
            100.2892883,
            5.356512
          ],
          [
            100.2892879,
            5.3565119
          ],
          [
            100.2892876,
            5.3565117
          ],
          [
            100.2892872,
            5.3565116
          ],
          [
            100.2892869,
            5.3565115
          ],
          [
            100.2892865,
            5.3565113
          ],
          [
            100.2892862,
            5.3565112
          ],
          [
            100.2892858,
            5.356511
          ],
          [
            100.2892855,
            5.3565109
          ],
          [
            100.2892851,
            5.3565107
          ],
          [
            100.2892848,
            5.3565106
          ],
          [
            100.2892844,
            5.3565104
          ],
          [
            100.2892841,
            5.3565102
          ],
          [
            100.2892837,
            5.3565101
          ],
          [
            100.2892833,
            5.3565099
          ],
          [
            100.289283,
            5.3565097
          ],
          [
            100.2892826,
            5.3565095
          ],
          [
            100.2892822,
            5.3565094
          ],
          [
            100.2892819,
            5.3565092
          ],
          [
            100.2892815,
            5.356509
          ],
          [
            100.2892811,
            5.3565088
          ],
          [
            100.2892807,
            5.3565086
          ],
          [
            100.2892804,
            5.3565083
          ],
          [
            100.28928,
            5.3565081
          ],
          [
            100.2892796,
            5.3565079
          ],
          [
            100.2892792,
            5.3565077
          ],
          [
            100.2892789,
            5.3565075
          ],
          [
            100.2892785,
            5.3565072
          ],
          [
            100.2892781,
            5.356507
          ],
          [
            100.2892777,
            5.3565068
          ],
          [
            100.2892774,
            5.3565065
          ],
          [
            100.289277,
            5.3565063
          ],
          [
            100.2892767,
            5.356506
          ],
          [
            100.2892763,
            5.3565057
          ],
          [
            100.289276,
            5.3565055
          ],
          [
            100.2892761,
            5.3565047
          ],
          [
            100.2892763,
            5.3565038
          ],
          [
            100.2892766,
            5.3565023
          ],
          [
            100.2892768,
            5.3565009
          ],
          [
            100.2892795,
            5.3564458
          ],
          [
            100.2892786,
            5.3564322
          ],
          [
            100.2892775,
            5.3564261
          ],
          [
            100.2892766,
            5.3564227
          ],
          [
            100.2892758,
            5.3564204
          ],
          [
            100.289275,
            5.3564187
          ],
          [
            100.2892743,
            5.3564175
          ],
          [
            100.2892737,
            5.3564165
          ],
          [
            100.2892731,
            5.3564158
          ],
          [
            100.2892725,
            5.3564154
          ],
          [
            100.289272,
            5.3564151
          ],
          [
            100.2892715,
            5.3564151
          ],
          [
            100.289271,
            5.3564151
          ],
          [
            100.2892706,
            5.3564152
          ],
          [
            100.2892702,
            5.3564153
          ],
          [
            100.2892698,
            5.3564155
          ],
          [
            100.2892694,
            5.3564158
          ],
          [
            100.289269,
            5.3564161
          ],
          [
            100.2892686,
            5.3564164
          ],
          [
            100.2892682,
            5.3564168
          ],
          [
            100.2892678,
            5.3564172
          ],
          [
            100.2892674,
            5.3564176
          ],
          [
            100.2892671,
            5.3564181
          ],
          [
            100.2892667,
            5.3564185
          ],
          [
            100.2892663,
            5.3564189
          ],
          [
            100.2892658,
            5.3564194
          ],
          [
            100.2892654,
            5.3564199
          ],
          [
            100.289265,
            5.3564203
          ],
          [
            100.2892646,
            5.3564208
          ],
          [
            100.2892641,
            5.3564212
          ],
          [
            100.2892637,
            5.3564217
          ],
          [
            100.2892632,
            5.3564221
          ],
          [
            100.2892628,
            5.3564226
          ],
          [
            100.2892624,
            5.356423
          ],
          [
            100.2892619,
            5.3564235
          ],
          [
            100.2892615,
            5.3564239
          ],
          [
            100.2892611,
            5.3564244
          ],
          [
            100.2892607,
            5.3564248
          ],
          [
            100.2892603,
            5.3564252
          ],
          [
            100.2892599,
            5.3564257
          ],
          [
            100.2892595,
            5.3564261
          ],
          [
            100.2892591,
            5.3564265
          ],
          [
            100.2892587,
            5.3564269
          ],
          [
            100.2892584,
            5.3564273
          ],
          [
            100.289258,
            5.3564277
          ],
          [
            100.2892577,
            5.3564281
          ],
          [
            100.2892573,
            5.3564285
          ],
          [
            100.289257,
            5.3564289
          ],
          [
            100.2892566,
            5.3564293
          ],
          [
            100.2892563,
            5.3564297
          ],
          [
            100.289256,
            5.35643
          ],
          [
            100.2892556,
            5.3564304
          ],
          [
            100.2892553,
            5.3564307
          ],
          [
            100.289255,
            5.3564311
          ],
          [
            100.2892547,
            5.3564314
          ],
          [
            100.2892544,
            5.3564317
          ],
          [
            100.2892541,
            5.3564321
          ],
          [
            100.2892538,
            5.3564324
          ],
          [
            100.2892535,
            5.3564327
          ],
          [
            100.2892533,
            5.356433
          ],
          [
            100.2892529,
            5.3564333
          ],
          [
            100.2892526,
            5.3564337
          ],
          [
            100.2892523,
            5.356434
          ],
          [
            100.289252,
            5.3564343
          ],
          [
            100.2892517,
            5.3564347
          ],
          [
            100.2892514,
            5.356435
          ],
          [
            100.2892511,
            5.3564354
          ],
          [
            100.2892508,
            5.3564357
          ],
          [
            100.2892504,
            5.3564361
          ],
          [
            100.2892501,
            5.3564365
          ],
          [
            100.2892498,
            5.3564368
          ],
          [
            100.2892495,
            5.3564372
          ],
          [
            100.2892492,
            5.3564376
          ],
          [
            100.2892489,
            5.3564379
          ],
          [
            100.2892485,
            5.3564383
          ],
          [
            100.2892482,
            5.3564387
          ],
          [
            100.2892479,
            5.356439
          ],
          [
            100.2892476,
            5.3564394
          ],
          [
            100.2892473,
            5.3564397
          ],
          [
            100.289247,
            5.3564401
          ],
          [
            100.2892467,
            5.3564404
          ],
          [
            100.2892464,
            5.3564408
          ],
          [
            100.2892461,
            5.3564411
          ],
          [
            100.2892458,
            5.3564415
          ],
          [
            100.2892455,
            5.3564418
          ],
          [
            100.2892452,
            5.3564421
          ],
          [
            100.2892449,
            5.3564425
          ],
          [
            100.2892446,
            5.3564428
          ],
          [
            100.2892443,
            5.3564431
          ],
          [
            100.289244,
            5.3564435
          ],
          [
            100.2892438,
            5.3564438
          ],
          [
            100.2892435,
            5.3564441
          ],
          [
            100.2892432,
            5.3564445
          ],
          [
            100.2892429,
            5.3564448
          ],
          [
            100.2892427,
            5.3564451
          ],
          [
            100.2892424,
            5.3564454
          ],
          [
            100.2892421,
            5.3564457
          ],
          [
            100.2892419,
            5.356446
          ],
          [
            100.2892416,
            5.3564463
          ],
          [
            100.2892414,
            5.3564466
          ],
          [
            100.2892411,
            5.3564469
          ],
          [
            100.2892409,
            5.3564472
          ],
          [
            100.2892407,
            5.3564475
          ],
          [
            100.2892404,
            5.3564478
          ],
          [
            100.2892402,
            5.3564481
          ],
          [
            100.28924,
            5.3564484
          ],
          [
            100.2892398,
            5.3564487
          ],
          [
            100.2892396,
            5.356449
          ],
          [
            100.2892394,
            5.3564493
          ],
          [
            100.2892392,
            5.3564496
          ],
          [
            100.289239,
            5.3564498
          ],
          [
            100.2892388,
            5.3564501
          ],
          [
            100.2892387,
            5.3564504
          ],
          [
            100.2892385,
            5.3564507
          ],
          [
            100.2892383,
            5.3564509
          ],
          [
            100.2892382,
            5.3564512
          ],
          [
            100.289238,
            5.3564515
          ],
          [
            100.2892379,
            5.3564518
          ],
          [
            100.2892378,
            5.356452
          ],
          [
            100.2892377,
            5.3564523
          ],
          [
            100.2892375,
            5.3564526
          ],
          [
            100.2892374,
            5.3564529
          ],
          [
            100.2892373,
            5.3564531
          ],
          [
            100.2892372,
            5.3564534
          ],
          [
            100.2892371,
            5.3564537
          ],
          [
            100.2892371,
            5.3564539
          ],
          [
            100.289237,
            5.3564542
          ],
          [
            100.2892369,
            5.3564545
          ],
          [
            100.2892369,
            5.3564547
          ],
          [
            100.2892368,
            5.356455
          ],
          [
            100.2892368,
            5.3564553
          ],
          [
            100.2892367,
            5.3564555
          ],
          [
            100.2892367,
            5.3564558
          ],
          [
            100.2892367,
            5.3564561
          ],
          [
            100.2892367,
            5.3564563
          ],
          [
            100.2892367,
            5.3564566
          ],
          [
            100.2892367,
            5.3564568
          ],
          [
            100.2892367,
            5.3564571
          ],
          [
            100.2892367,
            5.3564573
          ],
          [
            100.2892367,
            5.3564576
          ],
          [
            100.2892367,
            5.3564578
          ],
          [
            100.2892368,
            5.3564581
          ],
          [
            100.2892368,
            5.3564583
          ],
          [
            100.2892368,
            5.3564585
          ],
          [
            100.2892369,
            5.3564588
          ],
          [
            100.289237,
            5.356459
          ],
          [
            100.289237,
            5.3564592
          ],
          [
            100.2892371,
            5.3564595
          ],
          [
            100.2892372,
            5.3564597
          ],
          [
            100.2892373,
            5.3564599
          ],
          [
            100.2892374,
            5.3564601
          ],
          [
            100.2892375,
            5.3564604
          ],
          [
            100.2892377,
            5.3564606
          ],
          [
            100.2892378,
            5.3564608
          ],
          [
            100.289238,
            5.356461
          ],
          [
            100.2892381,
            5.3564612
          ],
          [
            100.2892383,
            5.3564614
          ],
          [
            100.2892385,
            5.3564616
          ],
          [
            100.2892387,
            5.3564618
          ],
          [
            100.2892389,
            5.356462
          ],
          [
            100.2892391,
            5.3564622
          ],
          [
            100.2892393,
            5.3564624
          ],
          [
            100.2892395,
            5.3564625
          ],
          [
            100.2892397,
            5.3564627
          ],
          [
            100.2892399,
            5.3564629
          ],
          [
            100.2892402,
            5.3564631
          ],
          [
            100.2892404,
            5.3564632
          ],
          [
            100.2892407,
            5.3564634
          ],
          [
            100.2892409,
            5.3564635
          ],
          [
            100.2892412,
            5.3564637
          ],
          [
            100.2892415,
            5.3564638
          ],
          [
            100.2892418,
            5.356464
          ],
          [
            100.289242,
            5.3564641
          ],
          [
            100.2892423,
            5.3564643
          ],
          [
            100.2892426,
            5.3564644
          ],
          [
            100.2892429,
            5.3564645
          ],
          [
            100.2892432,
            5.3564646
          ],
          [
            100.2892435,
            5.3564648
          ],
          [
            100.2892439,
            5.3564649
          ],
          [
            100.2892442,
            5.356465
          ],
          [
            100.2892445,
            5.3564651
          ],
          [
            100.2892449,
            5.3564652
          ],
          [
            100.2892452,
            5.3564653
          ],
          [
            100.2892455,
            5.3564654
          ],
          [
            100.2892459,
            5.3564655
          ],
          [
            100.2892462,
            5.3564656
          ],
          [
            100.2892466,
            5.3564657
          ],
          [
            100.289247,
            5.3564658
          ],
          [
            100.2892473,
            5.3564659
          ],
          [
            100.2892477,
            5.356466
          ],
          [
            100.289248,
            5.3564661
          ],
          [
            100.2892484,
            5.3564661
          ],
          [
            100.2892488,
            5.3564662
          ],
          [
            100.2892491,
            5.3564663
          ],
          [
            100.2892495,
            5.3564664
          ],
          [
            100.2892499,
            5.3564664
          ],
          [
            100.2892502,
            5.3564665
          ],
          [
            100.2892506,
            5.3564666
          ],
          [
            100.289251,
            5.3564666
          ],
          [
            100.2892514,
            5.3564667
          ],
          [
            100.2892517,
            5.3564668
          ],
          [
            100.2892521,
            5.3564668
          ],
          [
            100.2892525,
            5.3564669
          ],
          [
            100.2892529,
            5.356467
          ],
          [
            100.2892533,
            5.356467
          ],
          [
            100.2892537,
            5.3564671
          ],
          [
            100.2892541,
            5.3564671
          ],
          [
            100.2892545,
            5.3564672
          ],
          [
            100.2892549,
            5.3564673
          ],
          [
            100.2892553,
            5.3564673
          ],
          [
            100.2892556,
            5.3564674
          ],
          [
            100.289256,
            5.3564674
          ],
          [
            100.2892564,
            5.3564675
          ],
          [
            100.2892568,
            5.3564676
          ],
          [
            100.2892572,
            5.3564676
          ],
          [
            100.2892576,
            5.3564677
          ],
          [
            100.289258,
            5.3564678
          ],
          [
            100.2892584,
            5.3564678
          ],
          [
            100.2892588,
            5.3564679
          ],
          [
            100.2892592,
            5.3564679
          ],
          [
            100.2892595,
            5.356468
          ],
          [
            100.2892599,
            5.3564681
          ],
          [
            100.2892603,
            5.3564681
          ],
          [
            100.2892607,
            5.3564682
          ],
          [
            100.2892611,
            5.3564682
          ],
          [
            100.2892615,
            5.3564683
          ],
          [
            100.2892619,
            5.3564684
          ],
          [
            100.2892622,
            5.3564684
          ],
          [
            100.2892626,
            5.3564685
          ],
          [
            100.289263,
            5.3564685
          ],
          [
            100.2892634,
            5.3564686
          ],
          [
            100.2892638,
            5.3564686
          ],
          [
            100.2892642,
            5.3564687
          ],
          [
            100.2892646,
            5.3564687
          ],
          [
            100.289265,
            5.3564688
          ],
          [
            100.2892654,
            5.3564688
          ],
          [
            100.2892658,
            5.3564689
          ],
          [
            100.2892661,
            5.3564689
          ],
          [
            100.2892665,
            5.356469
          ],
          [
            100.2892669,
            5.3564691
          ],
          [
            100.2892673,
            5.3564691
          ],
          [
            100.2892677,
            5.3564692
          ],
          [
            100.2892681,
            5.3564692
          ],
          [
            100.2892685,
            5.3564693
          ],
          [
            100.2892689,
            5.3564693
          ],
          [
            100.2892692,
            5.3564694
          ],
          [
            100.2892696,
            5.3564694
          ],
          [
            100.28927,
            5.3564694
          ],
          [
            100.2892704,
            5.3564695
          ],
          [
            100.2892708,
            5.3564695
          ],
          [
            100.2892712,
            5.3564696
          ],
          [
            100.2892715,
            5.3564696
          ],
          [
            100.2892719,
            5.3564696
          ],
          [
            100.2892723,
            5.3564697
          ],
          [
            100.2892727,
            5.3564697
          ],
          [
            100.2892731,
            5.3564697
          ],
          [
            100.2892735,
            5.3564698
          ],
          [
            100.2892738,
            5.3564698
          ],
          [
            100.2892742,
            5.3564698
          ],
          [
            100.2892746,
            5.3564698
          ],
          [
            100.289275,
            5.3564698
          ],
          [
            100.2892754,
            5.3564699
          ],
          [
            100.2892757,
            5.3564699
          ],
          [
            100.2892761,
            5.3564699
          ],
          [
            100.2892765,
            5.3564699
          ],
          [
            100.2892768,
            5.3564699
          ],
          [
            100.2892772,
            5.3564699
          ],
          [
            100.2892776,
            5.3564699
          ],
          [
            100.2892779,
            5.3564699
          ],
          [
            100.2892783,
            5.3564699
          ],
          [
            100.2892786,
            5.35647
          ],
          [
            100.2892789,
            5.35647
          ],
          [
            100.2892793,
            5.3564699
          ],
          [
            100.2892796,
            5.3564699
          ],
          [
            100.2892799,
            5.3564699
          ],
          [
            100.2892802,
            5.3564699
          ],
          [
            100.2892805,
            5.3564699
          ],
          [
            100.2892808,
            5.3564699
          ],
          [
            100.2892806,
            5.3564701
          ],
          [
            100.2892611,
            5.356482
          ],
          [
            100.2892524,
            5.356487
          ],
          [
            100.2892475,
            5.3564896
          ],
          [
            100.2892442,
            5.3564911
          ],
          [
            100.289242,
            5.356492
          ],
          [
            100.2892418,
            5.3564921
          ],
          [
            100.2892417,
            5.3564923
          ],
          [
            100.2892415,
            5.3564926
          ],
          [
            100.2892414,
            5.3564929
          ],
          [
            100.2892412,
            5.3564934
          ],
          [
            100.2892409,
            5.3564942
          ],
          [
            100.2892406,
            5.3564948
          ],
          [
            100.2892403,
            5.3564955
          ],
          [
            100.28924,
            5.3564963
          ],
          [
            100.2892397,
            5.356497
          ],
          [
            100.2892394,
            5.3564979
          ],
          [
            100.2892391,
            5.356499
          ],
          [
            100.2892388,
            5.3565001
          ],
          [
            100.2892386,
            5.3565012
          ],
          [
            100.289238,
            5.3565021
          ],
          [
            100.2892372,
            5.3565029
          ],
          [
            100.2892362,
            5.3565035
          ],
          [
            100.2892352,
            5.3565042
          ],
          [
            100.2892341,
            5.3565049
          ],
          [
            100.289233,
            5.3565056
          ],
          [
            100.289232,
            5.3565062
          ],
          [
            100.2892313,
            5.3565063
          ],
          [
            100.2892301,
            5.3565065
          ],
          [
            100.2892288,
            5.3565068
          ],
          [
            100.2892116,
            5.3565091
          ],
          [
            100.2892112,
            5.3565088
          ],
          [
            100.2892113,
            5.3565086
          ],
          [
            100.2892116,
            5.3565084
          ],
          [
            100.2892119,
            5.3565083
          ],
          [
            100.2892121,
            5.3565083
          ],
          [
            100.2892123,
            5.3565083
          ],
          [
            100.2892125,
            5.3565083
          ],
          [
            100.2892127,
            5.3565082
          ],
          [
            100.2892129,
            5.3565081
          ],
          [
            100.2892131,
            5.3565081
          ],
          [
            100.2892134,
            5.356508
          ],
          [
            100.2892136,
            5.3565079
          ],
          [
            100.2892139,
            5.3565077
          ],
          [
            100.2892142,
            5.3565076
          ],
          [
            100.2892145,
            5.3565075
          ],
          [
            100.2892147,
            5.3565074
          ],
          [
            100.289215,
            5.3565072
          ],
          [
            100.2892154,
            5.356507
          ],
          [
            100.2892157,
            5.3565068
          ],
          [
            100.289216,
            5.3565067
          ],
          [
            100.2892163,
            5.3565065
          ],
          [
            100.2892166,
            5.3565063
          ],
          [
            100.2892168,
            5.3565061
          ],
          [
            100.2892171,
            5.3565059
          ],
          [
            100.2892174,
            5.3565057
          ],
          [
            100.2892177,
            5.3565056
          ],
          [
            100.2892179,
            5.3565054
          ],
          [
            100.2892182,
            5.3565052
          ],
          [
            100.2892184,
            5.356505
          ],
          [
            100.2892187,
            5.3565049
          ],
          [
            100.2892189,
            5.3565047
          ],
          [
            100.2892191,
            5.3565045
          ],
          [
            100.2892194,
            5.3565044
          ],
          [
            100.2892196,
            5.3565042
          ],
          [
            100.2892198,
            5.3565041
          ],
          [
            100.28922,
            5.356504
          ],
          [
            100.2892202,
            5.3565038
          ],
          [
            100.2892204,
            5.3565037
          ],
          [
            100.2892206,
            5.3565036
          ],
          [
            100.2892208,
            5.3565034
          ],
          [
            100.289221,
            5.3565033
          ],
          [
            100.2892211,
            5.3565032
          ],
          [
            100.2892213,
            5.3565031
          ],
          [
            100.2892215,
            5.356503
          ],
          [
            100.2892216,
            5.3565028
          ],
          [
            100.2892218,
            5.3565027
          ],
          [
            100.2892219,
            5.3565026
          ],
          [
            100.2892221,
            5.3565025
          ],
          [
            100.2892222,
            5.3565024
          ],
          [
            100.2892223,
            5.3565023
          ],
          [
            100.2892225,
            5.3565022
          ],
          [
            100.2892226,
            5.3565021
          ],
          [
            100.2892227,
            5.356502
          ],
          [
            100.2892228,
            5.3565019
          ],
          [
            100.2892229,
            5.3565019
          ],
          [
            100.289223,
            5.3565018
          ],
          [
            100.2892231,
            5.3565017
          ],
          [
            100.2892232,
            5.3565016
          ],
          [
            100.2892232,
            5.3565015
          ],
          [
            100.2892233,
            5.3565015
          ],
          [
            100.2892234,
            5.3565014
          ],
          [
            100.2892235,
            5.3565013
          ],
          [
            100.2892236,
            5.3565012
          ],
          [
            100.2892237,
            5.3565011
          ],
          [
            100.2892238,
            5.3565011
          ],
          [
            100.2892239,
            5.356501
          ],
          [
            100.2892239,
            5.3565009
          ],
          [
            100.289224,
            5.3565008
          ],
          [
            100.2892241,
            5.3565008
          ],
          [
            100.2892241,
            5.3565007
          ],
          [
            100.2892242,
            5.3565006
          ],
          [
            100.2892242,
            5.3565006
          ],
          [
            100.2892243,
            5.3565005
          ],
          [
            100.2892243,
            5.3565005
          ],
          [
            100.2892243,
            5.3565005
          ],
          [
            100.2892243,
            5.3565004
          ],
          [
            100.2892243,
            5.3565004
          ],
          [
            100.2892243,
            5.3565003
          ],
          [
            100.2892243,
            5.3565003
          ],
          [
            100.2892243,
            5.3565003
          ],
          [
            100.2892243,
            5.3565002
          ],
          [
            100.2892243,
            5.3565002
          ],
          [
            100.2892243,
            5.3565002
          ],
          [
            100.2892243,
            5.3565001
          ],
          [
            100.2892243,
            5.3565001
          ],
          [
            100.2892243,
            5.3565001
          ],
          [
            100.2892242,
            5.3565001
          ],
          [
            100.2892242,
            5.3565
          ],
          [
            100.2892241,
            5.3565
          ],
          [
            100.2892241,
            5.3565
          ],
          [
            100.289224,
            5.3564999
          ],
          [
            100.289224,
            5.3564999
          ],
          [
            100.2892239,
            5.3564999
          ],
          [
            100.2892238,
            5.3564998
          ],
          [
            100.2892237,
            5.3564998
          ],
          [
            100.2892236,
            5.3564998
          ],
          [
            100.2892236,
            5.3564997
          ],
          [
            100.2892235,
            5.3564997
          ],
          [
            100.2892234,
            5.3564996
          ],
          [
            100.2892233,
            5.3564996
          ],
          [
            100.2892232,
            5.3564996
          ],
          [
            100.2892231,
            5.3564995
          ],
          [
            100.289223,
            5.3564995
          ],
          [
            100.2892229,
            5.3564994
          ],
          [
            100.2892228,
            5.3564994
          ],
          [
            100.2892227,
            5.3564993
          ],
          [
            100.2892226,
            5.3564993
          ],
          [
            100.2892225,
            5.3564992
          ],
          [
            100.2892224,
            5.3564992
          ],
          [
            100.2892223,
            5.3564991
          ],
          [
            100.2892222,
            5.3564991
          ],
          [
            100.2892221,
            5.356499
          ],
          [
            100.289222,
            5.356499
          ],
          [
            100.2892219,
            5.3564989
          ],
          [
            100.2892218,
            5.3564989
          ],
          [
            100.2892217,
            5.3564988
          ],
          [
            100.2892216,
            5.3564988
          ],
          [
            100.2892215,
            5.3564987
          ],
          [
            100.2892214,
            5.3564986
          ],
          [
            100.2892213,
            5.3564986
          ],
          [
            100.2892212,
            5.3564985
          ],
          [
            100.2892211,
            5.3564985
          ],
          [
            100.289221,
            5.3564984
          ],
          [
            100.289221,
            5.3564984
          ],
          [
            100.2892209,
            5.3564983
          ],
          [
            100.2892208,
            5.3564982
          ],
          [
            100.2892207,
            5.3564982
          ],
          [
            100.2892207,
            5.3564981
          ],
          [
            100.2892206,
            5.356498
          ],
          [
            100.2892205,
            5.3564979
          ],
          [
            100.2892205,
            5.3564978
          ],
          [
            100.2892204,
            5.3564978
          ],
          [
            100.2892204,
            5.3564977
          ],
          [
            100.2892203,
            5.3564976
          ],
          [
            100.2892203,
            5.3564975
          ],
          [
            100.2892202,
            5.3564974
          ],
          [
            100.2892202,
            5.3564973
          ],
          [
            100.2892202,
            5.3564972
          ],
          [
            100.2892201,
            5.3564971
          ],
          [
            100.2892201,
            5.356497
          ],
          [
            100.2892201,
            5.3564969
          ],
          [
            100.28922,
            5.3564968
          ],
          [
            100.28922,
            5.3564967
          ],
          [
            100.28922,
            5.3564966
          ],
          [
            100.28922,
            5.3564965
          ],
          [
            100.28922,
            5.3564965
          ],
          [
            100.28922,
            5.3564964
          ],
          [
            100.28922,
            5.3564963
          ],
          [
            100.28922,
            5.3564962
          ],
          [
            100.28922,
            5.3564961
          ],
          [
            100.2892201,
            5.356496
          ],
          [
            100.2892201,
            5.3564959
          ],
          [
            100.2892201,
            5.3564958
          ],
          [
            100.2892202,
            5.3564958
          ],
          [
            100.2892202,
            5.3564957
          ],
          [
            100.2892203,
            5.3564956
          ],
          [
            100.2892203,
            5.3564955
          ],
          [
            100.2892204,
            5.3564954
          ],
          [
            100.2892205,
            5.3564953
          ],
          [
            100.2892205,
            5.3564952
          ],
          [
            100.2892206,
            5.3564951
          ],
          [
            100.2892207,
            5.3564951
          ],
          [
            100.2892208,
            5.356495
          ],
          [
            100.2892209,
            5.3564949
          ],
          [
            100.289221,
            5.3564948
          ],
          [
            100.2892211,
            5.3564947
          ],
          [
            100.2892212,
            5.3564946
          ],
          [
            100.2892213,
            5.3564945
          ],
          [
            100.2892214,
            5.3564944
          ],
          [
            100.2892215,
            5.3564944
          ],
          [
            100.2892216,
            5.3564943
          ],
          [
            100.2892217,
            5.3564942
          ],
          [
            100.2892218,
            5.3564942
          ],
          [
            100.2892219,
            5.3564941
          ],
          [
            100.289222,
            5.356494
          ],
          [
            100.2892221,
            5.3564939
          ],
          [
            100.2892222,
            5.3564939
          ],
          [
            100.2892224,
            5.3564938
          ],
          [
            100.2892225,
            5.3564938
          ],
          [
            100.2892226,
            5.3564937
          ],
          [
            100.2892227,
            5.3564936
          ],
          [
            100.2892228,
            5.3564936
          ],
          [
            100.2892229,
            5.3564935
          ],
          [
            100.289223,
            5.3564935
          ],
          [
            100.2892231,
            5.3564934
          ],
          [
            100.2892232,
            5.3564934
          ],
          [
            100.2892233,
            5.3564934
          ],
          [
            100.2892234,
            5.3564933
          ],
          [
            100.2892235,
            5.3564933
          ],
          [
            100.2892236,
            5.3564933
          ],
          [
            100.2892237,
            5.3564932
          ],
          [
            100.2892238,
            5.3564932
          ],
          [
            100.2892239,
            5.3564932
          ],
          [
            100.289224,
            5.3564931
          ],
          [
            100.2892241,
            5.3564931
          ],
          [
            100.2892241,
            5.3564931
          ],
          [
            100.2892242,
            5.3564931
          ],
          [
            100.2892243,
            5.3564931
          ],
          [
            100.2892244,
            5.356493
          ],
          [
            100.2892245,
            5.356493
          ],
          [
            100.2892245,
            5.356493
          ],
          [
            100.2892246,
            5.356493
          ],
          [
            100.2892247,
            5.3564931
          ],
          [
            100.2892247,
            5.3564931
          ],
          [
            100.2892248,
            5.3564931
          ],
          [
            100.2892248,
            5.3564931
          ],
          [
            100.2892249,
            5.3564931
          ],
          [
            100.2892249,
            5.3564932
          ],
          [
            100.2892249,
            5.3564932
          ],
          [
            100.289225,
            5.3564933
          ],
          [
            100.289225,
            5.3564933
          ],
          [
            100.2892251,
            5.3564934
          ],
          [
            100.2892251,
            5.3564934
          ],
          [
            100.2892251,
            5.3564935
          ],
          [
            100.2892251,
            5.3564936
          ],
          [
            100.289225,
            5.3564937
          ],
          [
            100.289225,
            5.3564938
          ],
          [
            100.2892249,
            5.3564939
          ],
          [
            100.2892249,
            5.356494
          ],
          [
            100.2892248,
            5.3564941
          ],
          [
            100.2892247,
            5.3564943
          ],
          [
            100.2892247,
            5.3564944
          ],
          [
            100.2892246,
            5.3564945
          ],
          [
            100.2892245,
            5.3564947
          ],
          [
            100.2892245,
            5.3564948
          ],
          [
            100.2892244,
            5.356495
          ],
          [
            100.2892243,
            5.3564951
          ],
          [
            100.2892242,
            5.3564953
          ],
          [
            100.2892241,
            5.3564954
          ],
          [
            100.289224,
            5.3564955
          ],
          [
            100.289224,
            5.3564957
          ],
          [
            100.2892239,
            5.3564958
          ],
          [
            100.2892238,
            5.3564959
          ],
          [
            100.2892237,
            5.356496
          ],
          [
            100.2892236,
            5.3564961
          ],
          [
            100.2892235,
            5.3564963
          ],
          [
            100.2892234,
            5.3564964
          ],
          [
            100.2892233,
            5.3564965
          ],
          [
            100.2892232,
            5.3564966
          ],
          [
            100.2892231,
            5.3564967
          ],
          [
            100.289223,
            5.3564968
          ],
          [
            100.2892229,
            5.3564969
          ],
          [
            100.2892228,
            5.356497
          ],
          [
            100.2892226,
            5.3564971
          ],
          [
            100.2892226,
            5.3564971
          ],
          [
            100.2892225,
            5.3564972
          ],
          [
            100.2892224,
            5.3564973
          ],
          [
            100.2892223,
            5.3564974
          ],
          [
            100.2892221,
            5.3564974
          ],
          [
            100.289222,
            5.3564975
          ],
          [
            100.289222,
            5.3564976
          ],
          [
            100.2892219,
            5.3564977
          ],
          [
            100.2892218,
            5.3564977
          ],
          [
            100.2892217,
            5.3564978
          ],
          [
            100.2892216,
            5.3564979
          ],
          [
            100.2892215,
            5.356498
          ],
          [
            100.2892214,
            5.356498
          ],
          [
            100.2892213,
            5.3564981
          ],
          [
            100.2892212,
            5.3564982
          ],
          [
            100.2892211,
            5.3564982
          ],
          [
            100.2892211,
            5.3564983
          ],
          [
            100.2892211,
            5.3564984
          ],
          [
            100.289221,
            5.3564984
          ],
          [
            100.289221,
            5.3564985
          ],
          [
            100.289221,
            5.3564986
          ],
          [
            100.2892211,
            5.3564986
          ],
          [
            100.2892211,
            5.3564987
          ],
          [
            100.2892211,
            5.3564988
          ],
          [
            100.2892211,
            5.3564988
          ],
          [
            100.2892211,
            5.3564989
          ],
          [
            100.289221,
            5.356499
          ],
          [
            100.289221,
            5.3564991
          ],
          [
            100.289221,
            5.3564991
          ],
          [
            100.289221,
            5.3564992
          ],
          [
            100.2892211,
            5.3564993
          ],
          [
            100.2892212,
            5.3564994
          ],
          [
            100.2892213,
            5.3564995
          ],
          [
            100.2892214,
            5.3564996
          ],
          [
            100.2892215,
            5.3564997
          ],
          [
            100.2892216,
            5.3564999
          ],
          [
            100.2892216,
            5.3565001
          ],
          [
            100.2892216,
            5.3565003
          ],
          [
            100.2892217,
            5.3565005
          ],
          [
            100.2892217,
            5.3565007
          ],
          [
            100.2892217,
            5.356501
          ],
          [
            100.2892218,
            5.3565012
          ],
          [
            100.2892218,
            5.3565014
          ],
          [
            100.2892218,
            5.3565017
          ],
          [
            100.2892218,
            5.3565019
          ],
          [
            100.2892218,
            5.3565022
          ],
          [
            100.2892218,
            5.3565024
          ],
          [
            100.2892218,
            5.3565027
          ],
          [
            100.2892218,
            5.3565027
          ],
          [
            100.289228,
            5.3564937
          ],
          [
            100.2892329,
            5.3564888
          ],
          [
            100.2892372,
            5.3564866
          ],
          [
            100.289241,
            5.3564853
          ],
          [
            100.2892411,
            5.3564853
          ],
          [
            100.2892412,
            5.3564853
          ],
          [
            100.28926,
            5.3564817
          ],
          [
            100.2892678,
            5.3564776
          ],
          [
            100.2892719,
            5.356475
          ],
          [
            100.2892743,
            5.3564737
          ],
          [
            100.2892757,
            5.3564731
          ],
          [
            100.2892764,
            5.3564722
          ],
          [
            100.289277,
            5.3564726
          ],
          [
            100.2892774,
            5.3564734
          ],
          [
            100.2892773,
            5.3564737
          ],
          [
            100.2892769,
            5.3564748
          ],
          [
            100.2892761,
            5.3564757
          ],
          [
            100.2892751,
            5.3564766
          ],
          [
            100.2892741,
            5.3564774
          ],
          [
            100.289273,
            5.3564783
          ],
          [
            100.2892719,
            5.356479
          ],
          [
            100.2892708,
            5.3564797
          ],
          [
            100.2892697,
            5.3564802
          ],
          [
            100.2892688,
            5.3564807
          ],
          [
            100.289268,
            5.3564811
          ],
          [
            100.2892672,
            5.3564814
          ],
          [
            100.2892666,
            5.3564816
          ],
          [
            100.2892663,
            5.3564819
          ],
          [
            100.289266,
            5.3564822
          ],
          [
            100.2892655,
            5.3564826
          ],
          [
            100.289265,
            5.356483
          ],
          [
            100.2892644,
            5.3564834
          ],
          [
            100.2892639,
            5.3564838
          ],
          [
            100.2892634,
            5.3564841
          ],
          [
            100.289263,
            5.3564844
          ],
          [
            100.2892626,
            5.3564847
          ],
          [
            100.2892622,
            5.356485
          ],
          [
            100.2892622,
            5.3564857
          ],
          [
            100.2892552,
            5.3564864
          ],
          [
            100.2892562,
            5.3564845
          ],
          [
            100.2892572,
            5.3564869
          ],
          [
            100.2892587,
            5.3564844
          ],
          [
            100.2892618,
            5.3564804
          ],
          [
            100.289264,
            5.3564794
          ],
          [
            100.2892679,
            5.3564795
          ],
          [
            100.2892758,
            5.3564797
          ],
          [
            100.2892744,
            5.3564859
          ],
          [
            100.2892816,
            5.3565054
          ],
          [
            100.2892755,
            5.3565041
          ],
          [
            100.2892754,
            5.3565027
          ],
          [
            100.289278,
            5.3565019
          ],
          [
            100.2892753,
            5.3565051
          ],
          [
            100.2892727,
            5.3565078
          ],
          [
            100.2891858,
            5.3565999
          ],
          [
            100.2891783,
            5.3566109
          ],
          [
            100.289179,
            5.3566177
          ],
          [
            100.2891806,
            5.3566225
          ],
          [
            100.289182,
            5.3566261
          ],
          [
            100.2891835,
            5.3566288
          ],
          [
            100.2891849,
            5.3566309
          ],
          [
            100.2891861,
            5.3566325
          ],
          [
            100.2891872,
            5.3566337
          ],
          [
            100.2891881,
            5.3566348
          ],
          [
            100.289189,
            5.3566356
          ],
          [
            100.2891897,
            5.3566364
          ],
          [
            100.2891904,
            5.356637
          ],
          [
            100.2891906,
            5.3566371
          ],
          [
            100.2891908,
            5.3566373
          ],
          [
            100.2891911,
            5.3566375
          ],
          [
            100.2891891,
            5.3566359
          ],
          [
            100.2891868,
            5.3566336
          ],
          [
            100.2891148,
            5.3565642
          ],
          [
            100.2891011,
            5.3565511
          ],
          [
            100.2890958,
            5.3565462
          ],
          [
            100.2890931,
            5.3565439
          ],
          [
            100.2890931,
            5.3565438
          ],
          [
            100.289093,
            5.3565437
          ],
          [
            100.2890928,
            5.3565434
          ],
          [
            100.2890925,
            5.3565431
          ],
          [
            100.289092,
            5.3565424
          ],
          [
            100.2890912,
            5.3565413
          ],
          [
            100.2890902,
            5.35654
          ],
          [
            100.2890888,
            5.356538
          ],
          [
            100.2889787,
            5.3563864
          ],
          [
            100.2889785,
            5.3563862
          ],
          [
            100.2890252,
            5.3564393
          ],
          [
            100.2890696,
            5.356448
          ],
          [
            100.2890991,
            5.3564517
          ],
          [
            100.2891145,
            5.3564585
          ],
          [
            100.289125,
            5.3564646
          ],
          [
            100.2891334,
            5.3564698
          ],
          [
            100.2891403,
            5.3564741
          ],
          [
            100.2891459,
            5.3564778
          ],
          [
            100.2891504,
            5.3564809
          ],
          [
            100.2891543,
            5.3564837
          ],
          [
            100.2891576,
            5.3564861
          ],
          [
            100.2891605,
            5.3564881
          ],
          [
            100.2891631,
            5.3564897
          ],
          [
            100.2891656,
            5.356491
          ],
          [
            100.2891678,
            5.3564922
          ],
          [
            100.28917,
            5.3564931
          ],
          [
            100.2891721,
            5.3564938
          ],
          [
            100.2891741,
            5.3564944
          ],
          [
            100.2891761,
            5.3564948
          ],
          [
            100.289178,
            5.3564952
          ],
          [
            100.2891798,
            5.3564955
          ],
          [
            100.2891815,
            5.3564959
          ],
          [
            100.2891832,
            5.3564963
          ],
          [
            100.2891847,
            5.3564966
          ],
          [
            100.2891861,
            5.356497
          ],
          [
            100.2891874,
            5.3564974
          ],
          [
            100.2891886,
            5.3564977
          ],
          [
            100.2891898,
            5.356498
          ],
          [
            100.2891909,
            5.3564983
          ],
          [
            100.289192,
            5.3564985
          ],
          [
            100.289193,
            5.3564988
          ],
          [
            100.289194,
            5.3564989
          ],
          [
            100.289195,
            5.3564991
          ],
          [
            100.2891959,
            5.3564992
          ],
          [
            100.2891968,
            5.3564993
          ],
          [
            100.2891976,
            5.3564994
          ],
          [
            100.2891984,
            5.3564995
          ],
          [
            100.289199,
            5.3564996
          ],
          [
            100.2891996,
            5.3564997
          ],
          [
            100.2892001,
            5.3564998
          ],
          [
            100.2892005,
            5.3564999
          ],
          [
            100.2892009,
            5.3565
          ],
          [
            100.2892012,
            5.3565002
          ],
          [
            100.2892015,
            5.3565003
          ],
          [
            100.2892017,
            5.3565004
          ],
          [
            100.2892019,
            5.3565006
          ],
          [
            100.289202,
            5.3565007
          ],
          [
            100.2892021,
            5.3565009
          ],
          [
            100.2892022,
            5.356501
          ],
          [
            100.2892022,
            5.3565012
          ],
          [
            100.2892023,
            5.3565013
          ],
          [
            100.2892023,
            5.3565015
          ],
          [
            100.2892023,
            5.3565016
          ],
          [
            100.2892022,
            5.3565017
          ],
          [
            100.2892022,
            5.3565018
          ],
          [
            100.2892021,
            5.3565019
          ],
          [
            100.289202,
            5.356502
          ],
          [
            100.2892019,
            5.3565021
          ],
          [
            100.2892017,
            5.3565021
          ],
          [
            100.2892017,
            5.3565022
          ],
          [
            100.2892016,
            5.3565022
          ],
          [
            100.2892014,
            5.3565022
          ],
          [
            100.2892013,
            5.3565023
          ],
          [
            100.2892011,
            5.3565023
          ],
          [
            100.2892009,
            5.3565023
          ],
          [
            100.2892007,
            5.3565022
          ],
          [
            100.2892006,
            5.3565021
          ],
          [
            100.2892004,
            5.356502
          ],
          [
            100.2892002,
            5.3565019
          ],
          [
            100.2892,
            5.3565018
          ],
          [
            100.2891998,
            5.3565016
          ],
          [
            100.2891996,
            5.3565014
          ],
          [
            100.2891994,
            5.3565012
          ],
          [
            100.2891992,
            5.356501
          ],
          [
            100.289199,
            5.3565008
          ],
          [
            100.2891987,
            5.3565006
          ],
          [
            100.2891985,
            5.3565003
          ],
          [
            100.2891982,
            5.3565001
          ],
          [
            100.2891979,
            5.3564999
          ],
          [
            100.2891976,
            5.3564996
          ],
          [
            100.2891973,
            5.3564994
          ],
          [
            100.2891969,
            5.3564991
          ],
          [
            100.2891965,
            5.3564989
          ],
          [
            100.2891961,
            5.3564986
          ],
          [
            100.2891957,
            5.3564984
          ],
          [
            100.2891953,
            5.3564981
          ],
          [
            100.2891949,
            5.3564978
          ],
          [
            100.2891944,
            5.3564975
          ],
          [
            100.2891939,
            5.3564972
          ],
          [
            100.2891935,
            5.3564969
          ],
          [
            100.289193,
            5.3564966
          ],
          [
            100.2891925,
            5.3564963
          ],
          [
            100.289192,
            5.356496
          ],
          [
            100.2891914,
            5.3564957
          ],
          [
            100.2891909,
            5.3564954
          ],
          [
            100.2891904,
            5.3564951
          ],
          [
            100.2891899,
            5.3564948
          ],
          [
            100.2891894,
            5.3564945
          ],
          [
            100.289189,
            5.3564942
          ],
          [
            100.2891886,
            5.3564939
          ],
          [
            100.2891888,
            5.3564939
          ],
          [
            100.2891892,
            5.356494
          ],
          [
            100.28919,
            5.3564942
          ],
          [
            100.289191,
            5.3564944
          ],
          [
            100.2892622,
            5.3565177
          ],
          [
            100.2892688,
            5.3565218
          ],
          [
            100.2892688,
            5.3565219
          ],
          [
            100.2892687,
            5.356522
          ],
          [
            100.2892687,
            5.3565222
          ],
          [
            100.2892687,
            5.3565225
          ],
          [
            100.2892689,
            5.3565229
          ],
          [
            100.289269,
            5.3565234
          ],
          [
            100.2892687,
            5.3565239
          ],
          [
            100.2892647,
            5.3565289
          ],
          [
            100.2892649,
            5.3565291
          ],
          [
            100.289264,
            5.3565286
          ],
          [
            100.2892626,
            5.3565272
          ],
          [
            100.2892606,
            5.3565266
          ],
          [
            100.2892584,
            5.3565269
          ],
          [
            100.2892562,
            5.3565277
          ],
          [
            100.2892543,
            5.3565288
          ],
          [
            100.2892526,
            5.3565301
          ],
          [
            100.2892511,
            5.3565315
          ],
          [
            100.2892497,
            5.3565329
          ],
          [
            100.2892495,
            5.3565335
          ],
          [
            100.2892492,
            5.3565343
          ],
          [
            100.2892487,
            5.3565349
          ],
          [
            100.289235,
            5.3565526
          ],
          [
            100.2892327,
            5.356556
          ],
          [
            100.2892319,
            5.356557
          ],
          [
            100.2892316,
            5.3565573
          ],
          [
            100.2892314,
            5.3565572
          ],
          [
            100.2892313,
            5.3565567
          ],
          [
            100.2892313,
            5.3565561
          ],
          [
            100.2892313,
            5.3565553
          ],
          [
            100.2892313,
            5.3565546
          ],
          [
            100.2892313,
            5.3565539
          ],
          [
            100.2892312,
            5.3565533
          ],
          [
            100.2892311,
            5.3565526
          ],
          [
            100.2892309,
            5.3565518
          ],
          [
            100.2892307,
            5.356551
          ],
          [
            100.2892305,
            5.3565502
          ],
          [
            100.2892302,
            5.3565494
          ],
          [
            100.28923,
            5.3565486
          ],
          [
            100.2892297,
            5.3565479
          ],
          [
            100.2892294,
            5.3565471
          ],
          [
            100.2892292,
            5.3565463
          ],
          [
            100.2892289,
            5.3565456
          ],
          [
            100.2892286,
            5.3565449
          ],
          [
            100.2892284,
            5.3565442
          ],
          [
            100.2892281,
            5.3565436
          ],
          [
            100.2892279,
            5.3565429
          ],
          [
            100.2892276,
            5.3565423
          ],
          [
            100.2892274,
            5.3565417
          ],
          [
            100.2892271,
            5.3565411
          ],
          [
            100.2892269,
            5.3565405
          ],
          [
            100.2892267,
            5.3565399
          ],
          [
            100.2892264,
            5.3565393
          ],
          [
            100.2892262,
            5.3565388
          ],
          [
            100.289226,
            5.3565383
          ],
          [
            100.2892258,
            5.3565377
          ],
          [
            100.2892256,
            5.3565372
          ],
          [
            100.2892254,
            5.3565367
          ],
          [
            100.2892252,
            5.3565362
          ],
          [
            100.289225,
            5.3565358
          ],
          [
            100.2892248,
            5.3565353
          ],
          [
            100.2892246,
            5.3565349
          ],
          [
            100.2892244,
            5.3565344
          ],
          [
            100.2892242,
            5.356534
          ],
          [
            100.289224,
            5.3565336
          ],
          [
            100.2892238,
            5.3565332
          ],
          [
            100.2892236,
            5.3565328
          ],
          [
            100.2892234,
            5.3565324
          ],
          [
            100.2892232,
            5.3565321
          ],
          [
            100.289223,
            5.3565317
          ],
          [
            100.2892228,
            5.3565313
          ],
          [
            100.2892226,
            5.356531
          ],
          [
            100.2892224,
            5.3565306
          ],
          [
            100.2892222,
            5.3565303
          ],
          [
            100.289222,
            5.35653
          ],
          [
            100.2892218,
            5.3565297
          ],
          [
            100.2892217,
            5.3565294
          ],
          [
            100.2892215,
            5.3565291
          ],
          [
            100.2892213,
            5.3565288
          ],
          [
            100.2892211,
            5.3565285
          ],
          [
            100.2892209,
            5.3565282
          ],
          [
            100.2892208,
            5.3565279
          ],
          [
            100.2892206,
            5.3565276
          ],
          [
            100.2892204,
            5.3565273
          ],
          [
            100.2892202,
            5.356527
          ],
          [
            100.28922,
            5.3565266
          ],
          [
            100.2892198,
            5.3565263
          ],
          [
            100.2892195,
            5.356526
          ],
          [
            100.2892193,
            5.3565257
          ],
          [
            100.2892191,
            5.3565254
          ],
          [
            100.2892189,
            5.356525
          ],
          [
            100.2892186,
            5.3565247
          ],
          [
            100.2892184,
            5.3565244
          ],
          [
            100.2892182,
            5.3565241
          ],
          [
            100.2892179,
            5.3565238
          ],
          [
            100.2892177,
            5.3565235
          ],
          [
            100.2892174,
            5.3565232
          ],
          [
            100.2892172,
            5.3565229
          ],
          [
            100.289217,
            5.3565226
          ],
          [
            100.2892167,
            5.3565224
          ],
          [
            100.2892165,
            5.3565221
          ],
          [
            100.2892163,
            5.3565218
          ],
          [
            100.289216,
            5.3565215
          ],
          [
            100.2892158,
            5.3565213
          ],
          [
            100.2892156,
            5.356521
          ],
          [
            100.2892153,
            5.3565208
          ],
          [
            100.2892151,
            5.3565205
          ],
          [
            100.2892148,
            5.3565203
          ],
          [
            100.2892146,
            5.3565201
          ],
          [
            100.2892144,
            5.3565198
          ],
          [
            100.2892141,
            5.3565196
          ],
          [
            100.2892139,
            5.3565194
          ],
          [
            100.2892137,
            5.3565192
          ],
          [
            100.2892134,
            5.356519
          ],
          [
            100.2892132,
            5.3565187
          ],
          [
            100.289213,
            5.3565185
          ],
          [
            100.2892128,
            5.3565183
          ],
          [
            100.2892125,
            5.3565181
          ],
          [
            100.2892123,
            5.356518
          ],
          [
            100.2892121,
            5.3565178
          ],
          [
            100.2892119,
            5.3565176
          ],
          [
            100.2892116,
            5.3565174
          ],
          [
            100.2892114,
            5.3565172
          ],
          [
            100.2892112,
            5.356517
          ],
          [
            100.289211,
            5.3565169
          ],
          [
            100.2892108,
            5.3565167
          ],
          [
            100.2892105,
            5.3565165
          ],
          [
            100.2892103,
            5.3565164
          ],
          [
            100.2892101,
            5.3565162
          ],
          [
            100.2892099,
            5.356516
          ],
          [
            100.2892097,
            5.3565159
          ],
          [
            100.2892095,
            5.3565157
          ],
          [
            100.2892093,
            5.3565156
          ],
          [
            100.2892091,
            5.3565154
          ],
          [
            100.2892089,
            5.3565153
          ],
          [
            100.2892087,
            5.3565151
          ],
          [
            100.2892085,
            5.356515
          ],
          [
            100.2892084,
            5.3565148
          ],
          [
            100.2892082,
            5.3565147
          ],
          [
            100.289208,
            5.3565145
          ],
          [
            100.2892078,
            5.3565144
          ],
          [
            100.2892076,
            5.3565143
          ],
          [
            100.2892074,
            5.3565141
          ],
          [
            100.2892073,
            5.356514
          ],
          [
            100.2892071,
            5.3565139
          ],
          [
            100.2892069,
            5.3565137
          ],
          [
            100.2892068,
            5.3565136
          ],
          [
            100.2892066,
            5.3565135
          ],
          [
            100.2892065,
            5.3565133
          ],
          [
            100.2892063,
            5.3565132
          ],
          [
            100.2892062,
            5.356513
          ],
          [
            100.289206,
            5.3565129
          ],
          [
            100.2892059,
            5.3565128
          ],
          [
            100.2892057,
            5.3565126
          ],
          [
            100.2892056,
            5.3565125
          ],
          [
            100.2892054,
            5.3565124
          ],
          [
            100.2892053,
            5.3565122
          ],
          [
            100.2892052,
            5.3565121
          ],
          [
            100.289205,
            5.356512
          ],
          [
            100.2892049,
            5.3565118
          ],
          [
            100.2892048,
            5.3565117
          ],
          [
            100.2892047,
            5.3565116
          ],
          [
            100.2892045,
            5.3565114
          ],
          [
            100.2892044,
            5.3565113
          ],
          [
            100.2892043,
            5.3565112
          ],
          [
            100.2892042,
            5.356511
          ],
          [
            100.2892041,
            5.3565109
          ],
          [
            100.289204,
            5.3565108
          ],
          [
            100.2892039,
            5.3565106
          ],
          [
            100.2892038,
            5.3565105
          ],
          [
            100.2892037,
            5.3565104
          ],
          [
            100.2892036,
            5.3565102
          ],
          [
            100.2892035,
            5.3565101
          ],
          [
            100.2892034,
            5.35651
          ],
          [
            100.2892033,
            5.3565099
          ],
          [
            100.2892032,
            5.3565097
          ],
          [
            100.2892031,
            5.3565096
          ],
          [
            100.289203,
            5.3565095
          ],
          [
            100.2892029,
            5.3565094
          ],
          [
            100.2892028,
            5.3565092
          ],
          [
            100.2892027,
            5.3565091
          ],
          [
            100.2892027,
            5.356509
          ],
          [
            100.2892026,
            5.3565089
          ],
          [
            100.2892025,
            5.3565087
          ],
          [
            100.2892025,
            5.3565086
          ],
          [
            100.2892024,
            5.3565085
          ],
          [
            100.2892023,
            5.3565084
          ],
          [
            100.2892023,
            5.3565082
          ],
          [
            100.2892022,
            5.3565081
          ],
          [
            100.2892022,
            5.356508
          ],
          [
            100.2892021,
            5.3565078
          ],
          [
            100.2892021,
            5.3565077
          ],
          [
            100.2892021,
            5.3565075
          ],
          [
            100.2892021,
            5.3565074
          ],
          [
            100.2892021,
            5.3565072
          ],
          [
            100.289202,
            5.3565071
          ],
          [
            100.289202,
            5.3565069
          ],
          [
            100.289202,
            5.3565068
          ],
          [
            100.2892021,
            5.3565066
          ],
          [
            100.2892021,
            5.3565064
          ],
          [
            100.2892021,
            5.3565063
          ],
          [
            100.2892021,
            5.3565061
          ],
          [
            100.2892021,
            5.3565059
          ],
          [
            100.2892022,
            5.3565057
          ],
          [
            100.2892022,
            5.3565056
          ],
          [
            100.2892023,
            5.3565054
          ],
          [
            100.2892023,
            5.3565052
          ],
          [
            100.2892024,
            5.356505
          ],
          [
            100.2892024,
            5.3565048
          ],
          [
            100.2892025,
            5.3565046
          ],
          [
            100.2892026,
            5.3565044
          ],
          [
            100.2892027,
            5.3565042
          ],
          [
            100.2892027,
            5.3565041
          ],
          [
            100.2892028,
            5.3565039
          ],
          [
            100.2892029,
            5.3565037
          ],
          [
            100.289203,
            5.3565034
          ],
          [
            100.2892031,
            5.3565032
          ],
          [
            100.2892032,
            5.356503
          ],
          [
            100.2892034,
            5.3565028
          ],
          [
            100.2892035,
            5.3565026
          ],
          [
            100.2892036,
            5.3565024
          ],
          [
            100.2892037,
            5.3565022
          ],
          [
            100.2892039,
            5.356502
          ],
          [
            100.289204,
            5.3565017
          ],
          [
            100.2892042,
            5.3565015
          ],
          [
            100.2892043,
            5.3565013
          ],
          [
            100.2892045,
            5.3565011
          ],
          [
            100.2892047,
            5.3565008
          ],
          [
            100.2892048,
            5.3565006
          ],
          [
            100.289205,
            5.3565004
          ],
          [
            100.2892052,
            5.3565001
          ],
          [
            100.2892054,
            5.3564999
          ],
          [
            100.2892056,
            5.3564996
          ],
          [
            100.2892058,
            5.3564994
          ],
          [
            100.289206,
            5.3564992
          ],
          [
            100.2892062,
            5.3564989
          ],
          [
            100.2892064,
            5.3564986
          ],
          [
            100.2892067,
            5.3564984
          ],
          [
            100.2892069,
            5.3564981
          ],
          [
            100.2892071,
            5.3564979
          ],
          [
            100.2892073,
            5.3564976
          ],
          [
            100.2892076,
            5.3564973
          ],
          [
            100.2892078,
            5.3564971
          ],
          [
            100.2892081,
            5.3564968
          ],
          [
            100.2892083,
            5.3564965
          ],
          [
            100.2892086,
            5.3564963
          ],
          [
            100.2892088,
            5.356496
          ],
          [
            100.2892091,
            5.3564957
          ],
          [
            100.2892094,
            5.3564955
          ],
          [
            100.2892096,
            5.3564952
          ],
          [
            100.2892099,
            5.356495
          ],
          [
            100.2892101,
            5.3564947
          ],
          [
            100.2892104,
            5.3564944
          ],
          [
            100.2892107,
            5.3564942
          ],
          [
            100.2892109,
            5.3564939
          ],
          [
            100.2892112,
            5.3564937
          ],
          [
            100.2892115,
            5.3564934
          ],
          [
            100.2892117,
            5.3564931
          ],
          [
            100.289212,
            5.3564929
          ],
          [
            100.2892123,
            5.3564926
          ],
          [
            100.2892126,
            5.3564924
          ],
          [
            100.2892128,
            5.3564921
          ],
          [
            100.2892131,
            5.3564919
          ],
          [
            100.2892134,
            5.3564916
          ],
          [
            100.2892136,
            5.3564914
          ],
          [
            100.2892139,
            5.3564911
          ],
          [
            100.2892142,
            5.3564909
          ],
          [
            100.2892145,
            5.3564907
          ],
          [
            100.2892147,
            5.3564904
          ],
          [
            100.289215,
            5.3564902
          ],
          [
            100.2892153,
            5.3564899
          ],
          [
            100.2892156,
            5.3564897
          ],
          [
            100.2892158,
            5.3564895
          ],
          [
            100.2892161,
            5.3564892
          ],
          [
            100.2892164,
            5.356489
          ],
          [
            100.2892167,
            5.3564888
          ],
          [
            100.2892169,
            5.3564886
          ],
          [
            100.2892172,
            5.3564883
          ],
          [
            100.2892175,
            5.3564881
          ],
          [
            100.2892178,
            5.3564879
          ],
          [
            100.289218,
            5.3564877
          ],
          [
            100.2892183,
            5.3564874
          ],
          [
            100.2892186,
            5.3564872
          ],
          [
            100.2892188,
            5.356487
          ],
          [
            100.2892191,
            5.3564868
          ],
          [
            100.2892194,
            5.3564866
          ],
          [
            100.2892197,
            5.3564864
          ],
          [
            100.2892199,
            5.3564862
          ],
          [
            100.2892202,
            5.3564859
          ],
          [
            100.2892205,
            5.3564857
          ],
          [
            100.2892207,
            5.3564855
          ],
          [
            100.289221,
            5.3564853
          ],
          [
            100.2892213,
            5.3564851
          ],
          [
            100.2892216,
            5.3564849
          ],
          [
            100.2892218,
            5.3564847
          ],
          [
            100.2892221,
            5.3564845
          ],
          [
            100.2892224,
            5.3564843
          ],
          [
            100.2892226,
            5.3564841
          ],
          [
            100.2892229,
            5.3564839
          ],
          [
            100.2892232,
            5.3564838
          ],
          [
            100.2892234,
            5.3564836
          ],
          [
            100.2892237,
            5.3564834
          ],
          [
            100.2892239,
            5.3564832
          ],
          [
            100.2892242,
            5.356483
          ],
          [
            100.2892245,
            5.3564828
          ],
          [
            100.2892247,
            5.3564826
          ],
          [
            100.289225,
            5.3564824
          ],
          [
            100.2892253,
            5.3564823
          ],
          [
            100.2892255,
            5.3564821
          ],
          [
            100.2892258,
            5.3564819
          ],
          [
            100.289226,
            5.3564817
          ],
          [
            100.2892263,
            5.3564815
          ],
          [
            100.2892266,
            5.3564814
          ],
          [
            100.2892268,
            5.3564812
          ],
          [
            100.2892271,
            5.356481
          ],
          [
            100.2892273,
            5.3564808
          ],
          [
            100.2892276,
            5.3564807
          ],
          [
            100.2892278,
            5.3564805
          ],
          [
            100.2892281,
            5.3564803
          ],
          [
            100.2892284,
            5.3564802
          ],
          [
            100.2892286,
            5.35648
          ],
          [
            100.2892289,
            5.3564798
          ],
          [
            100.2892291,
            5.3564797
          ],
          [
            100.2892294,
            5.3564795
          ],
          [
            100.2892296,
            5.3564793
          ],
          [
            100.2892299,
            5.3564792
          ],
          [
            100.2892301,
            5.356479
          ],
          [
            100.2892304,
            5.3564789
          ],
          [
            100.2892306,
            5.3564787
          ],
          [
            100.2892309,
            5.3564786
          ],
          [
            100.2892311,
            5.3564784
          ],
          [
            100.2892314,
            5.3564782
          ],
          [
            100.2892316,
            5.3564781
          ],
          [
            100.2892319,
            5.3564779
          ],
          [
            100.2892321,
            5.3564778
          ],
          [
            100.2892324,
            5.3564776
          ],
          [
            100.2892326,
            5.3564775
          ],
          [
            100.2892329,
            5.3564773
          ],
          [
            100.2892331,
            5.3564772
          ],
          [
            100.2892333,
            5.356477
          ],
          [
            100.2892336,
            5.3564769
          ],
          [
            100.2892338,
            5.3564767
          ],
          [
            100.2892341,
            5.3564766
          ],
          [
            100.2892343,
            5.3564764
          ],
          [
            100.2892346,
            5.3564763
          ],
          [
            100.2892348,
            5.3564761
          ],
          [
            100.289235,
            5.356476
          ],
          [
            100.2892353,
            5.3564758
          ],
          [
            100.2892355,
            5.3564757
          ],
          [
            100.2892358,
            5.3564755
          ],
          [
            100.289236,
            5.3564754
          ],
          [
            100.2892362,
            5.3564752
          ],
          [
            100.2892365,
            5.3564751
          ],
          [
            100.2892367,
            5.3564749
          ],
          [
            100.289237,
            5.3564748
          ],
          [
            100.2892372,
            5.3564746
          ],
          [
            100.2892374,
            5.3564745
          ],
          [
            100.2892377,
            5.3564744
          ],
          [
            100.2892379,
            5.3564742
          ],
          [
            100.2892381,
            5.3564741
          ],
          [
            100.2892384,
            5.3564739
          ],
          [
            100.2892386,
            5.3564738
          ],
          [
            100.2892388,
            5.3564737
          ],
          [
            100.2892391,
            5.3564735
          ],
          [
            100.2892393,
            5.3564734
          ],
          [
            100.2892395,
            5.3564732
          ],
          [
            100.2892397,
            5.3564731
          ],
          [
            100.28924,
            5.356473
          ],
          [
            100.2892402,
            5.3564728
          ],
          [
            100.2892404,
            5.3564727
          ],
          [
            100.2892406,
            5.3564726
          ],
          [
            100.2892409,
            5.3564724
          ],
          [
            100.2892411,
            5.3564723
          ],
          [
            100.2892413,
            5.3564722
          ],
          [
            100.2892415,
            5.3564721
          ],
          [
            100.2892418,
            5.3564719
          ],
          [
            100.289242,
            5.3564718
          ],
          [
            100.2892422,
            5.3564717
          ],
          [
            100.2892424,
            5.3564716
          ],
          [
            100.2892426,
            5.3564714
          ],
          [
            100.2892429,
            5.3564713
          ],
          [
            100.2892431,
            5.3564712
          ],
          [
            100.2892433,
            5.3564711
          ],
          [
            100.2892435,
            5.3564709
          ],
          [
            100.2892437,
            5.3564708
          ],
          [
            100.2892439,
            5.3564707
          ],
          [
            100.2892442,
            5.3564706
          ],
          [
            100.2892444,
            5.3564705
          ],
          [
            100.2892446,
            5.3564703
          ],
          [
            100.2892448,
            5.3564702
          ],
          [
            100.289245,
            5.3564701
          ],
          [
            100.2892452,
            5.35647
          ],
          [
            100.2892454,
            5.3564699
          ],
          [
            100.2892456,
            5.3564698
          ],
          [
            100.2892458,
            5.3564697
          ],
          [
            100.289246,
            5.3564696
          ],
          [
            100.2892462,
            5.3564694
          ],
          [
            100.2892465,
            5.3564693
          ],
          [
            100.2892467,
            5.3564692
          ],
          [
            100.2892469,
            5.3564691
          ],
          [
            100.2892471,
            5.356469
          ],
          [
            100.2892473,
            5.3564689
          ],
          [
            100.2892475,
            5.3564688
          ],
          [
            100.2892477,
            5.3564687
          ],
          [
            100.2892479,
            5.3564686
          ],
          [
            100.2892481,
            5.3564685
          ],
          [
            100.2892483,
            5.3564684
          ],
          [
            100.2892485,
            5.3564683
          ],
          [
            100.2892487,
            5.3564682
          ],
          [
            100.2892488,
            5.3564681
          ],
          [
            100.289249,
            5.356468
          ],
          [
            100.2892492,
            5.356468
          ],
          [
            100.2892494,
            5.3564679
          ],
          [
            100.2892496,
            5.3564678
          ],
          [
            100.2892498,
            5.3564677
          ],
          [
            100.28925,
            5.3564676
          ],
          [
            100.2892502,
            5.3564675
          ],
          [
            100.2892504,
            5.3564674
          ],
          [
            100.2892506,
            5.3564673
          ],
          [
            100.2892507,
            5.3564673
          ],
          [
            100.2892509,
            5.3564672
          ],
          [
            100.2892511,
            5.3564671
          ],
          [
            100.2892513,
            5.356467
          ],
          [
            100.2892515,
            5.3564669
          ],
          [
            100.2892517,
            5.3564669
          ],
          [
            100.2892518,
            5.3564668
          ],
          [
            100.289252,
            5.3564667
          ],
          [
            100.2892522,
            5.3564666
          ],
          [
            100.2892524,
            5.3564666
          ],
          [
            100.2892526,
            5.3564665
          ],
          [
            100.2892527,
            5.3564664
          ],
          [
            100.2892529,
            5.3564664
          ],
          [
            100.2892531,
            5.3564663
          ],
          [
            100.2892533,
            5.3564663
          ],
          [
            100.2892535,
            5.3564663
          ],
          [
            100.2892537,
            5.3564663
          ],
          [
            100.2892539,
            5.3564662
          ],
          [
            100.2892541,
            5.3564662
          ],
          [
            100.2892543,
            5.3564663
          ],
          [
            100.2892545,
            5.3564663
          ],
          [
            100.2892548,
            5.3564663
          ],
          [
            100.289255,
            5.3564663
          ],
          [
            100.2892552,
            5.3564664
          ],
          [
            100.2892554,
            5.3564664
          ],
          [
            100.2892557,
            5.3564665
          ],
          [
            100.2892559,
            5.3564666
          ],
          [
            100.2892565,
            5.3564682
          ],
          [
            100.2892573,
            5.3564701
          ],
          [
            100.289258,
            5.3564724
          ],
          [
            100.289259,
            5.3564758
          ],
          [
            100.2892598,
            5.3564791
          ],
          [
            100.2892607,
            5.356483
          ],
          [
            100.2892615,
            5.3564868
          ],
          [
            100.2892622,
            5.3564914
          ],
          [
            100.2892629,
            5.3564957
          ],
          [
            100.2892635,
            5.3565003
          ],
          [
            100.289264,
            5.3565044
          ],
          [
            100.2892705,
            5.3565628
          ],
          [
            100.2892705,
            5.3565635
          ],
          [
            100.2892704,
            5.3565647
          ],
          [
            100.2892705,
            5.3565896
          ],
          [
            100.2892705,
            5.3565899
          ],
          [
            100.2892708,
            5.3565974
          ],
          [
            100.2892711,
            5.3565999
          ],
          [
            100.2892712,
            5.3566013
          ],
          [
            100.2892714,
            5.3566021
          ],
          [
            100.2892715,
            5.3566027
          ],
          [
            100.2892715,
            5.3566032
          ],
          [
            100.2892714,
            5.3566038
          ],
          [
            100.2892713,
            5.3566045
          ],
          [
            100.2892711,
            5.3566051
          ],
          [
            100.2892709,
            5.3566057
          ],
          [
            100.2892707,
            5.3566063
          ],
          [
            100.2892705,
            5.3566069
          ],
          [
            100.2892703,
            5.3566074
          ],
          [
            100.2892701,
            5.3566079
          ],
          [
            100.2892699,
            5.3566084
          ],
          [
            100.2892697,
            5.3566087
          ],
          [
            100.2892696,
            5.3566089
          ],
          [
            100.2892668,
            5.3566148
          ],
          [
            100.2892653,
            5.356618
          ],
          [
            100.2892643,
            5.3566201
          ],
          [
            100.2892633,
            5.3566218
          ],
          [
            100.2892623,
            5.3566232
          ],
          [
            100.2892614,
            5.3566244
          ],
          [
            100.2892607,
            5.3566255
          ],
          [
            100.28926,
            5.3566264
          ],
          [
            100.2892594,
            5.3566272
          ],
          [
            100.2892588,
            5.356628
          ],
          [
            100.2892584,
            5.3566286
          ],
          [
            100.289258,
            5.3566292
          ],
          [
            100.2892576,
            5.3566298
          ],
          [
            100.2892573,
            5.3566303
          ],
          [
            100.289257,
            5.3566307
          ],
          [
            100.2892567,
            5.3566312
          ],
          [
            100.2892564,
            5.3566316
          ],
          [
            100.2892562,
            5.356632
          ],
          [
            100.289256,
            5.3566323
          ],
          [
            100.2892558,
            5.3566327
          ],
          [
            100.2892556,
            5.356633
          ],
          [
            100.2892554,
            5.3566333
          ],
          [
            100.2892553,
            5.3566336
          ],
          [
            100.2892551,
            5.3566338
          ],
          [
            100.2892549,
            5.3566341
          ],
          [
            100.2892548,
            5.3566343
          ],
          [
            100.2892547,
            5.3566346
          ],
          [
            100.2892545,
            5.3566348
          ],
          [
            100.2892544,
            5.356635
          ],
          [
            100.2892543,
            5.3566351
          ],
          [
            100.2892542,
            5.3566353
          ],
          [
            100.2892541,
            5.3566354
          ],
          [
            100.289254,
            5.3566355
          ],
          [
            100.289254,
            5.3566357
          ],
          [
            100.2892539,
            5.3566358
          ],
          [
            100.2892538,
            5.3566359
          ],
          [
            100.2892537,
            5.356636
          ],
          [
            100.2892536,
            5.356636
          ],
          [
            100.2892536,
            5.3566361
          ],
          [
            100.2892535,
            5.3566362
          ],
          [
            100.2892534,
            5.3566363
          ],
          [
            100.2892534,
            5.3566363
          ],
          [
            100.2892533,
            5.3566364
          ],
          [
            100.2892533,
            5.3566365
          ],
          [
            100.2892532,
            5.3566365
          ],
          [
            100.2892532,
            5.3566366
          ],
          [
            100.2892531,
            5.3566367
          ],
          [
            100.2892531,
            5.3566368
          ],
          [
            100.289253,
            5.3566368
          ],
          [
            100.289253,
            5.3566369
          ],
          [
            100.2892529,
            5.356637
          ],
          [
            100.2892529,
            5.3566371
          ],
          [
            100.2892528,
            5.3566371
          ],
          [
            100.2892528,
            5.3566372
          ],
          [
            100.2892527,
            5.3566373
          ],
          [
            100.2892527,
            5.3566374
          ],
          [
            100.2892526,
            5.3566375
          ],
          [
            100.2892526,
            5.3566376
          ],
          [
            100.2892525,
            5.3566377
          ],
          [
            100.2892525,
            5.3566378
          ],
          [
            100.2892524,
            5.3566379
          ],
          [
            100.2892524,
            5.356638
          ],
          [
            100.2892523,
            5.3566381
          ],
          [
            100.2892523,
            5.3566382
          ],
          [
            100.2892522,
            5.3566384
          ],
          [
            100.2892522,
            5.3566385
          ],
          [
            100.2892521,
            5.3566386
          ],
          [
            100.289252,
            5.3566387
          ],
          [
            100.289252,
            5.3566389
          ],
          [
            100.2892519,
            5.356639
          ],
          [
            100.2892519,
            5.3566391
          ],
          [
            100.2892518,
            5.3566393
          ],
          [
            100.2892517,
            5.3566394
          ],
          [
            100.2892517,
            5.3566396
          ],
          [
            100.2892516,
            5.3566397
          ],
          [
            100.2892516,
            5.3566399
          ],
          [
            100.2892515,
            5.35664
          ],
          [
            100.2892514,
            5.3566402
          ],
          [
            100.2892514,
            5.3566404
          ],
          [
            100.2892513,
            5.3566405
          ],
          [
            100.2892513,
            5.3566407
          ],
          [
            100.2892512,
            5.3566409
          ],
          [
            100.2892511,
            5.3566411
          ],
          [
            100.2892511,
            5.3566413
          ],
          [
            100.289251,
            5.3566415
          ],
          [
            100.289251,
            5.3566417
          ],
          [
            100.2892509,
            5.3566419
          ],
          [
            100.2892508,
            5.3566421
          ],
          [
            100.2892508,
            5.3566424
          ],
          [
            100.2892507,
            5.3566426
          ],
          [
            100.2892507,
            5.3566429
          ],
          [
            100.2892506,
            5.3566431
          ],
          [
            100.2892506,
            5.3566434
          ],
          [
            100.2892505,
            5.3566437
          ],
          [
            100.2892505,
            5.356644
          ],
          [
            100.2892504,
            5.3566443
          ],
          [
            100.2892504,
            5.3566446
          ],
          [
            100.2892503,
            5.356645
          ],
          [
            100.2892503,
            5.3566453
          ],
          [
            100.2892502,
            5.3566456
          ],
          [
            100.2892501,
            5.356646
          ],
          [
            100.2892501,
            5.3566464
          ],
          [
            100.28925,
            5.3566468
          ],
          [
            100.28925,
            5.3566472
          ],
          [
            100.2892499,
            5.3566476
          ],
          [
            100.2892498,
            5.356648
          ],
          [
            100.2892498,
            5.3566485
          ],
          [
            100.2892497,
            5.356649
          ],
          [
            100.2892496,
            5.3566494
          ],
          [
            100.2892495,
            5.3566499
          ],
          [
            100.2892494,
            5.3566504
          ],
          [
            100.2892493,
            5.3566509
          ],
          [
            100.2892492,
            5.3566514
          ],
          [
            100.2892491,
            5.356652
          ],
          [
            100.289249,
            5.3566525
          ],
          [
            100.2892489,
            5.3566531
          ],
          [
            100.2892488,
            5.3566536
          ],
          [
            100.2892487,
            5.3566542
          ],
          [
            100.2892485,
            5.3566548
          ],
          [
            100.2892484,
            5.3566554
          ],
          [
            100.2892483,
            5.356656
          ],
          [
            100.2892482,
            5.3566567
          ],
          [
            100.289248,
            5.3566573
          ],
          [
            100.2892479,
            5.356658
          ],
          [
            100.2892477,
            5.3566586
          ],
          [
            100.2892476,
            5.3566593
          ],
          [
            100.2892474,
            5.35666
          ],
          [
            100.2892473,
            5.3566607
          ],
          [
            100.2892471,
            5.3566615
          ],
          [
            100.2892469,
            5.3566622
          ],
          [
            100.2892467,
            5.356663
          ],
          [
            100.2892465,
            5.3566638
          ],
          [
            100.2892463,
            5.3566645
          ],
          [
            100.2892461,
            5.3566654
          ],
          [
            100.2892459,
            5.3566662
          ],
          [
            100.2892457,
            5.356667
          ],
          [
            100.2892455,
            5.3566679
          ],
          [
            100.2892453,
            5.3566687
          ],
          [
            100.2892451,
            5.3566696
          ],
          [
            100.2892448,
            5.3566705
          ],
          [
            100.2892446,
            5.3566714
          ],
          [
            100.2892443,
            5.3566724
          ],
          [
            100.2892441,
            5.3566733
          ],
          [
            100.2892438,
            5.3566743
          ],
          [
            100.2892435,
            5.3566752
          ],
          [
            100.2892432,
            5.3566762
          ],
          [
            100.289243,
            5.3566772
          ],
          [
            100.2892427,
            5.3566782
          ],
          [
            100.2892424,
            5.3566792
          ],
          [
            100.2892421,
            5.3566803
          ],
          [
            100.2892418,
            5.3566813
          ],
          [
            100.2892414,
            5.3566824
          ],
          [
            100.2892411,
            5.3566835
          ],
          [
            100.2892408,
            5.3566845
          ],
          [
            100.2892404,
            5.3566856
          ],
          [
            100.2892401,
            5.3566867
          ],
          [
            100.2892397,
            5.3566879
          ],
          [
            100.2892394,
            5.356689
          ],
          [
            100.289239,
            5.3566901
          ],
          [
            100.2892387,
            5.3566913
          ],
          [
            100.2892383,
            5.3566924
          ],
          [
            100.2892379,
            5.3566936
          ],
          [
            100.2892376,
            5.3566948
          ],
          [
            100.2892372,
            5.3566959
          ],
          [
            100.2892368,
            5.3566971
          ],
          [
            100.2892364,
            5.3566983
          ],
          [
            100.289236,
            5.3566995
          ],
          [
            100.2892357,
            5.3567007
          ],
          [
            100.2892353,
            5.3567019
          ],
          [
            100.2892349,
            5.3567031
          ],
          [
            100.2892345,
            5.3567043
          ],
          [
            100.2892341,
            5.3567055
          ],
          [
            100.2892337,
            5.3567067
          ],
          [
            100.2892334,
            5.356708
          ],
          [
            100.289233,
            5.3567092
          ],
          [
            100.2892326,
            5.3567104
          ],
          [
            100.2892322,
            5.3567117
          ],
          [
            100.2892318,
            5.3567129
          ],
          [
            100.2892314,
            5.3567141
          ],
          [
            100.289231,
            5.3567154
          ],
          [
            100.2892307,
            5.3567166
          ],
          [
            100.2892303,
            5.3567178
          ],
          [
            100.2892299,
            5.3567191
          ],
          [
            100.2892295,
            5.3567203
          ],
          [
            100.2892291,
            5.3567215
          ],
          [
            100.2892288,
            5.3567228
          ],
          [
            100.2892284,
            5.356724
          ],
          [
            100.289228,
            5.3567252
          ],
          [
            100.2892276,
            5.3567264
          ],
          [
            100.2892273,
            5.3567276
          ],
          [
            100.2892269,
            5.3567288
          ],
          [
            100.2892266,
            5.3567301
          ],
          [
            100.2892262,
            5.3567313
          ],
          [
            100.2892258,
            5.3567325
          ],
          [
            100.2892255,
            5.3567336
          ],
          [
            100.2892252,
            5.3567348
          ],
          [
            100.2892248,
            5.356736
          ],
          [
            100.2892245,
            5.3567372
          ],
          [
            100.2892241,
            5.3567384
          ],
          [
            100.2892238,
            5.3567395
          ],
          [
            100.2892235,
            5.3567407
          ],
          [
            100.2892231,
            5.3567419
          ],
          [
            100.2892228,
            5.356743
          ],
          [
            100.2892225,
            5.3567441
          ],
          [
            100.2892222,
            5.3567453
          ],
          [
            100.2892219,
            5.3567464
          ],
          [
            100.2892216,
            5.3567475
          ],
          [
            100.2892213,
            5.3567487
          ],
          [
            100.289221,
            5.3567498
          ],
          [
            100.2892207,
            5.3567509
          ],
          [
            100.2892179,
            5.3567623
          ],
          [
            100.2892061,
            5.3568123
          ],
          [
            100.2891994,
            5.3568407
          ],
          [
            100.2891952,
            5.3568591
          ],
          [
            100.2891923,
            5.3568721
          ],
          [
            100.2891912,
            5.3568775
          ],
          [
            100.28919,
            5.3568837
          ],
          [
            100.289189,
            5.3568894
          ],
          [
            100.289188,
            5.3568968
          ],
          [
            100.289187,
            5.3569045
          ],
          [
            100.2891861,
            5.3569111
          ],
          [
            100.2891854,
            5.3569184
          ],
          [
            100.2891849,
            5.356924
          ],
          [
            100.2891845,
            5.3569289
          ],
          [
            100.2891842,
            5.3569338
          ],
          [
            100.2891839,
            5.3569373
          ],
          [
            100.2891838,
            5.3569403
          ],
          [
            100.2891837,
            5.3569437
          ],
          [
            100.2891836,
            5.356946
          ],
          [
            100.2891836,
            5.3569482
          ],
          [
            100.2891838,
            5.3569509
          ],
          [
            100.289184,
            5.3569537
          ],
          [
            100.2891841,
            5.3569558
          ],
          [
            100.2891842,
            5.3569574
          ],
          [
            100.2891842,
            5.3569582
          ],
          [
            100.2891845,
            5.3569587
          ],
          [
            100.2891861,
            5.3569608
          ],
          [
            100.2891865,
            5.3569609
          ],
          [
            100.2891867,
            5.3569607
          ],
          [
            100.2891868,
            5.3569605
          ],
          [
            100.2891868,
            5.3569604
          ],
          [
            100.2891868,
            5.3569602
          ],
          [
            100.2891869,
            5.3569601
          ],
          [
            100.2891869,
            5.35696
          ],
          [
            100.2891869,
            5.3569599
          ],
          [
            100.289187,
            5.3569599
          ],
          [
            100.289187,
            5.3569599
          ],
          [
            100.289187,
            5.3569599
          ],
          [
            100.2891871,
            5.3569599
          ],
          [
            100.2891871,
            5.3569599
          ],
          [
            100.2891871,
            5.3569599
          ],
          [
            100.2891871,
            5.3569599
          ],
          [
            100.2891872,
            5.3569599
          ],
          [
            100.2891872,
            5.35696
          ],
          [
            100.2891873,
            5.35696
          ],
          [
            100.2891873,
            5.35696
          ],
          [
            100.2891874,
            5.35696
          ],
          [
            100.2891874,
            5.3569601
          ],
          [
            100.2891875,
            5.3569601
          ],
          [
            100.2891875,
            5.3569601
          ],
          [
            100.2891876,
            5.3569602
          ],
          [
            100.2891876,
            5.3569602
          ],
          [
            100.2891877,
            5.3569603
          ],
          [
            100.2891877,
            5.3569603
          ],
          [
            100.2891878,
            5.3569604
          ],
          [
            100.2891878,
            5.3569605
          ],
          [
            100.2891879,
            5.3569605
          ],
          [
            100.289188,
            5.3569606
          ],
          [
            100.289188,
            5.3569607
          ],
          [
            100.2891881,
            5.3569607
          ],
          [
            100.2891882,
            5.3569608
          ],
          [
            100.2891883,
            5.3569609
          ],
          [
            100.2891884,
            5.3569609
          ],
          [
            100.2891885,
            5.356961
          ],
          [
            100.2891886,
            5.3569611
          ],
          [
            100.2891887,
            5.3569611
          ],
          [
            100.2891889,
            5.3569612
          ],
          [
            100.289189,
            5.3569613
          ],
          [
            100.2891892,
            5.3569613
          ],
          [
            100.2891894,
            5.3569614
          ],
          [
            100.2891895,
            5.3569614
          ],
          [
            100.2891897,
            5.3569614
          ],
          [
            100.28919,
            5.3569615
          ],
          [
            100.2891902,
            5.3569615
          ],
          [
            100.2891904,
            5.3569615
          ],
          [
            100.2891907,
            5.3569616
          ],
          [
            100.289191,
            5.3569616
          ],
          [
            100.2891912,
            5.3569616
          ],
          [
            100.2891915,
            5.3569616
          ],
          [
            100.2891919,
            5.3569616
          ],
          [
            100.2891922,
            5.3569616
          ],
          [
            100.2891925,
            5.3569616
          ],
          [
            100.2891928,
            5.3569616
          ],
          [
            100.2891932,
            5.3569616
          ],
          [
            100.2891936,
            5.3569616
          ],
          [
            100.2891939,
            5.3569616
          ],
          [
            100.2891947,
            5.3569613
          ],
          [
            100.2891962,
            5.3569609
          ],
          [
            100.2891985,
            5.3569602
          ],
          [
            100.2892014,
            5.3569593
          ],
          [
            100.2892043,
            5.3569585
          ],
          [
            100.2892082,
            5.3569573
          ],
          [
            100.2892125,
            5.356956
          ],
          [
            100.2892165,
            5.3569549
          ],
          [
            100.2892218,
            5.3569534
          ],
          [
            100.2892269,
            5.3569519
          ],
          [
            100.2892321,
            5.3569504
          ],
          [
            100.2892381,
            5.3569488
          ],
          [
            100.2892436,
            5.3569473
          ],
          [
            100.2892493,
            5.3569458
          ],
          [
            100.2892553,
            5.3569443
          ],
          [
            100.2892621,
            5.3569427
          ],
          [
            100.2892688,
            5.3569409
          ],
          [
            100.2892764,
            5.3569389
          ],
          [
            100.2892828,
            5.3569371
          ],
          [
            100.2892904,
            5.356935
          ],
          [
            100.2892969,
            5.3569332
          ],
          [
            100.2893043,
            5.3569314
          ],
          [
            100.2893113,
            5.3569296
          ],
          [
            100.2893187,
            5.356928
          ],
          [
            100.289326,
            5.3569265
          ],
          [
            100.2893333,
            5.3569252
          ],
          [
            100.2893399,
            5.356924
          ],
          [
            100.2893466,
            5.356924
          ],
          [
            100.2893527,
            5.356924
          ],
          [
            100.2893587,
            5.3569243
          ],
          [
            100.2893643,
            5.3569248
          ],
          [
            100.2893693,
            5.3569252
          ],
          [
            100.2893751,
            5.3569262
          ],
          [
            100.2893802,
            5.3569271
          ],
          [
            100.289386,
            5.3569286
          ],
          [
            100.2893909,
            5.3569298
          ],
          [
            100.2893953,
            5.3569312
          ],
          [
            100.2894002,
            5.3569329
          ],
          [
            100.2894045,
            5.3569345
          ],
          [
            100.2894086,
            5.3569362
          ],
          [
            100.2894124,
            5.3569379
          ],
          [
            100.2894162,
            5.3569398
          ],
          [
            100.2894187,
            5.3569426
          ],
          [
            100.2894207,
            5.3569449
          ],
          [
            100.2894232,
            5.3569479
          ],
          [
            100.2894253,
            5.3569504
          ],
          [
            100.2894279,
            5.3569533
          ],
          [
            100.2894302,
            5.3569558
          ],
          [
            100.2894325,
            5.3569581
          ],
          [
            100.2894357,
            5.3569602
          ],
          [
            100.2894389,
            5.3569618
          ],
          [
            100.2894423,
            5.3569632
          ],
          [
            100.2894453,
            5.3569642
          ],
          [
            100.2894493,
            5.3569653
          ],
          [
            100.2894527,
            5.3569662
          ],
          [
            100.2894564,
            5.3569675
          ],
          [
            100.2894597,
            5.3569686
          ],
          [
            100.2894635,
            5.3569693
          ],
          [
            100.2894676,
            5.3569698
          ],
          [
            100.2894718,
            5.3569704
          ],
          [
            100.2894762,
            5.356971
          ],
          [
            100.2894805,
            5.3569716
          ],
          [
            100.2894847,
            5.3569724
          ],
          [
            100.2894885,
            5.356973
          ],
          [
            100.2894928,
            5.3569738
          ],
          [
            100.2894969,
            5.3569748
          ],
          [
            100.2895003,
            5.3569755
          ],
          [
            100.2895044,
            5.3569766
          ],
          [
            100.2895081,
            5.3569776
          ],
          [
            100.2895115,
            5.3569784
          ],
          [
            100.2895154,
            5.3569797
          ],
          [
            100.2895187,
            5.3569807
          ],
          [
            100.289522,
            5.3569818
          ],
          [
            100.289525,
            5.3569828
          ],
          [
            100.2895298,
            5.3569841
          ],
          [
            100.2895348,
            5.3569853
          ],
          [
            100.28954,
            5.3569863
          ],
          [
            100.2895449,
            5.3569872
          ],
          [
            100.2895497,
            5.3569881
          ],
          [
            100.2895544,
            5.3569887
          ],
          [
            100.2895599,
            5.3569896
          ],
          [
            100.2895649,
            5.3569901
          ],
          [
            100.2895715,
            5.3569906
          ],
          [
            100.2895771,
            5.3569909
          ],
          [
            100.2895832,
            5.3569914
          ],
          [
            100.2895885,
            5.3569919
          ],
          [
            100.2895931,
            5.3569924
          ],
          [
            100.2895984,
            5.3569932
          ],
          [
            100.2896028,
            5.3569945
          ],
          [
            100.2896068,
            5.3569958
          ],
          [
            100.2896115,
            5.356998
          ],
          [
            100.2896163,
            5.3570004
          ],
          [
            100.289621,
            5.357003
          ],
          [
            100.2896256,
            5.3570056
          ],
          [
            100.2896302,
            5.3570081
          ],
          [
            100.2896353,
            5.3570104
          ],
          [
            100.2896402,
            5.3570122
          ],
          [
            100.2896451,
            5.3570138
          ],
          [
            100.2896501,
            5.3570154
          ],
          [
            100.2896541,
            5.3570166
          ],
          [
            100.2896585,
            5.3570181
          ],
          [
            100.2896628,
            5.3570197
          ],
          [
            100.2896661,
            5.3570209
          ],
          [
            100.2896692,
            5.3570221
          ],
          [
            100.2896729,
            5.357024
          ],
          [
            100.2896763,
            5.3570257
          ],
          [
            100.2896791,
            5.3570272
          ],
          [
            100.2896828,
            5.3570289
          ],
          [
            100.2896861,
            5.3570304
          ],
          [
            100.2896889,
            5.3570317
          ],
          [
            100.2896928,
            5.3570335
          ],
          [
            100.289696,
            5.357035
          ],
          [
            100.2896988,
            5.3570364
          ],
          [
            100.289703,
            5.3570386
          ],
          [
            100.2897069,
            5.3570407
          ],
          [
            100.2897115,
            5.3570433
          ],
          [
            100.2897149,
            5.3570452
          ],
          [
            100.2897183,
            5.3570472
          ],
          [
            100.2897224,
            5.3570497
          ],
          [
            100.2897256,
            5.3570518
          ],
          [
            100.289729,
            5.3570539
          ],
          [
            100.2897327,
            5.3570565
          ],
          [
            100.2897358,
            5.3570588
          ],
          [
            100.2897384,
            5.3570606
          ],
          [
            100.2897413,
            5.3570632
          ],
          [
            100.2897444,
            5.3570661
          ],
          [
            100.2897488,
            5.3570697
          ],
          [
            100.2897524,
            5.3570726
          ],
          [
            100.2897564,
            5.3570755
          ],
          [
            100.2897605,
            5.3570782
          ],
          [
            100.2897636,
            5.3570804
          ],
          [
            100.2897687,
            5.3570835
          ],
          [
            100.2897743,
            5.3570871
          ],
          [
            100.2897785,
            5.3570902
          ],
          [
            100.2897819,
            5.3570928
          ],
          [
            100.2897859,
            5.3570967
          ],
          [
            100.2897894,
            5.3571003
          ],
          [
            100.2897923,
            5.3571035
          ],
          [
            100.2897952,
            5.3571075
          ],
          [
            100.2897977,
            5.3571116
          ],
          [
            100.2898002,
            5.3571159
          ],
          [
            100.2898022,
            5.3571197
          ],
          [
            100.2898043,
            5.357124
          ],
          [
            100.2898061,
            5.357128
          ],
          [
            100.2898078,
            5.3571322
          ],
          [
            100.2898095,
            5.3571363
          ],
          [
            100.2898109,
            5.3571401
          ],
          [
            100.2898124,
            5.3571443
          ],
          [
            100.289814,
            5.3571486
          ],
          [
            100.2898151,
            5.3571521
          ],
          [
            100.2898165,
            5.3571563
          ],
          [
            100.2898178,
            5.3571604
          ],
          [
            100.2898188,
            5.3571636
          ],
          [
            100.2898201,
            5.357168
          ],
          [
            100.2898212,
            5.3571721
          ],
          [
            100.2898221,
            5.3571753
          ],
          [
            100.2898229,
            5.3571782
          ],
          [
            100.289824,
            5.3571824
          ],
          [
            100.289825,
            5.3571859
          ],
          [
            100.2898259,
            5.3571893
          ],
          [
            100.2898269,
            5.3571937
          ],
          [
            100.2898279,
            5.3571979
          ],
          [
            100.2898288,
            5.3572028
          ],
          [
            100.2898296,
            5.3572068
          ],
          [
            100.2898304,
            5.3572108
          ],
          [
            100.2898311,
            5.3572153
          ],
          [
            100.2898318,
            5.3572193
          ],
          [
            100.2898324,
            5.3572239
          ],
          [
            100.289833,
            5.3572278
          ],
          [
            100.2898337,
            5.3572329
          ],
          [
            100.2898346,
            5.3572372
          ],
          [
            100.2898356,
            5.3572415
          ],
          [
            100.2898375,
            5.3572463
          ],
          [
            100.2898388,
            5.3572496
          ],
          [
            100.289841,
            5.3572541
          ],
          [
            100.2898425,
            5.3572577
          ],
          [
            100.2898444,
            5.3572625
          ],
          [
            100.2898459,
            5.3572668
          ],
          [
            100.2898477,
            5.357272
          ],
          [
            100.2898494,
            5.3572771
          ],
          [
            100.2898513,
            5.3572822
          ],
          [
            100.2898535,
            5.3572877
          ],
          [
            100.2898556,
            5.3572925
          ],
          [
            100.2898578,
            5.3572973
          ],
          [
            100.2898597,
            5.3573017
          ],
          [
            100.2898614,
            5.3573052
          ],
          [
            100.2898628,
            5.3573079
          ],
          [
            100.2898651,
            5.3573121
          ],
          [
            100.2898669,
            5.3573154
          ],
          [
            100.289869,
            5.3573198
          ],
          [
            100.2898706,
            5.3573231
          ],
          [
            100.2898723,
            5.3573264
          ],
          [
            100.2898742,
            5.35733
          ],
          [
            100.2898761,
            5.3573335
          ],
          [
            100.2898778,
            5.3573368
          ],
          [
            100.2898796,
            5.35734
          ],
          [
            100.2898815,
            5.3573436
          ],
          [
            100.2898833,
            5.3573472
          ],
          [
            100.2898849,
            5.35735
          ],
          [
            100.2898871,
            5.3573538
          ],
          [
            100.2898891,
            5.3573568
          ],
          [
            100.2898909,
            5.3573593
          ],
          [
            100.2898925,
            5.3573614
          ],
          [
            100.2898941,
            5.3573642
          ],
          [
            100.2898952,
            5.3573664
          ],
          [
            100.2898963,
            5.3573686
          ],
          [
            100.2898978,
            5.357371
          ],
          [
            100.2899005,
            5.3573741
          ],
          [
            100.2899026,
            5.3573765
          ],
          [
            100.2899058,
            5.35738
          ],
          [
            100.2899082,
            5.3573825
          ],
          [
            100.2899113,
            5.3573864
          ],
          [
            100.2899137,
            5.3573895
          ],
          [
            100.289917,
            5.3573938
          ],
          [
            100.2899202,
            5.3573975
          ],
          [
            100.2899228,
            5.3574007
          ],
          [
            100.2899259,
            5.357404
          ],
          [
            100.2899288,
            5.3574074
          ],
          [
            100.2899316,
            5.3574108
          ],
          [
            100.2899341,
            5.3574143
          ],
          [
            100.2899364,
            5.3574176
          ],
          [
            100.2899383,
            5.3574206
          ],
          [
            100.2899406,
            5.3574244
          ],
          [
            100.2899425,
            5.357428
          ],
          [
            100.2899441,
            5.3574307
          ],
          [
            100.2899461,
            5.3574348
          ],
          [
            100.2899478,
            5.3574381
          ],
          [
            100.2899494,
            5.3574411
          ],
          [
            100.2899515,
            5.3574452
          ],
          [
            100.289953,
            5.3574482
          ],
          [
            100.2899546,
            5.3574514
          ],
          [
            100.2899567,
            5.3574552
          ],
          [
            100.2899584,
            5.3574585
          ],
          [
            100.2899607,
            5.3574623
          ],
          [
            100.2899628,
            5.3574658
          ],
          [
            100.2899648,
            5.357469
          ],
          [
            100.2899671,
            5.3574724
          ],
          [
            100.289969,
            5.3574752
          ],
          [
            100.2899716,
            5.3574785
          ],
          [
            100.2899741,
            5.3574814
          ],
          [
            100.2899762,
            5.3574836
          ],
          [
            100.2899795,
            5.3574867
          ],
          [
            100.2899822,
            5.357489
          ],
          [
            100.289985,
            5.357491
          ],
          [
            100.2899887,
            5.3574933
          ],
          [
            100.289992,
            5.3574951
          ],
          [
            100.2899953,
            5.3574967
          ],
          [
            100.289999,
            5.3574981
          ],
          [
            100.2900029,
            5.3574994
          ],
          [
            100.2900073,
            5.3575003
          ],
          [
            100.2900106,
            5.3575005
          ],
          [
            100.2900145,
            5.3575003
          ],
          [
            100.2900181,
            5.3574997
          ],
          [
            100.290021,
            5.357499
          ],
          [
            100.2900253,
            5.3574984
          ],
          [
            100.2900285,
            5.3574977
          ],
          [
            100.2900313,
            5.357497
          ],
          [
            100.2900356,
            5.3574959
          ],
          [
            100.2900402,
            5.3574949
          ],
          [
            100.2900451,
            5.3574936
          ],
          [
            100.2900507,
            5.3574925
          ],
          [
            100.2900556,
            5.3574914
          ],
          [
            100.2900627,
            5.3574901
          ],
          [
            100.290067,
            5.3574891
          ],
          [
            100.2900705,
            5.3574883
          ],
          [
            100.2900761,
            5.3574875
          ],
          [
            100.29008,
            5.3574868
          ],
          [
            100.2900831,
            5.3574863
          ],
          [
            100.2900883,
            5.3574856
          ],
          [
            100.2900915,
            5.3574851
          ],
          [
            100.290095,
            5.3574846
          ],
          [
            100.2900992,
            5.3574837
          ],
          [
            100.290103,
            5.3574827
          ],
          [
            100.2901066,
            5.3574816
          ],
          [
            100.2901099,
            5.3574803
          ],
          [
            100.290114,
            5.3574787
          ],
          [
            100.290118,
            5.3574773
          ],
          [
            100.2901207,
            5.3574763
          ],
          [
            100.2901258,
            5.3574743
          ],
          [
            100.2901293,
            5.3574728
          ],
          [
            100.290133,
            5.3574711
          ],
          [
            100.2901366,
            5.3574687
          ],
          [
            100.29014,
            5.3574663
          ],
          [
            100.2901434,
            5.3574638
          ],
          [
            100.2901477,
            5.3574608
          ],
          [
            100.2901511,
            5.3574586
          ],
          [
            100.2901565,
            5.3574562
          ],
          [
            100.2901598,
            5.3574547
          ],
          [
            100.2901649,
            5.3574532
          ],
          [
            100.2901684,
            5.3574523
          ],
          [
            100.2901713,
            5.3574516
          ],
          [
            100.2901761,
            5.3574501
          ],
          [
            100.2901808,
            5.3574485
          ],
          [
            100.2901846,
            5.3574472
          ],
          [
            100.2901889,
            5.3574456
          ],
          [
            100.2901926,
            5.3574444
          ],
          [
            100.2901961,
            5.3574433
          ],
          [
            100.2901995,
            5.3574424
          ],
          [
            100.2902037,
            5.3574414
          ],
          [
            100.2902076,
            5.3574406
          ],
          [
            100.2902105,
            5.35744
          ],
          [
            100.2902153,
            5.357439
          ],
          [
            100.290219,
            5.3574381
          ],
          [
            100.2902219,
            5.3574374
          ],
          [
            100.2902266,
            5.3574363
          ],
          [
            100.29023,
            5.3574354
          ],
          [
            100.2902334,
            5.3574345
          ],
          [
            100.2902374,
            5.3574334
          ],
          [
            100.2902407,
            5.3574326
          ],
          [
            100.2902449,
            5.3574315
          ],
          [
            100.2902486,
            5.3574306
          ],
          [
            100.2902534,
            5.3574294
          ],
          [
            100.2902571,
            5.3574283
          ],
          [
            100.2902622,
            5.3574267
          ],
          [
            100.2902658,
            5.3574255
          ],
          [
            100.2902707,
            5.3574237
          ],
          [
            100.2902749,
            5.3574221
          ],
          [
            100.2902796,
            5.3574202
          ],
          [
            100.2902842,
            5.3574183
          ],
          [
            100.2902886,
            5.3574165
          ],
          [
            100.2902939,
            5.3574146
          ],
          [
            100.2902981,
            5.357413
          ],
          [
            100.2903013,
            5.3574117
          ],
          [
            100.2903064,
            5.3574099
          ],
          [
            100.2903095,
            5.3574086
          ],
          [
            100.290313,
            5.3574071
          ],
          [
            100.2903158,
            5.3574057
          ],
          [
            100.2903181,
            5.3574047
          ],
          [
            100.2903215,
            5.3574029
          ],
          [
            100.2903249,
            5.3574013
          ],
          [
            100.2903288,
            5.3573991
          ],
          [
            100.2903333,
            5.3573961
          ],
          [
            100.290337,
            5.3573932
          ],
          [
            100.2903419,
            5.3573885
          ],
          [
            100.2903454,
            5.3573851
          ],
          [
            100.2903478,
            5.3573827
          ],
          [
            100.2903529,
            5.3573789
          ],
          [
            100.2903557,
            5.3573768
          ],
          [
            100.2903608,
            5.3573743
          ],
          [
            100.2903645,
            5.3573726
          ],
          [
            100.2903697,
            5.3573706
          ],
          [
            100.2903729,
            5.3573695
          ],
          [
            100.2903764,
            5.3573682
          ],
          [
            100.2903805,
            5.3573667
          ],
          [
            100.290384,
            5.3573654
          ],
          [
            100.2903877,
            5.3573639
          ],
          [
            100.290391,
            5.3573625
          ],
          [
            100.2903963,
            5.3573601
          ],
          [
            100.2903998,
            5.3573584
          ],
          [
            100.2904029,
            5.3573569
          ],
          [
            100.2904071,
            5.3573549
          ],
          [
            100.2904104,
            5.3573533
          ],
          [
            100.2904128,
            5.3573522
          ],
          [
            100.2904164,
            5.3573506
          ],
          [
            100.2904194,
            5.3573495
          ],
          [
            100.2904225,
            5.3573482
          ],
          [
            100.2904249,
            5.3573473
          ],
          [
            100.290427,
            5.3573465
          ],
          [
            100.2904294,
            5.3573456
          ],
          [
            100.2904327,
            5.3573444
          ],
          [
            100.2904357,
            5.3573433
          ],
          [
            100.290438,
            5.3573423
          ],
          [
            100.2904417,
            5.3573406
          ],
          [
            100.2904447,
            5.3573389
          ],
          [
            100.2904472,
            5.3573374
          ],
          [
            100.2904496,
            5.3573361
          ],
          [
            100.2904532,
            5.3573337
          ],
          [
            100.2904556,
            5.3573321
          ],
          [
            100.2904582,
            5.3573304
          ],
          [
            100.2904612,
            5.3573279
          ],
          [
            100.2904645,
            5.3573245
          ],
          [
            100.2904674,
            5.3573212
          ],
          [
            100.2904708,
            5.3573175
          ],
          [
            100.2904741,
            5.357314
          ],
          [
            100.2904763,
            5.3573116
          ],
          [
            100.2904803,
            5.3573078
          ],
          [
            100.290483,
            5.357305
          ],
          [
            100.2904852,
            5.3573026
          ],
          [
            100.2904883,
            5.3572987
          ],
          [
            100.2904912,
            5.3572945
          ],
          [
            100.2904937,
            5.3572908
          ],
          [
            100.2904958,
            5.3572871
          ],
          [
            100.2904982,
            5.3572825
          ],
          [
            100.2905,
            5.3572788
          ],
          [
            100.2905024,
            5.3572731
          ],
          [
            100.290504,
            5.3572697
          ],
          [
            100.290507,
            5.3572645
          ],
          [
            100.2905092,
            5.357261
          ],
          [
            100.2905123,
            5.3572566
          ],
          [
            100.2905148,
            5.3572525
          ],
          [
            100.2905176,
            5.3572488
          ],
          [
            100.2905197,
            5.3572465
          ],
          [
            100.2905224,
            5.3572439
          ],
          [
            100.2905255,
            5.3572418
          ],
          [
            100.2905288,
            5.3572399
          ],
          [
            100.2905323,
            5.3572383
          ],
          [
            100.2905356,
            5.3572369
          ],
          [
            100.2905416,
            5.3572342
          ],
          [
            100.2905452,
            5.3572326
          ],
          [
            100.2905502,
            5.3572301
          ],
          [
            100.2905541,
            5.3572279
          ],
          [
            100.2905571,
            5.3572262
          ],
          [
            100.2905615,
            5.3572228
          ],
          [
            100.2905645,
            5.3572204
          ],
          [
            100.2905675,
            5.3572172
          ],
          [
            100.2905702,
            5.3572139
          ],
          [
            100.2905725,
            5.357211
          ],
          [
            100.290575,
            5.3572078
          ],
          [
            100.2905773,
            5.357205
          ],
          [
            100.2905794,
            5.3572024
          ],
          [
            100.2905823,
            5.3571991
          ],
          [
            100.2905848,
            5.3571964
          ],
          [
            100.2905867,
            5.3571945
          ],
          [
            100.2905898,
            5.3571912
          ],
          [
            100.290592,
            5.3571889
          ],
          [
            100.2905941,
            5.3571868
          ],
          [
            100.290597,
            5.3571842
          ],
          [
            100.2905994,
            5.3571821
          ],
          [
            100.2906018,
            5.3571798
          ],
          [
            100.2906043,
            5.3571774
          ],
          [
            100.2906074,
            5.3571741
          ],
          [
            100.2906098,
            5.3571715
          ],
          [
            100.2906131,
            5.3571676
          ],
          [
            100.2906154,
            5.3571648
          ],
          [
            100.2906177,
            5.3571621
          ],
          [
            100.2906203,
            5.3571587
          ],
          [
            100.2906225,
            5.3571558
          ],
          [
            100.290625,
            5.3571525
          ],
          [
            100.2906269,
            5.3571499
          ],
          [
            100.2906289,
            5.3571474
          ],
          [
            100.2906311,
            5.3571447
          ],
          [
            100.2906333,
            5.3571422
          ],
          [
            100.2906356,
            5.3571398
          ],
          [
            100.2906379,
            5.3571374
          ],
          [
            100.2906409,
            5.357134
          ],
          [
            100.2906431,
            5.3571313
          ],
          [
            100.2906459,
            5.3571274
          ],
          [
            100.2906482,
            5.3571243
          ],
          [
            100.2906512,
            5.3571206
          ],
          [
            100.290654,
            5.3571175
          ],
          [
            100.2906568,
            5.3571146
          ],
          [
            100.2906597,
            5.3571117
          ],
          [
            100.2906623,
            5.357109
          ],
          [
            100.2906648,
            5.3571064
          ],
          [
            100.2906673,
            5.3571038
          ],
          [
            100.29067,
            5.3571008
          ],
          [
            100.2906726,
            5.3570979
          ],
          [
            100.2906748,
            5.3570954
          ],
          [
            100.2906776,
            5.3570918
          ],
          [
            100.2906797,
            5.3570889
          ],
          [
            100.2906822,
            5.3570849
          ],
          [
            100.290684,
            5.3570819
          ],
          [
            100.2906858,
            5.3570788
          ],
          [
            100.2906879,
            5.3570754
          ],
          [
            100.2906897,
            5.3570727
          ],
          [
            100.2906918,
            5.3570699
          ],
          [
            100.2906937,
            5.3570673
          ],
          [
            100.2906957,
            5.3570649
          ],
          [
            100.2906983,
            5.3570617
          ],
          [
            100.2907004,
            5.3570592
          ],
          [
            100.2907029,
            5.3570558
          ],
          [
            100.290705,
            5.3570529
          ],
          [
            100.2907068,
            5.3570506
          ],
          [
            100.2907092,
            5.3570473
          ],
          [
            100.2907111,
            5.3570448
          ],
          [
            100.290713,
            5.3570424
          ],
          [
            100.2907155,
            5.3570394
          ],
          [
            100.2907175,
            5.357037
          ],
          [
            100.2907194,
            5.3570345
          ],
          [
            100.2907214,
            5.3570314
          ],
          [
            100.2907232,
            5.3570285
          ],
          [
            100.2907246,
            5.357026
          ],
          [
            100.290726,
            5.3570231
          ],
          [
            100.2907273,
            5.3570204
          ],
          [
            100.2907292,
            5.3570166
          ],
          [
            100.2907308,
            5.3570135
          ],
          [
            100.290733,
            5.3570088
          ],
          [
            100.2907346,
            5.3570053
          ],
          [
            100.2907368,
            5.3570002
          ],
          [
            100.2907385,
            5.3569964
          ],
          [
            100.2907401,
            5.3569927
          ],
          [
            100.2907418,
            5.3569883
          ],
          [
            100.2907435,
            5.3569831
          ],
          [
            100.2907448,
            5.3569785
          ],
          [
            100.2907459,
            5.3569738
          ],
          [
            100.2907467,
            5.3569698
          ],
          [
            100.2907468,
            5.3569657
          ],
          [
            100.2907468,
            5.3569627
          ],
          [
            100.2907469,
            5.3569586
          ],
          [
            100.2907471,
            5.3569553
          ],
          [
            100.2907476,
            5.3569517
          ],
          [
            100.2907482,
            5.3569479
          ],
          [
            100.2907489,
            5.3569434
          ],
          [
            100.2907497,
            5.3569394
          ],
          [
            100.2907511,
            5.3569343
          ],
          [
            100.2907523,
            5.3569304
          ],
          [
            100.2907544,
            5.3569253
          ],
          [
            100.290756,
            5.3569213
          ],
          [
            100.2907576,
            5.3569163
          ],
          [
            100.2907589,
            5.3569125
          ],
          [
            100.2907601,
            5.3569089
          ],
          [
            100.290761,
            5.356906
          ],
          [
            100.290762,
            5.3569017
          ],
          [
            100.2907632,
            5.3568976
          ],
          [
            100.2907652,
            5.3568934
          ],
          [
            100.2907677,
            5.3568889
          ],
          [
            100.2907706,
            5.3568847
          ],
          [
            100.2907742,
            5.3568798
          ],
          [
            100.2907773,
            5.3568757
          ],
          [
            100.2907816,
            5.3568704
          ],
          [
            100.2907847,
            5.3568665
          ],
          [
            100.2907888,
            5.3568613
          ],
          [
            100.2907921,
            5.3568571
          ],
          [
            100.2907957,
            5.3568519
          ],
          [
            100.2907982,
            5.3568482
          ],
          [
            100.290802,
            5.356844
          ],
          [
            100.2908055,
            5.3568395
          ],
          [
            100.2908084,
            5.3568356
          ],
          [
            100.2908107,
            5.3568317
          ],
          [
            100.2908124,
            5.356828
          ],
          [
            100.2908143,
            5.3568226
          ],
          [
            100.2908158,
            5.3568187
          ],
          [
            100.2908176,
            5.3568142
          ],
          [
            100.2908193,
            5.3568101
          ],
          [
            100.2908212,
            5.3568046
          ],
          [
            100.2908226,
            5.3568004
          ],
          [
            100.2908236,
            5.3567965
          ],
          [
            100.2908244,
            5.356792
          ],
          [
            100.290825,
            5.3567883
          ],
          [
            100.2908255,
            5.3567844
          ],
          [
            100.2908259,
            5.356781
          ],
          [
            100.2908279,
            5.3567775
          ],
          [
            100.2908299,
            5.3567745
          ],
          [
            100.2908318,
            5.3567716
          ],
          [
            100.2908338,
            5.3567685
          ],
          [
            100.2908358,
            5.3567652
          ],
          [
            100.2908377,
            5.356762
          ],
          [
            100.2908395,
            5.356759
          ],
          [
            100.2908416,
            5.3567558
          ],
          [
            100.2908439,
            5.3567526
          ],
          [
            100.2908458,
            5.35675
          ],
          [
            100.2908482,
            5.3567471
          ],
          [
            100.2908507,
            5.3567443
          ],
          [
            100.2908527,
            5.356742
          ],
          [
            100.2908554,
            5.3567391
          ],
          [
            100.2908578,
            5.3567365
          ],
          [
            100.2908599,
            5.3567342
          ],
          [
            100.2908621,
            5.3567319
          ],
          [
            100.2908668,
            5.3567305
          ],
          [
            100.2908715,
            5.3567296
          ],
          [
            100.2908768,
            5.3567286
          ],
          [
            100.2908813,
            5.3567278
          ],
          [
            100.2908858,
            5.356727
          ],
          [
            100.2908904,
            5.3567259
          ],
          [
            100.2908945,
            5.3567249
          ],
          [
            100.2908986,
            5.3567237
          ],
          [
            100.2909028,
            5.3567223
          ],
          [
            100.2909066,
            5.3567209
          ],
          [
            100.2909106,
            5.3567194
          ],
          [
            100.2909143,
            5.3567179
          ],
          [
            100.2909183,
            5.3567162
          ],
          [
            100.2909221,
            5.3567144
          ],
          [
            100.2909254,
            5.3567128
          ],
          [
            100.2909291,
            5.3567109
          ],
          [
            100.2909327,
            5.3567089
          ],
          [
            100.2909362,
            5.3567073
          ],
          [
            100.2909412,
            5.356705
          ],
          [
            100.2909457,
            5.3567029
          ],
          [
            100.2909511,
            5.3567004
          ],
          [
            100.2909556,
            5.3566982
          ],
          [
            100.2909598,
            5.3566961
          ],
          [
            100.2909642,
            5.3566936
          ],
          [
            100.290968,
            5.3566913
          ],
          [
            100.2909718,
            5.3566891
          ],
          [
            100.2909757,
            5.3566868
          ],
          [
            100.2909792,
            5.3566847
          ],
          [
            100.2909831,
            5.3566824
          ],
          [
            100.2909865,
            5.3566804
          ],
          [
            100.2909902,
            5.3566784
          ],
          [
            100.2909938,
            5.3566766
          ],
          [
            100.290997,
            5.3566749
          ],
          [
            100.2909998,
            5.3566733
          ],
          [
            100.2910049,
            5.356674
          ],
          [
            100.2910094,
            5.3566751
          ],
          [
            100.2910143,
            5.356676
          ],
          [
            100.2910185,
            5.3566766
          ],
          [
            100.291023,
            5.3566768
          ],
          [
            100.2910267,
            5.3566769
          ],
          [
            100.2910301,
            5.3566768
          ],
          [
            100.2910336,
            5.3566764
          ],
          [
            100.2910365,
            5.3566761
          ],
          [
            100.2910394,
            5.3566756
          ],
          [
            100.2910422,
            5.3566749
          ],
          [
            100.2910447,
            5.3566741
          ],
          [
            100.2910472,
            5.3566733
          ],
          [
            100.2910494,
            5.3566722
          ],
          [
            100.2910514,
            5.3566709
          ],
          [
            100.2910528,
            5.3566694
          ],
          [
            100.2910553,
            5.3566694
          ],
          [
            100.2910576,
            5.3566693
          ],
          [
            100.29106,
            5.3566693
          ],
          [
            100.2910624,
            5.3566692
          ],
          [
            100.2910645,
            5.356669
          ],
          [
            100.291067,
            5.3566686
          ],
          [
            100.2910693,
            5.356668
          ],
          [
            100.2910712,
            5.3566673
          ],
          [
            100.2910739,
            5.3566662
          ],
          [
            100.2910762,
            5.3566649
          ],
          [
            100.2910783,
            5.3566635
          ],
          [
            100.2910806,
            5.3566613
          ],
          [
            100.2910826,
            5.3566591
          ],
          [
            100.2910846,
            5.3566567
          ],
          [
            100.2910866,
            5.3566539
          ],
          [
            100.2910884,
            5.3566511
          ],
          [
            100.2910902,
            5.3566482
          ],
          [
            100.2910919,
            5.356645
          ],
          [
            100.2910935,
            5.3566416
          ],
          [
            100.2910951,
            5.356638
          ],
          [
            100.2910964,
            5.3566345
          ],
          [
            100.2910977,
            5.3566304
          ],
          [
            100.291099,
            5.3566263
          ],
          [
            100.2911,
            5.3566225
          ],
          [
            100.2911012,
            5.3566178
          ],
          [
            100.2911022,
            5.3566133
          ],
          [
            100.2911031,
            5.356609
          ],
          [
            100.2911043,
            5.3566038
          ],
          [
            100.2911055,
            5.3565986
          ],
          [
            100.2911069,
            5.3565928
          ],
          [
            100.2911085,
            5.356587
          ],
          [
            100.2911104,
            5.356581
          ],
          [
            100.2911128,
            5.3565734
          ],
          [
            100.2911152,
            5.3565659
          ],
          [
            100.291118,
            5.3565581
          ],
          [
            100.2911207,
            5.3565509
          ],
          [
            100.291123,
            5.3565445
          ],
          [
            100.2911261,
            5.3565376
          ],
          [
            100.2911292,
            5.3565313
          ],
          [
            100.2911326,
            5.3565251
          ],
          [
            100.2911358,
            5.3565196
          ],
          [
            100.2911389,
            5.3565147
          ],
          [
            100.2911422,
            5.3565102
          ],
          [
            100.2911456,
            5.356506
          ],
          [
            100.291149,
            5.3565024
          ],
          [
            100.291152,
            5.3564991
          ],
          [
            100.2911548,
            5.3564962
          ],
          [
            100.2911583,
            5.3564935
          ],
          [
            100.2911615,
            5.3564911
          ],
          [
            100.2911642,
            5.3564889
          ],
          [
            100.2911676,
            5.3564865
          ],
          [
            100.2911708,
            5.3564843
          ],
          [
            100.2911744,
            5.3564822
          ],
          [
            100.2911779,
            5.3564804
          ],
          [
            100.2911813,
            5.3564788
          ],
          [
            100.2911846,
            5.3564772
          ],
          [
            100.2911887,
            5.3564754
          ],
          [
            100.2911922,
            5.3564738
          ],
          [
            100.2911963,
            5.3564719
          ],
          [
            100.2912002,
            5.3564702
          ],
          [
            100.2912038,
            5.3564686
          ],
          [
            100.2912082,
            5.3564661
          ],
          [
            100.2912126,
            5.3564633
          ],
          [
            100.291217,
            5.3564604
          ],
          [
            100.2912213,
            5.3564577
          ],
          [
            100.2912255,
            5.3564551
          ],
          [
            100.2912294,
            5.3564528
          ],
          [
            100.2912343,
            5.3564506
          ],
          [
            100.2912385,
            5.3564488
          ],
          [
            100.2912436,
            5.3564473
          ],
          [
            100.2912482,
            5.356446
          ],
          [
            100.2912533,
            5.356445
          ],
          [
            100.2912583,
            5.3564443
          ],
          [
            100.2912629,
            5.3564436
          ],
          [
            100.291268,
            5.3564421
          ],
          [
            100.2912729,
            5.3564405
          ],
          [
            100.2912776,
            5.3564388
          ],
          [
            100.291282,
            5.3564374
          ],
          [
            100.2912868,
            5.356436
          ],
          [
            100.2912915,
            5.3564347
          ],
          [
            100.2912955,
            5.3564337
          ],
          [
            100.2913006,
            5.3564327
          ],
          [
            100.2913054,
            5.356432
          ],
          [
            100.2913107,
            5.3564313
          ],
          [
            100.2913151,
            5.3564308
          ],
          [
            100.2913196,
            5.3564302
          ],
          [
            100.2913239,
            5.3564296
          ],
          [
            100.2913285,
            5.3564287
          ],
          [
            100.2913327,
            5.3564281
          ],
          [
            100.2913362,
            5.3564276
          ],
          [
            100.2913403,
            5.3564261
          ],
          [
            100.2913444,
            5.3564246
          ],
          [
            100.2913479,
            5.3564234
          ],
          [
            100.2913519,
            5.3564224
          ],
          [
            100.2913556,
            5.3564217
          ],
          [
            100.2913588,
            5.3564212
          ],
          [
            100.2913629,
            5.3564209
          ],
          [
            100.2913664,
            5.3564208
          ],
          [
            100.2913698,
            5.3564208
          ],
          [
            100.2913737,
            5.3564212
          ],
          [
            100.2913773,
            5.3564216
          ],
          [
            100.2913808,
            5.3564221
          ],
          [
            100.2913846,
            5.3564228
          ],
          [
            100.2913889,
            5.3564238
          ],
          [
            100.2913929,
            5.3564249
          ],
          [
            100.2913967,
            5.356426
          ],
          [
            100.291402,
            5.3564255
          ],
          [
            100.2914064,
            5.3564246
          ],
          [
            100.2914106,
            5.3564235
          ],
          [
            100.2914151,
            5.3564224
          ],
          [
            100.2914197,
            5.3564213
          ],
          [
            100.2914244,
            5.3564205
          ],
          [
            100.2914296,
            5.35642
          ],
          [
            100.2914343,
            5.3564198
          ],
          [
            100.2914398,
            5.3564202
          ],
          [
            100.2914444,
            5.3564207
          ],
          [
            100.2914497,
            5.3564214
          ],
          [
            100.2914541,
            5.3564223
          ],
          [
            100.2914582,
            5.3564233
          ],
          [
            100.2914621,
            5.3564243
          ],
          [
            100.2914668,
            5.3564247
          ],
          [
            100.2914708,
            5.3564248
          ],
          [
            100.2914747,
            5.3564247
          ],
          [
            100.2914787,
            5.3564249
          ],
          [
            100.2914825,
            5.3564251
          ],
          [
            100.2914862,
            5.3564255
          ],
          [
            100.2914896,
            5.3564261
          ],
          [
            100.2914935,
            5.3564272
          ],
          [
            100.2914969,
            5.3564284
          ],
          [
            100.2915007,
            5.3564301
          ],
          [
            100.2915044,
            5.3564318
          ],
          [
            100.2915084,
            5.356434
          ],
          [
            100.2915126,
            5.3564364
          ],
          [
            100.2915167,
            5.356439
          ],
          [
            100.2915204,
            5.3564414
          ],
          [
            100.2915247,
            5.3564441
          ],
          [
            100.2915286,
            5.3564467
          ],
          [
            100.2915321,
            5.3564492
          ],
          [
            100.2915359,
            5.3564518
          ],
          [
            100.2915393,
            5.3564544
          ],
          [
            100.2915424,
            5.3564568
          ],
          [
            100.2915461,
            5.3564595
          ],
          [
            100.2915496,
            5.3564622
          ],
          [
            100.2915533,
            5.356465
          ],
          [
            100.2915568,
            5.3564677
          ],
          [
            100.2915601,
            5.3564703
          ],
          [
            100.2915634,
            5.3564729
          ],
          [
            100.2915668,
            5.3564755
          ],
          [
            100.2915702,
            5.3564781
          ],
          [
            100.2915732,
            5.3564804
          ],
          [
            100.291576,
            5.3564826
          ],
          [
            100.2915801,
            5.356484
          ],
          [
            100.2915839,
            5.3564848
          ],
          [
            100.2915872,
            5.3564854
          ],
          [
            100.2915911,
            5.3564859
          ],
          [
            100.2915949,
            5.3564865
          ],
          [
            100.2915987,
            5.3564873
          ],
          [
            100.2916023,
            5.3564882
          ],
          [
            100.2916057,
            5.356489
          ],
          [
            100.291609,
            5.35649
          ],
          [
            100.2916123,
            5.356491
          ],
          [
            100.2916154,
            5.356492
          ],
          [
            100.2916183,
            5.356493
          ],
          [
            100.2916218,
            5.3564942
          ],
          [
            100.2916248,
            5.3564953
          ],
          [
            100.2916278,
            5.3564964
          ],
          [
            100.2916328,
            5.356495
          ],
          [
            100.2916376,
            5.3564932
          ],
          [
            100.2916424,
            5.3564911
          ],
          [
            100.2916479,
            5.3564887
          ],
          [
            100.2916528,
            5.3564864
          ],
          [
            100.2916577,
            5.3564842
          ],
          [
            100.291663,
            5.356482
          ],
          [
            100.2916686,
            5.35648
          ],
          [
            100.2916744,
            5.3564785
          ],
          [
            100.2916804,
            5.3564773
          ],
          [
            100.2916857,
            5.3564765
          ],
          [
            100.2916912,
            5.3564761
          ],
          [
            100.2916963,
            5.3564758
          ],
          [
            100.2917007,
            5.3564757
          ],
          [
            100.2917056,
            5.3564761
          ],
          [
            100.2917099,
            5.3564765
          ],
          [
            100.2917162,
            5.3564752
          ],
          [
            100.2917222,
            5.3564733
          ],
          [
            100.2917283,
            5.3564712
          ],
          [
            100.2917347,
            5.3564691
          ],
          [
            100.2917415,
            5.3564671
          ],
          [
            100.291748,
            5.3564655
          ],
          [
            100.2917549,
            5.3564643
          ],
          [
            100.2917609,
            5.3564636
          ],
          [
            100.2917676,
            5.3564632
          ],
          [
            100.2917731,
            5.3564632
          ],
          [
            100.291779,
            5.3564638
          ],
          [
            100.2917838,
            5.3564645
          ],
          [
            100.2917879,
            5.3564653
          ],
          [
            100.2917943,
            5.3564633
          ],
          [
            100.2918002,
            5.356461
          ],
          [
            100.2918058,
            5.3564586
          ],
          [
            100.2918121,
            5.3564562
          ],
          [
            100.2918177,
            5.3564541
          ],
          [
            100.2918235,
            5.3564522
          ],
          [
            100.2918294,
            5.3564504
          ],
          [
            100.2918349,
            5.356449
          ],
          [
            100.2918411,
            5.3564474
          ],
          [
            100.2918463,
            5.3564463
          ],
          [
            100.2918525,
            5.356445
          ],
          [
            100.2918576,
            5.3564442
          ],
          [
            100.2918639,
            5.3564439
          ],
          [
            100.291869,
            5.356444
          ],
          [
            100.2918736,
            5.3564441
          ],
          [
            100.2918791,
            5.3564452
          ],
          [
            100.2918837,
            5.3564463
          ],
          [
            100.2918878,
            5.3564473
          ],
          [
            100.2918924,
            5.3564487
          ],
          [
            100.2918969,
            5.3564501
          ],
          [
            100.2919015,
            5.3564518
          ],
          [
            100.2919065,
            5.3564537
          ],
          [
            100.2919111,
            5.3564556
          ],
          [
            100.2919162,
            5.3564577
          ],
          [
            100.2919206,
            5.3564597
          ],
          [
            100.291926,
            5.356462
          ],
          [
            100.2919302,
            5.3564639
          ],
          [
            100.2919344,
            5.3564658
          ],
          [
            100.2919392,
            5.3564664
          ],
          [
            100.291943,
            5.3564667
          ],
          [
            100.2919473,
            5.3564668
          ],
          [
            100.291951,
            5.3564669
          ],
          [
            100.2919542,
            5.3564671
          ],
          [
            100.291958,
            5.3564675
          ],
          [
            100.2919616,
            5.356468
          ],
          [
            100.2919654,
            5.3564689
          ],
          [
            100.2919687,
            5.3564698
          ],
          [
            100.2919719,
            5.3564707
          ],
          [
            100.2919752,
            5.3564718
          ],
          [
            100.2919783,
            5.3564729
          ],
          [
            100.2919813,
            5.3564741
          ],
          [
            100.2919843,
            5.3564753
          ],
          [
            100.2919878,
            5.3564769
          ],
          [
            100.291991,
            5.3564783
          ],
          [
            100.2919937,
            5.3564796
          ],
          [
            100.2919976,
            5.3564812
          ],
          [
            100.2920011,
            5.3564826
          ],
          [
            100.2920041,
            5.3564838
          ],
          [
            100.2920077,
            5.3564852
          ],
          [
            100.292011,
            5.3564865
          ],
          [
            100.292014,
            5.3564878
          ],
          [
            100.2920177,
            5.3564892
          ],
          [
            100.2920209,
            5.3564906
          ],
          [
            100.292024,
            5.3564919
          ],
          [
            100.2920276,
            5.3564934
          ],
          [
            100.2920307,
            5.3564947
          ],
          [
            100.2920338,
            5.356496
          ],
          [
            100.2920374,
            5.3564974
          ],
          [
            100.2920407,
            5.3564987
          ],
          [
            100.292044,
            5.3564999
          ],
          [
            100.2920475,
            5.3565008
          ],
          [
            100.2920507,
            5.3565016
          ],
          [
            100.2920537,
            5.3565022
          ],
          [
            100.2920563,
            5.3565027
          ],
          [
            100.2920587,
            5.3565031
          ],
          [
            100.2920615,
            5.356503
          ],
          [
            100.292064,
            5.3565029
          ],
          [
            100.2920669,
            5.3565023
          ],
          [
            100.2920698,
            5.3565017
          ],
          [
            100.2920723,
            5.3565012
          ],
          [
            100.2920758,
            5.3565006
          ],
          [
            100.292079,
            5.3565002
          ],
          [
            100.2920818,
            5.3564999
          ],
          [
            100.2920855,
            5.3564999
          ],
          [
            100.292089,
            5.3565
          ],
          [
            100.292092,
            5.3565001
          ],
          [
            100.2920961,
            5.3565003
          ],
          [
            100.2920994,
            5.3565004
          ],
          [
            100.2921027,
            5.3565005
          ],
          [
            100.2921058,
            5.3565006
          ],
          [
            100.2921096,
            5.3564991
          ],
          [
            100.2921126,
            5.3564976
          ],
          [
            100.2921157,
            5.356496
          ],
          [
            100.2921191,
            5.3564941
          ],
          [
            100.2921222,
            5.3564925
          ],
          [
            100.2921256,
            5.3564908
          ],
          [
            100.2921289,
            5.3564891
          ],
          [
            100.2921329,
            5.3564873
          ],
          [
            100.2921366,
            5.3564855
          ],
          [
            100.2921407,
            5.3564839
          ],
          [
            100.2921446,
            5.3564826
          ],
          [
            100.2921481,
            5.3564816
          ],
          [
            100.2921526,
            5.3564808
          ],
          [
            100.2921562,
            5.3564802
          ],
          [
            100.2921604,
            5.3564798
          ],
          [
            100.2921642,
            5.3564794
          ],
          [
            100.2921673,
            5.3564791
          ],
          [
            100.2921711,
            5.3564786
          ],
          [
            100.2921744,
            5.3564781
          ],
          [
            100.2921782,
            5.3564769
          ],
          [
            100.2921817,
            5.3564759
          ],
          [
            100.2921855,
            5.3564747
          ],
          [
            100.2921888,
            5.3564738
          ],
          [
            100.2921923,
            5.3564731
          ],
          [
            100.2921957,
            5.3564727
          ],
          [
            100.2921989,
            5.3564723
          ],
          [
            100.2922021,
            5.3564722
          ],
          [
            100.2922053,
            5.3564721
          ],
          [
            100.2922083,
            5.3564721
          ],
          [
            100.292211,
            5.3564721
          ],
          [
            100.2922136,
            5.3564722
          ],
          [
            100.2922161,
            5.3564723
          ],
          [
            100.2922182,
            5.3564723
          ],
          [
            100.2922204,
            5.3564742
          ],
          [
            100.2922218,
            5.3564762
          ],
          [
            100.2922235,
            5.356479
          ],
          [
            100.2922247,
            5.3564813
          ],
          [
            100.2922264,
            5.3564836
          ],
          [
            100.2922281,
            5.3564857
          ],
          [
            100.2922301,
            5.3564876
          ],
          [
            100.2922318,
            5.3564891
          ],
          [
            100.2922335,
            5.3564905
          ],
          [
            100.2922355,
            5.3564919
          ],
          [
            100.2922373,
            5.3564931
          ],
          [
            100.2922392,
            5.3564942
          ],
          [
            100.2922414,
            5.3564954
          ],
          [
            100.2922434,
            5.3564964
          ],
          [
            100.2922457,
            5.3564975
          ],
          [
            100.2922478,
            5.3564984
          ],
          [
            100.2922505,
            5.3564998
          ],
          [
            100.2922531,
            5.356501
          ],
          [
            100.2922557,
            5.3565023
          ],
          [
            100.2922586,
            5.3565035
          ],
          [
            100.2922621,
            5.3565049
          ],
          [
            100.2922656,
            5.3565062
          ],
          [
            100.29227,
            5.3565077
          ],
          [
            100.2922744,
            5.3565091
          ],
          [
            100.2922795,
            5.3565104
          ],
          [
            100.2922843,
            5.3565116
          ],
          [
            100.2922886,
            5.3565126
          ],
          [
            100.2922935,
            5.3565135
          ],
          [
            100.2922979,
            5.3565141
          ],
          [
            100.2923014,
            5.3565145
          ],
          [
            100.2923048,
            5.3565148
          ],
          [
            100.2923079,
            5.3565148
          ],
          [
            100.2923101,
            5.3565149
          ],
          [
            100.2923126,
            5.3565146
          ],
          [
            100.292315,
            5.3565142
          ],
          [
            100.2923174,
            5.3565135
          ],
          [
            100.2923198,
            5.3565126
          ],
          [
            100.2923221,
            5.3565116
          ],
          [
            100.2923243,
            5.3565107
          ],
          [
            100.2923266,
            5.3565097
          ],
          [
            100.2923286,
            5.3565087
          ],
          [
            100.2923308,
            5.3565074
          ],
          [
            100.2923329,
            5.356506
          ],
          [
            100.2923351,
            5.3565043
          ],
          [
            100.2923371,
            5.3565027
          ],
          [
            100.2923391,
            5.3565011
          ],
          [
            100.2923416,
            5.3564995
          ],
          [
            100.2923436,
            5.3564981
          ],
          [
            100.2923458,
            5.3564969
          ],
          [
            100.292348,
            5.3564957
          ],
          [
            100.2923502,
            5.3564946
          ],
          [
            100.2923528,
            5.3564936
          ],
          [
            100.2923557,
            5.3564926
          ],
          [
            100.292359,
            5.3564917
          ],
          [
            100.2923626,
            5.3564908
          ],
          [
            100.2923662,
            5.3564899
          ],
          [
            100.2923701,
            5.356489
          ],
          [
            100.2923743,
            5.356488
          ],
          [
            100.292379,
            5.356487
          ],
          [
            100.2923834,
            5.3564861
          ],
          [
            100.2923877,
            5.3564852
          ],
          [
            100.2923926,
            5.3564839
          ],
          [
            100.2923971,
            5.3564826
          ],
          [
            100.2924019,
            5.3564813
          ],
          [
            100.2924069,
            5.3564799
          ],
          [
            100.2924118,
            5.3564787
          ],
          [
            100.2924171,
            5.3564774
          ],
          [
            100.2924221,
            5.3564761
          ],
          [
            100.2924279,
            5.3564747
          ],
          [
            100.292433,
            5.3564735
          ],
          [
            100.292439,
            5.356472
          ],
          [
            100.2924442,
            5.3564708
          ],
          [
            100.2924492,
            5.3564696
          ],
          [
            100.2924541,
            5.3564687
          ],
          [
            100.2924579,
            5.3564682
          ],
          [
            100.2924615,
            5.3564679
          ],
          [
            100.2924653,
            5.3564675
          ],
          [
            100.2924691,
            5.3564671
          ],
          [
            100.292473,
            5.3564665
          ],
          [
            100.2924773,
            5.3564657
          ],
          [
            100.2924815,
            5.356465
          ],
          [
            100.2924866,
            5.3564642
          ],
          [
            100.2924921,
            5.3564635
          ],
          [
            100.2924972,
            5.3564629
          ],
          [
            100.2925023,
            5.3564624
          ],
          [
            100.292507,
            5.356462
          ],
          [
            100.292511,
            5.3564617
          ],
          [
            100.292515,
            5.3564615
          ],
          [
            100.292518,
            5.3564611
          ],
          [
            100.292521,
            5.3564607
          ],
          [
            100.2925235,
            5.3564603
          ],
          [
            100.2925258,
            5.35646
          ],
          [
            100.2925282,
            5.3564597
          ],
          [
            100.2925303,
            5.3564595
          ],
          [
            100.2925324,
            5.3564593
          ],
          [
            100.2925347,
            5.3564591
          ],
          [
            100.2925372,
            5.356459
          ],
          [
            100.2925397,
            5.3564589
          ],
          [
            100.2925422,
            5.3564588
          ],
          [
            100.2925449,
            5.3564587
          ],
          [
            100.2925475,
            5.3564585
          ],
          [
            100.2925502,
            5.3564583
          ],
          [
            100.2925531,
            5.356458
          ],
          [
            100.2925558,
            5.3564577
          ],
          [
            100.2925588,
            5.3564572
          ],
          [
            100.2925615,
            5.3564567
          ],
          [
            100.2925643,
            5.3564562
          ],
          [
            100.2925674,
            5.3564556
          ],
          [
            100.2925705,
            5.3564549
          ],
          [
            100.2925738,
            5.3564543
          ],
          [
            100.2925768,
            5.3564537
          ],
          [
            100.2925802,
            5.3564532
          ],
          [
            100.2925838,
            5.3564528
          ],
          [
            100.2925872,
            5.3564525
          ],
          [
            100.2925909,
            5.3564522
          ],
          [
            100.2925946,
            5.3564518
          ],
          [
            100.2925984,
            5.3564515
          ],
          [
            100.2926021,
            5.3564511
          ],
          [
            100.2926057,
            5.3564498
          ],
          [
            100.2926089,
            5.3564482
          ],
          [
            100.2926122,
            5.3564463
          ],
          [
            100.2926153,
            5.3564446
          ],
          [
            100.2926184,
            5.3564428
          ],
          [
            100.2926218,
            5.356441
          ],
          [
            100.2926249,
            5.3564394
          ],
          [
            100.2926283,
            5.3564379
          ],
          [
            100.292632,
            5.3564365
          ],
          [
            100.2926354,
            5.3564353
          ],
          [
            100.2926395,
            5.3564339
          ],
          [
            100.2926432,
            5.3564329
          ],
          [
            100.2926469,
            5.3564318
          ],
          [
            100.2926508,
            5.3564308
          ],
          [
            100.292655,
            5.3564296
          ],
          [
            100.2926589,
            5.3564287
          ],
          [
            100.2926625,
            5.356428
          ],
          [
            100.2926664,
            5.3564261
          ],
          [
            100.29267,
            5.3564243
          ],
          [
            100.2926732,
            5.3564226
          ],
          [
            100.2926769,
            5.3564209
          ],
          [
            100.2926802,
            5.3564195
          ],
          [
            100.2926836,
            5.3564182
          ],
          [
            100.2926873,
            5.3564171
          ],
          [
            100.2926915,
            5.3564159
          ],
          [
            100.2926954,
            5.3564149
          ],
          [
            100.2926994,
            5.3564139
          ],
          [
            100.2927035,
            5.3564129
          ],
          [
            100.292707,
            5.3564122
          ],
          [
            100.2927111,
            5.3564113
          ],
          [
            100.2927147,
            5.3564107
          ],
          [
            100.2927182,
            5.3564102
          ],
          [
            100.2927215,
            5.3564099
          ],
          [
            100.2927248,
            5.3564094
          ],
          [
            100.2927279,
            5.3564089
          ],
          [
            100.2927311,
            5.3564086
          ],
          [
            100.2927341,
            5.3564085
          ],
          [
            100.2927371,
            5.3564084
          ],
          [
            100.2927401,
            5.3564085
          ],
          [
            100.2927438,
            5.3564087
          ],
          [
            100.2927473,
            5.3564089
          ],
          [
            100.2927517,
            5.3564092
          ],
          [
            100.2927556,
            5.3564096
          ],
          [
            100.2927604,
            5.3564099
          ],
          [
            100.2927649,
            5.3564102
          ],
          [
            100.2927692,
            5.3564104
          ],
          [
            100.2927739,
            5.3564104
          ],
          [
            100.2927786,
            5.3564105
          ],
          [
            100.2927833,
            5.3564107
          ],
          [
            100.2927877,
            5.356411
          ],
          [
            100.292792,
            5.3564114
          ],
          [
            100.292796,
            5.356412
          ],
          [
            100.2928003,
            5.3564127
          ],
          [
            100.2928045,
            5.3564135
          ],
          [
            100.2928081,
            5.3564142
          ],
          [
            100.2928126,
            5.3564152
          ],
          [
            100.2928167,
            5.3564161
          ],
          [
            100.2928214,
            5.3564169
          ],
          [
            100.2928261,
            5.3564174
          ],
          [
            100.2928308,
            5.3564178
          ],
          [
            100.2928349,
            5.3564182
          ],
          [
            100.29284,
            5.3564184
          ],
          [
            100.2928443,
            5.3564189
          ],
          [
            100.292849,
            5.3564197
          ],
          [
            100.2928535,
            5.3564209
          ],
          [
            100.2928575,
            5.3564222
          ],
          [
            100.2928622,
            5.3564242
          ],
          [
            100.292867,
            5.3564265
          ],
          [
            100.2928725,
            5.3564294
          ],
          [
            100.2928773,
            5.3564321
          ],
          [
            100.2928818,
            5.3564346
          ],
          [
            100.2928871,
            5.3564375
          ],
          [
            100.2928921,
            5.3564403
          ],
          [
            100.2928968,
            5.3564429
          ],
          [
            100.2929016,
            5.3564455
          ],
          [
            100.2929065,
            5.3564483
          ],
          [
            100.2929115,
            5.3564512
          ],
          [
            100.2929153,
            5.3564535
          ],
          [
            100.2929208,
            5.3564571
          ],
          [
            100.2929254,
            5.3564601
          ],
          [
            100.2929309,
            5.3564633
          ],
          [
            100.2929364,
            5.3564662
          ],
          [
            100.2929418,
            5.3564684
          ],
          [
            100.2929468,
            5.3564702
          ],
          [
            100.2929513,
            5.3564717
          ],
          [
            100.2929552,
            5.3564729
          ],
          [
            100.29296,
            5.3564746
          ],
          [
            100.2929657,
            5.3564768
          ],
          [
            100.2929702,
            5.3564785
          ],
          [
            100.2929741,
            5.35648
          ],
          [
            100.2929783,
            5.3564815
          ],
          [
            100.2929823,
            5.356483
          ],
          [
            100.2929863,
            5.3564844
          ],
          [
            100.2929904,
            5.3564858
          ],
          [
            100.2929948,
            5.3564874
          ],
          [
            100.2929987,
            5.3564889
          ],
          [
            100.2930029,
            5.3564904
          ],
          [
            100.293007,
            5.3564919
          ],
          [
            100.2930106,
            5.3564933
          ],
          [
            100.2930147,
            5.3564948
          ],
          [
            100.2930187,
            5.3564963
          ],
          [
            100.2930222,
            5.3564976
          ],
          [
            100.2930267,
            5.3564992
          ],
          [
            100.2930304,
            5.3565005
          ],
          [
            100.2930342,
            5.3565019
          ],
          [
            100.2930384,
            5.3565035
          ],
          [
            100.2930431,
            5.3565052
          ],
          [
            100.2930476,
            5.3565068
          ],
          [
            100.2930515,
            5.3565081
          ],
          [
            100.2930568,
            5.35651
          ],
          [
            100.293061,
            5.3565114
          ],
          [
            100.293066,
            5.356513
          ],
          [
            100.2930704,
            5.3565144
          ],
          [
            100.2930753,
            5.3565158
          ],
          [
            100.2930794,
            5.3565171
          ],
          [
            100.2930834,
            5.3565183
          ],
          [
            100.2930875,
            5.3565196
          ],
          [
            100.2930918,
            5.3565209
          ],
          [
            100.293096,
            5.3565221
          ],
          [
            100.2931003,
            5.3565233
          ],
          [
            100.2931046,
            5.3565245
          ],
          [
            100.293108,
            5.3565249
          ],
          [
            100.2931118,
            5.3565252
          ],
          [
            100.2931155,
            5.3565252
          ],
          [
            100.2931187,
            5.3565248
          ],
          [
            100.2931223,
            5.3565242
          ],
          [
            100.2931257,
            5.3565231
          ],
          [
            100.2931287,
            5.3565219
          ],
          [
            100.2931324,
            5.3565206
          ],
          [
            100.2931358,
            5.3565192
          ],
          [
            100.2931388,
            5.3565177
          ],
          [
            100.2931424,
            5.3565162
          ],
          [
            100.2931455,
            5.3565146
          ],
          [
            100.2931482,
            5.3565131
          ],
          [
            100.293151,
            5.3565114
          ],
          [
            100.2931534,
            5.3565097
          ],
          [
            100.2931554,
            5.3565082
          ],
          [
            100.2931576,
            5.3565066
          ],
          [
            100.2931594,
            5.3565051
          ],
          [
            100.2931608,
            5.3565038
          ],
          [
            100.2931629,
            5.3565023
          ],
          [
            100.2931647,
            5.3565009
          ],
          [
            100.2931662,
            5.3564997
          ],
          [
            100.293169,
            5.3564983
          ],
          [
            100.2931713,
            5.3564973
          ],
          [
            100.2931737,
            5.3564965
          ],
          [
            100.2931762,
            5.3564959
          ],
          [
            100.2931788,
            5.3564954
          ],
          [
            100.2931816,
            5.356495
          ],
          [
            100.2931845,
            5.3564949
          ],
          [
            100.2931877,
            5.3564949
          ],
          [
            100.2931917,
            5.3564953
          ],
          [
            100.2931954,
            5.3564958
          ],
          [
            100.2931994,
            5.3564964
          ],
          [
            100.2932038,
            5.3564972
          ],
          [
            100.2932078,
            5.356498
          ],
          [
            100.2932125,
            5.3564989
          ],
          [
            100.2932174,
            5.3564999
          ],
          [
            100.2932216,
            5.3565007
          ],
          [
            100.2932274,
            5.3565019
          ],
          [
            100.2932325,
            5.356503
          ],
          [
            100.2932382,
            5.3565047
          ],
          [
            100.2932446,
            5.3565069
          ],
          [
            100.2932498,
            5.3565087
          ],
          [
            100.2932549,
            5.3565107
          ],
          [
            100.2932607,
            5.3565131
          ],
          [
            100.2932654,
            5.356515
          ],
          [
            100.2932701,
            5.356517
          ],
          [
            100.2932754,
            5.3565191
          ],
          [
            100.2932799,
            5.3565209
          ],
          [
            100.2932844,
            5.3565227
          ],
          [
            100.2932892,
            5.3565245
          ],
          [
            100.2932931,
            5.356526
          ],
          [
            100.293297,
            5.3565276
          ],
          [
            100.2933014,
            5.3565293
          ],
          [
            100.2933051,
            5.3565307
          ],
          [
            100.2933089,
            5.3565321
          ],
          [
            100.2933131,
            5.3565336
          ],
          [
            100.2933173,
            5.3565351
          ],
          [
            100.2933211,
            5.3565365
          ],
          [
            100.2933256,
            5.3565382
          ],
          [
            100.2933295,
            5.3565397
          ],
          [
            100.2933334,
            5.3565411
          ],
          [
            100.2933371,
            5.3565425
          ],
          [
            100.2933405,
            5.3565437
          ],
          [
            100.293344,
            5.356545
          ],
          [
            100.2933474,
            5.3565463
          ],
          [
            100.2933509,
            5.3565476
          ],
          [
            100.2933545,
            5.356549
          ],
          [
            100.2933579,
            5.3565502
          ],
          [
            100.2933614,
            5.3565516
          ],
          [
            100.293365,
            5.3565529
          ],
          [
            100.2933684,
            5.3565541
          ],
          [
            100.2933721,
            5.3565554
          ],
          [
            100.2933758,
            5.3565568
          ],
          [
            100.2933791,
            5.3565579
          ],
          [
            100.2933829,
            5.3565592
          ],
          [
            100.2933867,
            5.3565603
          ],
          [
            100.2933901,
            5.3565612
          ],
          [
            100.2933931,
            5.356562
          ],
          [
            100.2933977,
            5.356563
          ],
          [
            100.2934018,
            5.3565636
          ],
          [
            100.2934056,
            5.3565641
          ],
          [
            100.2934101,
            5.3565645
          ],
          [
            100.2934142,
            5.3565647
          ],
          [
            100.2934182,
            5.3565648
          ],
          [
            100.2934227,
            5.356565
          ],
          [
            100.2934277,
            5.3565651
          ],
          [
            100.2934328,
            5.356565
          ],
          [
            100.2934389,
            5.3565648
          ],
          [
            100.2934442,
            5.3565644
          ],
          [
            100.2934508,
            5.3565635
          ],
          [
            100.2934565,
            5.3565626
          ],
          [
            100.293463,
            5.3565613
          ],
          [
            100.2934684,
            5.35656
          ],
          [
            100.2934733,
            5.3565586
          ],
          [
            100.2934785,
            5.3565563
          ],
          [
            100.2934829,
            5.3565541
          ],
          [
            100.293487,
            5.3565516
          ],
          [
            100.2934908,
            5.3565488
          ],
          [
            100.2934945,
            5.3565456
          ],
          [
            100.2934978,
            5.3565424
          ],
          [
            100.2935008,
            5.3565393
          ],
          [
            100.293504,
            5.3565357
          ],
          [
            100.293507,
            5.3565319
          ],
          [
            100.2935101,
            5.3565281
          ],
          [
            100.2935133,
            5.3565244
          ],
          [
            100.2935161,
            5.3565211
          ],
          [
            100.2935188,
            5.3565181
          ],
          [
            100.2935219,
            5.3565152
          ],
          [
            100.2935246,
            5.3565125
          ],
          [
            100.2935272,
            5.3565102
          ],
          [
            100.2935303,
            5.3565079
          ],
          [
            100.2935327,
            5.3565051
          ],
          [
            100.2935351,
            5.3565021
          ],
          [
            100.2935371,
            5.3564992
          ],
          [
            100.2935398,
            5.3564961
          ],
          [
            100.2935419,
            5.3564933
          ],
          [
            100.293544,
            5.3564906
          ],
          [
            100.2935465,
            5.3564878
          ],
          [
            100.2935487,
            5.3564852
          ],
          [
            100.2935511,
            5.3564826
          ],
          [
            100.2935532,
            5.3564802
          ],
          [
            100.2935553,
            5.3564779
          ],
          [
            100.2935572,
            5.3564757
          ],
          [
            100.2935589,
            5.3564737
          ],
          [
            100.2935605,
            5.3564715
          ],
          [
            100.2935621,
            5.3564692
          ],
          [
            100.2935632,
            5.3564671
          ],
          [
            100.2935642,
            5.356465
          ],
          [
            100.293565,
            5.3564626
          ],
          [
            100.2935655,
            5.3564606
          ],
          [
            100.2935657,
            5.3564584
          ],
          [
            100.2935659,
            5.3564566
          ],
          [
            100.2935653,
            5.3564546
          ],
          [
            100.2935647,
            5.3564531
          ],
          [
            100.2935638,
            5.3564521
          ],
          [
            100.2935627,
            5.3564513
          ],
          [
            100.2935612,
            5.3564506
          ],
          [
            100.2935596,
            5.35645
          ],
          [
            100.293558,
            5.3564495
          ],
          [
            100.2935561,
            5.3564489
          ],
          [
            100.293554,
            5.3564484
          ],
          [
            100.2935519,
            5.356448
          ],
          [
            100.2935496,
            5.3564474
          ],
          [
            100.2935471,
            5.3564469
          ],
          [
            100.2935446,
            5.3564463
          ],
          [
            100.2935423,
            5.3564456
          ],
          [
            100.2935395,
            5.3564449
          ],
          [
            100.2935367,
            5.356444
          ],
          [
            100.293534,
            5.3564429
          ],
          [
            100.2935315,
            5.3564417
          ],
          [
            100.2935283,
            5.3564406
          ],
          [
            100.2935256,
            5.3564395
          ],
          [
            100.2935229,
            5.3564384
          ],
          [
            100.2935201,
            5.356437
          ],
          [
            100.2935172,
            5.3564354
          ],
          [
            100.2935142,
            5.3564335
          ],
          [
            100.2935109,
            5.3564313
          ],
          [
            100.2935079,
            5.3564287
          ],
          [
            100.2935048,
            5.3564258
          ],
          [
            100.2935019,
            5.3564227
          ],
          [
            100.2934995,
            5.3564197
          ],
          [
            100.2934969,
            5.356416
          ],
          [
            100.2934946,
            5.3564121
          ],
          [
            100.2934927,
            5.3564082
          ],
          [
            100.2934909,
            5.3564042
          ],
          [
            100.293489,
            5.3563994
          ],
          [
            100.2934874,
            5.3563945
          ],
          [
            100.2934859,
            5.3563893
          ],
          [
            100.2934844,
            5.3563838
          ],
          [
            100.2934828,
            5.356378
          ],
          [
            100.2934809,
            5.3563711
          ],
          [
            100.293479,
            5.3563641
          ],
          [
            100.293477,
            5.3563563
          ],
          [
            100.293475,
            5.3563482
          ],
          [
            100.2934733,
            5.3563408
          ],
          [
            100.2934714,
            5.3563323
          ],
          [
            100.2934699,
            5.3563247
          ],
          [
            100.2934685,
            5.3563174
          ],
          [
            100.2934672,
            5.3563086
          ],
          [
            100.2934663,
            5.356301
          ],
          [
            100.2934664,
            5.3562941
          ],
          [
            100.2934674,
            5.3562873
          ],
          [
            100.2934687,
            5.3562802
          ],
          [
            100.2934706,
            5.3562735
          ],
          [
            100.2934725,
            5.3562669
          ],
          [
            100.2934741,
            5.3562608
          ],
          [
            100.2934757,
            5.3562555
          ],
          [
            100.2934771,
            5.3562497
          ],
          [
            100.2934785,
            5.3562442
          ],
          [
            100.2934797,
            5.3562392
          ],
          [
            100.2934813,
            5.3562329
          ],
          [
            100.2934831,
            5.3562266
          ],
          [
            100.2934856,
            5.3562199
          ],
          [
            100.2934889,
            5.3562124
          ],
          [
            100.2934915,
            5.3562069
          ],
          [
            100.2934949,
            5.3562018
          ],
          [
            100.2934996,
            5.3561959
          ],
          [
            100.2935032,
            5.3561917
          ],
          [
            100.2935088,
            5.3561868
          ],
          [
            100.2935135,
            5.356183
          ],
          [
            100.2935193,
            5.356179
          ],
          [
            100.2935238,
            5.356176
          ],
          [
            100.2935283,
            5.3561731
          ],
          [
            100.2935327,
            5.3561704
          ],
          [
            100.2935371,
            5.3561677
          ],
          [
            100.2935413,
            5.3561651
          ],
          [
            100.2935448,
            5.3561631
          ],
          [
            100.2935493,
            5.3561605
          ],
          [
            100.2935535,
            5.3561583
          ],
          [
            100.2935567,
            5.3561566
          ],
          [
            100.2935594,
            5.3561553
          ],
          [
            100.2935641,
            5.3561539
          ],
          [
            100.2935675,
            5.3561531
          ],
          [
            100.2935708,
            5.3561524
          ],
          [
            100.2935749,
            5.3561515
          ],
          [
            100.2935785,
            5.3561507
          ],
          [
            100.2935821,
            5.3561496
          ],
          [
            100.2935859,
            5.3561487
          ],
          [
            100.2935894,
            5.356148
          ],
          [
            100.2935934,
            5.3561472
          ],
          [
            100.293597,
            5.3561467
          ],
          [
            100.2936015,
            5.3561463
          ],
          [
            100.2936058,
            5.3561459
          ],
          [
            100.2936092,
            5.3561457
          ],
          [
            100.2936142,
            5.3561455
          ],
          [
            100.2936189,
            5.3561454
          ],
          [
            100.2936229,
            5.3561452
          ],
          [
            100.2936277,
            5.3561458
          ],
          [
            100.2936316,
            5.3561464
          ],
          [
            100.2936355,
            5.356147
          ],
          [
            100.2936395,
            5.3561476
          ],
          [
            100.2936448,
            5.3561483
          ],
          [
            100.2936491,
            5.356149
          ],
          [
            100.2936552,
            5.3561499
          ],
          [
            100.2936597,
            5.3561507
          ],
          [
            100.2936658,
            5.3561515
          ],
          [
            100.2936703,
            5.3561521
          ],
          [
            100.2936745,
            5.3561528
          ],
          [
            100.2936793,
            5.3561535
          ],
          [
            100.2936834,
            5.3561541
          ],
          [
            100.2936874,
            5.3561547
          ],
          [
            100.2936913,
            5.3561552
          ],
          [
            100.2936945,
            5.3561557
          ],
          [
            100.2936986,
            5.3561571
          ],
          [
            100.2937025,
            5.3561584
          ],
          [
            100.2937056,
            5.3561595
          ],
          [
            100.2937098,
            5.3561606
          ],
          [
            100.2937133,
            5.3561615
          ],
          [
            100.2937164,
            5.3561622
          ],
          [
            100.2937206,
            5.356163
          ],
          [
            100.2937249,
            5.3561637
          ],
          [
            100.2937295,
            5.3561642
          ],
          [
            100.2937347,
            5.3561645
          ],
          [
            100.2937392,
            5.3561645
          ],
          [
            100.2937442,
            5.3561645
          ],
          [
            100.2937487,
            5.3561644
          ],
          [
            100.2937521,
            5.3561642
          ],
          [
            100.2937553,
            5.3561641
          ],
          [
            100.2937596,
            5.3561637
          ],
          [
            100.2937631,
            5.3561634
          ],
          [
            100.2937675,
            5.3561631
          ],
          [
            100.2937708,
            5.3561628
          ],
          [
            100.2937749,
            5.3561628
          ],
          [
            100.2937786,
            5.3561629
          ],
          [
            100.293783,
            5.3561633
          ],
          [
            100.2937871,
            5.3561636
          ],
          [
            100.2937923,
            5.3561642
          ],
          [
            100.2937966,
            5.3561647
          ],
          [
            100.2938016,
            5.3561653
          ],
          [
            100.293806,
            5.3561658
          ],
          [
            100.2938093,
            5.3561661
          ],
          [
            100.2938138,
            5.3561663
          ],
          [
            100.2938174,
            5.3561663
          ],
          [
            100.2938208,
            5.3561663
          ],
          [
            100.2938246,
            5.3561657
          ],
          [
            100.2938278,
            5.3561651
          ],
          [
            100.293831,
            5.3561646
          ],
          [
            100.2938347,
            5.3561637
          ],
          [
            100.2938396,
            5.3561627
          ],
          [
            100.2938438,
            5.3561616
          ],
          [
            100.2938506,
            5.3561599
          ],
          [
            100.2938596,
            5.3561572
          ],
          [
            100.2938659,
            5.3561553
          ],
          [
            100.293873,
            5.3561529
          ],
          [
            100.2938777,
            5.3561512
          ],
          [
            100.2938821,
            5.3561497
          ],
          [
            100.2938851,
            5.3561487
          ],
          [
            100.2938892,
            5.3561475
          ],
          [
            100.2938946,
            5.3561459
          ],
          [
            100.2938984,
            5.3561448
          ],
          [
            100.2939044,
            5.3561434
          ],
          [
            100.2939081,
            5.3561426
          ],
          [
            100.2939135,
            5.3561412
          ],
          [
            100.2939182,
            5.3561399
          ],
          [
            100.2939227,
            5.3561386
          ],
          [
            100.2939278,
            5.356137
          ],
          [
            100.2939312,
            5.3561361
          ],
          [
            100.2939355,
            5.3561348
          ],
          [
            100.2939387,
            5.3561339
          ],
          [
            100.2939415,
            5.356133
          ],
          [
            100.2939452,
            5.356132
          ],
          [
            100.2939484,
            5.3561312
          ],
          [
            100.2939517,
            5.3561305
          ],
          [
            100.293955,
            5.3561299
          ],
          [
            100.2939596,
            5.356129
          ],
          [
            100.2939633,
            5.3561283
          ],
          [
            100.2939688,
            5.3561272
          ],
          [
            100.2939728,
            5.3561263
          ],
          [
            100.2939783,
            5.3561246
          ],
          [
            100.2939837,
            5.3561223
          ],
          [
            100.2939883,
            5.3561198
          ],
          [
            100.293992,
            5.3561176
          ],
          [
            100.2939955,
            5.3561146
          ],
          [
            100.2939981,
            5.3561116
          ],
          [
            100.2940003,
            5.356108
          ],
          [
            100.2940021,
            5.3561044
          ],
          [
            100.2940036,
            5.356101
          ],
          [
            100.294005,
            5.356097
          ],
          [
            100.2940052,
            5.3560909
          ],
          [
            100.2940029,
            5.3560854
          ],
          [
            100.2940018,
            5.3560822
          ],
          [
            100.2939991,
            5.3560789
          ],
          [
            100.2939971,
            5.3560767
          ],
          [
            100.2939958,
            5.3560754
          ],
          [
            100.2939943,
            5.3560744
          ],
          [
            100.2939926,
            5.3560736
          ],
          [
            100.2939901,
            5.3560726
          ],
          [
            100.2939895,
            5.3560723
          ],
          [
            100.2939892,
            5.3560723
          ],
          [
            100.2939891,
            5.3560723
          ],
          [
            100.2939891,
            5.3560723
          ],
          [
            100.2939891,
            5.3560723
          ],
          [
            100.293989,
            5.3560723
          ],
          [
            100.293989,
            5.3560723
          ],
          [
            100.293989,
            5.3560723
          ],
          [
            100.293989,
            5.3560723
          ],
          [
            100.2939889,
            5.3560723
          ],
          [
            100.2939889,
            5.3560723
          ],
          [
            100.2939888,
            5.3560722
          ],
          [
            100.2939887,
            5.3560722
          ],
          [
            100.2939883,
            5.3560718
          ],
          [
            100.2939878,
            5.3560713
          ],
          [
            100.293987,
            5.3560705
          ],
          [
            100.2939858,
            5.3560688
          ],
          [
            100.2939835,
            5.3560662
          ],
          [
            100.2939806,
            5.3560637
          ],
          [
            100.2939786,
            5.3560619
          ],
          [
            100.2939769,
            5.3560604
          ],
          [
            100.2939757,
            5.3560589
          ],
          [
            100.2939747,
            5.356057
          ],
          [
            100.2939741,
            5.3560555
          ],
          [
            100.2939737,
            5.3560539
          ],
          [
            100.2939733,
            5.3560504
          ],
          [
            100.2939732,
            5.3560474
          ],
          [
            100.2939731,
            5.3560432
          ],
          [
            100.2939731,
            5.3560401
          ],
          [
            100.2939733,
            5.3560362
          ],
          [
            100.2939735,
            5.3560332
          ],
          [
            100.2939736,
            5.3560302
          ],
          [
            100.2939732,
            5.3560263
          ],
          [
            100.2939726,
            5.3560225
          ],
          [
            100.2939717,
            5.3560185
          ],
          [
            100.2939711,
            5.3560153
          ],
          [
            100.2939703,
            5.3560117
          ],
          [
            100.2939691,
            5.356008
          ],
          [
            100.2939681,
            5.3560054
          ],
          [
            100.2939664,
            5.3560023
          ],
          [
            100.2939636,
            5.3559997
          ],
          [
            100.2939613,
            5.3559983
          ],
          [
            100.2939593,
            5.3559975
          ],
          [
            100.2939578,
            5.355997
          ],
          [
            100.2939563,
            5.3559966
          ],
          [
            100.2939547,
            5.3559964
          ],
          [
            100.2939534,
            5.3559961
          ],
          [
            100.2939515,
            5.355996
          ],
          [
            100.293946,
            5.3559957
          ],
          [
            100.2939456,
            5.3559957
          ],
          [
            100.293945,
            5.3559959
          ],
          [
            100.2939444,
            5.3559964
          ],
          [
            100.2939439,
            5.3559968
          ],
          [
            100.2939433,
            5.3559973
          ],
          [
            100.2939427,
            5.355998
          ],
          [
            100.2939418,
            5.3559993
          ],
          [
            100.2939409,
            5.3560002
          ],
          [
            100.2939402,
            5.356001
          ],
          [
            100.2939391,
            5.3560022
          ],
          [
            100.293938,
            5.3560034
          ],
          [
            100.2939369,
            5.3560045
          ],
          [
            100.293936,
            5.3560054
          ],
          [
            100.2939355,
            5.3560063
          ],
          [
            100.293935,
            5.3560072
          ],
          [
            100.2939346,
            5.3560079
          ],
          [
            100.293934,
            5.3560087
          ],
          [
            100.2939332,
            5.3560095
          ],
          [
            100.2939322,
            5.3560102
          ],
          [
            100.2939309,
            5.3560109
          ],
          [
            100.2939293,
            5.3560118
          ],
          [
            100.2939277,
            5.3560126
          ],
          [
            100.2939206,
            5.3560163
          ],
          [
            100.2939188,
            5.3560172
          ],
          [
            100.2939179,
            5.3560176
          ],
          [
            100.2939173,
            5.3560179
          ],
          [
            100.2939169,
            5.3560181
          ],
          [
            100.2939166,
            5.3560182
          ],
          [
            100.2939164,
            5.3560183
          ],
          [
            100.2939162,
            5.3560184
          ],
          [
            100.2939161,
            5.3560185
          ],
          [
            100.293916,
            5.3560186
          ],
          [
            100.293916,
            5.3560187
          ],
          [
            100.293916,
            5.3560188
          ],
          [
            100.293916,
            5.356019
          ],
          [
            100.293916,
            5.3560191
          ],
          [
            100.293916,
            5.3560192
          ],
          [
            100.293916,
            5.3560194
          ],
          [
            100.293916,
            5.3560195
          ],
          [
            100.2939161,
            5.3560196
          ],
          [
            100.2939161,
            5.3560198
          ],
          [
            100.2939162,
            5.3560199
          ],
          [
            100.2939162,
            5.3560201
          ],
          [
            100.2939163,
            5.3560202
          ],
          [
            100.2939163,
            5.3560204
          ],
          [
            100.2939164,
            5.3560205
          ],
          [
            100.2939165,
            5.3560207
          ],
          [
            100.2939165,
            5.3560208
          ],
          [
            100.2939166,
            5.356021
          ],
          [
            100.2939167,
            5.3560211
          ],
          [
            100.2939167,
            5.3560213
          ],
          [
            100.2939168,
            5.3560214
          ],
          [
            100.2939168,
            5.3560216
          ],
          [
            100.2939169,
            5.3560217
          ],
          [
            100.2939169,
            5.3560219
          ],
          [
            100.293917,
            5.356022
          ],
          [
            100.293917,
            5.3560221
          ],
          [
            100.2939171,
            5.3560223
          ],
          [
            100.2939171,
            5.3560224
          ],
          [
            100.2939172,
            5.3560225
          ],
          [
            100.2939172,
            5.3560227
          ],
          [
            100.2939173,
            5.3560228
          ],
          [
            100.2939173,
            5.356023
          ],
          [
            100.2939173,
            5.3560231
          ],
          [
            100.2939174,
            5.3560233
          ],
          [
            100.2939174,
            5.3560234
          ],
          [
            100.2939174,
            5.3560235
          ],
          [
            100.2939175,
            5.3560237
          ],
          [
            100.2939175,
            5.3560238
          ],
          [
            100.2939175,
            5.3560239
          ],
          [
            100.2939176,
            5.3560241
          ],
          [
            100.2939176,
            5.3560242
          ],
          [
            100.2939176,
            5.3560243
          ],
          [
            100.2939176,
            5.3560245
          ],
          [
            100.2939177,
            5.3560246
          ],
          [
            100.2939177,
            5.3560247
          ],
          [
            100.2939177,
            5.3560249
          ],
          [
            100.2939177,
            5.356025
          ],
          [
            100.2939177,
            5.3560251
          ],
          [
            100.2939178,
            5.3560253
          ],
          [
            100.2939178,
            5.3560254
          ],
          [
            100.2939178,
            5.3560255
          ],
          [
            100.2939178,
            5.3560257
          ],
          [
            100.2939178,
            5.3560258
          ],
          [
            100.2939178,
            5.356026
          ],
          [
            100.2939179,
            5.3560261
          ],
          [
            100.2939179,
            5.3560263
          ],
          [
            100.2939179,
            5.3560264
          ],
          [
            100.2939179,
            5.3560266
          ],
          [
            100.2939179,
            5.3560268
          ],
          [
            100.293918,
            5.3560269
          ],
          [
            100.293918,
            5.3560271
          ],
          [
            100.293918,
            5.3560273
          ],
          [
            100.293918,
            5.3560274
          ],
          [
            100.293918,
            5.3560276
          ],
          [
            100.293918,
            5.3560278
          ],
          [
            100.293918,
            5.3560279
          ],
          [
            100.2939181,
            5.3560281
          ],
          [
            100.2939181,
            5.3560282
          ],
          [
            100.2939181,
            5.3560284
          ],
          [
            100.2939181,
            5.3560286
          ],
          [
            100.2939181,
            5.3560287
          ],
          [
            100.2939181,
            5.3560289
          ],
          [
            100.2939181,
            5.356029
          ],
          [
            100.2939181,
            5.3560292
          ],
          [
            100.2939181,
            5.3560294
          ],
          [
            100.2939181,
            5.3560295
          ],
          [
            100.2939181,
            5.3560297
          ],
          [
            100.2939181,
            5.3560299
          ],
          [
            100.2939181,
            5.35603
          ],
          [
            100.2939181,
            5.3560302
          ],
          [
            100.2939181,
            5.3560303
          ],
          [
            100.2939181,
            5.3560305
          ],
          [
            100.293918,
            5.3560307
          ],
          [
            100.293918,
            5.3560308
          ],
          [
            100.293918,
            5.356031
          ],
          [
            100.293918,
            5.3560312
          ],
          [
            100.293918,
            5.3560313
          ],
          [
            100.293918,
            5.3560315
          ],
          [
            100.293918,
            5.3560317
          ],
          [
            100.2939179,
            5.3560318
          ],
          [
            100.2939179,
            5.356032
          ],
          [
            100.2939179,
            5.3560322
          ],
          [
            100.2939179,
            5.3560323
          ],
          [
            100.2939178,
            5.3560325
          ],
          [
            100.2939178,
            5.3560327
          ],
          [
            100.2939178,
            5.3560329
          ],
          [
            100.2939178,
            5.3560331
          ],
          [
            100.2939177,
            5.3560333
          ],
          [
            100.2939177,
            5.3560334
          ],
          [
            100.2939177,
            5.3560336
          ],
          [
            100.2939176,
            5.3560338
          ],
          [
            100.2939176,
            5.356034
          ],
          [
            100.2939176,
            5.3560342
          ],
          [
            100.2939175,
            5.3560344
          ],
          [
            100.2939175,
            5.3560346
          ],
          [
            100.2939175,
            5.3560348
          ],
          [
            100.2939174,
            5.356035
          ],
          [
            100.2939174,
            5.3560352
          ],
          [
            100.2939174,
            5.3560354
          ],
          [
            100.2939173,
            5.3560355
          ],
          [
            100.2939173,
            5.3560357
          ],
          [
            100.2939173,
            5.3560358
          ],
          [
            100.2939173,
            5.356036
          ],
          [
            100.2939172,
            5.3560362
          ],
          [
            100.2939172,
            5.3560363
          ],
          [
            100.294002,
            5.3560157
          ],
          [
            100.2941061,
            5.3559835
          ],
          [
            100.2941911,
            5.3559531
          ],
          [
            100.2942589,
            5.3559319
          ],
          [
            100.294314,
            5.3559178
          ],
          [
            100.2943719,
            5.3559099
          ],
          [
            100.294434,
            5.3559017
          ],
          [
            100.2944933,
            5.3558969
          ],
          [
            100.2945583,
            5.3558942
          ],
          [
            100.2946102,
            5.3558943
          ],
          [
            100.294661,
            5.3558914
          ],
          [
            100.2947071,
            5.3558915
          ],
          [
            100.2947619,
            5.3558828
          ],
          [
            100.2948095,
            5.3558769
          ],
          [
            100.2948593,
            5.3558717
          ],
          [
            100.2949051,
            5.3558689
          ],
          [
            100.2949276,
            5.3558676
          ],
          [
            100.294944,
            5.3558659
          ],
          [
            100.2949553,
            5.3558646
          ],
          [
            100.2949655,
            5.3558639
          ],
          [
            100.2949765,
            5.3558648
          ],
          [
            100.2949864,
            5.3558659
          ],
          [
            100.2949948,
            5.3558648
          ],
          [
            100.2950013,
            5.3558625
          ],
          [
            100.2950058,
            5.355858
          ],
          [
            100.295009,
            5.3558519
          ],
          [
            100.2950118,
            5.355844
          ],
          [
            100.2950146,
            5.3558346
          ],
          [
            100.2950175,
            5.3558237
          ],
          [
            100.2950247,
            5.355791
          ],
          [
            100.29503,
            5.355766
          ],
          [
            100.2950336,
            5.3557274
          ],
          [
            100.2950156,
            5.355636
          ],
          [
            100.2950046,
            5.3555763
          ],
          [
            100.2949982,
            5.3555421
          ],
          [
            100.2949949,
            5.3555176
          ],
          [
            100.2949949,
            5.3554962
          ],
          [
            100.294995,
            5.3554743
          ],
          [
            100.2949971,
            5.3554582
          ],
          [
            100.2950002,
            5.3554437
          ],
          [
            100.2950028,
            5.3554291
          ],
          [
            100.2950073,
            5.3554152
          ],
          [
            100.295012,
            5.3554005
          ],
          [
            100.2950167,
            5.3553851
          ],
          [
            100.2950185,
            5.3553686
          ],
          [
            100.2950191,
            5.3553525
          ],
          [
            100.2950191,
            5.3553369
          ],
          [
            100.2950211,
            5.3553219
          ],
          [
            100.2950243,
            5.3553088
          ],
          [
            100.2950291,
            5.3552975
          ],
          [
            100.2950392,
            5.3552873
          ],
          [
            100.2950531,
            5.3552773
          ],
          [
            100.2950985,
            5.3552522
          ],
          [
            100.2951645,
            5.3552206
          ],
          [
            100.2952337,
            5.3551906
          ],
          [
            100.2952928,
            5.3551675
          ],
          [
            100.2953418,
            5.3551506
          ],
          [
            100.2953833,
            5.355137
          ],
          [
            100.2954211,
            5.3551282
          ],
          [
            100.2954581,
            5.355125
          ],
          [
            100.2954901,
            5.3551228
          ],
          [
            100.2955274,
            5.3551205
          ],
          [
            100.2955729,
            5.3551191
          ],
          [
            100.2956353,
            5.3551245
          ],
          [
            100.2956868,
            5.3551258
          ],
          [
            100.2957272,
            5.3551247
          ],
          [
            100.2957766,
            5.3551414
          ],
          [
            100.2958298,
            5.3551608
          ],
          [
            100.2958914,
            5.3551709
          ],
          [
            100.295954,
            5.3551707
          ],
          [
            100.2960111,
            5.3551721
          ],
          [
            100.2960737,
            5.3551746
          ],
          [
            100.2961446,
            5.3551701
          ],
          [
            100.296211,
            5.3551697
          ],
          [
            100.2962721,
            5.355169
          ],
          [
            100.2963256,
            5.3551682
          ],
          [
            100.2963742,
            5.3551678
          ],
          [
            100.296415,
            5.3551666
          ],
          [
            100.2964553,
            5.3551651
          ],
          [
            100.2964955,
            5.3551642
          ],
          [
            100.2965487,
            5.3551666
          ],
          [
            100.2965983,
            5.3551644
          ],
          [
            100.296662,
            5.355175
          ],
          [
            100.2967353,
            5.3551946
          ],
          [
            100.2968247,
            5.3551656
          ],
          [
            100.2969268,
            5.3551354
          ],
          [
            100.2970213,
            5.3551154
          ],
          [
            100.2971273,
            5.3551031
          ],
          [
            100.2972186,
            5.3550942
          ],
          [
            100.2973072,
            5.3550862
          ],
          [
            100.297398,
            5.3550867
          ],
          [
            100.2974805,
            5.3550863
          ],
          [
            100.2975573,
            5.3550794
          ],
          [
            100.2976275,
            5.3550729
          ],
          [
            100.2976855,
            5.3550941
          ],
          [
            100.2977398,
            5.355115
          ],
          [
            100.2977977,
            5.3551312
          ],
          [
            100.2978435,
            5.3551624
          ],
          [
            100.2978978,
            5.3551752
          ],
          [
            100.2979671,
            5.3551835
          ],
          [
            100.2980305,
            5.3551788
          ],
          [
            100.2980857,
            5.3551692
          ],
          [
            100.2981267,
            5.3551626
          ],
          [
            100.2981896,
            5.3551525
          ],
          [
            100.2981998,
            5.3551539
          ],
          [
            100.2982109,
            5.3551542
          ],
          [
            100.2982234,
            5.3551551
          ],
          [
            100.2982356,
            5.3551559
          ],
          [
            100.2982494,
            5.3551553
          ],
          [
            100.2982653,
            5.3551548
          ],
          [
            100.2983064,
            5.3551527
          ],
          [
            100.2983549,
            5.3551499
          ],
          [
            100.2984014,
            5.3551478
          ],
          [
            100.2984303,
            5.3551448
          ],
          [
            100.298454,
            5.3551409
          ],
          [
            100.2984739,
            5.3551378
          ],
          [
            100.298491,
            5.3551352
          ],
          [
            100.2985074,
            5.3551333
          ],
          [
            100.2985432,
            5.3551312
          ],
          [
            100.2985815,
            5.3551328
          ],
          [
            100.2986167,
            5.3551363
          ],
          [
            100.2986523,
            5.3551423
          ],
          [
            100.2986908,
            5.3551492
          ],
          [
            100.2987321,
            5.3551563
          ],
          [
            100.2987897,
            5.3551656
          ],
          [
            100.2988442,
            5.3551707
          ],
          [
            100.2988979,
            5.3551658
          ],
          [
            100.2989777,
            5.3551746
          ],
          [
            100.2990492,
            5.3551861
          ],
          [
            100.2991099,
            5.3551966
          ],
          [
            100.2991727,
            5.3552099
          ],
          [
            100.2992381,
            5.355223
          ],
          [
            100.299306,
            5.3552354
          ],
          [
            100.2993666,
            5.3552449
          ],
          [
            100.2994481,
            5.3552484
          ],
          [
            100.2995069,
            5.3552553
          ],
          [
            100.2995657,
            5.3552622
          ],
          [
            100.2996255,
            5.3552687
          ],
          [
            100.2996885,
            5.3552745
          ],
          [
            100.2997469,
            5.3552784
          ],
          [
            100.2997965,
            5.3552812
          ],
          [
            100.2998454,
            5.3552835
          ],
          [
            100.2998879,
            5.3552854
          ],
          [
            100.2999156,
            5.3552845
          ],
          [
            100.2999448,
            5.3552875
          ],
          [
            100.299978,
            5.3552948
          ],
          [
            100.3000238,
            5.3553067
          ],
          [
            100.300045,
            5.3553381
          ],
          [
            100.3000835,
            5.3553645
          ],
          [
            100.3001613,
            5.3554178
          ],
          [
            100.3001614,
            5.3554185
          ],
          [
            100.3001623,
            5.3554195
          ],
          [
            100.3001638,
            5.3554208
          ],
          [
            100.3001668,
            5.3554232
          ],
          [
            100.3002309,
            5.3554843
          ],
          [
            100.3002314,
            5.3554852
          ],
          [
            100.3002325,
            5.3554869
          ],
          [
            100.300268,
            5.3555144
          ],
          [
            100.3003241,
            5.3555581
          ],
          [
            100.3004046,
            5.3556035
          ],
          [
            100.3004864,
            5.3556576
          ],
          [
            100.3005639,
            5.3557321
          ],
          [
            100.3006401,
            5.3557991
          ],
          [
            100.3007206,
            5.3558639
          ],
          [
            100.3007931,
            5.3559194
          ],
          [
            100.3008699,
            5.3559738
          ],
          [
            100.3008727,
            5.3560505
          ],
          [
            100.3008832,
            5.3561252
          ],
          [
            100.3009004,
            5.3561926
          ],
          [
            100.3009375,
            5.3562664
          ],
          [
            100.3009729,
            5.3563539
          ],
          [
            100.3010106,
            5.3564297
          ],
          [
            100.301045,
            5.3565095
          ],
          [
            100.3010698,
            5.3566052
          ],
          [
            100.3010953,
            5.3566997
          ],
          [
            100.3011183,
            5.3567873
          ],
          [
            100.3011406,
            5.3568773
          ],
          [
            100.3011733,
            5.3569621
          ],
          [
            100.3012066,
            5.3570427
          ],
          [
            100.301227,
            5.3571123
          ],
          [
            100.3012399,
            5.3571639
          ],
          [
            100.3012546,
            5.3572179
          ],
          [
            100.3012758,
            5.3572781
          ],
          [
            100.3012911,
            5.35733
          ],
          [
            100.3013135,
            5.3574061
          ],
          [
            100.3013131,
            5.3574121
          ],
          [
            100.3013131,
            5.357432
          ],
          [
            100.3013117,
            5.3574447
          ],
          [
            100.3013194,
            5.357458
          ],
          [
            100.3013251,
            5.3574697
          ],
          [
            100.3013314,
            5.3574848
          ],
          [
            100.3013361,
            5.3574983
          ],
          [
            100.3013387,
            5.3575109
          ],
          [
            100.3013396,
            5.3575231
          ],
          [
            100.3013403,
            5.3575337
          ],
          [
            100.3013407,
            5.357543
          ],
          [
            100.3013424,
            5.35755
          ],
          [
            100.3013452,
            5.3575552
          ],
          [
            100.3013493,
            5.3575587
          ],
          [
            100.3013545,
            5.3575607
          ],
          [
            100.3013609,
            5.3575615
          ],
          [
            100.3013686,
            5.3575624
          ],
          [
            100.3013763,
            5.3575625
          ],
          [
            100.3013846,
            5.3575619
          ],
          [
            100.3014589,
            5.3575603
          ],
          [
            100.301459,
            5.3575603
          ],
          [
            100.301459,
            5.3575594
          ],
          [
            100.3014592,
            5.3575573
          ],
          [
            100.3014598,
            5.3575535
          ],
          [
            100.3014609,
            5.3575478
          ],
          [
            100.3014625,
            5.3575396
          ],
          [
            100.3014645,
            5.3575299
          ],
          [
            100.3014667,
            5.3575184
          ],
          [
            100.3014695,
            5.3575045
          ],
          [
            100.3014727,
            5.3574893
          ],
          [
            100.3014759,
            5.3574734
          ],
          [
            100.3014788,
            5.3574562
          ],
          [
            100.301481,
            5.3574383
          ],
          [
            100.3014831,
            5.3574194
          ],
          [
            100.3014851,
            5.3573995
          ],
          [
            100.3014872,
            5.3573782
          ],
          [
            100.301502,
            5.3572031
          ],
          [
            100.3015021,
            5.3572015
          ],
          [
            100.3015022,
            5.357199
          ],
          [
            100.3015025,
            5.3571954
          ],
          [
            100.3015029,
            5.357191
          ],
          [
            100.3015039,
            5.3571858
          ],
          [
            100.3015057,
            5.3571796
          ],
          [
            100.3015075,
            5.3571728
          ],
          [
            100.3015091,
            5.3571661
          ],
          [
            100.3015103,
            5.3571597
          ],
          [
            100.3015212,
            5.3571061
          ],
          [
            100.3015214,
            5.3571056
          ],
          [
            100.3015258,
            5.3570948
          ],
          [
            100.3015263,
            5.3570912
          ],
          [
            100.3015255,
            5.3570891
          ],
          [
            100.3015249,
            5.3570889
          ],
          [
            100.301523,
            5.3570883
          ],
          [
            100.3015192,
            5.3570876
          ],
          [
            100.3014397,
            5.3570776
          ],
          [
            100.30142,
            5.357076
          ],
          [
            100.3014101,
            5.3570754
          ],
          [
            100.3014039,
            5.3570752
          ],
          [
            100.3013994,
            5.357075
          ],
          [
            100.301396,
            5.3570748
          ],
          [
            100.3013931,
            5.3570746
          ],
          [
            100.3013907,
            5.3570744
          ],
          [
            100.3013887,
            5.3570741
          ],
          [
            100.301387,
            5.3570738
          ],
          [
            100.3013855,
            5.3570735
          ],
          [
            100.3013841,
            5.3570732
          ],
          [
            100.301383,
            5.3570729
          ],
          [
            100.3013819,
            5.3570725
          ],
          [
            100.301381,
            5.3570722
          ],
          [
            100.3013801,
            5.3570718
          ],
          [
            100.3013794,
            5.3570715
          ],
          [
            100.3013787,
            5.3570712
          ],
          [
            100.3013781,
            5.3570709
          ],
          [
            100.3013776,
            5.3570706
          ],
          [
            100.3013771,
            5.3570703
          ],
          [
            100.3013767,
            5.3570701
          ],
          [
            100.3013763,
            5.3570699
          ],
          [
            100.301376,
            5.3570697
          ],
          [
            100.3013757,
            5.3570695
          ],
          [
            100.3013754,
            5.3570693
          ],
          [
            100.3013751,
            5.3570691
          ],
          [
            100.3013749,
            5.3570689
          ],
          [
            100.3013747,
            5.3570688
          ],
          [
            100.3013745,
            5.3570686
          ],
          [
            100.3013743,
            5.3570685
          ],
          [
            100.3013742,
            5.3570683
          ],
          [
            100.301374,
            5.3570682
          ],
          [
            100.3013739,
            5.3570681
          ],
          [
            100.3013738,
            5.357068
          ],
          [
            100.3013737,
            5.3570679
          ],
          [
            100.3013736,
            5.3570678
          ],
          [
            100.3013736,
            5.3570678
          ],
          [
            100.3013735,
            5.3570677
          ],
          [
            100.3013735,
            5.3570676
          ],
          [
            100.3013734,
            5.3570675
          ],
          [
            100.3013734,
            5.3570675
          ],
          [
            100.3013734,
            5.3570674
          ],
          [
            100.3013733,
            5.3570674
          ],
          [
            100.3013733,
            5.3570673
          ],
          [
            100.3013733,
            5.3570673
          ],
          [
            100.3013733,
            5.3570672
          ],
          [
            100.3013733,
            5.3570672
          ],
          [
            100.3013733,
            5.3570672
          ],
          [
            100.3013734,
            5.3570672
          ],
          [
            100.3013734,
            5.3570671
          ],
          [
            100.3013734,
            5.3570671
          ],
          [
            100.3013734,
            5.3570671
          ],
          [
            100.3013735,
            5.3570671
          ],
          [
            100.3013735,
            5.3570671
          ],
          [
            100.3013736,
            5.357067
          ],
          [
            100.3013738,
            5.357067
          ],
          [
            100.3013739,
            5.3570669
          ],
          [
            100.3013741,
            5.3570668
          ],
          [
            100.3013743,
            5.3570667
          ],
          [
            100.3013745,
            5.3570666
          ],
          [
            100.3013747,
            5.3570665
          ],
          [
            100.3013749,
            5.3570663
          ],
          [
            100.3013752,
            5.3570662
          ],
          [
            100.3013754,
            5.357066
          ],
          [
            100.3013757,
            5.3570658
          ],
          [
            100.3013761,
            5.3570656
          ],
          [
            100.3013764,
            5.3570654
          ],
          [
            100.3013767,
            5.3570652
          ],
          [
            100.3013771,
            5.357065
          ],
          [
            100.3013774,
            5.3570648
          ],
          [
            100.3013778,
            5.3570646
          ],
          [
            100.3013782,
            5.3570644
          ],
          [
            100.3013786,
            5.3570642
          ],
          [
            100.3013791,
            5.3570639
          ],
          [
            100.3013795,
            5.3570637
          ],
          [
            100.30138,
            5.3570635
          ],
          [
            100.3013804,
            5.3570632
          ],
          [
            100.3013809,
            5.357063
          ],
          [
            100.3013814,
            5.3570627
          ],
          [
            100.3013818,
            5.3570624
          ],
          [
            100.3013823,
            5.3570622
          ],
          [
            100.3013828,
            5.3570619
          ],
          [
            100.3013833,
            5.3570616
          ],
          [
            100.3013839,
            5.3570613
          ],
          [
            100.3013844,
            5.357061
          ],
          [
            100.3013849,
            5.3570607
          ],
          [
            100.3013854,
            5.3570604
          ],
          [
            100.301386,
            5.3570601
          ],
          [
            100.3013864,
            5.3570598
          ],
          [
            100.3013874,
            5.3570591
          ],
          [
            100.3013887,
            5.3570582
          ],
          [
            100.3013904,
            5.357057
          ],
          [
            100.3014333,
            5.3570271
          ],
          [
            100.3014474,
            5.3570175
          ],
          [
            100.3014477,
            5.3570173
          ],
          [
            100.3014607,
            5.3570097
          ],
          [
            100.3014609,
            5.3570096
          ],
          [
            100.3014612,
            5.3570094
          ],
          [
            100.3014616,
            5.3570092
          ],
          [
            100.3014619,
            5.3570089
          ],
          [
            100.301473,
            5.3570013
          ],
          [
            100.301473,
            5.3570011
          ],
          [
            100.3014731,
            5.3570008
          ],
          [
            100.3014731,
            5.3570006
          ],
          [
            100.3014731,
            5.3570002
          ],
          [
            100.3014731,
            5.3569998
          ],
          [
            100.3014731,
            5.3569994
          ],
          [
            100.3014731,
            5.3569989
          ],
          [
            100.3014731,
            5.3569984
          ],
          [
            100.3014733,
            5.3569979
          ],
          [
            100.3014735,
            5.3569974
          ],
          [
            100.3014737,
            5.3569968
          ],
          [
            100.3014742,
            5.3569962
          ],
          [
            100.3014747,
            5.3569956
          ],
          [
            100.3014753,
            5.356995
          ],
          [
            100.3014763,
            5.3569944
          ],
          [
            100.3014775,
            5.3569938
          ],
          [
            100.3014788,
            5.3569932
          ],
          [
            100.3014805,
            5.3569926
          ],
          [
            100.3014823,
            5.3569918
          ],
          [
            100.3014844,
            5.3569911
          ],
          [
            100.3014869,
            5.3569903
          ],
          [
            100.3014895,
            5.3569895
          ],
          [
            100.3014929,
            5.3569887
          ],
          [
            100.301497,
            5.356988
          ],
          [
            100.301501,
            5.3569875
          ],
          [
            100.3015052,
            5.3569871
          ],
          [
            100.3015096,
            5.3569869
          ],
          [
            100.3015139,
            5.3569867
          ],
          [
            100.301518,
            5.3569866
          ],
          [
            100.3015231,
            5.3569867
          ],
          [
            100.3015281,
            5.3569868
          ],
          [
            100.3015338,
            5.356987
          ],
          [
            100.301539,
            5.3569871
          ],
          [
            100.3015452,
            5.3569875
          ],
          [
            100.3015511,
            5.3569879
          ],
          [
            100.301558,
            5.3569885
          ],
          [
            100.3015647,
            5.3569893
          ],
          [
            100.3015721,
            5.3569903
          ],
          [
            100.3015789,
            5.3569912
          ],
          [
            100.3015858,
            5.3569924
          ],
          [
            100.3015929,
            5.3569938
          ],
          [
            100.3015994,
            5.3569945
          ],
          [
            100.3016056,
            5.3569949
          ],
          [
            100.3016119,
            5.3569953
          ],
          [
            100.3016183,
            5.3569957
          ],
          [
            100.3016242,
            5.3569962
          ],
          [
            100.3016293,
            5.3569967
          ],
          [
            100.3016349,
            5.3569974
          ],
          [
            100.3016403,
            5.3569983
          ],
          [
            100.3016448,
            5.356999
          ],
          [
            100.3016497,
            5.357
          ],
          [
            100.3016544,
            5.3570011
          ],
          [
            100.3016583,
            5.3570019
          ],
          [
            100.3016621,
            5.3570018
          ],
          [
            100.3016659,
            5.3570012
          ],
          [
            100.3016695,
            5.3570005
          ],
          [
            100.3016725,
            5.3569998
          ],
          [
            100.3016756,
            5.3569991
          ],
          [
            100.3016784,
            5.3569984
          ],
          [
            100.3016807,
            5.3569977
          ],
          [
            100.3016834,
            5.3569969
          ],
          [
            100.301686,
            5.3569962
          ],
          [
            100.3016888,
            5.3569954
          ],
          [
            100.3016914,
            5.3569946
          ],
          [
            100.3016939,
            5.356994
          ],
          [
            100.3016965,
            5.3569928
          ],
          [
            100.3016996,
            5.3569915
          ],
          [
            100.3017025,
            5.3569901
          ],
          [
            100.3017065,
            5.3569888
          ],
          [
            100.30171,
            5.3569876
          ],
          [
            100.3017145,
            5.3569867
          ],
          [
            100.3017185,
            5.356986
          ],
          [
            100.3017232,
            5.3569857
          ],
          [
            100.3017272,
            5.3569854
          ],
          [
            100.3017314,
            5.3569854
          ],
          [
            100.3017355,
            5.3569856
          ],
          [
            100.30174,
            5.3569862
          ],
          [
            100.3017442,
            5.3569869
          ],
          [
            100.3017489,
            5.3569877
          ],
          [
            100.3017528,
            5.3569884
          ],
          [
            100.3017569,
            5.3569893
          ],
          [
            100.3017607,
            5.3569904
          ],
          [
            100.301764,
            5.3569914
          ],
          [
            100.3017674,
            5.3569928
          ],
          [
            100.3017704,
            5.3569942
          ],
          [
            100.3017734,
            5.3569958
          ],
          [
            100.3017764,
            5.3569977
          ],
          [
            100.301779,
            5.3569995
          ],
          [
            100.3017815,
            5.3570016
          ],
          [
            100.301784,
            5.3570037
          ],
          [
            100.3017865,
            5.3570059
          ],
          [
            100.3017891,
            5.3570083
          ],
          [
            100.3017915,
            5.3570104
          ],
          [
            100.3017937,
            5.3570123
          ],
          [
            100.3017967,
            5.3570145
          ],
          [
            100.3017991,
            5.3570162
          ],
          [
            100.3018021,
            5.3570182
          ],
          [
            100.3018046,
            5.3570197
          ],
          [
            100.301807,
            5.3570212
          ],
          [
            100.3018098,
            5.3570229
          ],
          [
            100.3018123,
            5.3570243
          ],
          [
            100.3018148,
            5.3570257
          ],
          [
            100.3018176,
            5.3570272
          ],
          [
            100.3018203,
            5.3570286
          ],
          [
            100.3018231,
            5.3570301
          ],
          [
            100.3018258,
            5.3570314
          ],
          [
            100.3018292,
            5.3570331
          ],
          [
            100.3018323,
            5.3570344
          ],
          [
            100.3018358,
            5.3570359
          ],
          [
            100.3018389,
            5.3570371
          ],
          [
            100.3018423,
            5.3570375
          ],
          [
            100.301845,
            5.3570377
          ],
          [
            100.3018486,
            5.3570377
          ],
          [
            100.3018518,
            5.3570376
          ],
          [
            100.3018558,
            5.3570373
          ],
          [
            100.3018598,
            5.3570369
          ],
          [
            100.3018644,
            5.3570363
          ],
          [
            100.301869,
            5.3570355
          ],
          [
            100.3018742,
            5.3570344
          ],
          [
            100.3018794,
            5.3570332
          ],
          [
            100.3018848,
            5.3570317
          ],
          [
            100.3018907,
            5.3570298
          ],
          [
            100.3018959,
            5.3570279
          ],
          [
            100.3019006,
            5.3570262
          ],
          [
            100.3019056,
            5.3570242
          ],
          [
            100.30191,
            5.3570224
          ],
          [
            100.301914,
            5.3570207
          ],
          [
            100.3019182,
            5.3570192
          ],
          [
            100.3019226,
            5.3570178
          ],
          [
            100.3019264,
            5.3570167
          ],
          [
            100.3019301,
            5.3570158
          ],
          [
            100.3019335,
            5.357015
          ],
          [
            100.3019364,
            5.3570144
          ],
          [
            100.3019394,
            5.3570138
          ],
          [
            100.301942,
            5.3570132
          ],
          [
            100.3019446,
            5.3570126
          ],
          [
            100.301947,
            5.3570119
          ],
          [
            100.3019493,
            5.3570112
          ],
          [
            100.3019508,
            5.3570104
          ],
          [
            100.3019521,
            5.3570096
          ],
          [
            100.3019532,
            5.3570086
          ],
          [
            100.3019545,
            5.3570072
          ],
          [
            100.3019556,
            5.357006
          ],
          [
            100.3019568,
            5.3570043
          ],
          [
            100.301958,
            5.3570027
          ],
          [
            100.3019591,
            5.3570009
          ],
          [
            100.3019604,
            5.3569988
          ],
          [
            100.3019616,
            5.3569969
          ],
          [
            100.3019627,
            5.356995
          ],
          [
            100.3019639,
            5.3569926
          ],
          [
            100.301965,
            5.3569905
          ],
          [
            100.3019662,
            5.356988
          ],
          [
            100.3019673,
            5.3569855
          ],
          [
            100.3019683,
            5.3569832
          ],
          [
            100.3019686,
            5.356981
          ],
          [
            100.3019688,
            5.3569788
          ],
          [
            100.3019691,
            5.3569765
          ],
          [
            100.3019695,
            5.3569741
          ],
          [
            100.3019701,
            5.3569713
          ],
          [
            100.3019708,
            5.3569686
          ],
          [
            100.301972,
            5.3569644
          ],
          [
            100.3019742,
            5.3569587
          ],
          [
            100.3019763,
            5.3569536
          ],
          [
            100.3019791,
            5.3569472
          ],
          [
            100.301982,
            5.3569412
          ],
          [
            100.3019851,
            5.3569349
          ],
          [
            100.3019879,
            5.3569292
          ],
          [
            100.3019902,
            5.3569238
          ],
          [
            100.3019923,
            5.3569188
          ],
          [
            100.3019943,
            5.3569138
          ],
          [
            100.3019962,
            5.3569092
          ],
          [
            100.3019978,
            5.3569054
          ],
          [
            100.3020005,
            5.3569001
          ],
          [
            100.3020027,
            5.356896
          ],
          [
            100.3020059,
            5.3568913
          ],
          [
            100.3020086,
            5.3568876
          ],
          [
            100.3020115,
            5.3568842
          ],
          [
            100.3020152,
            5.3568808
          ],
          [
            100.3020198,
            5.3568773
          ],
          [
            100.3020237,
            5.3568743
          ],
          [
            100.3020283,
            5.3568715
          ],
          [
            100.3020326,
            5.3568689
          ],
          [
            100.3020381,
            5.3568664
          ],
          [
            100.3020422,
            5.3568646
          ],
          [
            100.302046,
            5.3568632
          ],
          [
            100.3020506,
            5.3568619
          ],
          [
            100.3020544,
            5.356861
          ],
          [
            100.3020583,
            5.3568603
          ],
          [
            100.3020618,
            5.3568598
          ],
          [
            100.3020658,
            5.3568595
          ],
          [
            100.3020696,
            5.3568592
          ],
          [
            100.3020725,
            5.3568591
          ],
          [
            100.3020768,
            5.3568593
          ],
          [
            100.30208,
            5.3568594
          ],
          [
            100.302083,
            5.3568597
          ],
          [
            100.3020867,
            5.3568602
          ],
          [
            100.30209,
            5.3568608
          ],
          [
            100.3020926,
            5.3568613
          ],
          [
            100.3020954,
            5.3568624
          ],
          [
            100.302098,
            5.3568636
          ],
          [
            100.302101,
            5.356865
          ],
          [
            100.3021037,
            5.3568663
          ],
          [
            100.3021074,
            5.3568683
          ],
          [
            100.30211,
            5.3568698
          ],
          [
            100.3021125,
            5.3568713
          ],
          [
            100.3021151,
            5.356873
          ],
          [
            100.3021174,
            5.3568747
          ],
          [
            100.3021197,
            5.3568766
          ],
          [
            100.3021216,
            5.3568782
          ],
          [
            100.3021239,
            5.3568805
          ],
          [
            100.3021258,
            5.3568826
          ],
          [
            100.3021274,
            5.3568844
          ],
          [
            100.3021294,
            5.3568869
          ],
          [
            100.302131,
            5.3568896
          ],
          [
            100.3021325,
            5.3568926
          ],
          [
            100.3021343,
            5.3568957
          ],
          [
            100.3021366,
            5.3568995
          ],
          [
            100.3021384,
            5.3569025
          ],
          [
            100.302141,
            5.356906
          ],
          [
            100.3021429,
            5.3569086
          ],
          [
            100.3021446,
            5.3569108
          ],
          [
            100.3021468,
            5.3569133
          ],
          [
            100.3021485,
            5.3569152
          ],
          [
            100.3021504,
            5.3569174
          ],
          [
            100.3021524,
            5.3569196
          ],
          [
            100.3021542,
            5.3569217
          ],
          [
            100.3021563,
            5.356924
          ],
          [
            100.3021579,
            5.3569258
          ],
          [
            100.3021594,
            5.3569275
          ],
          [
            100.3021612,
            5.3569308
          ],
          [
            100.3021628,
            5.3569336
          ],
          [
            100.3021641,
            5.3569359
          ],
          [
            100.3021661,
            5.3569386
          ],
          [
            100.3021678,
            5.3569409
          ],
          [
            100.3021695,
            5.3569431
          ],
          [
            100.3021713,
            5.3569452
          ],
          [
            100.3021737,
            5.3569481
          ],
          [
            100.3021755,
            5.3569501
          ],
          [
            100.302178,
            5.3569527
          ],
          [
            100.3021798,
            5.3569545
          ],
          [
            100.3021815,
            5.3569561
          ],
          [
            100.3021837,
            5.356958
          ],
          [
            100.3021854,
            5.3569594
          ],
          [
            100.3021873,
            5.356961
          ],
          [
            100.3021892,
            5.3569626
          ],
          [
            100.3021906,
            5.3569637
          ],
          [
            100.3021924,
            5.3569661
          ],
          [
            100.3021942,
            5.3569686
          ],
          [
            100.3021956,
            5.3569704
          ],
          [
            100.3021976,
            5.356973
          ],
          [
            100.3021994,
            5.3569751
          ],
          [
            100.302201,
            5.356977
          ],
          [
            100.3022032,
            5.3569792
          ],
          [
            100.3022051,
            5.356981
          ],
          [
            100.302207,
            5.3569829
          ],
          [
            100.3022091,
            5.3569847
          ],
          [
            100.3022112,
            5.3569865
          ],
          [
            100.3022135,
            5.3569884
          ],
          [
            100.3022154,
            5.3569899
          ],
          [
            100.302218,
            5.3569918
          ],
          [
            100.3022202,
            5.3569933
          ],
          [
            100.3022222,
            5.3569947
          ],
          [
            100.302224,
            5.3569959
          ],
          [
            100.3022264,
            5.3569988
          ],
          [
            100.3022283,
            5.3570012
          ],
          [
            100.3022303,
            5.3570038
          ],
          [
            100.3022323,
            5.3570062
          ],
          [
            100.3022345,
            5.3570086
          ],
          [
            100.3022367,
            5.3570111
          ],
          [
            100.3022396,
            5.3570138
          ],
          [
            100.3022418,
            5.3570155
          ],
          [
            100.3022439,
            5.357017
          ],
          [
            100.3022463,
            5.3570184
          ],
          [
            100.3022485,
            5.3570196
          ],
          [
            100.3022508,
            5.3570209
          ],
          [
            100.3022527,
            5.3570219
          ],
          [
            100.3022549,
            5.3570232
          ],
          [
            100.3022567,
            5.3570241
          ],
          [
            100.3022581,
            5.3570247
          ],
          [
            100.3022595,
            5.3570254
          ],
          [
            100.3022612,
            5.3570263
          ],
          [
            100.3022627,
            5.3570271
          ],
          [
            100.3022643,
            5.357028
          ],
          [
            100.3022659,
            5.3570288
          ],
          [
            100.3022677,
            5.3570298
          ],
          [
            100.3022695,
            5.3570307
          ],
          [
            100.3022709,
            5.3570314
          ],
          [
            100.302273,
            5.3570326
          ],
          [
            100.3022745,
            5.3570334
          ],
          [
            100.3022763,
            5.3570344
          ],
          [
            100.3022782,
            5.3570355
          ],
          [
            100.3022802,
            5.3570367
          ],
          [
            100.3022823,
            5.357038
          ],
          [
            100.302284,
            5.357039
          ],
          [
            100.3022857,
            5.35704
          ],
          [
            100.3022874,
            5.3570423
          ],
          [
            100.3022887,
            5.357044
          ],
          [
            100.30229,
            5.3570457
          ],
          [
            100.3022917,
            5.3570476
          ],
          [
            100.3022935,
            5.3570495
          ],
          [
            100.3022953,
            5.3570513
          ],
          [
            100.3022968,
            5.3570527
          ],
          [
            100.3022993,
            5.3570547
          ],
          [
            100.3023011,
            5.3570561
          ],
          [
            100.3023028,
            5.3570573
          ],
          [
            100.302305,
            5.3570588
          ],
          [
            100.3023071,
            5.3570603
          ],
          [
            100.302309,
            5.3570617
          ],
          [
            100.3023107,
            5.3570629
          ],
          [
            100.3023133,
            5.3570645
          ],
          [
            100.3023152,
            5.3570657
          ],
          [
            100.3023168,
            5.3570675
          ],
          [
            100.3023186,
            5.3570694
          ],
          [
            100.3023203,
            5.3570711
          ],
          [
            100.302322,
            5.3570728
          ],
          [
            100.3023237,
            5.3570743
          ],
          [
            100.3023258,
            5.3570762
          ],
          [
            100.3023279,
            5.3570779
          ],
          [
            100.3023296,
            5.3570792
          ],
          [
            100.3023321,
            5.3570812
          ],
          [
            100.3023345,
            5.3570832
          ],
          [
            100.3023369,
            5.3570851
          ],
          [
            100.3023393,
            5.3570869
          ],
          [
            100.3023416,
            5.3570887
          ],
          [
            100.3023434,
            5.3570901
          ],
          [
            100.3023452,
            5.3570915
          ],
          [
            100.3023478,
            5.3570938
          ],
          [
            100.3023502,
            5.357096
          ],
          [
            100.3023527,
            5.3570984
          ],
          [
            100.3023549,
            5.3571005
          ],
          [
            100.302357,
            5.3571027
          ],
          [
            100.3023589,
            5.3571046
          ],
          [
            100.3023611,
            5.357107
          ],
          [
            100.3023629,
            5.3571092
          ],
          [
            100.3023645,
            5.357111
          ],
          [
            100.3023664,
            5.3571135
          ],
          [
            100.3023678,
            5.3571154
          ],
          [
            100.3023693,
            5.3571176
          ],
          [
            100.3023708,
            5.3571199
          ],
          [
            100.3023722,
            5.3571224
          ],
          [
            100.3023738,
            5.357125
          ],
          [
            100.3023748,
            5.357127
          ],
          [
            100.3023756,
            5.3571287
          ],
          [
            100.3023773,
            5.3571319
          ],
          [
            100.3023785,
            5.3571344
          ],
          [
            100.3023796,
            5.357137
          ],
          [
            100.3023808,
            5.3571398
          ],
          [
            100.302382,
            5.3571425
          ],
          [
            100.3023832,
            5.3571452
          ],
          [
            100.3023841,
            5.3571475
          ],
          [
            100.3023852,
            5.3571503
          ],
          [
            100.3023861,
            5.3571526
          ],
          [
            100.3023868,
            5.3571547
          ],
          [
            100.3023876,
            5.3571574
          ],
          [
            100.3023883,
            5.3571596
          ],
          [
            100.3023891,
            5.3571619
          ],
          [
            100.30239,
            5.3571642
          ],
          [
            100.3023909,
            5.3571663
          ],
          [
            100.3023923,
            5.357169
          ],
          [
            100.3023938,
            5.3571718
          ],
          [
            100.3023959,
            5.3571751
          ],
          [
            100.3023975,
            5.3571776
          ],
          [
            100.3023991,
            5.3571799
          ],
          [
            100.3024011,
            5.3571824
          ],
          [
            100.3024031,
            5.3571848
          ],
          [
            100.302405,
            5.357187
          ],
          [
            100.3024067,
            5.3571889
          ],
          [
            100.3024089,
            5.3571911
          ],
          [
            100.302411,
            5.357193
          ],
          [
            100.302413,
            5.3571948
          ],
          [
            100.3024157,
            5.3571969
          ],
          [
            100.3024182,
            5.3571988
          ],
          [
            100.3024207,
            5.3572008
          ],
          [
            100.3024229,
            5.3572025
          ],
          [
            100.3024256,
            5.3572045
          ],
          [
            100.3024285,
            5.3572067
          ],
          [
            100.3024315,
            5.3572089
          ],
          [
            100.3024341,
            5.3572107
          ],
          [
            100.3024376,
            5.357213
          ],
          [
            100.3024411,
            5.3572154
          ],
          [
            100.3024448,
            5.3572179
          ],
          [
            100.3024485,
            5.3572203
          ],
          [
            100.302452,
            5.3572227
          ],
          [
            100.3024547,
            5.3572245
          ],
          [
            100.3024584,
            5.3572269
          ],
          [
            100.3024613,
            5.3572287
          ],
          [
            100.3024642,
            5.3572305
          ],
          [
            100.3024675,
            5.3572324
          ],
          [
            100.3024706,
            5.3572341
          ],
          [
            100.302474,
            5.3572368
          ],
          [
            100.3024771,
            5.3572392
          ],
          [
            100.3024806,
            5.3572419
          ],
          [
            100.302484,
            5.3572443
          ],
          [
            100.3024868,
            5.3572463
          ],
          [
            100.3024908,
            5.3572488
          ],
          [
            100.3024939,
            5.3572508
          ],
          [
            100.3024971,
            5.3572529
          ],
          [
            100.3025007,
            5.3572551
          ],
          [
            100.3025042,
            5.3572572
          ],
          [
            100.3025078,
            5.3572594
          ],
          [
            100.302511,
            5.3572611
          ],
          [
            100.3025148,
            5.3572634
          ],
          [
            100.3025185,
            5.3572654
          ],
          [
            100.3025217,
            5.357267
          ],
          [
            100.3025249,
            5.3572687
          ],
          [
            100.3025291,
            5.3572709
          ],
          [
            100.3025324,
            5.3572725
          ],
          [
            100.302536,
            5.3572741
          ],
          [
            100.3025402,
            5.3572759
          ],
          [
            100.3025453,
            5.357278
          ],
          [
            100.3025497,
            5.3572799
          ],
          [
            100.3025558,
            5.3572823
          ],
          [
            100.3025603,
            5.3572841
          ],
          [
            100.3025662,
            5.3572862
          ],
          [
            100.3025705,
            5.3572876
          ],
          [
            100.3025748,
            5.357289
          ],
          [
            100.3025797,
            5.3572903
          ],
          [
            100.302584,
            5.3572913
          ],
          [
            100.3025884,
            5.3572921
          ],
          [
            100.3025926,
            5.3572927
          ],
          [
            100.3025962,
            5.3572933
          ],
          [
            100.3026002,
            5.3572936
          ],
          [
            100.3026039,
            5.3572939
          ],
          [
            100.3026068,
            5.3572942
          ],
          [
            100.3026115,
            5.3572941
          ],
          [
            100.3026152,
            5.357294
          ],
          [
            100.3026202,
            5.3572937
          ],
          [
            100.3026251,
            5.3572933
          ],
          [
            100.3026299,
            5.357293
          ],
          [
            100.3026356,
            5.3572929
          ],
          [
            100.3026401,
            5.3572929
          ],
          [
            100.3026452,
            5.3572932
          ],
          [
            100.3026495,
            5.3572933
          ],
          [
            100.302653,
            5.3572934
          ],
          [
            100.3026566,
            5.3572937
          ],
          [
            100.3026607,
            5.3572941
          ],
          [
            100.3026637,
            5.3572943
          ],
          [
            100.3026668,
            5.3572946
          ],
          [
            100.3026704,
            5.3572951
          ],
          [
            100.3026737,
            5.3572957
          ],
          [
            100.3026771,
            5.3572965
          ],
          [
            100.3026803,
            5.3572971
          ],
          [
            100.3026848,
            5.3572981
          ],
          [
            100.3026883,
            5.3572987
          ],
          [
            100.3026926,
            5.3572997
          ],
          [
            100.3026961,
            5.3573002
          ],
          [
            100.3026992,
            5.3573007
          ],
          [
            100.3027031,
            5.3573011
          ],
          [
            100.302706,
            5.3573013
          ],
          [
            100.3027096,
            5.3573016
          ],
          [
            100.302713,
            5.3573017
          ],
          [
            100.302716,
            5.3573018
          ],
          [
            100.3027197,
            5.3573015
          ],
          [
            100.3027232,
            5.3573011
          ],
          [
            100.3027258,
            5.3573006
          ],
          [
            100.3027297,
            5.3572998
          ],
          [
            100.3027329,
            5.3572992
          ],
          [
            100.3027368,
            5.3572986
          ],
          [
            100.3027399,
            5.357298
          ],
          [
            100.3027432,
            5.3572975
          ],
          [
            100.3027465,
            5.3572969
          ],
          [
            100.3027499,
            5.3572964
          ],
          [
            100.3027532,
            5.357296
          ],
          [
            100.3027559,
            5.3572954
          ],
          [
            100.30276,
            5.3572944
          ],
          [
            100.3027631,
            5.3572935
          ],
          [
            100.3027664,
            5.3572926
          ],
          [
            100.3027704,
            5.3572914
          ],
          [
            100.3027733,
            5.3572902
          ],
          [
            100.3027762,
            5.357289
          ],
          [
            100.3027796,
            5.3572876
          ],
          [
            100.3027827,
            5.3572864
          ],
          [
            100.3027858,
            5.3572854
          ],
          [
            100.302789,
            5.3572845
          ],
          [
            100.3027925,
            5.3572837
          ],
          [
            100.302796,
            5.3572831
          ],
          [
            100.302799,
            5.3572826
          ],
          [
            100.3028035,
            5.3572823
          ],
          [
            100.3028071,
            5.3572821
          ],
          [
            100.3028117,
            5.3572822
          ],
          [
            100.3028155,
            5.3572822
          ],
          [
            100.3028192,
            5.3572824
          ],
          [
            100.3028231,
            5.3572827
          ],
          [
            100.3028267,
            5.357283
          ],
          [
            100.3028297,
            5.3572834
          ],
          [
            100.3028338,
            5.3572832
          ],
          [
            100.3028376,
            5.357283
          ],
          [
            100.3028423,
            5.357283
          ],
          [
            100.3028461,
            5.357283
          ],
          [
            100.3028507,
            5.3572833
          ],
          [
            100.3028548,
            5.3572835
          ],
          [
            100.3028584,
            5.3572836
          ],
          [
            100.3028627,
            5.3572837
          ],
          [
            100.3028671,
            5.357284
          ],
          [
            100.3028716,
            5.3572843
          ],
          [
            100.302876,
            5.3572845
          ],
          [
            100.3028801,
            5.3572848
          ],
          [
            100.3028838,
            5.3572849
          ],
          [
            100.302888,
            5.3572849
          ],
          [
            100.3028916,
            5.3572849
          ],
          [
            100.302896,
            5.3572838
          ],
          [
            100.3028997,
            5.3572825
          ],
          [
            100.3029044,
            5.3572809
          ],
          [
            100.3029084,
            5.3572795
          ],
          [
            100.3029121,
            5.3572781
          ],
          [
            100.3029165,
            5.3572766
          ],
          [
            100.3029201,
            5.3572753
          ],
          [
            100.302924,
            5.357274
          ],
          [
            100.3029281,
            5.3572726
          ],
          [
            100.3029321,
            5.3572712
          ],
          [
            100.3029363,
            5.3572698
          ],
          [
            100.3029401,
            5.3572685
          ],
          [
            100.3029443,
            5.3572672
          ],
          [
            100.3029484,
            5.3572658
          ],
          [
            100.3029519,
            5.3572647
          ],
          [
            100.3029562,
            5.3572633
          ],
          [
            100.30296,
            5.357262
          ]
        ]
      },
      "properties": {
        "session": "session_3_2026-09-18_morning_M01_Rainy_to_DTSP",
        "date": "2026-09-18",
        "condition": "Rainy morning delay: 118-min weather shelter in cafeteria, then transit",
        "direction": "TO_DTSP",
        "raw_distance_m": 4884.0,
        "filtered_distance_m": 2468.9,
        "jitter_reduction_pct": 49.4
      }
    },
    {
      "type": "Feature",
      "geometry": {
        "type": "Point",
        "coordinates": [
          100.289213,
          5.3559292
        ]
      },
      "properties": {
        "name": "Origin",
        "time": "06:19:03",
        "location": "Desasiswa Restu (M01 Complex) via RST Cafeteria"
      }
    },
    {
      "type": "Feature",
      "geometry": {
        "type": "Point",
        "coordinates": [
          100.30296,
          5.357262
        ]
      },
      "properties": {
        "name": "Destination",
        "time": "08:43:53",
        "location": "Dewan Tuanku Syed Putra (DTSP)"
      }
    }
  ]
}