{
  "type": "FeatureCollection",
  "features": [
    {
      "type": "Feature",
      "geometry": {
        "type": "LineString",
        "coordinates": [
          [
            100.2898076,
            5.3572768
          ],
          [
            100.289831,
            5.3572347
          ],
          [
            100.289835,
            5.3572276
          ],
          [
            100.2898378,
            5.3572228
          ],
          [
            100.2898398,
            5.3572192
          ],
          [
            100.2898414,
            5.3572164
          ],
          [
            100.2898426,
            5.3572142
          ],
          [
            100.2898434,
            5.3572126
          ],
          [
            100.289844,
            5.3572113
          ],
          [
            100.2898444,
            5.3572103
          ],
          [
            100.2898447,
            5.3572096
          ],
          [
            100.2898448,
            5.357209
          ],
          [
            100.2898449,
            5.3572085
          ],
          [
            100.2898448,
            5.3572082
          ],
          [
            100.2898448,
            5.3572079
          ],
          [
            100.2898447,
            5.3572078
          ],
          [
            100.2898445,
            5.3572077
          ],
          [
            100.2898443,
            5.3572076
          ],
          [
            100.2898441,
            5.3572076
          ],
          [
            100.2898439,
            5.3572076
          ],
          [
            100.2898437,
            5.3572077
          ],
          [
            100.2898434,
            5.3572078
          ],
          [
            100.2898432,
            5.3572079
          ],
          [
            100.2898429,
            5.357208
          ],
          [
            100.2898427,
            5.3572081
          ],
          [
            100.2898424,
            5.3572082
          ],
          [
            100.2898422,
            5.3572083
          ],
          [
            100.289842,
            5.3572085
          ],
          [
            100.2898418,
            5.3572086
          ],
          [
            100.2898415,
            5.3572087
          ],
          [
            100.2898413,
            5.3572089
          ],
          [
            100.2898411,
            5.357209
          ],
          [
            100.2898409,
            5.3572092
          ],
          [
            100.2898407,
            5.3572093
          ],
          [
            100.2898405,
            5.3572095
          ],
          [
            100.2898403,
            5.3572096
          ],
          [
            100.2898401,
            5.3572097
          ],
          [
            100.2898399,
            5.3572099
          ],
          [
            100.2898398,
            5.35721
          ],
          [
            100.2898396,
            5.3572102
          ],
          [
            100.2898394,
            5.3572103
          ],
          [
            100.2898393,
            5.3572105
          ],
          [
            100.2898391,
            5.3572106
          ],
          [
            100.289839,
            5.3572107
          ],
          [
            100.2898388,
            5.3572109
          ],
          [
            100.2898387,
            5.357211
          ],
          [
            100.2898385,
            5.3572111
          ],
          [
            100.2898384,
            5.3572113
          ],
          [
            100.2898382,
            5.3572114
          ],
          [
            100.2898381,
            5.3572115
          ],
          [
            100.289838,
            5.3572117
          ],
          [
            100.2898378,
            5.3572118
          ],
          [
            100.2898377,
            5.357212
          ],
          [
            100.2898376,
            5.3572121
          ],
          [
            100.2898375,
            5.3572122
          ],
          [
            100.2898374,
            5.3572124
          ],
          [
            100.2898372,
            5.3572125
          ],
          [
            100.2898371,
            5.3572127
          ],
          [
            100.289837,
            5.3572128
          ],
          [
            100.2898369,
            5.3572129
          ],
          [
            100.2898368,
            5.3572131
          ],
          [
            100.2898367,
            5.3572132
          ],
          [
            100.2898366,
            5.3572133
          ],
          [
            100.2898365,
            5.3572135
          ],
          [
            100.2898364,
            5.3572136
          ],
          [
            100.2898363,
            5.3572138
          ],
          [
            100.2898362,
            5.357214
          ],
          [
            100.289836,
            5.3572142
          ],
          [
            100.2898359,
            5.3572144
          ],
          [
            100.2898358,
            5.3572146
          ],
          [
            100.2898356,
            5.3572148
          ],
          [
            100.2898355,
            5.357215
          ],
          [
            100.2898354,
            5.3572152
          ],
          [
            100.2898352,
            5.3572154
          ],
          [
            100.2898351,
            5.3572156
          ],
          [
            100.289835,
            5.3572158
          ],
          [
            100.2898349,
            5.357216
          ],
          [
            100.2898347,
            5.3572162
          ],
          [
            100.2898346,
            5.3572164
          ],
          [
            100.2898345,
            5.3572166
          ],
          [
            100.2898344,
            5.3572168
          ],
          [
            100.2898343,
            5.357217
          ],
          [
            100.2898342,
            5.3572172
          ],
          [
            100.2898341,
            5.3572174
          ],
          [
            100.289834,
            5.3572176
          ],
          [
            100.2898332,
            5.3572203
          ],
          [
            100.2898319,
            5.3572246
          ],
          [
            100.2898307,
            5.357229
          ],
          [
            100.2898298,
            5.3572325
          ],
          [
            100.2898292,
            5.3572351
          ],
          [
            100.2898289,
            5.3572367
          ],
          [
            100.2898291,
            5.3572378
          ],
          [
            100.2898294,
            5.3572386
          ],
          [
            100.2898294,
            5.3572393
          ],
          [
            100.2898293,
            5.3572399
          ],
          [
            100.2898291,
            5.3572402
          ],
          [
            100.2898289,
            5.3572404
          ],
          [
            100.2898286,
            5.3572405
          ],
          [
            100.2898281,
            5.3572399
          ],
          [
            100.2898276,
            5.3572392
          ],
          [
            100.2898271,
            5.3572388
          ],
          [
            100.2898267,
            5.3572383
          ],
          [
            100.2898264,
            5.3572381
          ],
          [
            100.2898261,
            5.3572379
          ],
          [
            100.2898257,
            5.3572377
          ],
          [
            100.2898254,
            5.3572376
          ],
          [
            100.2898252,
            5.3572375
          ],
          [
            100.2898249,
            5.3572374
          ],
          [
            100.2898247,
            5.3572372
          ],
          [
            100.2898245,
            5.3572371
          ],
          [
            100.2898242,
            5.357237
          ],
          [
            100.2898241,
            5.3572369
          ],
          [
            100.2898242,
            5.3572368
          ],
          [
            100.2898242,
            5.3572368
          ],
          [
            100.2898241,
            5.3572367
          ],
          [
            100.2898241,
            5.3572367
          ],
          [
            100.289824,
            5.3572367
          ],
          [
            100.2898239,
            5.3572367
          ],
          [
            100.2898237,
            5.3572366
          ],
          [
            100.2898236,
            5.3572366
          ],
          [
            100.2898235,
            5.3572366
          ],
          [
            100.2898234,
            5.357237
          ],
          [
            100.2898235,
            5.3572373
          ],
          [
            100.2898235,
            5.3572376
          ],
          [
            100.2898234,
            5.3572377
          ],
          [
            100.2898233,
            5.3572378
          ],
          [
            100.2898231,
            5.3572379
          ],
          [
            100.2898229,
            5.3572379
          ],
          [
            100.289823,
            5.3572379
          ],
          [
            100.289823,
            5.3572379
          ],
          [
            100.289823,
            5.3572379
          ],
          [
            100.289823,
            5.3572379
          ],
          [
            100.2898229,
            5.3572378
          ],
          [
            100.2898229,
            5.3572378
          ],
          [
            100.2898228,
            5.3572378
          ],
          [
            100.2898226,
            5.3572377
          ],
          [
            100.2898226,
            5.3572377
          ],
          [
            100.2898233,
            5.3572378
          ],
          [
            100.2898239,
            5.3572379
          ],
          [
            100.2898243,
            5.3572379
          ],
          [
            100.2898245,
            5.3572379
          ],
          [
            100.2898245,
            5.3572379
          ],
          [
            100.2898245,
            5.3572379
          ],
          [
            100.2898245,
            5.3572379
          ],
          [
            100.2898244,
            5.3572381
          ],
          [
            100.2898242,
            5.3572382
          ],
          [
            100.289824,
            5.3572384
          ],
          [
            100.2898238,
            5.3572385
          ],
          [
            100.2898236,
            5.3572385
          ],
          [
            100.2898234,
            5.3572386
          ],
          [
            100.2898231,
            5.3572388
          ],
          [
            100.2898229,
            5.3572391
          ],
          [
            100.2898228,
            5.3572393
          ],
          [
            100.2898227,
            5.3572395
          ],
          [
            100.2898228,
            5.3572394
          ],
          [
            100.2898232,
            5.357239
          ],
          [
            100.2898233,
            5.3572388
          ],
          [
            100.2898235,
            5.3572388
          ],
          [
            100.2898235,
            5.3572388
          ],
          [
            100.2898236,
            5.3572389
          ],
          [
            100.2898236,
            5.357239
          ],
          [
            100.2898236,
            5.3572391
          ],
          [
            100.2898237,
            5.3572392
          ],
          [
            100.2898237,
            5.3572394
          ],
          [
            100.2898237,
            5.3572397
          ],
          [
            100.2898238,
            5.35724
          ],
          [
            100.2898239,
            5.3572404
          ],
          [
            100.2898239,
            5.3572408
          ],
          [
            100.2898241,
            5.3572413
          ],
          [
            100.2898242,
            5.3572417
          ],
          [
            100.2898243,
            5.3572422
          ],
          [
            100.2898245,
            5.3572427
          ],
          [
            100.2898246,
            5.3572433
          ],
          [
            100.2898248,
            5.3572439
          ],
          [
            100.289825,
            5.3572445
          ],
          [
            100.2898253,
            5.3572451
          ],
          [
            100.2898256,
            5.3572458
          ],
          [
            100.2898259,
            5.3572465
          ],
          [
            100.2898262,
            5.3572473
          ],
          [
            100.2898266,
            5.3572481
          ],
          [
            100.289827,
            5.3572488
          ],
          [
            100.2898274,
            5.3572496
          ],
          [
            100.2898278,
            5.3572505
          ],
          [
            100.2898283,
            5.3572513
          ],
          [
            100.2898288,
            5.3572521
          ],
          [
            100.2898307,
            5.3572541
          ],
          [
            100.289833,
            5.3572565
          ],
          [
            100.2898367,
            5.3572599
          ],
          [
            100.2898413,
            5.3572658
          ],
          [
            100.2898455,
            5.3572716
          ],
          [
            100.289851,
            5.3572792
          ],
          [
            100.2898563,
            5.3572878
          ],
          [
            100.2898617,
            5.3572969
          ],
          [
            100.2898662,
            5.3573053
          ],
          [
            100.2898709,
            5.3573143
          ],
          [
            100.2898744,
            5.3573216
          ],
          [
            100.289877,
            5.3573273
          ],
          [
            100.2898809,
            5.3573336
          ],
          [
            100.2898849,
            5.3573398
          ],
          [
            100.2898885,
            5.3573454
          ],
          [
            100.2898928,
            5.3573511
          ],
          [
            100.2898966,
            5.357356
          ],
          [
            100.2899001,
            5.3573604
          ],
          [
            100.2899043,
            5.3573655
          ],
          [
            100.289907,
            5.357369
          ],
          [
            100.2899105,
            5.357373
          ],
          [
            100.2899137,
            5.357377
          ],
          [
            100.2899179,
            5.3573818
          ],
          [
            100.2899207,
            5.3573857
          ],
          [
            100.2899233,
            5.3573893
          ],
          [
            100.2899259,
            5.3573935
          ],
          [
            100.2899276,
            5.3573965
          ],
          [
            100.2899297,
            5.3573997
          ],
          [
            100.2899315,
            5.3574032
          ],
          [
            100.2899328,
            5.3574061
          ],
          [
            100.2899348,
            5.3574096
          ],
          [
            100.2899363,
            5.3574129
          ],
          [
            100.2899376,
            5.357416
          ],
          [
            100.2899389,
            5.3574199
          ],
          [
            100.2899401,
            5.3574238
          ],
          [
            100.2899412,
            5.3574283
          ],
          [
            100.2899421,
            5.3574324
          ],
          [
            100.2899428,
            5.3574385
          ],
          [
            100.2899432,
            5.3574439
          ],
          [
            100.2899441,
            5.3574497
          ],
          [
            100.2899451,
            5.3574549
          ],
          [
            100.2899463,
            5.3574599
          ],
          [
            100.2899487,
            5.3574653
          ],
          [
            100.2899506,
            5.3574694
          ],
          [
            100.289954,
            5.3574739
          ],
          [
            100.2899565,
            5.357477
          ],
          [
            100.2899604,
            5.3574804
          ],
          [
            100.2899643,
            5.357483
          ],
          [
            100.2899674,
            5.3574848
          ],
          [
            100.2899706,
            5.3574865
          ],
          [
            100.2899749,
            5.3574875
          ],
          [
            100.2899789,
            5.3574884
          ],
          [
            100.2899835,
            5.3574891
          ],
          [
            100.2899872,
            5.3574896
          ],
          [
            100.2899912,
            5.3574901
          ],
          [
            100.2899948,
            5.3574903
          ],
          [
            100.2899986,
            5.3574904
          ],
          [
            100.290003,
            5.3574903
          ],
          [
            100.2900081,
            5.3574901
          ],
          [
            100.2900116,
            5.3574899
          ],
          [
            100.2900148,
            5.3574897
          ],
          [
            100.2900174,
            5.3574895
          ],
          [
            100.2900212,
            5.3574891
          ],
          [
            100.2900242,
            5.3574888
          ],
          [
            100.2900281,
            5.3574883
          ],
          [
            100.2900319,
            5.3574878
          ],
          [
            100.2900348,
            5.3574874
          ],
          [
            100.2900385,
            5.3574869
          ],
          [
            100.2900419,
            5.3574863
          ],
          [
            100.290047,
            5.3574852
          ],
          [
            100.2900507,
            5.3574843
          ],
          [
            100.290055,
            5.3574829
          ],
          [
            100.2900584,
            5.3574818
          ],
          [
            100.2900613,
            5.3574808
          ],
          [
            100.290064,
            5.3574799
          ],
          [
            100.2900677,
            5.3574785
          ],
          [
            100.2900719,
            5.3574768
          ],
          [
            100.2900759,
            5.3574752
          ],
          [
            100.2900792,
            5.3574739
          ],
          [
            100.2900834,
            5.3574722
          ],
          [
            100.2900866,
            5.3574709
          ],
          [
            100.2900899,
            5.3574697
          ],
          [
            100.2900938,
            5.3574684
          ],
          [
            100.2900969,
            5.3574675
          ],
          [
            100.2901015,
            5.3574664
          ],
          [
            100.2901052,
            5.3574655
          ],
          [
            100.2901092,
            5.3574648
          ],
          [
            100.2901126,
            5.3574642
          ],
          [
            100.2901172,
            5.3574635
          ],
          [
            100.2901206,
            5.3574629
          ],
          [
            100.2901254,
            5.357462
          ],
          [
            100.2901292,
            5.3574613
          ],
          [
            100.2901334,
            5.3574604
          ],
          [
            100.2901385,
            5.3574596
          ],
          [
            100.2901418,
            5.357459
          ],
          [
            100.2901471,
            5.3574582
          ],
          [
            100.2901513,
            5.3574576
          ],
          [
            100.2901552,
            5.357457
          ],
          [
            100.2901595,
            5.3574563
          ],
          [
            100.2901628,
            5.3574557
          ],
          [
            100.2901652,
            5.3574553
          ],
          [
            100.2901685,
            5.3574548
          ],
          [
            100.2901719,
            5.3574542
          ],
          [
            100.290175,
            5.3574538
          ],
          [
            100.290179,
            5.3574535
          ],
          [
            100.2901822,
            5.3574531
          ],
          [
            100.2901863,
            5.3574527
          ],
          [
            100.2901906,
            5.3574518
          ],
          [
            100.2901937,
            5.3574511
          ],
          [
            100.2901985,
            5.3574498
          ],
          [
            100.290202,
            5.3574486
          ],
          [
            100.2902056,
            5.357447
          ],
          [
            100.2902098,
            5.3574452
          ],
          [
            100.2902129,
            5.3574437
          ],
          [
            100.2902152,
            5.3574426
          ],
          [
            100.2902185,
            5.3574412
          ],
          [
            100.2902221,
            5.35744
          ],
          [
            100.2902253,
            5.3574389
          ],
          [
            100.2902294,
            5.3574379
          ],
          [
            100.2902326,
            5.357437
          ],
          [
            100.2902364,
            5.357436
          ],
          [
            100.2902405,
            5.3574349
          ],
          [
            100.2902431,
            5.3574341
          ],
          [
            100.2902472,
            5.357433
          ],
          [
            100.2902507,
            5.3574322
          ],
          [
            100.2902541,
            5.3574317
          ],
          [
            100.2902582,
            5.3574314
          ],
          [
            100.290261,
            5.3574315
          ],
          [
            100.2902629,
            5.3574316
          ],
          [
            100.2902672,
            5.3574322
          ],
          [
            100.2902703,
            5.3574325
          ],
          [
            100.2902741,
            5.3574324
          ],
          [
            100.2902773,
            5.3574321
          ],
          [
            100.2902818,
            5.3574307
          ],
          [
            100.2902847,
            5.3574298
          ],
          [
            100.2902876,
            5.3574289
          ],
          [
            100.2902916,
            5.3574275
          ],
          [
            100.2902928,
            5.357427
          ],
          [
            100.2902935,
            5.3574267
          ],
          [
            100.2902939,
            5.3574264
          ],
          [
            100.2902942,
            5.3574262
          ],
          [
            100.2902945,
            5.357426
          ],
          [
            100.2902948,
            5.3574258
          ],
          [
            100.290295,
            5.3574256
          ],
          [
            100.2902953,
            5.3574254
          ],
          [
            100.2902969,
            5.3574241
          ],
          [
            100.2902992,
            5.3574224
          ],
          [
            100.2903038,
            5.357419
          ],
          [
            100.2903056,
            5.3574178
          ],
          [
            100.2903067,
            5.357417
          ],
          [
            100.2903076,
            5.3574164
          ],
          [
            100.2903084,
            5.357416
          ],
          [
            100.2903091,
            5.3574156
          ],
          [
            100.2903097,
            5.3574152
          ],
          [
            100.2903103,
            5.3574148
          ],
          [
            100.2903108,
            5.3574145
          ],
          [
            100.2903113,
            5.3574141
          ],
          [
            100.2903118,
            5.3574138
          ],
          [
            100.2903123,
            5.3574135
          ],
          [
            100.2903128,
            5.3574131
          ],
          [
            100.2903133,
            5.3574128
          ],
          [
            100.2903138,
            5.3574126
          ],
          [
            100.2903142,
            5.3574123
          ],
          [
            100.2903147,
            5.357412
          ],
          [
            100.2903151,
            5.3574118
          ],
          [
            100.2903156,
            5.3574116
          ],
          [
            100.290316,
            5.3574114
          ],
          [
            100.2903164,
            5.3574113
          ],
          [
            100.2903168,
            5.3574111
          ],
          [
            100.2903172,
            5.357411
          ],
          [
            100.2903176,
            5.3574109
          ],
          [
            100.290318,
            5.3574108
          ],
          [
            100.2903183,
            5.3574108
          ],
          [
            100.2903187,
            5.3574107
          ],
          [
            100.2903191,
            5.3574107
          ],
          [
            100.2903194,
            5.3574107
          ],
          [
            100.2903197,
            5.3574107
          ],
          [
            100.2903201,
            5.3574107
          ],
          [
            100.2903204,
            5.3574107
          ],
          [
            100.2903207,
            5.3574107
          ],
          [
            100.290321,
            5.3574107
          ],
          [
            100.2903213,
            5.3574107
          ],
          [
            100.2903216,
            5.3574108
          ],
          [
            100.2903219,
            5.3574108
          ],
          [
            100.2903222,
            5.3574108
          ],
          [
            100.2903225,
            5.3574109
          ],
          [
            100.2903227,
            5.3574109
          ],
          [
            100.290323,
            5.357411
          ],
          [
            100.2903233,
            5.357411
          ],
          [
            100.2903235,
            5.3574111
          ],
          [
            100.2903238,
            5.3574111
          ],
          [
            100.290324,
            5.3574112
          ],
          [
            100.2903243,
            5.3574112
          ],
          [
            100.2903245,
            5.3574113
          ],
          [
            100.2903274,
            5.3574124
          ],
          [
            100.2903304,
            5.3574136
          ],
          [
            100.2903347,
            5.3574156
          ],
          [
            100.2903389,
            5.3574178
          ],
          [
            100.2903422,
            5.3574198
          ],
          [
            100.2903439,
            5.357421
          ],
          [
            100.2903454,
            5.3574219
          ],
          [
            100.2903466,
            5.3574226
          ],
          [
            100.2903476,
            5.3574231
          ],
          [
            100.2903483,
            5.3574235
          ],
          [
            100.2903488,
            5.3574238
          ],
          [
            100.2903491,
            5.357424
          ],
          [
            100.2903494,
            5.3574241
          ],
          [
            100.2903497,
            5.3574242
          ],
          [
            100.2903501,
            5.3574243
          ],
          [
            100.2903504,
            5.3574243
          ],
          [
            100.2903506,
            5.3574243
          ],
          [
            100.2903509,
            5.3574244
          ],
          [
            100.2903511,
            5.3574244
          ],
          [
            100.2903513,
            5.3574245
          ],
          [
            100.2903514,
            5.3574246
          ],
          [
            100.2903515,
            5.3574247
          ],
          [
            100.2903517,
            5.3574249
          ],
          [
            100.2903518,
            5.3574251
          ],
          [
            100.2903519,
            5.3574252
          ],
          [
            100.2903521,
            5.3574254
          ],
          [
            100.2903522,
            5.3574257
          ],
          [
            100.2903523,
            5.357426
          ],
          [
            100.2903525,
            5.3574264
          ],
          [
            100.2903527,
            5.3574267
          ],
          [
            100.2903528,
            5.3574271
          ],
          [
            100.2903529,
            5.3574274
          ],
          [
            100.290353,
            5.3574277
          ],
          [
            100.2903531,
            5.357428
          ],
          [
            100.2903532,
            5.3574283
          ],
          [
            100.2903533,
            5.3574286
          ],
          [
            100.2903535,
            5.357429
          ],
          [
            100.2903535,
            5.3574293
          ],
          [
            100.2903536,
            5.3574295
          ],
          [
            100.2903536,
            5.3574296
          ],
          [
            100.2903537,
            5.3574298
          ],
          [
            100.2903538,
            5.35743
          ],
          [
            100.2903538,
            5.3574302
          ],
          [
            100.2903538,
            5.3574305
          ],
          [
            100.2903538,
            5.3574306
          ],
          [
            100.2903537,
            5.3574308
          ],
          [
            100.2903537,
            5.357431
          ],
          [
            100.2903537,
            5.3574312
          ],
          [
            100.2903536,
            5.3574314
          ],
          [
            100.2903536,
            5.3574317
          ],
          [
            100.2903535,
            5.3574319
          ],
          [
            100.2903534,
            5.357432
          ],
          [
            100.2903533,
            5.3574322
          ],
          [
            100.2903531,
            5.3574324
          ],
          [
            100.2903529,
            5.3574325
          ],
          [
            100.2903526,
            5.3574327
          ],
          [
            100.2903524,
            5.3574328
          ],
          [
            100.2903521,
            5.3574329
          ],
          [
            100.2903519,
            5.357433
          ],
          [
            100.2903508,
            5.3574319
          ],
          [
            100.2903496,
            5.3574307
          ],
          [
            100.2903486,
            5.3574298
          ],
          [
            100.2903479,
            5.357429
          ],
          [
            100.2903472,
            5.3574283
          ],
          [
            100.2903466,
            5.3574276
          ],
          [
            100.2903462,
            5.3574271
          ],
          [
            100.2903447,
            5.3574254
          ],
          [
            100.2903432,
            5.3574236
          ],
          [
            100.2903419,
            5.357422
          ],
          [
            100.2903407,
            5.3574207
          ],
          [
            100.2903399,
            5.3574196
          ],
          [
            100.2903392,
            5.3574188
          ],
          [
            100.2903379,
            5.3574174
          ],
          [
            100.2903366,
            5.3574161
          ],
          [
            100.2903355,
            5.3574149
          ],
          [
            100.2903345,
            5.357414
          ],
          [
            100.2903337,
            5.3574132
          ],
          [
            100.290333,
            5.3574126
          ],
          [
            100.2903326,
            5.3574123
          ],
          [
            100.2903321,
            5.357412
          ],
          [
            100.29033,
            5.3574106
          ],
          [
            100.2903298,
            5.3574105
          ],
          [
            100.2903297,
            5.3574106
          ],
          [
            100.2903297,
            5.3574107
          ],
          [
            100.2903297,
            5.3574107
          ],
          [
            100.2903297,
            5.3574108
          ],
          [
            100.2903297,
            5.3574109
          ],
          [
            100.2903298,
            5.357411
          ],
          [
            100.2903298,
            5.3574111
          ],
          [
            100.2903298,
            5.3574111
          ],
          [
            100.2903299,
            5.3574112
          ],
          [
            100.2903299,
            5.3574113
          ],
          [
            100.29033,
            5.3574114
          ],
          [
            100.29033,
            5.3574114
          ],
          [
            100.2903301,
            5.3574115
          ],
          [
            100.2903301,
            5.3574116
          ],
          [
            100.2903302,
            5.3574116
          ],
          [
            100.2903302,
            5.3574117
          ],
          [
            100.2903303,
            5.3574117
          ],
          [
            100.2903304,
            5.3574118
          ],
          [
            100.2903304,
            5.3574119
          ],
          [
            100.2903305,
            5.357412
          ],
          [
            100.2903306,
            5.3574121
          ],
          [
            100.2903307,
            5.3574122
          ],
          [
            100.2903308,
            5.3574123
          ],
          [
            100.2903309,
            5.3574124
          ],
          [
            100.290331,
            5.3574125
          ],
          [
            100.290331,
            5.3574126
          ],
          [
            100.2903311,
            5.3574127
          ],
          [
            100.2903312,
            5.3574128
          ],
          [
            100.2903313,
            5.3574129
          ],
          [
            100.2903313,
            5.357413
          ],
          [
            100.2903314,
            5.3574131
          ],
          [
            100.2903314,
            5.3574132
          ],
          [
            100.2903315,
            5.3574133
          ],
          [
            100.2903316,
            5.3574134
          ],
          [
            100.2903316,
            5.3574135
          ],
          [
            100.2903316,
            5.3574136
          ],
          [
            100.2903317,
            5.3574136
          ],
          [
            100.2903317,
            5.3574137
          ],
          [
            100.2903317,
            5.3574138
          ],
          [
            100.2903318,
            5.3574139
          ],
          [
            100.2903318,
            5.3574139
          ],
          [
            100.2903318,
            5.357414
          ],
          [
            100.2903318,
            5.3574141
          ],
          [
            100.2903319,
            5.3574142
          ],
          [
            100.2903319,
            5.3574142
          ],
          [
            100.2903319,
            5.3574143
          ],
          [
            100.2903319,
            5.3574144
          ],
          [
            100.2903319,
            5.3574144
          ],
          [
            100.2903319,
            5.3574145
          ],
          [
            100.2903319,
            5.3574145
          ],
          [
            100.290332,
            5.3574146
          ],
          [
            100.290332,
            5.3574147
          ],
          [
            100.290332,
            5.3574147
          ],
          [
            100.290332,
            5.3574148
          ],
          [
            100.2903319,
            5.3574149
          ],
          [
            100.2903319,
            5.3574149
          ],
          [
            100.2903319,
            5.357415
          ],
          [
            100.2903319,
            5.3574151
          ],
          [
            100.2903318,
            5.3574152
          ],
          [
            100.2903318,
            5.3574153
          ],
          [
            100.2903318,
            5.3574153
          ],
          [
            100.2903317,
            5.3574154
          ],
          [
            100.2903317,
            5.3574155
          ],
          [
            100.2903316,
            5.3574156
          ],
          [
            100.2903315,
            5.3574157
          ],
          [
            100.2903314,
            5.3574159
          ],
          [
            100.2903314,
            5.357416
          ],
          [
            100.2903313,
            5.3574161
          ],
          [
            100.2903312,
            5.3574162
          ],
          [
            100.2903311,
            5.3574163
          ],
          [
            100.290331,
            5.3574164
          ],
          [
            100.2903309,
            5.3574166
          ],
          [
            100.2903308,
            5.3574167
          ],
          [
            100.2903307,
            5.3574168
          ],
          [
            100.2903306,
            5.357417
          ],
          [
            100.2903304,
            5.3574171
          ],
          [
            100.2903303,
            5.3574172
          ],
          [
            100.2903302,
            5.3574174
          ],
          [
            100.29033,
            5.3574175
          ],
          [
            100.2903299,
            5.3574176
          ],
          [
            100.2903297,
            5.3574178
          ],
          [
            100.2903296,
            5.3574179
          ],
          [
            100.2903294,
            5.357418
          ],
          [
            100.2903293,
            5.3574182
          ],
          [
            100.2903291,
            5.3574183
          ],
          [
            100.2903289,
            5.3574185
          ],
          [
            100.2903288,
            5.3574186
          ],
          [
            100.2903286,
            5.3574187
          ],
          [
            100.2903284,
            5.3574189
          ],
          [
            100.2903282,
            5.357419
          ],
          [
            100.290328,
            5.3574192
          ],
          [
            100.2903278,
            5.3574193
          ],
          [
            100.2903276,
            5.3574195
          ],
          [
            100.2903274,
            5.3574196
          ],
          [
            100.2903272,
            5.3574198
          ],
          [
            100.2903269,
            5.3574199
          ],
          [
            100.2903267,
            5.3574201
          ],
          [
            100.2903265,
            5.3574202
          ],
          [
            100.2903262,
            5.3574204
          ],
          [
            100.290326,
            5.3574205
          ],
          [
            100.2903257,
            5.3574207
          ],
          [
            100.2903255,
            5.3574208
          ],
          [
            100.2903252,
            5.357421
          ],
          [
            100.290325,
            5.3574211
          ],
          [
            100.2903247,
            5.3574213
          ],
          [
            100.2903244,
            5.3574215
          ],
          [
            100.2903241,
            5.3574216
          ],
          [
            100.2903239,
            5.3574218
          ],
          [
            100.2903236,
            5.357422
          ],
          [
            100.2903233,
            5.3574222
          ],
          [
            100.290323,
            5.3574223
          ],
          [
            100.2903227,
            5.3574225
          ],
          [
            100.2903223,
            5.3574227
          ],
          [
            100.290322,
            5.3574229
          ],
          [
            100.2903217,
            5.357423
          ],
          [
            100.2903214,
            5.3574232
          ],
          [
            100.2903211,
            5.3574234
          ],
          [
            100.2903208,
            5.3574235
          ],
          [
            100.2903204,
            5.3574237
          ],
          [
            100.2903201,
            5.3574239
          ],
          [
            100.2903198,
            5.357424
          ],
          [
            100.2903195,
            5.3574242
          ],
          [
            100.2903191,
            5.3574244
          ],
          [
            100.2903188,
            5.3574245
          ],
          [
            100.2903185,
            5.3574247
          ],
          [
            100.2903181,
            5.3574249
          ],
          [
            100.2903178,
            5.357425
          ],
          [
            100.2903175,
            5.3574252
          ],
          [
            100.2903171,
            5.3574253
          ],
          [
            100.2903168,
            5.3574255
          ],
          [
            100.2903165,
            5.3574257
          ],
          [
            100.2903161,
            5.3574258
          ],
          [
            100.2903158,
            5.357426
          ],
          [
            100.2903154,
            5.3574261
          ],
          [
            100.2903151,
            5.3574263
          ],
          [
            100.2903147,
            5.3574264
          ],
          [
            100.2903144,
            5.3574266
          ],
          [
            100.290314,
            5.3574267
          ],
          [
            100.2903137,
            5.3574269
          ],
          [
            100.2903133,
            5.357427
          ],
          [
            100.290313,
            5.3574272
          ],
          [
            100.2903126,
            5.3574273
          ],
          [
            100.2903123,
            5.3574275
          ],
          [
            100.2903119,
            5.3574276
          ],
          [
            100.2903116,
            5.3574278
          ],
          [
            100.2903112,
            5.3574279
          ],
          [
            100.2903108,
            5.3574281
          ],
          [
            100.2903105,
            5.3574282
          ],
          [
            100.2903101,
            5.3574284
          ],
          [
            100.2903098,
            5.3574285
          ],
          [
            100.2903094,
            5.3574287
          ],
          [
            100.290309,
            5.3574288
          ],
          [
            100.2903087,
            5.357429
          ],
          [
            100.2903083,
            5.3574291
          ],
          [
            100.290308,
            5.3574293
          ],
          [
            100.2903076,
            5.3574294
          ],
          [
            100.2903073,
            5.3574296
          ],
          [
            100.2903069,
            5.3574297
          ],
          [
            100.2903066,
            5.3574298
          ],
          [
            100.2903062,
            5.35743
          ],
          [
            100.2903059,
            5.3574301
          ],
          [
            100.2903055,
            5.3574303
          ],
          [
            100.2903052,
            5.3574304
          ],
          [
            100.2903048,
            5.3574306
          ],
          [
            100.2903045,
            5.3574307
          ],
          [
            100.2903041,
            5.3574308
          ],
          [
            100.2903038,
            5.357431
          ],
          [
            100.2903035,
            5.3574311
          ],
          [
            100.2903031,
            5.3574312
          ],
          [
            100.2903028,
            5.3574314
          ],
          [
            100.2903024,
            5.3574315
          ],
          [
            100.2903021,
            5.3574317
          ],
          [
            100.2903018,
            5.3574318
          ],
          [
            100.2903014,
            5.3574319
          ],
          [
            100.2903011,
            5.3574321
          ],
          [
            100.2903008,
            5.3574322
          ],
          [
            100.2903005,
            5.3574323
          ],
          [
            100.2903001,
            5.3574325
          ],
          [
            100.2902998,
            5.3574326
          ],
          [
            100.2902995,
            5.3574327
          ],
          [
            100.2902992,
            5.3574329
          ],
          [
            100.2902989,
            5.357433
          ],
          [
            100.2902986,
            5.3574331
          ],
          [
            100.2902982,
            5.3574332
          ],
          [
            100.2902979,
            5.3574334
          ],
          [
            100.2902976,
            5.3574335
          ],
          [
            100.2902973,
            5.3574336
          ],
          [
            100.290297,
            5.3574337
          ],
          [
            100.2902967,
            5.3574339
          ],
          [
            100.2902964,
            5.357434
          ],
          [
            100.2902961,
            5.3574341
          ],
          [
            100.2902958,
            5.3574342
          ],
          [
            100.2902956,
            5.3574344
          ],
          [
            100.2902953,
            5.3574345
          ],
          [
            100.290295,
            5.3574346
          ],
          [
            100.2902947,
            5.3574347
          ],
          [
            100.2902944,
            5.3574348
          ],
          [
            100.2902941,
            5.357435
          ],
          [
            100.2902938,
            5.3574351
          ],
          [
            100.2902936,
            5.3574352
          ],
          [
            100.2902933,
            5.3574353
          ],
          [
            100.290293,
            5.3574354
          ],
          [
            100.2902927,
            5.3574355
          ],
          [
            100.2902925,
            5.3574356
          ],
          [
            100.2902922,
            5.3574358
          ],
          [
            100.2902919,
            5.3574359
          ],
          [
            100.2902917,
            5.357436
          ],
          [
            100.2902914,
            5.3574361
          ],
          [
            100.2902912,
            5.3574362
          ],
          [
            100.2902909,
            5.3574363
          ],
          [
            100.2902906,
            5.3574364
          ],
          [
            100.2902904,
            5.3574365
          ],
          [
            100.2902901,
            5.3574366
          ],
          [
            100.2902899,
            5.3574367
          ],
          [
            100.2902896,
            5.3574368
          ],
          [
            100.2902894,
            5.3574368
          ],
          [
            100.2902891,
            5.3574369
          ],
          [
            100.2902889,
            5.357437
          ],
          [
            100.2902887,
            5.3574371
          ],
          [
            100.2902884,
            5.3574372
          ],
          [
            100.2902882,
            5.3574373
          ],
          [
            100.290288,
            5.3574374
          ],
          [
            100.2902877,
            5.3574374
          ],
          [
            100.2902875,
            5.3574375
          ],
          [
            100.2902873,
            5.3574376
          ],
          [
            100.2902871,
            5.3574377
          ],
          [
            100.2902868,
            5.3574377
          ],
          [
            100.2902866,
            5.3574378
          ],
          [
            100.2902864,
            5.3574379
          ],
          [
            100.2902862,
            5.3574379
          ],
          [
            100.290286,
            5.357438
          ],
          [
            100.2902858,
            5.3574381
          ],
          [
            100.2902856,
            5.3574381
          ],
          [
            100.2902854,
            5.3574382
          ],
          [
            100.2902852,
            5.3574382
          ],
          [
            100.290285,
            5.3574383
          ],
          [
            100.2902848,
            5.3574383
          ],
          [
            100.2902846,
            5.3574384
          ],
          [
            100.2902844,
            5.3574384
          ],
          [
            100.2902842,
            5.3574385
          ],
          [
            100.290284,
            5.3574385
          ],
          [
            100.2902838,
            5.3574386
          ],
          [
            100.2902836,
            5.3574386
          ],
          [
            100.2902834,
            5.3574387
          ],
          [
            100.2902833,
            5.3574387
          ],
          [
            100.2902831,
            5.3574388
          ],
          [
            100.2902829,
            5.3574388
          ],
          [
            100.2902827,
            5.3574389
          ],
          [
            100.2902825,
            5.3574389
          ],
          [
            100.2902824,
            5.3574389
          ],
          [
            100.2902822,
            5.357439
          ],
          [
            100.290282,
            5.357439
          ],
          [
            100.2902818,
            5.357439
          ],
          [
            100.2902816,
            5.3574391
          ],
          [
            100.2902815,
            5.3574391
          ],
          [
            100.2902813,
            5.3574392
          ],
          [
            100.2902811,
            5.3574392
          ],
          [
            100.290281,
            5.3574392
          ],
          [
            100.2902808,
            5.3574393
          ],
          [
            100.2902806,
            5.3574393
          ],
          [
            100.2902805,
            5.3574393
          ],
          [
            100.2902803,
            5.3574393
          ],
          [
            100.2902801,
            5.3574394
          ],
          [
            100.29028,
            5.3574394
          ],
          [
            100.2902798,
            5.3574394
          ],
          [
            100.2902797,
            5.3574395
          ],
          [
            100.2902795,
            5.3574395
          ],
          [
            100.2902793,
            5.3574395
          ],
          [
            100.2902792,
            5.3574395
          ],
          [
            100.290279,
            5.3574396
          ],
          [
            100.2902789,
            5.3574396
          ],
          [
            100.2902787,
            5.3574396
          ],
          [
            100.2902786,
            5.3574396
          ],
          [
            100.2902784,
            5.3574396
          ],
          [
            100.2902783,
            5.3574397
          ],
          [
            100.2902782,
            5.3574397
          ],
          [
            100.290278,
            5.3574397
          ],
          [
            100.2902779,
            5.3574397
          ],
          [
            100.2902777,
            5.3574397
          ],
          [
            100.2902776,
            5.3574398
          ],
          [
            100.2902774,
            5.3574398
          ],
          [
            100.2902773,
            5.3574398
          ],
          [
            100.2902772,
            5.3574398
          ],
          [
            100.290277,
            5.3574398
          ],
          [
            100.2902769,
            5.3574398
          ],
          [
            100.2902768,
            5.3574398
          ],
          [
            100.2902766,
            5.3574399
          ],
          [
            100.2902765,
            5.3574399
          ],
          [
            100.2902763,
            5.3574399
          ],
          [
            100.2902762,
            5.3574399
          ],
          [
            100.2902761,
            5.3574399
          ],
          [
            100.2902759,
            5.3574399
          ],
          [
            100.2902758,
            5.3574399
          ],
          [
            100.2902757,
            5.3574399
          ],
          [
            100.2902755,
            5.3574399
          ],
          [
            100.2902754,
            5.3574399
          ],
          [
            100.2902753,
            5.3574399
          ],
          [
            100.2902752,
            5.3574399
          ],
          [
            100.290275,
            5.3574399
          ],
          [
            100.2902749,
            5.3574399
          ],
          [
            100.2902748,
            5.3574399
          ],
          [
            100.2902747,
            5.3574399
          ],
          [
            100.2902746,
            5.3574399
          ],
          [
            100.2902744,
            5.3574399
          ],
          [
            100.2902743,
            5.3574399
          ],
          [
            100.2902742,
            5.3574399
          ],
          [
            100.2902741,
            5.3574399
          ],
          [
            100.290274,
            5.3574399
          ],
          [
            100.2902739,
            5.3574399
          ],
          [
            100.2902737,
            5.3574399
          ],
          [
            100.2902736,
            5.3574398
          ],
          [
            100.2902735,
            5.3574398
          ],
          [
            100.2902734,
            5.3574398
          ],
          [
            100.2902733,
            5.3574398
          ],
          [
            100.2902732,
            5.3574398
          ],
          [
            100.2902731,
            5.3574397
          ],
          [
            100.290273,
            5.3574397
          ],
          [
            100.2902729,
            5.3574397
          ],
          [
            100.2902728,
            5.3574397
          ],
          [
            100.2902727,
            5.3574397
          ],
          [
            100.2902726,
            5.3574396
          ],
          [
            100.2902725,
            5.3574396
          ],
          [
            100.2902724,
            5.3574396
          ],
          [
            100.2902723,
            5.3574396
          ],
          [
            100.2902722,
            5.3574395
          ],
          [
            100.2902721,
            5.3574395
          ],
          [
            100.290272,
            5.3574395
          ],
          [
            100.2902719,
            5.3574394
          ],
          [
            100.2902719,
            5.3574394
          ],
          [
            100.2902718,
            5.3574394
          ],
          [
            100.2902717,
            5.3574393
          ],
          [
            100.2902716,
            5.3574393
          ],
          [
            100.2902715,
            5.3574393
          ],
          [
            100.2902714,
            5.3574392
          ],
          [
            100.2902713,
            5.3574392
          ],
          [
            100.2902712,
            5.3574392
          ],
          [
            100.2902712,
            5.3574391
          ],
          [
            100.2902711,
            5.3574391
          ],
          [
            100.290271,
            5.357439
          ],
          [
            100.2902709,
            5.357439
          ],
          [
            100.2902708,
            5.3574389
          ],
          [
            100.2902707,
            5.3574389
          ],
          [
            100.2902707,
            5.3574388
          ],
          [
            100.2902706,
            5.3574388
          ],
          [
            100.2902705,
            5.3574387
          ],
          [
            100.2902704,
            5.3574387
          ],
          [
            100.2902703,
            5.3574386
          ],
          [
            100.2902703,
            5.3574385
          ],
          [
            100.2902702,
            5.3574385
          ],
          [
            100.2902701,
            5.3574384
          ],
          [
            100.29027,
            5.3574383
          ],
          [
            100.29027,
            5.3574383
          ],
          [
            100.2902699,
            5.3574382
          ],
          [
            100.2902698,
            5.3574381
          ],
          [
            100.2902697,
            5.357438
          ],
          [
            100.2902697,
            5.3574379
          ],
          [
            100.2902696,
            5.3574379
          ],
          [
            100.2902695,
            5.3574378
          ],
          [
            100.2902695,
            5.3574377
          ],
          [
            100.2902694,
            5.3574376
          ],
          [
            100.2902693,
            5.3574375
          ],
          [
            100.2902693,
            5.3574374
          ],
          [
            100.2902692,
            5.3574373
          ],
          [
            100.2902691,
            5.3574372
          ],
          [
            100.2902691,
            5.3574371
          ],
          [
            100.290269,
            5.357437
          ],
          [
            100.2902689,
            5.3574369
          ],
          [
            100.2902689,
            5.3574367
          ],
          [
            100.2902688,
            5.3574366
          ],
          [
            100.2902687,
            5.3574365
          ],
          [
            100.2902687,
            5.3574364
          ],
          [
            100.2902686,
            5.3574363
          ],
          [
            100.2902686,
            5.3574361
          ],
          [
            100.2902685,
            5.357436
          ],
          [
            100.2902685,
            5.3574359
          ],
          [
            100.2902684,
            5.3574358
          ],
          [
            100.2902684,
            5.3574356
          ],
          [
            100.2902683,
            5.3574355
          ],
          [
            100.2902683,
            5.3574353
          ],
          [
            100.2902683,
            5.3574352
          ],
          [
            100.2902682,
            5.357435
          ],
          [
            100.2902682,
            5.3574349
          ],
          [
            100.2902681,
            5.3574347
          ],
          [
            100.2902681,
            5.3574346
          ],
          [
            100.2902681,
            5.3574344
          ],
          [
            100.290268,
            5.3574343
          ],
          [
            100.290268,
            5.3574341
          ],
          [
            100.2902679,
            5.3574339
          ],
          [
            100.2902679,
            5.3574338
          ],
          [
            100.2902679,
            5.3574336
          ],
          [
            100.2902678,
            5.3574334
          ],
          [
            100.2902678,
            5.3574332
          ],
          [
            100.2902678,
            5.3574331
          ],
          [
            100.2902678,
            5.3574329
          ],
          [
            100.2902677,
            5.3574327
          ],
          [
            100.2902677,
            5.3574325
          ],
          [
            100.2902677,
            5.3574323
          ],
          [
            100.2902677,
            5.3574321
          ],
          [
            100.2902676,
            5.3574319
          ],
          [
            100.2902676,
            5.3574317
          ],
          [
            100.2902676,
            5.3574316
          ],
          [
            100.2902676,
            5.3574314
          ],
          [
            100.2902676,
            5.3574312
          ],
          [
            100.2902676,
            5.357431
          ],
          [
            100.2902675,
            5.3574308
          ],
          [
            100.2902675,
            5.3574306
          ],
          [
            100.2902675,
            5.3574304
          ],
          [
            100.2902675,
            5.3574302
          ],
          [
            100.2902675,
            5.35743
          ],
          [
            100.2902675,
            5.3574298
          ],
          [
            100.2902675,
            5.3574296
          ],
          [
            100.2902675,
            5.3574295
          ],
          [
            100.2902675,
            5.3574293
          ],
          [
            100.2902675,
            5.3574291
          ],
          [
            100.2902675,
            5.3574289
          ],
          [
            100.2902675,
            5.3574287
          ],
          [
            100.2902675,
            5.3574285
          ],
          [
            100.2902675,
            5.3574283
          ],
          [
            100.2902675,
            5.3574282
          ],
          [
            100.2902675,
            5.357428
          ],
          [
            100.2902675,
            5.3574278
          ],
          [
            100.2902675,
            5.3574276
          ],
          [
            100.2902675,
            5.3574275
          ],
          [
            100.2902675,
            5.3574273
          ],
          [
            100.2902675,
            5.3574271
          ],
          [
            100.2902675,
            5.3574269
          ],
          [
            100.2902675,
            5.3574268
          ],
          [
            100.2902675,
            5.3574266
          ],
          [
            100.2902675,
            5.3574264
          ],
          [
            100.2902675,
            5.3574262
          ],
          [
            100.2902675,
            5.3574261
          ],
          [
            100.2902675,
            5.3574259
          ],
          [
            100.2902675,
            5.3574258
          ],
          [
            100.2902675,
            5.3574256
          ],
          [
            100.2902675,
            5.3574254
          ],
          [
            100.2902675,
            5.3574253
          ],
          [
            100.2902675,
            5.3574251
          ],
          [
            100.2902675,
            5.357425
          ],
          [
            100.2902675,
            5.3574248
          ],
          [
            100.2902675,
            5.3574246
          ],
          [
            100.2902675,
            5.3574245
          ],
          [
            100.2902675,
            5.3574243
          ],
          [
            100.2902675,
            5.3574242
          ],
          [
            100.2902675,
            5.357424
          ],
          [
            100.2902675,
            5.3574239
          ],
          [
            100.2902676,
            5.3574237
          ],
          [
            100.2902676,
            5.3574236
          ],
          [
            100.2902676,
            5.3574235
          ],
          [
            100.2902676,
            5.3574233
          ],
          [
            100.2902676,
            5.3574232
          ],
          [
            100.2902676,
            5.357423
          ],
          [
            100.2902676,
            5.3574229
          ],
          [
            100.2902676,
            5.3574228
          ],
          [
            100.2902676,
            5.3574226
          ],
          [
            100.2902676,
            5.3574225
          ],
          [
            100.2902676,
            5.3574224
          ],
          [
            100.2902676,
            5.3574222
          ],
          [
            100.2902676,
            5.3574221
          ],
          [
            100.2902676,
            5.357422
          ],
          [
            100.2902676,
            5.3574219
          ],
          [
            100.2902676,
            5.3574217
          ],
          [
            100.2902676,
            5.3574216
          ],
          [
            100.2902676,
            5.3574215
          ],
          [
            100.2902676,
            5.3574214
          ],
          [
            100.2902676,
            5.3574213
          ],
          [
            100.2902676,
            5.3574212
          ],
          [
            100.2902676,
            5.357421
          ],
          [
            100.2902676,
            5.3574209
          ],
          [
            100.2902676,
            5.3574208
          ],
          [
            100.2902676,
            5.3574207
          ],
          [
            100.2902675,
            5.3574206
          ],
          [
            100.2902675,
            5.3574205
          ],
          [
            100.2902675,
            5.3574204
          ],
          [
            100.2902675,
            5.3574203
          ],
          [
            100.2902675,
            5.3574202
          ],
          [
            100.2902675,
            5.3574201
          ],
          [
            100.2902675,
            5.35742
          ],
          [
            100.2902675,
            5.3574199
          ],
          [
            100.2902675,
            5.3574198
          ],
          [
            100.2902675,
            5.3574197
          ],
          [
            100.2902675,
            5.3574197
          ],
          [
            100.2902675,
            5.3574196
          ],
          [
            100.2902674,
            5.3574195
          ],
          [
            100.2902674,
            5.3574194
          ],
          [
            100.2902674,
            5.3574193
          ],
          [
            100.2902674,
            5.3574192
          ],
          [
            100.2902674,
            5.3574192
          ],
          [
            100.2902674,
            5.3574191
          ],
          [
            100.2902674,
            5.357419
          ],
          [
            100.2902674,
            5.3574189
          ],
          [
            100.2902674,
            5.3574189
          ],
          [
            100.2902674,
            5.3574188
          ],
          [
            100.2902674,
            5.3574187
          ],
          [
            100.2902674,
            5.3574187
          ],
          [
            100.2902674,
            5.3574186
          ],
          [
            100.2902674,
            5.3574185
          ],
          [
            100.2902674,
            5.3574185
          ],
          [
            100.2902674,
            5.3574184
          ],
          [
            100.2902674,
            5.3574184
          ],
          [
            100.2902673,
            5.3574183
          ],
          [
            100.2902673,
            5.3574183
          ],
          [
            100.2902673,
            5.3574182
          ],
          [
            100.2902673,
            5.3574182
          ],
          [
            100.2902673,
            5.3574181
          ],
          [
            100.2902673,
            5.3574181
          ],
          [
            100.2902673,
            5.357418
          ],
          [
            100.2902673,
            5.357418
          ],
          [
            100.2902673,
            5.357418
          ],
          [
            100.2902673,
            5.3574179
          ],
          [
            100.2902674,
            5.3574179
          ],
          [
            100.2902674,
            5.3574178
          ],
          [
            100.2902674,
            5.3574178
          ],
          [
            100.2902674,
            5.3574178
          ],
          [
            100.2902674,
            5.3574178
          ],
          [
            100.2902674,
            5.3574177
          ],
          [
            100.2902674,
            5.3574177
          ],
          [
            100.2902674,
            5.3574177
          ],
          [
            100.2902674,
            5.3574176
          ],
          [
            100.2902674,
            5.3574176
          ],
          [
            100.2902674,
            5.3574176
          ],
          [
            100.2902675,
            5.3574176
          ],
          [
            100.2902675,
            5.3574176
          ],
          [
            100.2902675,
            5.3574176
          ],
          [
            100.2902675,
            5.3574175
          ],
          [
            100.2902676,
            5.3574175
          ],
          [
            100.2902676,
            5.3574175
          ],
          [
            100.2902676,
            5.3574175
          ],
          [
            100.2902676,
            5.3574175
          ],
          [
            100.2902677,
            5.3574175
          ],
          [
            100.2902677,
            5.3574175
          ],
          [
            100.2902677,
            5.3574175
          ],
          [
            100.2902678,
            5.3574175
          ],
          [
            100.2902678,
            5.3574175
          ],
          [
            100.2902678,
            5.3574175
          ],
          [
            100.2902679,
            5.3574175
          ],
          [
            100.2902679,
            5.3574175
          ],
          [
            100.290268,
            5.3574175
          ],
          [
            100.290268,
            5.3574175
          ],
          [
            100.2902681,
            5.3574175
          ],
          [
            100.2902681,
            5.3574175
          ],
          [
            100.2902681,
            5.3574176
          ],
          [
            100.2902682,
            5.3574176
          ],
          [
            100.2902682,
            5.3574176
          ],
          [
            100.2902683,
            5.3574176
          ],
          [
            100.2902683,
            5.3574176
          ],
          [
            100.2902684,
            5.3574176
          ],
          [
            100.2902684,
            5.3574176
          ],
          [
            100.2902685,
            5.3574176
          ],
          [
            100.2902685,
            5.3574177
          ],
          [
            100.2902686,
            5.3574177
          ],
          [
            100.2902687,
            5.3574177
          ],
          [
            100.2902687,
            5.3574177
          ],
          [
            100.2902688,
            5.3574177
          ],
          [
            100.2902688,
            5.3574178
          ],
          [
            100.2902689,
            5.3574178
          ],
          [
            100.290269,
            5.3574178
          ],
          [
            100.290269,
            5.3574179
          ],
          [
            100.2902691,
            5.3574179
          ],
          [
            100.2902692,
            5.3574179
          ],
          [
            100.2902692,
            5.357418
          ],
          [
            100.2902693,
            5.357418
          ],
          [
            100.2902694,
            5.357418
          ],
          [
            100.2902695,
            5.3574181
          ],
          [
            100.2902696,
            5.3574181
          ],
          [
            100.2902697,
            5.3574182
          ],
          [
            100.2902698,
            5.3574182
          ],
          [
            100.2902699,
            5.3574183
          ],
          [
            100.29027,
            5.3574183
          ],
          [
            100.2902701,
            5.3574184
          ],
          [
            100.2902702,
            5.3574184
          ],
          [
            100.2902703,
            5.3574185
          ],
          [
            100.2902704,
            5.3574185
          ],
          [
            100.2902705,
            5.3574186
          ],
          [
            100.2902706,
            5.3574186
          ],
          [
            100.2902707,
            5.3574186
          ],
          [
            100.2902708,
            5.3574186
          ],
          [
            100.2902709,
            5.3574186
          ],
          [
            100.290271,
            5.3574186
          ],
          [
            100.2902709,
            5.3574185
          ],
          [
            100.2902706,
            5.3574181
          ],
          [
            100.2902506,
            5.3573875
          ],
          [
            100.2902446,
            5.3573776
          ],
          [
            100.2902421,
            5.3573732
          ],
          [
            100.2902409,
            5.3573708
          ],
          [
            100.2902404,
            5.3573696
          ],
          [
            100.2902402,
            5.3573689
          ],
          [
            100.2902402,
            5.3573686
          ],
          [
            100.2902403,
            5.3573686
          ],
          [
            100.2902405,
            5.3573688
          ],
          [
            100.2902408,
            5.357369
          ],
          [
            100.2902411,
            5.3573694
          ],
          [
            100.2902413,
            5.3573698
          ],
          [
            100.2902416,
            5.3573702
          ],
          [
            100.2902419,
            5.3573707
          ],
          [
            100.2902421,
            5.3573712
          ],
          [
            100.2902423,
            5.3573718
          ],
          [
            100.2902425,
            5.3573723
          ],
          [
            100.2902427,
            5.3573728
          ],
          [
            100.2902429,
            5.3573734
          ],
          [
            100.290243,
            5.3573739
          ],
          [
            100.2902431,
            5.3573744
          ],
          [
            100.2902432,
            5.3573748
          ],
          [
            100.2902433,
            5.3573753
          ],
          [
            100.2902433,
            5.3573757
          ],
          [
            100.2902433,
            5.3573761
          ],
          [
            100.2902434,
            5.3573765
          ],
          [
            100.2902434,
            5.3573769
          ],
          [
            100.2902434,
            5.3573773
          ],
          [
            100.2902433,
            5.3573776
          ],
          [
            100.2902433,
            5.3573778
          ],
          [
            100.2902432,
            5.3573781
          ],
          [
            100.2902431,
            5.3573783
          ],
          [
            100.290243,
            5.3573785
          ],
          [
            100.2902429,
            5.3573788
          ],
          [
            100.2902428,
            5.3573789
          ],
          [
            100.2902427,
            5.3573791
          ],
          [
            100.2902426,
            5.3573793
          ],
          [
            100.2902425,
            5.3573794
          ],
          [
            100.2902423,
            5.3573796
          ],
          [
            100.2902422,
            5.3573797
          ],
          [
            100.2902421,
            5.3573799
          ],
          [
            100.2902419,
            5.35738
          ],
          [
            100.2902418,
            5.3573801
          ],
          [
            100.2902417,
            5.3573803
          ],
          [
            100.2902416,
            5.3573804
          ],
          [
            100.2902414,
            5.3573805
          ],
          [
            100.2902413,
            5.3573806
          ],
          [
            100.2902412,
            5.3573807
          ],
          [
            100.290241,
            5.3573808
          ],
          [
            100.2902409,
            5.3573809
          ],
          [
            100.2902408,
            5.357381
          ],
          [
            100.2902407,
            5.357381
          ],
          [
            100.2902406,
            5.3573811
          ],
          [
            100.2902405,
            5.3573812
          ],
          [
            100.2902404,
            5.3573812
          ],
          [
            100.2902403,
            5.3573813
          ],
          [
            100.2902402,
            5.3573814
          ],
          [
            100.2902401,
            5.3573814
          ],
          [
            100.29024,
            5.3573815
          ],
          [
            100.2902399,
            5.3573815
          ],
          [
            100.2902398,
            5.3573816
          ],
          [
            100.2902397,
            5.3573817
          ],
          [
            100.2902397,
            5.3573817
          ],
          [
            100.2902396,
            5.3573818
          ],
          [
            100.2902395,
            5.3573819
          ],
          [
            100.2902395,
            5.357382
          ],
          [
            100.2902394,
            5.3573821
          ],
          [
            100.2902394,
            5.3573822
          ],
          [
            100.2902393,
            5.3573822
          ],
          [
            100.2902393,
            5.3573823
          ],
          [
            100.2902392,
            5.3573824
          ],
          [
            100.2902392,
            5.3573825
          ],
          [
            100.2902391,
            5.3573826
          ],
          [
            100.2902391,
            5.3573827
          ],
          [
            100.2902391,
            5.3573828
          ],
          [
            100.290239,
            5.3573829
          ],
          [
            100.290239,
            5.3573829
          ],
          [
            100.290239,
            5.357383
          ],
          [
            100.2902389,
            5.3573831
          ],
          [
            100.2902389,
            5.3573832
          ],
          [
            100.2902389,
            5.3573833
          ],
          [
            100.2902389,
            5.3573833
          ],
          [
            100.2902389,
            5.3573834
          ],
          [
            100.2902389,
            5.3573835
          ],
          [
            100.2902389,
            5.3573835
          ],
          [
            100.2902389,
            5.3573836
          ],
          [
            100.2902389,
            5.3573836
          ],
          [
            100.2902389,
            5.3573837
          ],
          [
            100.2902389,
            5.3573838
          ],
          [
            100.2902389,
            5.3573838
          ],
          [
            100.2902389,
            5.3573839
          ],
          [
            100.290239,
            5.3573839
          ],
          [
            100.290239,
            5.357384
          ],
          [
            100.290239,
            5.357384
          ],
          [
            100.290239,
            5.3573841
          ],
          [
            100.2902391,
            5.3573841
          ],
          [
            100.2902391,
            5.3573842
          ],
          [
            100.2902392,
            5.3573842
          ],
          [
            100.2902392,
            5.3573842
          ],
          [
            100.2902392,
            5.3573843
          ],
          [
            100.2902393,
            5.3573843
          ],
          [
            100.2902393,
            5.3573843
          ],
          [
            100.2902393,
            5.3573844
          ],
          [
            100.2902394,
            5.3573844
          ],
          [
            100.2902394,
            5.3573844
          ],
          [
            100.2902395,
            5.3573844
          ],
          [
            100.2902395,
            5.3573844
          ],
          [
            100.2902396,
            5.3573844
          ],
          [
            100.2902396,
            5.3573844
          ],
          [
            100.2902396,
            5.3573845
          ],
          [
            100.2902397,
            5.3573845
          ],
          [
            100.2902397,
            5.3573845
          ],
          [
            100.2902398,
            5.3573845
          ],
          [
            100.2902398,
            5.3573845
          ],
          [
            100.2902399,
            5.3573845
          ],
          [
            100.2902399,
            5.3573845
          ],
          [
            100.29024,
            5.3573845
          ],
          [
            100.29024,
            5.3573845
          ],
          [
            100.29024,
            5.3573845
          ],
          [
            100.2902401,
            5.3573845
          ],
          [
            100.2902401,
            5.3573845
          ],
          [
            100.2902402,
            5.3573844
          ],
          [
            100.2902402,
            5.3573844
          ],
          [
            100.2902402,
            5.3573844
          ],
          [
            100.2902403,
            5.3573844
          ],
          [
            100.2902403,
            5.3573844
          ],
          [
            100.2902403,
            5.3573844
          ],
          [
            100.2902403,
            5.3573844
          ],
          [
            100.2902404,
            5.3573844
          ],
          [
            100.2902404,
            5.3573844
          ],
          [
            100.2902404,
            5.3573844
          ],
          [
            100.2902404,
            5.3573843
          ],
          [
            100.2902404,
            5.3573843
          ],
          [
            100.2902405,
            5.3573843
          ],
          [
            100.2902405,
            5.3573843
          ],
          [
            100.2902405,
            5.3573843
          ],
          [
            100.2902405,
            5.3573842
          ],
          [
            100.2902405,
            5.3573842
          ],
          [
            100.2902405,
            5.3573842
          ],
          [
            100.2902405,
            5.3573842
          ],
          [
            100.2902406,
            5.3573842
          ],
          [
            100.2902406,
            5.3573841
          ],
          [
            100.2902406,
            5.3573841
          ],
          [
            100.2902406,
            5.3573841
          ],
          [
            100.2902406,
            5.3573841
          ],
          [
            100.2902406,
            5.3573841
          ],
          [
            100.2902406,
            5.3573841
          ],
          [
            100.2902406,
            5.3573841
          ],
          [
            100.2902407,
            5.357384
          ],
          [
            100.2902407,
            5.357384
          ],
          [
            100.2902407,
            5.357384
          ],
          [
            100.2902407,
            5.357384
          ],
          [
            100.2902407,
            5.357384
          ],
          [
            100.2902407,
            5.357384
          ],
          [
            100.2902408,
            5.357384
          ],
          [
            100.2902408,
            5.357384
          ],
          [
            100.2902408,
            5.357384
          ],
          [
            100.2902408,
            5.357384
          ],
          [
            100.2902409,
            5.357384
          ],
          [
            100.2902409,
            5.357384
          ],
          [
            100.2902409,
            5.357384
          ],
          [
            100.290241,
            5.357384
          ],
          [
            100.290241,
            5.357384
          ],
          [
            100.2902411,
            5.357384
          ],
          [
            100.2902411,
            5.357384
          ],
          [
            100.2902412,
            5.357384
          ],
          [
            100.2902412,
            5.357384
          ],
          [
            100.2902413,
            5.357384
          ],
          [
            100.2902413,
            5.3573841
          ],
          [
            100.2902414,
            5.3573841
          ],
          [
            100.2902414,
            5.3573841
          ],
          [
            100.2902415,
            5.3573841
          ],
          [
            100.2902415,
            5.3573841
          ],
          [
            100.2902416,
            5.3573841
          ],
          [
            100.2902417,
            5.3573841
          ],
          [
            100.2902417,
            5.3573842
          ],
          [
            100.2902418,
            5.3573842
          ],
          [
            100.2902418,
            5.3573842
          ],
          [
            100.2902419,
            5.3573842
          ],
          [
            100.290242,
            5.3573842
          ],
          [
            100.290242,
            5.3573842
          ],
          [
            100.2902421,
            5.3573843
          ],
          [
            100.2902422,
            5.3573843
          ],
          [
            100.2902422,
            5.3573843
          ],
          [
            100.2902423,
            5.3573843
          ],
          [
            100.2902424,
            5.3573843
          ],
          [
            100.2902424,
            5.3573843
          ],
          [
            100.2902425,
            5.3573843
          ],
          [
            100.2902426,
            5.3573843
          ],
          [
            100.2902428,
            5.357384
          ],
          [
            100.290246,
            5.3573808
          ],
          [
            100.2902477,
            5.3573791
          ],
          [
            100.2902488,
            5.3573781
          ],
          [
            100.2902496,
            5.3573776
          ],
          [
            100.2902501,
            5.3573772
          ],
          [
            100.2902506,
            5.357377
          ],
          [
            100.290251,
            5.3573769
          ],
          [
            100.2902514,
            5.3573768
          ],
          [
            100.2902517,
            5.3573768
          ],
          [
            100.2902519,
            5.3573769
          ],
          [
            100.2902521,
            5.3573769
          ],
          [
            100.2902524,
            5.357377
          ],
          [
            100.2902526,
            5.3573771
          ],
          [
            100.2902542,
            5.357378
          ],
          [
            100.290255,
            5.3573785
          ],
          [
            100.2902555,
            5.3573788
          ],
          [
            100.2902558,
            5.3573789
          ],
          [
            100.2902559,
            5.3573791
          ],
          [
            100.2902561,
            5.3573791
          ],
          [
            100.2902561,
            5.3573792
          ],
          [
            100.2902562,
            5.3573793
          ],
          [
            100.2902563,
            5.3573794
          ],
          [
            100.2902563,
            5.3573794
          ],
          [
            100.2902564,
            5.3573795
          ],
          [
            100.2902564,
            5.3573796
          ],
          [
            100.2902565,
            5.3573797
          ],
          [
            100.2902565,
            5.3573797
          ],
          [
            100.2902565,
            5.3573798
          ],
          [
            100.2902566,
            5.3573799
          ],
          [
            100.2902566,
            5.3573799
          ],
          [
            100.2902567,
            5.35738
          ],
          [
            100.2902567,
            5.3573801
          ],
          [
            100.2902568,
            5.3573801
          ],
          [
            100.2902568,
            5.3573802
          ],
          [
            100.2902568,
            5.3573802
          ],
          [
            100.2902568,
            5.3573803
          ],
          [
            100.2902568,
            5.3573804
          ],
          [
            100.2902569,
            5.3573804
          ],
          [
            100.2902569,
            5.3573805
          ],
          [
            100.2902569,
            5.3573806
          ],
          [
            100.2902569,
            5.3573807
          ],
          [
            100.2902569,
            5.3573808
          ],
          [
            100.2902569,
            5.3573809
          ],
          [
            100.2902569,
            5.3573809
          ],
          [
            100.2902569,
            5.357381
          ],
          [
            100.2902569,
            5.3573811
          ],
          [
            100.2902569,
            5.3573812
          ],
          [
            100.2902569,
            5.3573817
          ],
          [
            100.2902571,
            5.3573825
          ],
          [
            100.2902573,
            5.3573835
          ],
          [
            100.2902576,
            5.3573846
          ],
          [
            100.2902576,
            5.3573851
          ],
          [
            100.2902575,
            5.3573857
          ],
          [
            100.2902574,
            5.3573861
          ],
          [
            100.2902565,
            5.3573885
          ],
          [
            100.2902561,
            5.3573887
          ],
          [
            100.2902559,
            5.3573888
          ],
          [
            100.2902557,
            5.357389
          ],
          [
            100.2902557,
            5.3573892
          ],
          [
            100.2902557,
            5.3573895
          ],
          [
            100.2902558,
            5.3573899
          ],
          [
            100.2902558,
            5.3573902
          ],
          [
            100.2902559,
            5.3573906
          ],
          [
            100.290256,
            5.3573909
          ],
          [
            100.2902561,
            5.3573912
          ],
          [
            100.2902565,
            5.3573916
          ],
          [
            100.2902574,
            5.3573923
          ],
          [
            100.2902581,
            5.357393
          ],
          [
            100.2902596,
            5.3573945
          ],
          [
            100.2902611,
            5.3573964
          ],
          [
            100.2902622,
            5.3573984
          ],
          [
            100.2902629,
            5.3574004
          ],
          [
            100.2902633,
            5.3574021
          ],
          [
            100.2902636,
            5.3574036
          ],
          [
            100.2902636,
            5.3574049
          ],
          [
            100.2902635,
            5.3574062
          ],
          [
            100.2902633,
            5.3574071
          ],
          [
            100.2902631,
            5.3574078
          ],
          [
            100.2902628,
            5.3574083
          ],
          [
            100.2902626,
            5.3574086
          ],
          [
            100.2902624,
            5.3574086
          ],
          [
            100.2902622,
            5.3574085
          ],
          [
            100.290262,
            5.3574083
          ],
          [
            100.2902595,
            5.3574042
          ],
          [
            100.290259,
            5.3574028
          ],
          [
            100.2902587,
            5.3574019
          ],
          [
            100.2902584,
            5.3574012
          ],
          [
            100.2902582,
            5.3574006
          ],
          [
            100.2902581,
            5.3574001
          ],
          [
            100.2902579,
            5.3573997
          ],
          [
            100.2902578,
            5.3573992
          ],
          [
            100.2902577,
            5.3573987
          ],
          [
            100.2902576,
            5.3573983
          ],
          [
            100.2902575,
            5.3573979
          ],
          [
            100.2902575,
            5.3573975
          ],
          [
            100.2902574,
            5.3573971
          ],
          [
            100.2902573,
            5.3573967
          ],
          [
            100.2902573,
            5.3573963
          ],
          [
            100.2902572,
            5.357396
          ],
          [
            100.2902572,
            5.3573956
          ],
          [
            100.2902571,
            5.3573952
          ],
          [
            100.2902571,
            5.3573949
          ],
          [
            100.290257,
            5.3573946
          ],
          [
            100.2902567,
            5.3573937
          ],
          [
            100.2902563,
            5.3573924
          ],
          [
            100.2902559,
            5.3573909
          ],
          [
            100.2902555,
            5.3573892
          ],
          [
            100.290255,
            5.3573871
          ],
          [
            100.2902544,
            5.3573847
          ],
          [
            100.290254,
            5.3573827
          ],
          [
            100.2902535,
            5.3573803
          ],
          [
            100.2902531,
            5.3573779
          ],
          [
            100.2902528,
            5.3573761
          ],
          [
            100.2902526,
            5.3573744
          ],
          [
            100.2902525,
            5.3573731
          ],
          [
            100.2902527,
            5.3573718
          ],
          [
            100.290253,
            5.3573707
          ],
          [
            100.2902532,
            5.3573697
          ],
          [
            100.2902534,
            5.3573689
          ],
          [
            100.2902536,
            5.3573681
          ],
          [
            100.2902538,
            5.3573676
          ],
          [
            100.290254,
            5.3573672
          ],
          [
            100.2902542,
            5.3573667
          ],
          [
            100.2902545,
            5.3573663
          ],
          [
            100.2902547,
            5.3573659
          ],
          [
            100.2902549,
            5.3573656
          ],
          [
            100.2902552,
            5.3573653
          ],
          [
            100.2902554,
            5.357365
          ],
          [
            100.2902557,
            5.3573647
          ],
          [
            100.290256,
            5.3573644
          ],
          [
            100.2902563,
            5.3573642
          ],
          [
            100.2902567,
            5.357364
          ],
          [
            100.290257,
            5.3573638
          ],
          [
            100.2902574,
            5.3573636
          ],
          [
            100.2902576,
            5.3573635
          ],
          [
            100.2902577,
            5.3573632
          ],
          [
            100.2902579,
            5.3573629
          ],
          [
            100.2902581,
            5.3573627
          ],
          [
            100.2902583,
            5.3573626
          ],
          [
            100.2902584,
            5.3573624
          ],
          [
            100.2902586,
            5.3573623
          ],
          [
            100.2902587,
            5.3573623
          ],
          [
            100.2902589,
            5.3573622
          ],
          [
            100.2902591,
            5.3573622
          ],
          [
            100.2902592,
            5.3573622
          ],
          [
            100.2902594,
            5.3573622
          ],
          [
            100.2902596,
            5.3573622
          ],
          [
            100.2902598,
            5.3573623
          ],
          [
            100.2902599,
            5.3573623
          ],
          [
            100.2902601,
            5.3573623
          ],
          [
            100.2902602,
            5.3573625
          ],
          [
            100.2902604,
            5.3573626
          ],
          [
            100.2902606,
            5.3573628
          ],
          [
            100.2902609,
            5.357363
          ],
          [
            100.2902612,
            5.3573632
          ],
          [
            100.2902614,
            5.3573633
          ],
          [
            100.2902617,
            5.3573635
          ],
          [
            100.2902619,
            5.3573635
          ],
          [
            100.2902622,
            5.3573635
          ],
          [
            100.2902625,
            5.3573634
          ],
          [
            100.2902627,
            5.3573633
          ],
          [
            100.2902628,
            5.3573631
          ],
          [
            100.290263,
            5.357363
          ],
          [
            100.2902632,
            5.3573628
          ],
          [
            100.2902633,
            5.3573626
          ],
          [
            100.2902633,
            5.3573625
          ],
          [
            100.2902632,
            5.3573625
          ],
          [
            100.2902631,
            5.3573624
          ],
          [
            100.290263,
            5.3573624
          ],
          [
            100.2902629,
            5.3573624
          ],
          [
            100.2902628,
            5.3573624
          ],
          [
            100.2902626,
            5.3573623
          ],
          [
            100.2902624,
            5.3573623
          ],
          [
            100.2902623,
            5.3573623
          ],
          [
            100.2902621,
            5.3573623
          ],
          [
            100.290262,
            5.3573623
          ],
          [
            100.290262,
            5.3573623
          ],
          [
            100.290262,
            5.3573622
          ],
          [
            100.290262,
            5.3573622
          ],
          [
            100.2902619,
            5.3573622
          ],
          [
            100.2902619,
            5.3573622
          ],
          [
            100.2902619,
            5.3573622
          ],
          [
            100.2902619,
            5.3573622
          ],
          [
            100.2902619,
            5.3573623
          ],
          [
            100.2902619,
            5.3573623
          ],
          [
            100.2902619,
            5.3573622
          ],
          [
            100.2902619,
            5.3573622
          ],
          [
            100.2902619,
            5.3573622
          ],
          [
            100.2902619,
            5.3573622
          ],
          [
            100.2902619,
            5.3573621
          ],
          [
            100.2902616,
            5.3573622
          ],
          [
            100.2902613,
            5.3573623
          ],
          [
            100.2902604,
            5.3573626
          ],
          [
            100.2902601,
            5.3573627
          ],
          [
            100.29026,
            5.3573628
          ],
          [
            100.2902599,
            5.3573628
          ],
          [
            100.2902599,
            5.3573629
          ],
          [
            100.2902598,
            5.3573629
          ],
          [
            100.2902598,
            5.3573629
          ],
          [
            100.2902598,
            5.3573629
          ],
          [
            100.2902597,
            5.357363
          ],
          [
            100.2902597,
            5.357363
          ],
          [
            100.2902597,
            5.357363
          ],
          [
            100.2902596,
            5.357363
          ],
          [
            100.2902596,
            5.3573631
          ],
          [
            100.2902595,
            5.3573631
          ],
          [
            100.2902595,
            5.3573631
          ],
          [
            100.2902594,
            5.3573631
          ],
          [
            100.2902594,
            5.3573631
          ],
          [
            100.2902593,
            5.3573631
          ],
          [
            100.2902593,
            5.3573632
          ],
          [
            100.2902592,
            5.3573632
          ],
          [
            100.2902592,
            5.3573633
          ],
          [
            100.2902591,
            5.3573633
          ],
          [
            100.2902591,
            5.3573634
          ],
          [
            100.290259,
            5.3573635
          ],
          [
            100.290259,
            5.3573636
          ],
          [
            100.2902589,
            5.3573637
          ],
          [
            100.2902589,
            5.3573638
          ],
          [
            100.2902588,
            5.3573639
          ],
          [
            100.2902588,
            5.357364
          ],
          [
            100.2902587,
            5.3573641
          ],
          [
            100.2902586,
            5.3573642
          ],
          [
            100.2902586,
            5.3573643
          ],
          [
            100.2902585,
            5.3573644
          ],
          [
            100.2902585,
            5.3573645
          ],
          [
            100.2902584,
            5.3573646
          ],
          [
            100.2902584,
            5.3573647
          ],
          [
            100.2902583,
            5.3573648
          ],
          [
            100.2902583,
            5.3573649
          ],
          [
            100.2902582,
            5.357365
          ],
          [
            100.2902582,
            5.3573651
          ],
          [
            100.2902581,
            5.3573652
          ],
          [
            100.2902581,
            5.3573653
          ],
          [
            100.290258,
            5.3573654
          ],
          [
            100.290258,
            5.3573655
          ],
          [
            100.2902579,
            5.3573656
          ],
          [
            100.2902579,
            5.3573657
          ],
          [
            100.2902578,
            5.3573658
          ],
          [
            100.2902577,
            5.3573659
          ],
          [
            100.2902577,
            5.357366
          ],
          [
            100.2902576,
            5.3573661
          ],
          [
            100.2902576,
            5.3573662
          ],
          [
            100.2902575,
            5.3573663
          ],
          [
            100.2902575,
            5.3573665
          ],
          [
            100.2902574,
            5.3573666
          ],
          [
            100.2902574,
            5.3573667
          ],
          [
            100.2902573,
            5.3573668
          ],
          [
            100.2902573,
            5.3573669
          ],
          [
            100.2902572,
            5.3573671
          ],
          [
            100.2902572,
            5.3573672
          ],
          [
            100.2902571,
            5.3573673
          ],
          [
            100.2902571,
            5.3573675
          ],
          [
            100.290257,
            5.3573676
          ],
          [
            100.290257,
            5.3573678
          ],
          [
            100.2902569,
            5.3573679
          ],
          [
            100.2902569,
            5.3573681
          ],
          [
            100.2902568,
            5.3573683
          ],
          [
            100.2902568,
            5.3573685
          ],
          [
            100.2902568,
            5.3573687
          ],
          [
            100.2902567,
            5.3573688
          ],
          [
            100.2902567,
            5.3573691
          ],
          [
            100.2902566,
            5.3573693
          ],
          [
            100.2902566,
            5.3573695
          ],
          [
            100.2902566,
            5.3573697
          ],
          [
            100.2902565,
            5.3573699
          ],
          [
            100.2902565,
            5.3573702
          ],
          [
            100.2902565,
            5.3573704
          ],
          [
            100.2902565,
            5.3573706
          ],
          [
            100.2902564,
            5.3573709
          ],
          [
            100.2902564,
            5.3573711
          ],
          [
            100.2902564,
            5.3573714
          ],
          [
            100.2902564,
            5.3573716
          ],
          [
            100.2902564,
            5.3573719
          ],
          [
            100.2902564,
            5.3573722
          ],
          [
            100.2902563,
            5.3573724
          ],
          [
            100.2902563,
            5.3573727
          ],
          [
            100.2902563,
            5.357373
          ],
          [
            100.2902563,
            5.3573732
          ],
          [
            100.2902563,
            5.3573735
          ],
          [
            100.2902563,
            5.3573738
          ],
          [
            100.2902563,
            5.3573741
          ],
          [
            100.2902563,
            5.3573744
          ],
          [
            100.2902563,
            5.3573746
          ],
          [
            100.2902563,
            5.3573749
          ],
          [
            100.2902563,
            5.3573752
          ],
          [
            100.2902563,
            5.3573755
          ],
          [
            100.2902563,
            5.3573758
          ],
          [
            100.2902563,
            5.3573761
          ],
          [
            100.2902564,
            5.3573764
          ],
          [
            100.2902564,
            5.3573767
          ],
          [
            100.2902564,
            5.357377
          ],
          [
            100.2902564,
            5.3573773
          ],
          [
            100.2902564,
            5.3573776
          ],
          [
            100.2902565,
            5.3573779
          ],
          [
            100.2902565,
            5.3573782
          ],
          [
            100.2902565,
            5.3573785
          ],
          [
            100.2902565,
            5.3573788
          ],
          [
            100.2902566,
            5.3573791
          ],
          [
            100.2902566,
            5.3573794
          ],
          [
            100.2902566,
            5.3573797
          ],
          [
            100.2902567,
            5.35738
          ],
          [
            100.2902567,
            5.3573803
          ],
          [
            100.2902567,
            5.3573806
          ],
          [
            100.2902568,
            5.3573809
          ],
          [
            100.2902568,
            5.3573812
          ],
          [
            100.2902569,
            5.3573815
          ],
          [
            100.2902569,
            5.3573818
          ],
          [
            100.290257,
            5.3573821
          ],
          [
            100.290257,
            5.3573824
          ],
          [
            100.2902571,
            5.3573827
          ],
          [
            100.2902571,
            5.357383
          ],
          [
            100.2902572,
            5.3573833
          ],
          [
            100.2902572,
            5.3573836
          ],
          [
            100.2902573,
            5.3573839
          ],
          [
            100.2902573,
            5.3573842
          ],
          [
            100.2902574,
            5.3573844
          ],
          [
            100.2902574,
            5.3573847
          ],
          [
            100.2902575,
            5.357385
          ],
          [
            100.2902575,
            5.3573853
          ],
          [
            100.2902576,
            5.3573855
          ],
          [
            100.2902576,
            5.3573858
          ],
          [
            100.2902577,
            5.3573861
          ],
          [
            100.2902577,
            5.3573863
          ],
          [
            100.2902577,
            5.3573866
          ],
          [
            100.2902578,
            5.3573868
          ],
          [
            100.2902578,
            5.3573871
          ],
          [
            100.2902579,
            5.3573873
          ],
          [
            100.2902579,
            5.3573876
          ],
          [
            100.2902579,
            5.3573878
          ],
          [
            100.290258,
            5.357388
          ],
          [
            100.290258,
            5.3573883
          ],
          [
            100.290258,
            5.3573885
          ],
          [
            100.2902581,
            5.3573887
          ],
          [
            100.2902581,
            5.357389
          ],
          [
            100.2902581,
            5.3573892
          ],
          [
            100.2902582,
            5.3573894
          ],
          [
            100.2902582,
            5.3573896
          ],
          [
            100.2902582,
            5.3573899
          ],
          [
            100.2902583,
            5.3573901
          ],
          [
            100.2902583,
            5.3573903
          ],
          [
            100.2902583,
            5.3573905
          ],
          [
            100.2902583,
            5.3573907
          ],
          [
            100.2902584,
            5.3573909
          ],
          [
            100.2902584,
            5.3573911
          ],
          [
            100.2902584,
            5.3573913
          ],
          [
            100.2902584,
            5.3573915
          ],
          [
            100.2902585,
            5.3573917
          ],
          [
            100.2902585,
            5.3573919
          ],
          [
            100.2902585,
            5.3573921
          ],
          [
            100.2902585,
            5.3573923
          ],
          [
            100.2902585,
            5.3573925
          ],
          [
            100.2902585,
            5.3573927
          ],
          [
            100.2902586,
            5.3573928
          ],
          [
            100.2902586,
            5.357393
          ],
          [
            100.2902586,
            5.3573932
          ],
          [
            100.2902586,
            5.3573934
          ],
          [
            100.2902586,
            5.3573936
          ],
          [
            100.2902586,
            5.3573937
          ],
          [
            100.2902587,
            5.3573939
          ],
          [
            100.2902587,
            5.3573941
          ],
          [
            100.2902587,
            5.3573942
          ],
          [
            100.2902587,
            5.3573944
          ],
          [
            100.2902587,
            5.3573946
          ],
          [
            100.2902587,
            5.3573947
          ],
          [
            100.2902587,
            5.3573949
          ],
          [
            100.2902587,
            5.357395
          ],
          [
            100.2902587,
            5.3573952
          ],
          [
            100.2902587,
            5.3573954
          ],
          [
            100.2902587,
            5.3573955
          ],
          [
            100.2902587,
            5.3573957
          ],
          [
            100.2902587,
            5.3573958
          ],
          [
            100.2902587,
            5.357396
          ],
          [
            100.2902588,
            5.3573961
          ],
          [
            100.2902588,
            5.3573962
          ],
          [
            100.2902588,
            5.3573964
          ],
          [
            100.2902588,
            5.3573965
          ],
          [
            100.2902588,
            5.3573967
          ],
          [
            100.2902588,
            5.3573968
          ],
          [
            100.2902588,
            5.3573969
          ],
          [
            100.2902588,
            5.3573971
          ],
          [
            100.2902588,
            5.3573972
          ],
          [
            100.2902588,
            5.3573973
          ],
          [
            100.2902588,
            5.3573975
          ],
          [
            100.2902588,
            5.3573976
          ],
          [
            100.2902588,
            5.3573977
          ],
          [
            100.2902588,
            5.3573978
          ],
          [
            100.2902588,
            5.3573979
          ],
          [
            100.2902588,
            5.3573981
          ],
          [
            100.2902588,
            5.3573982
          ],
          [
            100.2902588,
            5.3573983
          ],
          [
            100.2902588,
            5.3573984
          ],
          [
            100.2902588,
            5.3573985
          ],
          [
            100.2902588,
            5.3573986
          ],
          [
            100.2902589,
            5.3573987
          ],
          [
            100.2902589,
            5.3573988
          ],
          [
            100.2902589,
            5.3573989
          ],
          [
            100.2902589,
            5.357399
          ],
          [
            100.2902589,
            5.3573991
          ],
          [
            100.2902589,
            5.3573992
          ],
          [
            100.2902589,
            5.3573993
          ],
          [
            100.2902589,
            5.3573994
          ],
          [
            100.2902589,
            5.3573995
          ],
          [
            100.2902589,
            5.3573995
          ],
          [
            100.2902589,
            5.3573996
          ],
          [
            100.2902589,
            5.3573997
          ],
          [
            100.2902589,
            5.3573998
          ],
          [
            100.2902589,
            5.3573999
          ],
          [
            100.2902589,
            5.3573999
          ],
          [
            100.2902589,
            5.3574
          ],
          [
            100.2902589,
            5.3574001
          ],
          [
            100.2902589,
            5.3574001
          ],
          [
            100.290259,
            5.3574002
          ],
          [
            100.290259,
            5.3574003
          ],
          [
            100.290259,
            5.3574003
          ],
          [
            100.290259,
            5.3574004
          ],
          [
            100.290259,
            5.3574005
          ],
          [
            100.290259,
            5.3574005
          ],
          [
            100.290259,
            5.3574006
          ],
          [
            100.290259,
            5.3574006
          ],
          [
            100.290259,
            5.3574007
          ],
          [
            100.290259,
            5.3574007
          ],
          [
            100.290259,
            5.3574008
          ],
          [
            100.290259,
            5.3574008
          ],
          [
            100.290259,
            5.3574009
          ],
          [
            100.290259,
            5.3574009
          ],
          [
            100.290259,
            5.357401
          ],
          [
            100.290259,
            5.357401
          ],
          [
            100.290259,
            5.357401
          ],
          [
            100.290259,
            5.3574011
          ],
          [
            100.290259,
            5.3574011
          ],
          [
            100.290259,
            5.3574011
          ],
          [
            100.290259,
            5.3574012
          ],
          [
            100.290259,
            5.3574012
          ],
          [
            100.290259,
            5.3574012
          ],
          [
            100.290259,
            5.3574013
          ],
          [
            100.290259,
            5.3574013
          ],
          [
            100.290259,
            5.3574013
          ],
          [
            100.290259,
            5.3574013
          ],
          [
            100.290259,
            5.3574014
          ],
          [
            100.290259,
            5.3574014
          ],
          [
            100.290259,
            5.3574014
          ],
          [
            100.290259,
            5.3574014
          ],
          [
            100.290259,
            5.3574015
          ],
          [
            100.290259,
            5.3574015
          ],
          [
            100.290259,
            5.3574015
          ],
          [
            100.290259,
            5.3574015
          ],
          [
            100.290259,
            5.3574015
          ],
          [
            100.290259,
            5.3574016
          ],
          [
            100.290259,
            5.3574016
          ],
          [
            100.290259,
            5.3574016
          ],
          [
            100.290259,
            5.3574016
          ],
          [
            100.290259,
            5.3574016
          ],
          [
            100.290259,
            5.3574016
          ],
          [
            100.290259,
            5.3574016
          ],
          [
            100.290259,
            5.3574017
          ],
          [
            100.290259,
            5.3574017
          ],
          [
            100.290259,
            5.3574017
          ],
          [
            100.290259,
            5.3574017
          ],
          [
            100.290259,
            5.3574017
          ],
          [
            100.290259,
            5.3574017
          ],
          [
            100.290259,
            5.3574017
          ],
          [
            100.290259,
            5.3574017
          ],
          [
            100.290259,
            5.3574018
          ],
          [
            100.290259,
            5.3574018
          ],
          [
            100.290259,
            5.3574018
          ],
          [
            100.290259,
            5.3574018
          ],
          [
            100.290259,
            5.3574018
          ],
          [
            100.290259,
            5.3574018
          ],
          [
            100.290259,
            5.3574018
          ],
          [
            100.290259,
            5.3574018
          ],
          [
            100.290259,
            5.3574018
          ],
          [
            100.290259,
            5.3574018
          ],
          [
            100.290259,
            5.3574019
          ],
          [
            100.290259,
            5.3574019
          ],
          [
            100.290259,
            5.3574019
          ],
          [
            100.290259,
            5.3574019
          ],
          [
            100.290259,
            5.3574019
          ],
          [
            100.290259,
            5.3574019
          ],
          [
            100.290259,
            5.3574019
          ],
          [
            100.290259,
            5.3574019
          ],
          [
            100.290259,
            5.3574019
          ],
          [
            100.290259,
            5.3574019
          ],
          [
            100.290259,
            5.3574019
          ],
          [
            100.290259,
            5.3574019
          ],
          [
            100.290259,
            5.3574019
          ],
          [
            100.290259,
            5.3574019
          ],
          [
            100.290259,
            5.3574019
          ],
          [
            100.290259,
            5.357402
          ],
          [
            100.290259,
            5.357402
          ],
          [
            100.290259,
            5.357402
          ],
          [
            100.290259,
            5.357402
          ],
          [
            100.290259,
            5.357402
          ],
          [
            100.290259,
            5.357402
          ],
          [
            100.2902591,
            5.357402
          ],
          [
            100.2902591,
            5.357402
          ],
          [
            100.2902591,
            5.357402
          ],
          [
            100.2902591,
            5.357402
          ],
          [
            100.2902591,
            5.357402
          ],
          [
            100.2902591,
            5.357402
          ],
          [
            100.2902591,
            5.357402
          ],
          [
            100.2902591,
            5.357402
          ],
          [
            100.2902591,
            5.357402
          ],
          [
            100.2902591,
            5.357402
          ],
          [
            100.2902591,
            5.357402
          ],
          [
            100.2902591,
            5.357402
          ],
          [
            100.2902591,
            5.357402
          ],
          [
            100.2902591,
            5.357402
          ],
          [
            100.2902591,
            5.357402
          ],
          [
            100.2902591,
            5.357402
          ],
          [
            100.2902591,
            5.357402
          ],
          [
            100.2902591,
            5.357402
          ],
          [
            100.2902591,
            5.357402
          ],
          [
            100.2902591,
            5.357402
          ],
          [
            100.2902591,
            5.357402
          ],
          [
            100.2902591,
            5.357402
          ],
          [
            100.2902591,
            5.357402
          ],
          [
            100.2902591,
            5.357402
          ],
          [
            100.2902592,
            5.357402
          ],
          [
            100.2902592,
            5.357402
          ],
          [
            100.2902592,
            5.3574021
          ],
          [
            100.2902592,
            5.3574021
          ],
          [
            100.2902592,
            5.3574021
          ],
          [
            100.2902592,
            5.3574021
          ],
          [
            100.2902592,
            5.3574021
          ],
          [
            100.2902592,
            5.3574021
          ],
          [
            100.2902592,
            5.3574021
          ],
          [
            100.2902592,
            5.3574021
          ],
          [
            100.2902592,
            5.3574021
          ],
          [
            100.2902592,
            5.3574021
          ],
          [
            100.2902592,
            5.3574021
          ],
          [
            100.2902592,
            5.3574021
          ],
          [
            100.2902592,
            5.3574021
          ],
          [
            100.2902592,
            5.3574022
          ],
          [
            100.2902592,
            5.3574022
          ],
          [
            100.2902592,
            5.3574022
          ],
          [
            100.2902592,
            5.3574022
          ],
          [
            100.2902592,
            5.3574022
          ],
          [
            100.2902592,
            5.3574022
          ],
          [
            100.2902592,
            5.3574022
          ],
          [
            100.2902592,
            5.3574022
          ],
          [
            100.2902592,
            5.3574023
          ],
          [
            100.2902592,
            5.3574023
          ],
          [
            100.2902592,
            5.3574023
          ],
          [
            100.2902592,
            5.3574023
          ],
          [
            100.2902592,
            5.3574023
          ],
          [
            100.2902592,
            5.3574023
          ],
          [
            100.2902592,
            5.3574024
          ],
          [
            100.2902592,
            5.3574024
          ],
          [
            100.2902592,
            5.3574024
          ],
          [
            100.2902592,
            5.3574024
          ],
          [
            100.2902592,
            5.3574024
          ],
          [
            100.2902592,
            5.3574024
          ],
          [
            100.2902592,
            5.3574025
          ],
          [
            100.2902592,
            5.3574025
          ],
          [
            100.2902591,
            5.3574025
          ],
          [
            100.2902591,
            5.3574025
          ],
          [
            100.2902591,
            5.3574026
          ],
          [
            100.2902591,
            5.3574026
          ],
          [
            100.2902591,
            5.3574026
          ],
          [
            100.2902591,
            5.3574026
          ],
          [
            100.2902591,
            5.3574027
          ],
          [
            100.2902591,
            5.3574027
          ],
          [
            100.2902591,
            5.3574027
          ],
          [
            100.2902591,
            5.3574027
          ],
          [
            100.2902591,
            5.3574028
          ],
          [
            100.2902592,
            5.3574028
          ],
          [
            100.2902592,
            5.3574028
          ],
          [
            100.2902592,
            5.3574028
          ],
          [
            100.2902592,
            5.3574029
          ],
          [
            100.2902592,
            5.3574029
          ],
          [
            100.2902592,
            5.3574029
          ],
          [
            100.2902592,
            5.3574029
          ],
          [
            100.2902592,
            5.357403
          ],
          [
            100.2902592,
            5.357403
          ],
          [
            100.2902592,
            5.357403
          ],
          [
            100.2902592,
            5.3574031
          ],
          [
            100.2902592,
            5.3574031
          ],
          [
            100.2902592,
            5.3574031
          ],
          [
            100.2902592,
            5.3574031
          ],
          [
            100.2902592,
            5.3574032
          ],
          [
            100.2902592,
            5.3574032
          ],
          [
            100.2902592,
            5.3574032
          ],
          [
            100.2902592,
            5.3574033
          ],
          [
            100.2902592,
            5.3574033
          ],
          [
            100.2902591,
            5.3574033
          ],
          [
            100.2902591,
            5.3574033
          ],
          [
            100.2902591,
            5.3574034
          ],
          [
            100.2902591,
            5.3574034
          ],
          [
            100.2902591,
            5.3574034
          ],
          [
            100.2902591,
            5.3574034
          ],
          [
            100.2902591,
            5.3574035
          ],
          [
            100.2902591,
            5.3574035
          ],
          [
            100.2902591,
            5.3574035
          ],
          [
            100.2902591,
            5.3574035
          ],
          [
            100.2902591,
            5.3574036
          ],
          [
            100.2902591,
            5.3574036
          ],
          [
            100.290259,
            5.3574036
          ],
          [
            100.290259,
            5.3574036
          ],
          [
            100.290259,
            5.3574036
          ],
          [
            100.290259,
            5.3574037
          ],
          [
            100.290259,
            5.3574037
          ],
          [
            100.2902589,
            5.3574037
          ],
          [
            100.2902589,
            5.3574037
          ],
          [
            100.2902589,
            5.3574037
          ],
          [
            100.2902589,
            5.3574037
          ],
          [
            100.2902588,
            5.3574038
          ],
          [
            100.2902588,
            5.3574038
          ],
          [
            100.2902588,
            5.3574038
          ],
          [
            100.2902588,
            5.3574038
          ],
          [
            100.2902587,
            5.3574038
          ],
          [
            100.2902587,
            5.3574038
          ],
          [
            100.2902587,
            5.3574038
          ],
          [
            100.2902586,
            5.3574038
          ],
          [
            100.2902586,
            5.3574038
          ],
          [
            100.2902586,
            5.3574039
          ],
          [
            100.2902585,
            5.3574039
          ],
          [
            100.2902585,
            5.3574039
          ],
          [
            100.2902585,
            5.3574039
          ],
          [
            100.2902584,
            5.3574039
          ],
          [
            100.2902584,
            5.3574039
          ],
          [
            100.2902583,
            5.3574039
          ],
          [
            100.2902583,
            5.3574039
          ],
          [
            100.2902583,
            5.3574039
          ],
          [
            100.2902582,
            5.3574039
          ],
          [
            100.2902582,
            5.3574039
          ],
          [
            100.2902581,
            5.3574039
          ],
          [
            100.2902581,
            5.3574039
          ],
          [
            100.290258,
            5.3574039
          ],
          [
            100.290258,
            5.3574039
          ],
          [
            100.2902579,
            5.3574039
          ],
          [
            100.2902578,
            5.3574039
          ],
          [
            100.2902578,
            5.3574039
          ],
          [
            100.2902577,
            5.3574039
          ],
          [
            100.2902577,
            5.3574039
          ],
          [
            100.2902576,
            5.3574039
          ],
          [
            100.2902575,
            5.3574039
          ],
          [
            100.2902575,
            5.3574039
          ],
          [
            100.2902574,
            5.3574039
          ],
          [
            100.2902573,
            5.3574039
          ],
          [
            100.2902573,
            5.357404
          ],
          [
            100.2902572,
            5.357404
          ],
          [
            100.2902571,
            5.357404
          ],
          [
            100.2902571,
            5.357404
          ],
          [
            100.290257,
            5.357404
          ],
          [
            100.2902569,
            5.357404
          ],
          [
            100.2902568,
            5.357404
          ],
          [
            100.2902568,
            5.357404
          ],
          [
            100.2902567,
            5.357404
          ],
          [
            100.2902566,
            5.357404
          ],
          [
            100.2902566,
            5.357404
          ],
          [
            100.2902565,
            5.357404
          ],
          [
            100.2902564,
            5.3574039
          ],
          [
            100.2902563,
            5.3574039
          ],
          [
            100.2902562,
            5.3574039
          ],
          [
            100.2902562,
            5.3574039
          ],
          [
            100.2902561,
            5.3574039
          ],
          [
            100.290256,
            5.3574039
          ],
          [
            100.2902559,
            5.3574039
          ],
          [
            100.2902559,
            5.3574039
          ],
          [
            100.2902558,
            5.3574039
          ],
          [
            100.2902557,
            5.3574039
          ],
          [
            100.2902556,
            5.3574038
          ],
          [
            100.2902555,
            5.3574038
          ],
          [
            100.2902555,
            5.3574038
          ],
          [
            100.2902554,
            5.3574038
          ],
          [
            100.2902553,
            5.3574038
          ],
          [
            100.2902552,
            5.3574038
          ],
          [
            100.2902551,
            5.3574038
          ],
          [
            100.290255,
            5.3574038
          ],
          [
            100.290255,
            5.3574038
          ],
          [
            100.2902549,
            5.3574037
          ],
          [
            100.2902548,
            5.3574037
          ],
          [
            100.2902547,
            5.3574037
          ],
          [
            100.2902546,
            5.3574037
          ],
          [
            100.2902545,
            5.3574037
          ],
          [
            100.2902544,
            5.3574037
          ],
          [
            100.2902543,
            5.3574037
          ],
          [
            100.2902542,
            5.3574037
          ],
          [
            100.2902541,
            5.3574037
          ],
          [
            100.2902541,
            5.3574037
          ],
          [
            100.290254,
            5.3574036
          ],
          [
            100.2902539,
            5.3574036
          ],
          [
            100.2902538,
            5.3574036
          ],
          [
            100.2902537,
            5.3574036
          ],
          [
            100.2902536,
            5.3574036
          ],
          [
            100.2902535,
            5.3574036
          ],
          [
            100.2902534,
            5.3574036
          ],
          [
            100.2902533,
            5.3574036
          ],
          [
            100.2902532,
            5.3574036
          ],
          [
            100.2902531,
            5.3574036
          ],
          [
            100.2902531,
            5.3574036
          ],
          [
            100.290253,
            5.3574036
          ],
          [
            100.2902529,
            5.3574035
          ],
          [
            100.2902528,
            5.3574035
          ],
          [
            100.2902527,
            5.3574035
          ],
          [
            100.2902526,
            5.3574035
          ],
          [
            100.2902526,
            5.3574035
          ],
          [
            100.2902525,
            5.3574035
          ],
          [
            100.2902524,
            5.3574035
          ],
          [
            100.2902523,
            5.3574034
          ],
          [
            100.2902523,
            5.3574034
          ],
          [
            100.2902522,
            5.3574034
          ],
          [
            100.2902521,
            5.3574034
          ],
          [
            100.290252,
            5.3574034
          ],
          [
            100.290252,
            5.3574034
          ],
          [
            100.2902519,
            5.3574033
          ],
          [
            100.2902518,
            5.3574033
          ],
          [
            100.2902518,
            5.3574033
          ],
          [
            100.2902517,
            5.3574033
          ],
          [
            100.2902517,
            5.3574033
          ],
          [
            100.2902516,
            5.3574033
          ],
          [
            100.2902515,
            5.3574033
          ],
          [
            100.2902515,
            5.3574033
          ],
          [
            100.2902514,
            5.3574032
          ],
          [
            100.2902514,
            5.3574032
          ],
          [
            100.2902513,
            5.3574032
          ],
          [
            100.2902513,
            5.3574032
          ],
          [
            100.2902512,
            5.3574032
          ],
          [
            100.2902512,
            5.3574032
          ],
          [
            100.2902512,
            5.3574032
          ],
          [
            100.2902511,
            5.3574032
          ],
          [
            100.2902511,
            5.3574032
          ],
          [
            100.290251,
            5.3574032
          ],
          [
            100.290251,
            5.3574032
          ],
          [
            100.290251,
            5.3574032
          ],
          [
            100.2902509,
            5.3574032
          ],
          [
            100.2902509,
            5.3574032
          ],
          [
            100.2902509,
            5.3574032
          ],
          [
            100.2902509,
            5.3574031
          ],
          [
            100.2902508,
            5.3574031
          ],
          [
            100.2902508,
            5.3574031
          ],
          [
            100.2902508,
            5.3574031
          ],
          [
            100.2902508,
            5.3574031
          ],
          [
            100.2902507,
            5.3574031
          ],
          [
            100.2902507,
            5.3574031
          ],
          [
            100.2902507,
            5.3574031
          ],
          [
            100.2902507,
            5.3574031
          ],
          [
            100.2902507,
            5.3574031
          ],
          [
            100.2902507,
            5.3574031
          ],
          [
            100.2902507,
            5.3574031
          ],
          [
            100.2902507,
            5.3574031
          ],
          [
            100.2902506,
            5.357403
          ],
          [
            100.2902506,
            5.357403
          ],
          [
            100.2902506,
            5.357403
          ],
          [
            100.2902506,
            5.357403
          ],
          [
            100.2902506,
            5.357403
          ],
          [
            100.2902506,
            5.357403
          ],
          [
            100.2902507,
            5.357403
          ],
          [
            100.2902507,
            5.357403
          ],
          [
            100.2902507,
            5.357403
          ],
          [
            100.2902507,
            5.3574029
          ],
          [
            100.2902507,
            5.3574029
          ],
          [
            100.2902507,
            5.3574029
          ],
          [
            100.2902507,
            5.3574029
          ],
          [
            100.2902507,
            5.3574029
          ],
          [
            100.2902507,
            5.3574029
          ],
          [
            100.2902508,
            5.3574029
          ],
          [
            100.2902508,
            5.3574028
          ],
          [
            100.2902508,
            5.3574028
          ],
          [
            100.2902508,
            5.3574028
          ],
          [
            100.2902508,
            5.3574028
          ],
          [
            100.2902508,
            5.3574028
          ],
          [
            100.2902509,
            5.3574028
          ],
          [
            100.2902509,
            5.3574028
          ],
          [
            100.2902509,
            5.3574027
          ],
          [
            100.2902509,
            5.3574027
          ],
          [
            100.290251,
            5.3574027
          ],
          [
            100.290251,
            5.3574027
          ],
          [
            100.290251,
            5.3574027
          ],
          [
            100.290251,
            5.3574027
          ],
          [
            100.2902511,
            5.3574027
          ],
          [
            100.2902511,
            5.3574027
          ],
          [
            100.2902511,
            5.3574027
          ],
          [
            100.2902511,
            5.3574026
          ],
          [
            100.2902512,
            5.3574026
          ],
          [
            100.2902512,
            5.3574026
          ],
          [
            100.2902512,
            5.3574026
          ],
          [
            100.2902512,
            5.3574026
          ],
          [
            100.2902512,
            5.3574026
          ],
          [
            100.2902513,
            5.3574025
          ],
          [
            100.2902513,
            5.3574025
          ],
          [
            100.2902513,
            5.3574025
          ],
          [
            100.2902513,
            5.3574025
          ],
          [
            100.2902513,
            5.3574024
          ],
          [
            100.2902513,
            5.3574024
          ],
          [
            100.2902513,
            5.3574024
          ],
          [
            100.2902513,
            5.3574023
          ],
          [
            100.2902513,
            5.3574023
          ],
          [
            100.2902513,
            5.3574023
          ],
          [
            100.2902513,
            5.3574022
          ],
          [
            100.2902513,
            5.3574022
          ],
          [
            100.2902512,
            5.3574021
          ],
          [
            100.2902512,
            5.3574021
          ],
          [
            100.2902512,
            5.357402
          ],
          [
            100.2902511,
            5.357402
          ],
          [
            100.2902511,
            5.3574019
          ],
          [
            100.2902511,
            5.3574018
          ],
          [
            100.290251,
            5.3574018
          ],
          [
            100.290251,
            5.3574017
          ],
          [
            100.2902509,
            5.3574016
          ],
          [
            100.2902508,
            5.3574016
          ],
          [
            100.2902508,
            5.3574015
          ],
          [
            100.2902507,
            5.3574014
          ],
          [
            100.2902506,
            5.3574013
          ],
          [
            100.2902506,
            5.3574012
          ],
          [
            100.2902505,
            5.3574012
          ],
          [
            100.2902504,
            5.3574011
          ],
          [
            100.2902503,
            5.357401
          ],
          [
            100.2902502,
            5.3574009
          ],
          [
            100.2902501,
            5.3574008
          ],
          [
            100.29025,
            5.3574007
          ],
          [
            100.2902499,
            5.3574006
          ],
          [
            100.2902498,
            5.3574005
          ],
          [
            100.2902496,
            5.3574004
          ],
          [
            100.2902495,
            5.3574003
          ],
          [
            100.2902494,
            5.3574001
          ],
          [
            100.2902492,
            5.3574
          ],
          [
            100.2902491,
            5.3573999
          ],
          [
            100.290249,
            5.3573998
          ],
          [
            100.2902488,
            5.3573997
          ],
          [
            100.2902486,
            5.3573995
          ],
          [
            100.2902485,
            5.3573994
          ],
          [
            100.2902483,
            5.3573993
          ],
          [
            100.2902481,
            5.3573992
          ],
          [
            100.290248,
            5.357399
          ],
          [
            100.2902478,
            5.3573989
          ],
          [
            100.2902476,
            5.3573988
          ],
          [
            100.2902474,
            5.3573986
          ],
          [
            100.2902472,
            5.3573985
          ],
          [
            100.290247,
            5.3573983
          ],
          [
            100.2902468,
            5.3573982
          ],
          [
            100.2902466,
            5.357398
          ],
          [
            100.2902464,
            5.3573979
          ],
          [
            100.2902462,
            5.3573978
          ],
          [
            100.2902459,
            5.3573976
          ],
          [
            100.2902457,
            5.3573975
          ],
          [
            100.2902455,
            5.3573973
          ],
          [
            100.2902452,
            5.3573972
          ],
          [
            100.290245,
            5.357397
          ],
          [
            100.2902448,
            5.3573968
          ],
          [
            100.2902445,
            5.3573967
          ],
          [
            100.2902443,
            5.3573965
          ],
          [
            100.2902441,
            5.3573964
          ],
          [
            100.2902438,
            5.3573962
          ],
          [
            100.2902436,
            5.3573961
          ],
          [
            100.2902434,
            5.3573959
          ],
          [
            100.2902431,
            5.3573958
          ],
          [
            100.2902429,
            5.3573956
          ],
          [
            100.2902427,
            5.3573955
          ],
          [
            100.2902424,
            5.3573953
          ],
          [
            100.2902422,
            5.3573952
          ],
          [
            100.2902419,
            5.357395
          ],
          [
            100.2902417,
            5.3573949
          ],
          [
            100.2902415,
            5.3573947
          ],
          [
            100.2902413,
            5.3573946
          ],
          [
            100.290241,
            5.3573944
          ],
          [
            100.2902408,
            5.3573943
          ],
          [
            100.2902406,
            5.3573941
          ],
          [
            100.2902403,
            5.357394
          ],
          [
            100.2902401,
            5.3573938
          ],
          [
            100.2902399,
            5.3573937
          ],
          [
            100.2902397,
            5.3573935
          ],
          [
            100.2902394,
            5.3573934
          ],
          [
            100.2902392,
            5.3573933
          ],
          [
            100.290239,
            5.3573931
          ],
          [
            100.2902388,
            5.357393
          ],
          [
            100.2902386,
            5.3573928
          ],
          [
            100.2902383,
            5.3573927
          ],
          [
            100.2902381,
            5.3573925
          ],
          [
            100.2902379,
            5.3573924
          ],
          [
            100.2902377,
            5.3573922
          ],
          [
            100.2902375,
            5.3573921
          ],
          [
            100.2902373,
            5.3573919
          ],
          [
            100.2902371,
            5.3573918
          ],
          [
            100.2902369,
            5.3573916
          ],
          [
            100.2902367,
            5.3573915
          ],
          [
            100.2902365,
            5.3573914
          ],
          [
            100.2902363,
            5.3573912
          ],
          [
            100.2902361,
            5.3573911
          ],
          [
            100.2902359,
            5.3573909
          ],
          [
            100.2902357,
            5.3573908
          ],
          [
            100.2902355,
            5.3573906
          ],
          [
            100.2902353,
            5.3573905
          ],
          [
            100.2902351,
            5.3573903
          ],
          [
            100.2902349,
            5.3573902
          ],
          [
            100.2902348,
            5.35739
          ],
          [
            100.2902346,
            5.3573899
          ],
          [
            100.2902344,
            5.3573897
          ],
          [
            100.2902342,
            5.3573896
          ],
          [
            100.2902341,
            5.3573894
          ],
          [
            100.2902339,
            5.3573893
          ],
          [
            100.2902337,
            5.3573891
          ],
          [
            100.2902336,
            5.357389
          ],
          [
            100.2902334,
            5.3573888
          ],
          [
            100.2902332,
            5.3573886
          ],
          [
            100.2902331,
            5.3573885
          ],
          [
            100.2902329,
            5.3573883
          ],
          [
            100.2902328,
            5.3573882
          ],
          [
            100.2902326,
            5.357388
          ],
          [
            100.2902325,
            5.3573879
          ],
          [
            100.2902323,
            5.3573877
          ],
          [
            100.2902322,
            5.3573875
          ],
          [
            100.2902321,
            5.3573874
          ],
          [
            100.2902319,
            5.3573872
          ],
          [
            100.2902318,
            5.3573871
          ],
          [
            100.2902316,
            5.3573869
          ],
          [
            100.2902315,
            5.3573868
          ],
          [
            100.2902314,
            5.3573866
          ],
          [
            100.2902312,
            5.3573864
          ],
          [
            100.2902311,
            5.3573863
          ],
          [
            100.290231,
            5.3573861
          ],
          [
            100.2902309,
            5.3573859
          ],
          [
            100.2902307,
            5.3573858
          ],
          [
            100.2902306,
            5.3573856
          ],
          [
            100.2902305,
            5.3573855
          ],
          [
            100.2902304,
            5.3573853
          ],
          [
            100.2902303,
            5.3573851
          ],
          [
            100.2902302,
            5.357385
          ],
          [
            100.29023,
            5.3573848
          ],
          [
            100.2902299,
            5.3573847
          ],
          [
            100.2902298,
            5.3573845
          ],
          [
            100.2902297,
            5.3573843
          ],
          [
            100.2902296,
            5.3573842
          ],
          [
            100.2902295,
            5.357384
          ],
          [
            100.2902294,
            5.3573839
          ],
          [
            100.2902293,
            5.3573837
          ],
          [
            100.2902292,
            5.3573835
          ],
          [
            100.2902291,
            5.3573834
          ],
          [
            100.290229,
            5.3573832
          ],
          [
            100.290229,
            5.3573831
          ],
          [
            100.2902289,
            5.3573829
          ],
          [
            100.2902288,
            5.3573828
          ],
          [
            100.2902287,
            5.3573826
          ],
          [
            100.2902286,
            5.3573824
          ],
          [
            100.2902285,
            5.3573823
          ],
          [
            100.2902284,
            5.3573821
          ],
          [
            100.2902284,
            5.357382
          ],
          [
            100.2902283,
            5.3573818
          ],
          [
            100.2902282,
            5.3573817
          ],
          [
            100.2902281,
            5.3573815
          ],
          [
            100.2902281,
            5.3573814
          ],
          [
            100.290228,
            5.3573812
          ],
          [
            100.2902279,
            5.3573811
          ],
          [
            100.2902278,
            5.3573809
          ],
          [
            100.2902278,
            5.3573808
          ],
          [
            100.2902277,
            5.3573806
          ],
          [
            100.2902276,
            5.3573805
          ],
          [
            100.2902276,
            5.3573803
          ],
          [
            100.2902275,
            5.3573802
          ],
          [
            100.2902274,
            5.35738
          ],
          [
            100.2902274,
            5.3573799
          ],
          [
            100.2902273,
            5.3573798
          ],
          [
            100.2902272,
            5.3573796
          ],
          [
            100.2902272,
            5.3573795
          ],
          [
            100.2902271,
            5.3573793
          ],
          [
            100.2902271,
            5.3573792
          ],
          [
            100.290227,
            5.357379
          ],
          [
            100.2902269,
            5.3573789
          ],
          [
            100.2902269,
            5.3573788
          ],
          [
            100.2902268,
            5.3573786
          ],
          [
            100.2902268,
            5.3573785
          ],
          [
            100.2902267,
            5.3573784
          ],
          [
            100.2902266,
            5.3573782
          ],
          [
            100.2902266,
            5.3573781
          ],
          [
            100.2902265,
            5.357378
          ],
          [
            100.2902265,
            5.3573778
          ],
          [
            100.2902264,
            5.3573777
          ],
          [
            100.2902264,
            5.3573776
          ],
          [
            100.2902263,
            5.3573775
          ],
          [
            100.2902263,
            5.3573773
          ],
          [
            100.2902262,
            5.3573772
          ],
          [
            100.2902262,
            5.3573771
          ],
          [
            100.2902261,
            5.357377
          ],
          [
            100.290226,
            5.3573768
          ],
          [
            100.290226,
            5.3573767
          ],
          [
            100.2902259,
            5.3573766
          ],
          [
            100.2902259,
            5.3573765
          ],
          [
            100.2902258,
            5.3573764
          ],
          [
            100.2902258,
            5.3573762
          ],
          [
            100.2902257,
            5.3573761
          ],
          [
            100.2902257,
            5.357376
          ],
          [
            100.2902256,
            5.3573759
          ],
          [
            100.2902256,
            5.3573758
          ],
          [
            100.2902255,
            5.3573757
          ],
          [
            100.2902255,
            5.3573755
          ],
          [
            100.2902254,
            5.3573754
          ],
          [
            100.2902254,
            5.3573753
          ],
          [
            100.2902253,
            5.3573752
          ],
          [
            100.2902253,
            5.3573751
          ],
          [
            100.2902252,
            5.357375
          ],
          [
            100.2902252,
            5.3573749
          ],
          [
            100.2902251,
            5.3573748
          ],
          [
            100.2902251,
            5.3573747
          ],
          [
            100.2902251,
            5.3573746
          ],
          [
            100.290225,
            5.3573745
          ],
          [
            100.290225,
            5.3573744
          ],
          [
            100.2902249,
            5.3573743
          ],
          [
            100.2902249,
            5.3573742
          ],
          [
            100.2902248,
            5.3573741
          ],
          [
            100.2902248,
            5.357374
          ],
          [
            100.2902247,
            5.3573739
          ],
          [
            100.2902247,
            5.3573738
          ],
          [
            100.2902247,
            5.3573737
          ],
          [
            100.2902246,
            5.3573736
          ],
          [
            100.2902246,
            5.3573735
          ],
          [
            100.2902245,
            5.3573734
          ],
          [
            100.2902245,
            5.3573733
          ],
          [
            100.2902245,
            5.3573732
          ],
          [
            100.2902244,
            5.3573731
          ],
          [
            100.2902244,
            5.357373
          ],
          [
            100.2902243,
            5.3573729
          ],
          [
            100.2902243,
            5.3573728
          ],
          [
            100.2902243,
            5.3573727
          ],
          [
            100.2902242,
            5.3573727
          ],
          [
            100.2902242,
            5.3573726
          ],
          [
            100.2902241,
            5.3573725
          ],
          [
            100.2902241,
            5.3573724
          ],
          [
            100.2902241,
            5.3573723
          ],
          [
            100.290224,
            5.3573722
          ],
          [
            100.290224,
            5.3573721
          ],
          [
            100.2902239,
            5.357372
          ],
          [
            100.2902239,
            5.357372
          ],
          [
            100.2902239,
            5.3573719
          ],
          [
            100.2902238,
            5.3573718
          ],
          [
            100.2902238,
            5.3573717
          ],
          [
            100.2902238,
            5.3573716
          ],
          [
            100.2902237,
            5.3573716
          ],
          [
            100.2902237,
            5.3573715
          ],
          [
            100.2902237,
            5.3573714
          ],
          [
            100.2902236,
            5.3573713
          ],
          [
            100.2902236,
            5.3573712
          ],
          [
            100.2902236,
            5.3573712
          ],
          [
            100.2902235,
            5.3573711
          ],
          [
            100.2902235,
            5.357371
          ],
          [
            100.2902235,
            5.3573709
          ],
          [
            100.2902234,
            5.3573709
          ],
          [
            100.2902234,
            5.3573708
          ],
          [
            100.2902234,
            5.3573707
          ],
          [
            100.2902233,
            5.3573706
          ],
          [
            100.2902233,
            5.3573706
          ],
          [
            100.2902233,
            5.3573705
          ],
          [
            100.2902233,
            5.3573704
          ],
          [
            100.2902232,
            5.3573704
          ],
          [
            100.2902232,
            5.3573703
          ],
          [
            100.2902232,
            5.3573702
          ],
          [
            100.2902231,
            5.3573702
          ],
          [
            100.2902231,
            5.3573701
          ],
          [
            100.2902231,
            5.35737
          ],
          [
            100.290223,
            5.35737
          ],
          [
            100.290223,
            5.3573699
          ],
          [
            100.290223,
            5.3573698
          ],
          [
            100.290223,
            5.3573698
          ],
          [
            100.2902229,
            5.3573697
          ],
          [
            100.2902229,
            5.3573696
          ],
          [
            100.2902229,
            5.3573696
          ],
          [
            100.2902228,
            5.3573695
          ],
          [
            100.2902228,
            5.3573695
          ],
          [
            100.2902228,
            5.3573694
          ],
          [
            100.2902228,
            5.3573693
          ],
          [
            100.2902227,
            5.3573693
          ],
          [
            100.2902227,
            5.3573692
          ],
          [
            100.2902227,
            5.3573691
          ],
          [
            100.2902227,
            5.3573691
          ],
          [
            100.2902226,
            5.357369
          ],
          [
            100.2902226,
            5.357369
          ],
          [
            100.2902226,
            5.3573689
          ],
          [
            100.2902226,
            5.3573689
          ],
          [
            100.2902225,
            5.3573688
          ],
          [
            100.2902225,
            5.3573687
          ],
          [
            100.2902225,
            5.3573687
          ],
          [
            100.2902225,
            5.3573686
          ],
          [
            100.2902224,
            5.3573686
          ],
          [
            100.2902224,
            5.3573685
          ],
          [
            100.2902224,
            5.3573685
          ],
          [
            100.2902224,
            5.3573684
          ],
          [
            100.2902223,
            5.3573683
          ],
          [
            100.2902223,
            5.3573683
          ],
          [
            100.2902223,
            5.3573682
          ],
          [
            100.2902223,
            5.3573682
          ],
          [
            100.2902222,
            5.3573681
          ],
          [
            100.2902222,
            5.3573681
          ],
          [
            100.2902222,
            5.357368
          ],
          [
            100.2902222,
            5.357368
          ],
          [
            100.2902222,
            5.3573679
          ],
          [
            100.2902221,
            5.3573679
          ],
          [
            100.2902221,
            5.3573678
          ],
          [
            100.2902221,
            5.3573678
          ],
          [
            100.2902221,
            5.3573677
          ],
          [
            100.290222,
            5.3573677
          ],
          [
            100.290222,
            5.3573676
          ],
          [
            100.290222,
            5.3573676
          ],
          [
            100.290222,
            5.3573675
          ],
          [
            100.290222,
            5.3573675
          ],
          [
            100.2902219,
            5.3573674
          ],
          [
            100.2902219,
            5.3573674
          ],
          [
            100.2902219,
            5.3573673
          ],
          [
            100.2902219,
            5.3573673
          ],
          [
            100.2902219,
            5.3573672
          ],
          [
            100.2902218,
            5.3573672
          ],
          [
            100.2902218,
            5.3573671
          ],
          [
            100.2902218,
            5.3573671
          ],
          [
            100.2902218,
            5.357367
          ],
          [
            100.2902218,
            5.357367
          ],
          [
            100.2902218,
            5.3573669
          ],
          [
            100.2902217,
            5.3573669
          ],
          [
            100.2902217,
            5.3573669
          ],
          [
            100.2902217,
            5.3573668
          ],
          [
            100.2902217,
            5.3573668
          ],
          [
            100.2902217,
            5.3573667
          ],
          [
            100.2902217,
            5.3573667
          ],
          [
            100.2902216,
            5.3573666
          ],
          [
            100.2902216,
            5.3573666
          ],
          [
            100.2902216,
            5.3573665
          ],
          [
            100.2902216,
            5.3573665
          ],
          [
            100.2902216,
            5.3573665
          ],
          [
            100.2902216,
            5.3573664
          ],
          [
            100.2902215,
            5.3573664
          ],
          [
            100.2902215,
            5.3573663
          ],
          [
            100.2902215,
            5.3573663
          ],
          [
            100.2902215,
            5.3573663
          ],
          [
            100.2902215,
            5.3573662
          ],
          [
            100.2902215,
            5.3573662
          ],
          [
            100.2902215,
            5.3573661
          ],
          [
            100.2902214,
            5.3573661
          ],
          [
            100.2902214,
            5.3573661
          ],
          [
            100.2902214,
            5.357366
          ],
          [
            100.2902214,
            5.357366
          ],
          [
            100.2902214,
            5.3573659
          ],
          [
            100.2902214,
            5.3573659
          ],
          [
            100.2902214,
            5.3573659
          ],
          [
            100.2902214,
            5.3573658
          ],
          [
            100.2902213,
            5.3573658
          ],
          [
            100.2902213,
            5.3573657
          ],
          [
            100.2902213,
            5.3573657
          ],
          [
            100.2902213,
            5.3573657
          ],
          [
            100.2902213,
            5.3573656
          ],
          [
            100.2902213,
            5.3573656
          ],
          [
            100.2902213,
            5.3573656
          ],
          [
            100.2902213,
            5.3573655
          ],
          [
            100.2902212,
            5.3573655
          ],
          [
            100.2902212,
            5.3573655
          ],
          [
            100.2902212,
            5.3573654
          ],
          [
            100.2902212,
            5.3573654
          ],
          [
            100.2902212,
            5.3573653
          ],
          [
            100.2902212,
            5.3573653
          ],
          [
            100.2902212,
            5.3573653
          ],
          [
            100.2902212,
            5.3573652
          ],
          [
            100.2902212,
            5.3573652
          ],
          [
            100.2902212,
            5.3573652
          ],
          [
            100.2902211,
            5.3573651
          ],
          [
            100.2902211,
            5.3573651
          ],
          [
            100.2902211,
            5.3573651
          ],
          [
            100.2902211,
            5.357365
          ],
          [
            100.2902211,
            5.357365
          ],
          [
            100.2902211,
            5.357365
          ],
          [
            100.2902211,
            5.3573649
          ],
          [
            100.2902211,
            5.3573649
          ],
          [
            100.2902211,
            5.3573649
          ],
          [
            100.2902211,
            5.3573649
          ],
          [
            100.2902211,
            5.3573648
          ],
          [
            100.290221,
            5.3573648
          ],
          [
            100.290221,
            5.3573648
          ],
          [
            100.290221,
            5.3573647
          ],
          [
            100.290221,
            5.3573647
          ],
          [
            100.290221,
            5.3573647
          ],
          [
            100.290221,
            5.3573646
          ],
          [
            100.290221,
            5.3573646
          ],
          [
            100.290221,
            5.3573646
          ],
          [
            100.290221,
            5.3573646
          ],
          [
            100.290221,
            5.3573645
          ],
          [
            100.290221,
            5.3573645
          ],
          [
            100.2902209,
            5.3573645
          ],
          [
            100.2902209,
            5.3573644
          ],
          [
            100.2902209,
            5.3573644
          ],
          [
            100.2902209,
            5.3573644
          ],
          [
            100.2902209,
            5.3573644
          ],
          [
            100.2902209,
            5.3573643
          ],
          [
            100.2902209,
            5.3573643
          ],
          [
            100.2902209,
            5.3573643
          ],
          [
            100.2902209,
            5.3573643
          ],
          [
            100.2902209,
            5.3573642
          ],
          [
            100.2902209,
            5.3573642
          ],
          [
            100.2902209,
            5.3573642
          ],
          [
            100.2902209,
            5.3573642
          ],
          [
            100.2902209,
            5.3573641
          ],
          [
            100.2902208,
            5.3573641
          ],
          [
            100.2902208,
            5.3573641
          ],
          [
            100.2902208,
            5.3573641
          ],
          [
            100.2902208,
            5.357364
          ],
          [
            100.2902208,
            5.357364
          ],
          [
            100.2902208,
            5.357364
          ],
          [
            100.2902208,
            5.357364
          ],
          [
            100.2902208,
            5.3573639
          ],
          [
            100.2902208,
            5.3573639
          ],
          [
            100.2902208,
            5.3573639
          ],
          [
            100.2902208,
            5.3573639
          ],
          [
            100.2902208,
            5.3573639
          ],
          [
            100.2902208,
            5.3573638
          ],
          [
            100.2902208,
            5.3573638
          ],
          [
            100.2902208,
            5.3573638
          ],
          [
            100.2902208,
            5.3573638
          ],
          [
            100.2902208,
            5.3573638
          ],
          [
            100.2902207,
            5.3573637
          ],
          [
            100.2902207,
            5.3573637
          ],
          [
            100.2902207,
            5.3573637
          ],
          [
            100.2902207,
            5.3573637
          ],
          [
            100.2902207,
            5.3573637
          ],
          [
            100.2902207,
            5.3573636
          ],
          [
            100.2902207,
            5.3573636
          ],
          [
            100.2902207,
            5.3573636
          ],
          [
            100.2902207,
            5.3573636
          ],
          [
            100.2902207,
            5.3573636
          ],
          [
            100.2902207,
            5.3573636
          ],
          [
            100.2902207,
            5.3573635
          ],
          [
            100.2902207,
            5.3573635
          ],
          [
            100.2902207,
            5.3573635
          ],
          [
            100.2902207,
            5.3573635
          ],
          [
            100.2902207,
            5.3573635
          ],
          [
            100.2902207,
            5.3573635
          ],
          [
            100.2902207,
            5.3573634
          ],
          [
            100.2902207,
            5.3573634
          ],
          [
            100.2902207,
            5.3573634
          ],
          [
            100.2902207,
            5.3573634
          ],
          [
            100.2902207,
            5.3573634
          ],
          [
            100.2902207,
            5.3573634
          ],
          [
            100.2902207,
            5.3573634
          ],
          [
            100.2902207,
            5.3573634
          ],
          [
            100.2902207,
            5.3573633
          ],
          [
            100.2902207,
            5.3573633
          ],
          [
            100.2902207,
            5.3573633
          ],
          [
            100.2902207,
            5.3573633
          ],
          [
            100.2902207,
            5.3573633
          ],
          [
            100.2902207,
            5.3573633
          ],
          [
            100.2902207,
            5.3573633
          ],
          [
            100.2902206,
            5.3573633
          ],
          [
            100.2902206,
            5.3573632
          ],
          [
            100.2902206,
            5.3573632
          ],
          [
            100.2902206,
            5.3573632
          ],
          [
            100.2902206,
            5.3573632
          ],
          [
            100.2902206,
            5.3573632
          ],
          [
            100.2902206,
            5.3573632
          ],
          [
            100.2902206,
            5.3573632
          ],
          [
            100.2902206,
            5.3573632
          ],
          [
            100.2902206,
            5.3573632
          ],
          [
            100.2902206,
            5.3573632
          ],
          [
            100.2902206,
            5.3573631
          ],
          [
            100.2902206,
            5.3573631
          ],
          [
            100.2902206,
            5.3573631
          ],
          [
            100.2902206,
            5.3573631
          ],
          [
            100.2902206,
            5.3573631
          ],
          [
            100.2902206,
            5.3573631
          ],
          [
            100.2902206,
            5.3573631
          ],
          [
            100.2902206,
            5.3573631
          ],
          [
            100.2902206,
            5.3573631
          ],
          [
            100.2902206,
            5.3573631
          ],
          [
            100.2902206,
            5.3573631
          ],
          [
            100.2902206,
            5.3573631
          ],
          [
            100.2902206,
            5.357363
          ],
          [
            100.2902206,
            5.357363
          ],
          [
            100.2902206,
            5.357363
          ],
          [
            100.2902206,
            5.357363
          ],
          [
            100.2902206,
            5.357363
          ],
          [
            100.2902206,
            5.357363
          ],
          [
            100.2902206,
            5.357363
          ],
          [
            100.2902206,
            5.357363
          ],
          [
            100.2902206,
            5.357363
          ],
          [
            100.2902206,
            5.357363
          ],
          [
            100.2902206,
            5.357363
          ],
          [
            100.2902206,
            5.357363
          ],
          [
            100.2902206,
            5.357363
          ],
          [
            100.2902206,
            5.3573629
          ],
          [
            100.2902206,
            5.3573629
          ],
          [
            100.2902206,
            5.3573629
          ],
          [
            100.2902206,
            5.3573629
          ],
          [
            100.2902206,
            5.3573629
          ],
          [
            100.2902206,
            5.3573629
          ],
          [
            100.2902206,
            5.3573629
          ],
          [
            100.2902206,
            5.3573629
          ],
          [
            100.2902206,
            5.3573629
          ],
          [
            100.2902206,
            5.3573629
          ],
          [
            100.2902206,
            5.3573629
          ],
          [
            100.2902206,
            5.3573629
          ],
          [
            100.2902206,
            5.3573629
          ],
          [
            100.2902206,
            5.3573629
          ],
          [
            100.2902206,
            5.3573628
          ],
          [
            100.2902206,
            5.3573628
          ],
          [
            100.2902206,
            5.3573628
          ],
          [
            100.2902206,
            5.3573628
          ],
          [
            100.2902206,
            5.3573628
          ],
          [
            100.2902206,
            5.3573628
          ],
          [
            100.2902206,
            5.3573628
          ],
          [
            100.2902206,
            5.3573628
          ],
          [
            100.2902206,
            5.3573628
          ],
          [
            100.2902206,
            5.3573628
          ],
          [
            100.2902206,
            5.3573628
          ],
          [
            100.2902206,
            5.3573628
          ],
          [
            100.2902206,
            5.3573628
          ],
          [
            100.2902206,
            5.3573628
          ],
          [
            100.2902206,
            5.3573627
          ],
          [
            100.2902206,
            5.3573627
          ],
          [
            100.2902206,
            5.3573627
          ],
          [
            100.2902206,
            5.3573627
          ],
          [
            100.2902206,
            5.3573627
          ],
          [
            100.2902206,
            5.3573627
          ],
          [
            100.2902206,
            5.3573627
          ],
          [
            100.2902206,
            5.3573627
          ],
          [
            100.2902206,
            5.3573627
          ],
          [
            100.2902206,
            5.3573627
          ],
          [
            100.2902206,
            5.3573627
          ],
          [
            100.2902206,
            5.3573627
          ],
          [
            100.2902206,
            5.3573627
          ],
          [
            100.2902206,
            5.3573627
          ],
          [
            100.2902206,
            5.3573626
          ],
          [
            100.2902206,
            5.3573626
          ],
          [
            100.2902206,
            5.3573626
          ],
          [
            100.2902206,
            5.3573626
          ],
          [
            100.2902206,
            5.3573626
          ],
          [
            100.2902206,
            5.3573626
          ],
          [
            100.2902206,
            5.3573626
          ],
          [
            100.2902206,
            5.3573626
          ],
          [
            100.2902206,
            5.3573626
          ],
          [
            100.2902206,
            5.3573626
          ],
          [
            100.2902206,
            5.3573626
          ],
          [
            100.2902206,
            5.3573626
          ],
          [
            100.2902206,
            5.3573626
          ],
          [
            100.2902206,
            5.3573626
          ],
          [
            100.2902206,
            5.3573626
          ],
          [
            100.2902206,
            5.3573625
          ],
          [
            100.2902206,
            5.3573625
          ],
          [
            100.2902205,
            5.3573625
          ],
          [
            100.2902205,
            5.3573625
          ],
          [
            100.2902205,
            5.3573624
          ],
          [
            100.2902205,
            5.3573624
          ],
          [
            100.2902205,
            5.3573624
          ],
          [
            100.2902204,
            5.3573623
          ],
          [
            100.2902204,
            5.3573623
          ],
          [
            100.2902204,
            5.3573623
          ],
          [
            100.2902203,
            5.3573622
          ],
          [
            100.2902203,
            5.3573622
          ],
          [
            100.2902203,
            5.3573621
          ],
          [
            100.2902202,
            5.3573621
          ],
          [
            100.2902202,
            5.357362
          ],
          [
            100.2902201,
            5.357362
          ],
          [
            100.2902201,
            5.3573619
          ],
          [
            100.29022,
            5.3573619
          ],
          [
            100.29022,
            5.3573618
          ],
          [
            100.2902199,
            5.3573617
          ],
          [
            100.2902199,
            5.3573617
          ],
          [
            100.2902198,
            5.3573616
          ],
          [
            100.2902197,
            5.3573615
          ],
          [
            100.2902197,
            5.3573614
          ],
          [
            100.2902196,
            5.3573614
          ],
          [
            100.2902195,
            5.3573613
          ],
          [
            100.2902195,
            5.3573612
          ],
          [
            100.2902194,
            5.3573611
          ],
          [
            100.2902193,
            5.357361
          ],
          [
            100.2902192,
            5.3573609
          ],
          [
            100.2902191,
            5.3573608
          ],
          [
            100.2902191,
            5.3573607
          ],
          [
            100.290219,
            5.3573606
          ],
          [
            100.2902189,
            5.3573605
          ],
          [
            100.2902188,
            5.3573604
          ],
          [
            100.2902187,
            5.3573603
          ],
          [
            100.2902186,
            5.3573602
          ],
          [
            100.2902185,
            5.3573601
          ],
          [
            100.2902184,
            5.35736
          ],
          [
            100.2902183,
            5.3573599
          ],
          [
            100.2902182,
            5.3573598
          ],
          [
            100.2902181,
            5.3573596
          ],
          [
            100.290218,
            5.3573595
          ],
          [
            100.2902179,
            5.3573594
          ],
          [
            100.2902178,
            5.3573593
          ],
          [
            100.2902177,
            5.3573592
          ],
          [
            100.2902176,
            5.357359
          ],
          [
            100.2902175,
            5.3573589
          ],
          [
            100.2902173,
            5.3573588
          ],
          [
            100.2902172,
            5.3573586
          ],
          [
            100.2902171,
            5.3573585
          ],
          [
            100.290217,
            5.3573583
          ],
          [
            100.2902169,
            5.3573582
          ],
          [
            100.2902167,
            5.3573581
          ],
          [
            100.2902166,
            5.3573579
          ],
          [
            100.2902165,
            5.3573578
          ],
          [
            100.2902163,
            5.3573576
          ],
          [
            100.2902162,
            5.3573575
          ],
          [
            100.2902161,
            5.3573573
          ],
          [
            100.290216,
            5.3573572
          ],
          [
            100.2902158,
            5.357357
          ],
          [
            100.2902157,
            5.3573569
          ],
          [
            100.2902156,
            5.3573567
          ],
          [
            100.2902155,
            5.3573566
          ],
          [
            100.2902153,
            5.3573564
          ],
          [
            100.2902152,
            5.3573563
          ],
          [
            100.2902151,
            5.3573562
          ],
          [
            100.290215,
            5.357356
          ],
          [
            100.2902148,
            5.3573559
          ],
          [
            100.2902147,
            5.3573557
          ],
          [
            100.2902146,
            5.3573556
          ],
          [
            100.2902145,
            5.3573555
          ],
          [
            100.2902144,
            5.3573553
          ],
          [
            100.2902143,
            5.3573552
          ],
          [
            100.2902141,
            5.3573551
          ],
          [
            100.290214,
            5.3573549
          ],
          [
            100.2902139,
            5.3573548
          ],
          [
            100.2902138,
            5.3573547
          ],
          [
            100.2902137,
            5.3573546
          ],
          [
            100.2902136,
            5.3573544
          ],
          [
            100.2902135,
            5.3573543
          ],
          [
            100.2902134,
            5.3573542
          ],
          [
            100.2902133,
            5.3573541
          ],
          [
            100.2902132,
            5.357354
          ],
          [
            100.2902131,
            5.3573538
          ],
          [
            100.290213,
            5.3573537
          ],
          [
            100.2902129,
            5.3573536
          ],
          [
            100.2902128,
            5.3573535
          ],
          [
            100.2902127,
            5.3573534
          ],
          [
            100.2902126,
            5.3573533
          ],
          [
            100.2902125,
            5.3573531
          ],
          [
            100.2902124,
            5.357353
          ],
          [
            100.2902123,
            5.3573529
          ],
          [
            100.2902122,
            5.3573528
          ],
          [
            100.2902121,
            5.3573527
          ],
          [
            100.290212,
            5.3573526
          ],
          [
            100.2902119,
            5.3573525
          ],
          [
            100.2902118,
            5.3573524
          ],
          [
            100.2902117,
            5.3573523
          ],
          [
            100.2902116,
            5.3573522
          ],
          [
            100.2902115,
            5.3573521
          ],
          [
            100.2902115,
            5.357352
          ],
          [
            100.2902114,
            5.3573519
          ],
          [
            100.2902113,
            5.3573518
          ],
          [
            100.2902112,
            5.3573517
          ],
          [
            100.2902111,
            5.3573516
          ],
          [
            100.290211,
            5.3573515
          ],
          [
            100.2902109,
            5.3573514
          ],
          [
            100.2902109,
            5.3573513
          ],
          [
            100.2902108,
            5.3573512
          ],
          [
            100.2902107,
            5.3573511
          ],
          [
            100.2902106,
            5.357351
          ],
          [
            100.2902105,
            5.3573509
          ],
          [
            100.2902105,
            5.3573508
          ],
          [
            100.2902104,
            5.3573508
          ],
          [
            100.2902103,
            5.3573507
          ],
          [
            100.2902102,
            5.3573506
          ],
          [
            100.2902101,
            5.3573505
          ],
          [
            100.2902101,
            5.3573504
          ],
          [
            100.29021,
            5.3573503
          ],
          [
            100.2902099,
            5.3573502
          ],
          [
            100.2902098,
            5.3573502
          ],
          [
            100.2902098,
            5.3573501
          ],
          [
            100.2902097,
            5.35735
          ],
          [
            100.2902096,
            5.3573499
          ],
          [
            100.2902096,
            5.3573498
          ],
          [
            100.2902095,
            5.3573498
          ],
          [
            100.2902094,
            5.3573497
          ],
          [
            100.2902093,
            5.3573496
          ],
          [
            100.2902093,
            5.3573495
          ],
          [
            100.2902092,
            5.3573494
          ],
          [
            100.2902091,
            5.3573494
          ],
          [
            100.2902091,
            5.3573493
          ],
          [
            100.290209,
            5.3573492
          ],
          [
            100.2902089,
            5.3573491
          ],
          [
            100.2902089,
            5.3573491
          ],
          [
            100.2902088,
            5.357349
          ],
          [
            100.2902087,
            5.3573489
          ],
          [
            100.2902087,
            5.3573489
          ],
          [
            100.2902086,
            5.3573488
          ],
          [
            100.2902086,
            5.3573487
          ],
          [
            100.2902085,
            5.3573486
          ],
          [
            100.2902084,
            5.3573486
          ],
          [
            100.2902084,
            5.3573485
          ],
          [
            100.2902083,
            5.3573484
          ],
          [
            100.2902082,
            5.3573484
          ],
          [
            100.2902082,
            5.3573483
          ],
          [
            100.2902081,
            5.3573482
          ],
          [
            100.2902081,
            5.3573482
          ],
          [
            100.290208,
            5.3573481
          ],
          [
            100.2902079,
            5.357348
          ],
          [
            100.2902079,
            5.357348
          ],
          [
            100.2902078,
            5.3573479
          ],
          [
            100.2902078,
            5.3573478
          ],
          [
            100.2902077,
            5.3573478
          ],
          [
            100.2902077,
            5.3573477
          ],
          [
            100.2902076,
            5.3573477
          ],
          [
            100.2902076,
            5.3573476
          ],
          [
            100.2902075,
            5.3573475
          ],
          [
            100.2902074,
            5.3573475
          ],
          [
            100.2902074,
            5.3573474
          ],
          [
            100.2902073,
            5.3573473
          ],
          [
            100.2902073,
            5.3573473
          ],
          [
            100.2902072,
            5.3573472
          ],
          [
            100.2902072,
            5.3573472
          ],
          [
            100.2902071,
            5.3573471
          ],
          [
            100.2902071,
            5.3573471
          ],
          [
            100.290207,
            5.357347
          ],
          [
            100.290207,
            5.3573469
          ],
          [
            100.2902069,
            5.3573469
          ],
          [
            100.2902069,
            5.3573468
          ],
          [
            100.2902068,
            5.3573468
          ],
          [
            100.2902068,
            5.3573467
          ],
          [
            100.2902067,
            5.3573467
          ],
          [
            100.2902067,
            5.3573466
          ],
          [
            100.2902067,
            5.3573466
          ],
          [
            100.2902066,
            5.3573465
          ],
          [
            100.2902066,
            5.3573465
          ],
          [
            100.2902065,
            5.3573464
          ],
          [
            100.2902065,
            5.3573463
          ],
          [
            100.2902064,
            5.3573463
          ],
          [
            100.2902064,
            5.3573462
          ],
          [
            100.2902063,
            5.3573462
          ],
          [
            100.2902063,
            5.3573461
          ],
          [
            100.2902063,
            5.3573461
          ],
          [
            100.2902062,
            5.357346
          ],
          [
            100.2902062,
            5.357346
          ],
          [
            100.2902061,
            5.3573459
          ],
          [
            100.2902061,
            5.3573459
          ],
          [
            100.290206,
            5.3573459
          ],
          [
            100.290206,
            5.3573458
          ],
          [
            100.290206,
            5.3573458
          ],
          [
            100.2902059,
            5.3573457
          ],
          [
            100.2902059,
            5.3573457
          ],
          [
            100.2902059,
            5.3573456
          ],
          [
            100.2902058,
            5.3573456
          ],
          [
            100.2902058,
            5.3573455
          ],
          [
            100.2902057,
            5.3573455
          ],
          [
            100.2902057,
            5.3573454
          ],
          [
            100.2902057,
            5.3573454
          ],
          [
            100.2902056,
            5.3573453
          ],
          [
            100.2902056,
            5.3573453
          ],
          [
            100.2902056,
            5.3573453
          ],
          [
            100.2902055,
            5.3573452
          ],
          [
            100.2902055,
            5.3573452
          ],
          [
            100.2902055,
            5.3573451
          ],
          [
            100.2902054,
            5.3573451
          ],
          [
            100.2902054,
            5.357345
          ],
          [
            100.2902054,
            5.357345
          ],
          [
            100.2902053,
            5.357345
          ],
          [
            100.2902053,
            5.3573449
          ],
          [
            100.2902053,
            5.3573449
          ],
          [
            100.2902052,
            5.3573449
          ],
          [
            100.2902052,
            5.3573448
          ],
          [
            100.2902052,
            5.3573448
          ],
          [
            100.2902052,
            5.3573447
          ],
          [
            100.2902051,
            5.3573447
          ],
          [
            100.2902051,
            5.3573447
          ],
          [
            100.2902051,
            5.3573446
          ],
          [
            100.290205,
            5.3573446
          ],
          [
            100.290205,
            5.3573446
          ],
          [
            100.290205,
            5.3573445
          ],
          [
            100.290205,
            5.3573445
          ],
          [
            100.2902049,
            5.3573445
          ],
          [
            100.2902049,
            5.3573444
          ],
          [
            100.2902049,
            5.3573444
          ],
          [
            100.2902049,
            5.3573444
          ],
          [
            100.2902048,
            5.3573443
          ],
          [
            100.2902048,
            5.3573443
          ],
          [
            100.2902048,
            5.3573443
          ],
          [
            100.2902048,
            5.3573442
          ],
          [
            100.2902048,
            5.3573442
          ],
          [
            100.2902047,
            5.3573442
          ],
          [
            100.2902047,
            5.3573441
          ],
          [
            100.2902047,
            5.3573441
          ],
          [
            100.2902047,
            5.3573441
          ],
          [
            100.2902047,
            5.3573441
          ],
          [
            100.2902046,
            5.357344
          ],
          [
            100.2902046,
            5.357344
          ],
          [
            100.2902046,
            5.357344
          ],
          [
            100.2902046,
            5.357344
          ],
          [
            100.2902046,
            5.3573439
          ],
          [
            100.2902046,
            5.3573439
          ],
          [
            100.2902045,
            5.3573439
          ],
          [
            100.2902045,
            5.3573439
          ],
          [
            100.2902045,
            5.3573438
          ],
          [
            100.2902045,
            5.3573438
          ],
          [
            100.2902045,
            5.3573438
          ],
          [
            100.2902045,
            5.3573438
          ],
          [
            100.2902045,
            5.3573437
          ],
          [
            100.2902044,
            5.3573437
          ],
          [
            100.2902044,
            5.3573437
          ],
          [
            100.2902044,
            5.3573437
          ],
          [
            100.2902044,
            5.3573437
          ],
          [
            100.2902044,
            5.3573436
          ],
          [
            100.2902044,
            5.3573436
          ],
          [
            100.2902044,
            5.3573436
          ],
          [
            100.2902044,
            5.3573436
          ],
          [
            100.2902044,
            5.3573436
          ],
          [
            100.2902043,
            5.3573435
          ],
          [
            100.2902043,
            5.3573435
          ],
          [
            100.2902043,
            5.3573435
          ],
          [
            100.2902043,
            5.3573435
          ],
          [
            100.2902043,
            5.3573435
          ],
          [
            100.2902043,
            5.3573435
          ],
          [
            100.2902043,
            5.3573434
          ],
          [
            100.2902043,
            5.3573434
          ],
          [
            100.2902043,
            5.3573434
          ],
          [
            100.2902043,
            5.3573434
          ],
          [
            100.2902043,
            5.3573434
          ],
          [
            100.2902043,
            5.3573434
          ],
          [
            100.2902044,
            5.3573434
          ],
          [
            100.2902044,
            5.3573434
          ],
          [
            100.2902044,
            5.3573434
          ],
          [
            100.2902044,
            5.3573434
          ],
          [
            100.2902044,
            5.3573434
          ],
          [
            100.2902044,
            5.3573434
          ],
          [
            100.2902045,
            5.3573434
          ],
          [
            100.2902045,
            5.3573434
          ],
          [
            100.2902045,
            5.3573434
          ],
          [
            100.2902045,
            5.3573434
          ],
          [
            100.2902046,
            5.3573434
          ],
          [
            100.2902046,
            5.3573434
          ],
          [
            100.2902046,
            5.3573434
          ],
          [
            100.2902047,
            5.3573435
          ],
          [
            100.2902047,
            5.3573435
          ],
          [
            100.2902047,
            5.3573435
          ],
          [
            100.2902048,
            5.3573435
          ],
          [
            100.2902048,
            5.3573435
          ],
          [
            100.2902049,
            5.3573435
          ],
          [
            100.2902049,
            5.3573436
          ],
          [
            100.290205,
            5.3573436
          ],
          [
            100.290205,
            5.3573436
          ],
          [
            100.2902051,
            5.3573436
          ],
          [
            100.2902051,
            5.3573436
          ],
          [
            100.2902052,
            5.3573437
          ],
          [
            100.2902052,
            5.3573437
          ],
          [
            100.2902053,
            5.3573437
          ],
          [
            100.2902053,
            5.3573437
          ],
          [
            100.2902054,
            5.3573438
          ],
          [
            100.2902054,
            5.3573438
          ],
          [
            100.2902055,
            5.3573438
          ],
          [
            100.2902056,
            5.3573439
          ],
          [
            100.2902056,
            5.3573439
          ],
          [
            100.2902057,
            5.3573439
          ],
          [
            100.2902058,
            5.357344
          ],
          [
            100.2902058,
            5.357344
          ],
          [
            100.2902059,
            5.357344
          ],
          [
            100.290206,
            5.3573441
          ],
          [
            100.290206,
            5.3573441
          ],
          [
            100.2902061,
            5.3573442
          ],
          [
            100.2902062,
            5.3573442
          ],
          [
            100.2902063,
            5.3573442
          ],
          [
            100.2902063,
            5.3573443
          ],
          [
            100.2902064,
            5.3573443
          ],
          [
            100.2902065,
            5.3573444
          ],
          [
            100.2902066,
            5.3573444
          ],
          [
            100.2902067,
            5.3573445
          ],
          [
            100.2902067,
            5.3573445
          ],
          [
            100.2902068,
            5.3573445
          ],
          [
            100.2902069,
            5.3573446
          ],
          [
            100.290207,
            5.3573446
          ],
          [
            100.2902071,
            5.3573447
          ],
          [
            100.2902072,
            5.3573447
          ],
          [
            100.2902072,
            5.3573448
          ],
          [
            100.2902073,
            5.3573448
          ],
          [
            100.2902074,
            5.3573449
          ],
          [
            100.2902075,
            5.3573449
          ],
          [
            100.2902076,
            5.3573449
          ],
          [
            100.2902076,
            5.357345
          ],
          [
            100.2902077,
            5.357345
          ],
          [
            100.2902078,
            5.3573451
          ],
          [
            100.2902079,
            5.3573451
          ],
          [
            100.290208,
            5.3573451
          ],
          [
            100.290208,
            5.3573452
          ],
          [
            100.2902081,
            5.3573452
          ],
          [
            100.2902082,
            5.3573452
          ],
          [
            100.2902082,
            5.3573453
          ],
          [
            100.2902083,
            5.3573453
          ],
          [
            100.2902084,
            5.3573453
          ],
          [
            100.2902085,
            5.3573454
          ],
          [
            100.2902085,
            5.3573454
          ],
          [
            100.2902086,
            5.3573454
          ],
          [
            100.2902087,
            5.3573454
          ],
          [
            100.2902087,
            5.3573455
          ],
          [
            100.2902088,
            5.3573455
          ],
          [
            100.2902089,
            5.3573455
          ],
          [
            100.2902089,
            5.3573456
          ],
          [
            100.290209,
            5.3573456
          ],
          [
            100.2902091,
            5.3573456
          ],
          [
            100.2902091,
            5.3573457
          ],
          [
            100.2902092,
            5.3573457
          ],
          [
            100.2902092,
            5.3573457
          ],
          [
            100.2902093,
            5.3573458
          ],
          [
            100.2902094,
            5.3573458
          ],
          [
            100.2902094,
            5.3573458
          ],
          [
            100.2902095,
            5.3573459
          ],
          [
            100.2902095,
            5.3573459
          ],
          [
            100.2902096,
            5.3573459
          ],
          [
            100.2902096,
            5.3573459
          ],
          [
            100.2902097,
            5.357346
          ],
          [
            100.2902097,
            5.357346
          ],
          [
            100.2902098,
            5.357346
          ],
          [
            100.2902098,
            5.3573461
          ],
          [
            100.2902099,
            5.3573461
          ],
          [
            100.2902099,
            5.3573461
          ],
          [
            100.29021,
            5.3573462
          ],
          [
            100.29021,
            5.3573462
          ],
          [
            100.2902101,
            5.3573462
          ],
          [
            100.2902101,
            5.3573463
          ],
          [
            100.2902102,
            5.3573463
          ],
          [
            100.2902102,
            5.3573463
          ],
          [
            100.2902103,
            5.3573464
          ],
          [
            100.2902103,
            5.3573464
          ],
          [
            100.2902104,
            5.3573464
          ],
          [
            100.2902104,
            5.3573464
          ],
          [
            100.2902104,
            5.3573465
          ],
          [
            100.2902105,
            5.3573465
          ],
          [
            100.2902105,
            5.3573466
          ],
          [
            100.2902106,
            5.3573466
          ],
          [
            100.2902106,
            5.3573466
          ],
          [
            100.2902107,
            5.3573467
          ],
          [
            100.2902107,
            5.3573467
          ],
          [
            100.2902107,
            5.3573467
          ],
          [
            100.2902108,
            5.3573468
          ],
          [
            100.2902108,
            5.3573468
          ],
          [
            100.2902109,
            5.3573469
          ],
          [
            100.2902109,
            5.3573469
          ],
          [
            100.2902109,
            5.3573469
          ],
          [
            100.290211,
            5.357347
          ],
          [
            100.290211,
            5.357347
          ],
          [
            100.290211,
            5.3573471
          ],
          [
            100.2902111,
            5.3573471
          ],
          [
            100.2902111,
            5.3573471
          ],
          [
            100.2902111,
            5.3573472
          ],
          [
            100.2902112,
            5.3573472
          ],
          [
            100.2902112,
            5.3573473
          ],
          [
            100.2902112,
            5.3573473
          ],
          [
            100.2902113,
            5.3573474
          ],
          [
            100.2902113,
            5.3573474
          ],
          [
            100.2902113,
            5.3573475
          ],
          [
            100.2902114,
            5.3573475
          ],
          [
            100.2902114,
            5.3573475
          ],
          [
            100.2902114,
            5.3573476
          ],
          [
            100.2902115,
            5.3573476
          ],
          [
            100.2902115,
            5.3573477
          ],
          [
            100.2902115,
            5.3573477
          ],
          [
            100.2902115,
            5.3573478
          ],
          [
            100.2902116,
            5.3573478
          ],
          [
            100.2902116,
            5.3573479
          ],
          [
            100.2902116,
            5.3573479
          ],
          [
            100.2902117,
            5.3573479
          ],
          [
            100.2902117,
            5.357348
          ],
          [
            100.2902117,
            5.357348
          ],
          [
            100.2902118,
            5.3573481
          ],
          [
            100.2902118,
            5.3573481
          ],
          [
            100.2902118,
            5.3573481
          ],
          [
            100.2902118,
            5.3573482
          ],
          [
            100.2902119,
            5.3573482
          ],
          [
            100.2902119,
            5.3573483
          ],
          [
            100.2902119,
            5.3573483
          ],
          [
            100.2902119,
            5.3573483
          ],
          [
            100.290212,
            5.3573484
          ],
          [
            100.290212,
            5.3573484
          ],
          [
            100.290212,
            5.3573485
          ],
          [
            100.2902121,
            5.3573485
          ],
          [
            100.2902121,
            5.3573485
          ],
          [
            100.2902121,
            5.3573486
          ],
          [
            100.2902121,
            5.3573486
          ],
          [
            100.2902122,
            5.3573487
          ],
          [
            100.2902122,
            5.3573487
          ],
          [
            100.2902122,
            5.3573487
          ],
          [
            100.2902122,
            5.3573488
          ],
          [
            100.2902123,
            5.3573488
          ],
          [
            100.2902123,
            5.3573488
          ],
          [
            100.2902123,
            5.3573489
          ],
          [
            100.2902123,
            5.3573489
          ],
          [
            100.2902124,
            5.3573489
          ],
          [
            100.2902124,
            5.357349
          ],
          [
            100.2902124,
            5.357349
          ],
          [
            100.2902124,
            5.357349
          ],
          [
            100.2902124,
            5.3573491
          ],
          [
            100.2902125,
            5.3573491
          ],
          [
            100.2902125,
            5.3573492
          ],
          [
            100.2902125,
            5.3573492
          ],
          [
            100.2902125,
            5.3573492
          ],
          [
            100.2902126,
            5.3573492
          ],
          [
            100.2902126,
            5.3573493
          ],
          [
            100.2902126,
            5.3573493
          ],
          [
            100.2902126,
            5.3573493
          ],
          [
            100.2902126,
            5.3573494
          ],
          [
            100.2902127,
            5.3573494
          ],
          [
            100.2902127,
            5.3573494
          ],
          [
            100.2902127,
            5.3573495
          ],
          [
            100.2902127,
            5.3573495
          ],
          [
            100.2902128,
            5.3573495
          ],
          [
            100.2902128,
            5.3573496
          ],
          [
            100.2902128,
            5.3573496
          ],
          [
            100.2902128,
            5.3573496
          ],
          [
            100.2902128,
            5.3573496
          ],
          [
            100.2902129,
            5.3573497
          ],
          [
            100.2902129,
            5.3573497
          ],
          [
            100.2902129,
            5.3573497
          ],
          [
            100.2902129,
            5.3573498
          ],
          [
            100.2902129,
            5.3573498
          ],
          [
            100.290213,
            5.3573498
          ],
          [
            100.290213,
            5.3573498
          ],
          [
            100.290213,
            5.3573499
          ],
          [
            100.290213,
            5.3573499
          ],
          [
            100.290213,
            5.3573499
          ],
          [
            100.2902131,
            5.3573499
          ],
          [
            100.2902131,
            5.35735
          ],
          [
            100.2902131,
            5.35735
          ],
          [
            100.2902131,
            5.35735
          ],
          [
            100.2902131,
            5.35735
          ],
          [
            100.2902132,
            5.3573501
          ],
          [
            100.2902132,
            5.3573501
          ],
          [
            100.2902132,
            5.3573501
          ],
          [
            100.2902132,
            5.3573501
          ],
          [
            100.2902132,
            5.3573502
          ],
          [
            100.2902132,
            5.3573502
          ],
          [
            100.2902133,
            5.3573502
          ],
          [
            100.2902133,
            5.3573502
          ],
          [
            100.2902133,
            5.3573503
          ],
          [
            100.2902133,
            5.3573503
          ],
          [
            100.2902133,
            5.3573503
          ],
          [
            100.2902133,
            5.3573503
          ],
          [
            100.2902134,
            5.3573503
          ],
          [
            100.2902134,
            5.3573504
          ],
          [
            100.2902134,
            5.3573504
          ],
          [
            100.2902134,
            5.3573504
          ],
          [
            100.2902134,
            5.3573504
          ],
          [
            100.2902134,
            5.3573505
          ],
          [
            100.2902134,
            5.3573505
          ],
          [
            100.2902135,
            5.3573505
          ],
          [
            100.2902135,
            5.3573505
          ],
          [
            100.2902135,
            5.3573505
          ],
          [
            100.2902135,
            5.3573506
          ],
          [
            100.2902135,
            5.3573506
          ],
          [
            100.2902135,
            5.3573506
          ],
          [
            100.2902135,
            5.3573506
          ],
          [
            100.2902136,
            5.3573506
          ],
          [
            100.2902136,
            5.3573507
          ],
          [
            100.2902136,
            5.3573507
          ],
          [
            100.2902136,
            5.3573507
          ],
          [
            100.2902136,
            5.3573507
          ],
          [
            100.2902136,
            5.3573507
          ],
          [
            100.2902136,
            5.3573508
          ],
          [
            100.2902137,
            5.3573508
          ],
          [
            100.2902137,
            5.3573508
          ],
          [
            100.2902137,
            5.3573508
          ],
          [
            100.2902137,
            5.3573508
          ],
          [
            100.2902137,
            5.3573509
          ],
          [
            100.2902137,
            5.3573509
          ],
          [
            100.2902137,
            5.3573509
          ],
          [
            100.2902137,
            5.3573509
          ],
          [
            100.2902138,
            5.3573509
          ],
          [
            100.2902138,
            5.357351
          ],
          [
            100.2902138,
            5.357351
          ],
          [
            100.2902138,
            5.357351
          ],
          [
            100.2902138,
            5.357351
          ],
          [
            100.2902138,
            5.357351
          ],
          [
            100.2902138,
            5.3573511
          ],
          [
            100.2902138,
            5.3573511
          ],
          [
            100.2902139,
            5.3573511
          ],
          [
            100.2902139,
            5.3573511
          ],
          [
            100.2902139,
            5.3573511
          ],
          [
            100.2902139,
            5.3573511
          ],
          [
            100.2902139,
            5.3573512
          ],
          [
            100.2902139,
            5.3573512
          ],
          [
            100.2902139,
            5.3573512
          ],
          [
            100.2902139,
            5.3573512
          ],
          [
            100.290214,
            5.3573512
          ],
          [
            100.290214,
            5.3573512
          ],
          [
            100.290214,
            5.3573513
          ],
          [
            100.290214,
            5.3573513
          ],
          [
            100.290214,
            5.3573513
          ],
          [
            100.290214,
            5.3573513
          ],
          [
            100.2902141,
            5.3573513
          ],
          [
            100.2902141,
            5.3573513
          ],
          [
            100.2902141,
            5.3573514
          ],
          [
            100.2902141,
            5.3573514
          ],
          [
            100.2902141,
            5.3573514
          ],
          [
            100.2902141,
            5.3573514
          ],
          [
            100.2902142,
            5.3573514
          ],
          [
            100.2902142,
            5.3573514
          ],
          [
            100.2902142,
            5.3573514
          ],
          [
            100.2902142,
            5.3573515
          ],
          [
            100.2902142,
            5.3573515
          ],
          [
            100.2902142,
            5.3573515
          ],
          [
            100.2902143,
            5.3573515
          ],
          [
            100.2902143,
            5.3573515
          ],
          [
            100.2902143,
            5.3573515
          ],
          [
            100.2902143,
            5.3573515
          ],
          [
            100.2902143,
            5.3573516
          ],
          [
            100.2902144,
            5.3573516
          ],
          [
            100.2902144,
            5.3573516
          ],
          [
            100.2902144,
            5.3573516
          ],
          [
            100.2902144,
            5.3573516
          ],
          [
            100.2902144,
            5.3573516
          ],
          [
            100.2902145,
            5.3573516
          ],
          [
            100.2902145,
            5.3573517
          ],
          [
            100.2902145,
            5.3573517
          ],
          [
            100.2902145,
            5.3573517
          ],
          [
            100.2902145,
            5.3573517
          ],
          [
            100.2902146,
            5.3573517
          ],
          [
            100.2902146,
            5.3573517
          ],
          [
            100.2902146,
            5.3573517
          ],
          [
            100.2902146,
            5.3573518
          ],
          [
            100.2902146,
            5.3573518
          ],
          [
            100.2902147,
            5.3573518
          ],
          [
            100.2902147,
            5.3573518
          ],
          [
            100.2902147,
            5.3573518
          ],
          [
            100.2902147,
            5.3573518
          ],
          [
            100.2902147,
            5.3573519
          ],
          [
            100.2902148,
            5.3573519
          ],
          [
            100.2902148,
            5.3573519
          ],
          [
            100.2902148,
            5.3573519
          ],
          [
            100.2902148,
            5.3573519
          ],
          [
            100.2902148,
            5.3573519
          ],
          [
            100.2902149,
            5.357352
          ],
          [
            100.2902149,
            5.357352
          ],
          [
            100.2902149,
            5.357352
          ],
          [
            100.2902149,
            5.357352
          ],
          [
            100.290215,
            5.357352
          ],
          [
            100.290215,
            5.357352
          ],
          [
            100.290215,
            5.3573521
          ],
          [
            100.290215,
            5.3573521
          ],
          [
            100.290215,
            5.3573521
          ],
          [
            100.2902151,
            5.3573521
          ],
          [
            100.2902151,
            5.3573521
          ],
          [
            100.2902151,
            5.3573522
          ],
          [
            100.2902151,
            5.3573522
          ],
          [
            100.2902151,
            5.3573522
          ],
          [
            100.2902152,
            5.3573522
          ],
          [
            100.2902152,
            5.3573522
          ],
          [
            100.2902152,
            5.3573523
          ],
          [
            100.2902152,
            5.3573523
          ],
          [
            100.2902152,
            5.3573523
          ],
          [
            100.2902153,
            5.3573523
          ],
          [
            100.2902153,
            5.3573523
          ],
          [
            100.2902153,
            5.3573524
          ],
          [
            100.2902153,
            5.3573524
          ],
          [
            100.2902153,
            5.3573524
          ],
          [
            100.2902153,
            5.3573524
          ],
          [
            100.2902154,
            5.3573524
          ],
          [
            100.2902154,
            5.3573525
          ],
          [
            100.2902154,
            5.3573525
          ],
          [
            100.2902154,
            5.3573525
          ],
          [
            100.2902154,
            5.3573525
          ],
          [
            100.2902155,
            5.3573526
          ],
          [
            100.2902155,
            5.3573526
          ],
          [
            100.2902155,
            5.3573526
          ],
          [
            100.2902155,
            5.3573526
          ],
          [
            100.2902155,
            5.3573527
          ],
          [
            100.2902155,
            5.3573527
          ],
          [
            100.2902156,
            5.3573527
          ],
          [
            100.2902156,
            5.3573527
          ],
          [
            100.2902156,
            5.3573528
          ],
          [
            100.2902156,
            5.3573528
          ],
          [
            100.2902156,
            5.3573528
          ],
          [
            100.2902156,
            5.3573528
          ],
          [
            100.2902157,
            5.3573529
          ],
          [
            100.2902157,
            5.3573529
          ],
          [
            100.2902157,
            5.3573529
          ],
          [
            100.2902157,
            5.357353
          ],
          [
            100.2902157,
            5.357353
          ],
          [
            100.2902158,
            5.357353
          ],
          [
            100.2902158,
            5.357353
          ],
          [
            100.2902158,
            5.3573531
          ],
          [
            100.2902158,
            5.3573531
          ],
          [
            100.2902158,
            5.3573531
          ],
          [
            100.2902158,
            5.3573531
          ],
          [
            100.2902158,
            5.3573532
          ],
          [
            100.2902159,
            5.3573532
          ],
          [
            100.2902159,
            5.3573532
          ],
          [
            100.2902159,
            5.3573533
          ],
          [
            100.2902159,
            5.3573533
          ],
          [
            100.2902159,
            5.3573533
          ],
          [
            100.2902159,
            5.3573533
          ],
          [
            100.2902159,
            5.3573534
          ],
          [
            100.290216,
            5.3573534
          ],
          [
            100.290216,
            5.3573534
          ],
          [
            100.290216,
            5.3573534
          ],
          [
            100.290216,
            5.3573535
          ],
          [
            100.290216,
            5.3573535
          ],
          [
            100.290216,
            5.3573535
          ],
          [
            100.290216,
            5.3573536
          ],
          [
            100.290216,
            5.3573536
          ],
          [
            100.290216,
            5.3573536
          ],
          [
            100.290216,
            5.3573536
          ],
          [
            100.2902161,
            5.3573537
          ],
          [
            100.2902161,
            5.3573537
          ],
          [
            100.2902161,
            5.3573537
          ],
          [
            100.2902161,
            5.3573537
          ],
          [
            100.2902161,
            5.3573538
          ],
          [
            100.2902161,
            5.3573538
          ],
          [
            100.2902161,
            5.3573538
          ],
          [
            100.2902161,
            5.3573538
          ],
          [
            100.2902161,
            5.3573539
          ],
          [
            100.2902161,
            5.3573539
          ],
          [
            100.2902161,
            5.3573539
          ],
          [
            100.2902161,
            5.3573539
          ],
          [
            100.2902161,
            5.357354
          ],
          [
            100.2902161,
            5.357354
          ],
          [
            100.2902161,
            5.357354
          ],
          [
            100.2902161,
            5.357354
          ],
          [
            100.2902161,
            5.3573541
          ],
          [
            100.2902161,
            5.3573541
          ],
          [
            100.2902161,
            5.3573541
          ],
          [
            100.2902161,
            5.3573541
          ],
          [
            100.2902161,
            5.3573542
          ],
          [
            100.2902161,
            5.3573542
          ],
          [
            100.2902161,
            5.3573542
          ],
          [
            100.2902161,
            5.3573542
          ],
          [
            100.2902161,
            5.3573543
          ],
          [
            100.2902161,
            5.3573543
          ],
          [
            100.2902161,
            5.3573543
          ],
          [
            100.2902161,
            5.3573543
          ],
          [
            100.290216,
            5.3573543
          ],
          [
            100.290216,
            5.3573544
          ],
          [
            100.290216,
            5.3573544
          ],
          [
            100.290216,
            5.3573544
          ],
          [
            100.290216,
            5.3573544
          ],
          [
            100.290216,
            5.3573545
          ],
          [
            100.290216,
            5.3573545
          ],
          [
            100.290216,
            5.3573545
          ],
          [
            100.290216,
            5.3573545
          ],
          [
            100.290216,
            5.3573546
          ],
          [
            100.290216,
            5.3573546
          ],
          [
            100.2902159,
            5.3573546
          ],
          [
            100.2902159,
            5.3573546
          ],
          [
            100.2902159,
            5.3573546
          ],
          [
            100.2902159,
            5.3573547
          ],
          [
            100.2902159,
            5.3573547
          ],
          [
            100.2902159,
            5.3573547
          ],
          [
            100.2902159,
            5.3573547
          ],
          [
            100.2902159,
            5.3573547
          ],
          [
            100.2902159,
            5.3573548
          ],
          [
            100.2902158,
            5.3573548
          ],
          [
            100.2902158,
            5.3573548
          ],
          [
            100.2902158,
            5.3573548
          ],
          [
            100.2902158,
            5.3573548
          ],
          [
            100.2902158,
            5.3573549
          ],
          [
            100.2902158,
            5.3573549
          ],
          [
            100.2902158,
            5.3573549
          ],
          [
            100.2902158,
            5.3573549
          ],
          [
            100.2902157,
            5.3573549
          ],
          [
            100.2902157,
            5.357355
          ],
          [
            100.2902157,
            5.357355
          ],
          [
            100.2902157,
            5.357355
          ],
          [
            100.2902157,
            5.357355
          ],
          [
            100.2902157,
            5.357355
          ],
          [
            100.2902157,
            5.357355
          ],
          [
            100.2902157,
            5.3573551
          ],
          [
            100.2902157,
            5.3573551
          ],
          [
            100.2902157,
            5.3573551
          ],
          [
            100.2902157,
            5.3573551
          ],
          [
            100.2902156,
            5.3573551
          ],
          [
            100.2902156,
            5.3573552
          ],
          [
            100.2902156,
            5.3573552
          ],
          [
            100.2902156,
            5.3573552
          ],
          [
            100.2902156,
            5.3573552
          ],
          [
            100.2902156,
            5.3573552
          ],
          [
            100.2902156,
            5.3573552
          ],
          [
            100.2902156,
            5.3573553
          ],
          [
            100.2902156,
            5.3573553
          ],
          [
            100.2902156,
            5.3573553
          ],
          [
            100.2902156,
            5.3573553
          ],
          [
            100.2902156,
            5.3573553
          ],
          [
            100.2902156,
            5.3573553
          ],
          [
            100.2902156,
            5.3573553
          ],
          [
            100.2902156,
            5.3573554
          ],
          [
            100.2902155,
            5.3573554
          ],
          [
            100.2902155,
            5.3573554
          ],
          [
            100.2902155,
            5.3573554
          ],
          [
            100.2902155,
            5.3573554
          ],
          [
            100.2902155,
            5.3573554
          ],
          [
            100.2902155,
            5.3573554
          ],
          [
            100.2902155,
            5.3573554
          ],
          [
            100.2902155,
            5.3573554
          ],
          [
            100.2902155,
            5.3573555
          ],
          [
            100.2902155,
            5.3573555
          ],
          [
            100.2902155,
            5.3573555
          ],
          [
            100.2902155,
            5.3573555
          ],
          [
            100.2902155,
            5.3573555
          ],
          [
            100.2902155,
            5.3573555
          ],
          [
            100.2902155,
            5.3573555
          ],
          [
            100.2902155,
            5.3573555
          ],
          [
            100.2902155,
            5.3573555
          ],
          [
            100.2902155,
            5.3573555
          ],
          [
            100.2902155,
            5.3573555
          ],
          [
            100.2902155,
            5.3573555
          ],
          [
            100.2902155,
            5.3573555
          ],
          [
            100.2902154,
            5.3573555
          ],
          [
            100.2902154,
            5.3573555
          ],
          [
            100.2902154,
            5.3573555
          ],
          [
            100.2902154,
            5.3573555
          ],
          [
            100.2902154,
            5.3573555
          ],
          [
            100.2902154,
            5.3573555
          ],
          [
            100.2902154,
            5.3573555
          ],
          [
            100.2902154,
            5.3573555
          ],
          [
            100.2902154,
            5.3573555
          ],
          [
            100.2902154,
            5.3573555
          ],
          [
            100.2902154,
            5.3573555
          ],
          [
            100.2902154,
            5.3573555
          ],
          [
            100.2902154,
            5.3573555
          ],
          [
            100.2902154,
            5.3573555
          ],
          [
            100.2902154,
            5.3573555
          ],
          [
            100.2902154,
            5.3573555
          ],
          [
            100.2902154,
            5.3573555
          ],
          [
            100.2902154,
            5.3573555
          ],
          [
            100.2902154,
            5.3573555
          ],
          [
            100.2902154,
            5.3573555
          ],
          [
            100.2902154,
            5.3573555
          ],
          [
            100.2902154,
            5.3573555
          ],
          [
            100.2902154,
            5.3573555
          ],
          [
            100.2902154,
            5.3573555
          ],
          [
            100.2902154,
            5.3573555
          ],
          [
            100.2902154,
            5.3573555
          ],
          [
            100.2902154,
            5.3573555
          ],
          [
            100.2902154,
            5.3573555
          ],
          [
            100.2902154,
            5.3573555
          ],
          [
            100.2902154,
            5.3573555
          ],
          [
            100.2902154,
            5.3573554
          ],
          [
            100.2902154,
            5.3573554
          ],
          [
            100.2902154,
            5.3573554
          ],
          [
            100.2902154,
            5.3573554
          ],
          [
            100.2902154,
            5.3573554
          ],
          [
            100.2902154,
            5.3573554
          ],
          [
            100.2902154,
            5.3573554
          ],
          [
            100.2902154,
            5.3573553
          ],
          [
            100.2902154,
            5.3573553
          ],
          [
            100.2902154,
            5.3573553
          ],
          [
            100.2902155,
            5.3573553
          ],
          [
            100.2902155,
            5.3573553
          ],
          [
            100.2902155,
            5.3573553
          ],
          [
            100.2902157,
            5.3573553
          ],
          [
            100.2902161,
            5.3573556
          ],
          [
            100.2902167,
            5.3573559
          ],
          [
            100.2902175,
            5.3573563
          ],
          [
            100.2902184,
            5.3573569
          ],
          [
            100.2902196,
            5.3573575
          ],
          [
            100.2902209,
            5.3573583
          ],
          [
            100.2902225,
            5.3573592
          ],
          [
            100.2902242,
            5.3573601
          ],
          [
            100.2902261,
            5.3573612
          ],
          [
            100.2902282,
            5.3573624
          ],
          [
            100.2902305,
            5.3573637
          ],
          [
            100.290233,
            5.3573651
          ],
          [
            100.2902356,
            5.3573666
          ],
          [
            100.2902384,
            5.3573683
          ],
          [
            100.2902414,
            5.35737
          ],
          [
            100.2902446,
            5.3573718
          ],
          [
            100.2902477,
            5.3573736
          ],
          [
            100.2902509,
            5.3573754
          ],
          [
            100.290254,
            5.3573771
          ],
          [
            100.2902571,
            5.3573789
          ],
          [
            100.2902601,
            5.3573807
          ],
          [
            100.2902632,
            5.3573824
          ],
          [
            100.2902662,
            5.3573841
          ],
          [
            100.2902692,
            5.3573858
          ],
          [
            100.2902722,
            5.3573875
          ],
          [
            100.2902752,
            5.3573892
          ],
          [
            100.2902781,
            5.3573909
          ],
          [
            100.290281,
            5.3573926
          ],
          [
            100.2902839,
            5.3573942
          ],
          [
            100.2902868,
            5.3573958
          ],
          [
            100.2902897,
            5.3573975
          ],
          [
            100.2902926,
            5.3573991
          ],
          [
            100.2902954,
            5.3574007
          ],
          [
            100.2902983,
            5.3574024
          ],
          [
            100.2903011,
            5.357404
          ],
          [
            100.2903039,
            5.3574056
          ],
          [
            100.2903067,
            5.3574072
          ],
          [
            100.2903095,
            5.3574087
          ],
          [
            100.2903123,
            5.3574103
          ],
          [
            100.2903151,
            5.3574119
          ],
          [
            100.2903178,
            5.3574135
          ],
          [
            100.2903206,
            5.357415
          ],
          [
            100.2903233,
            5.3574166
          ],
          [
            100.2903261,
            5.3574181
          ],
          [
            100.2903288,
            5.3574197
          ],
          [
            100.2903315,
            5.3574212
          ],
          [
            100.2903342,
            5.3574227
          ],
          [
            100.2903368,
            5.3574242
          ],
          [
            100.2903395,
            5.3574257
          ],
          [
            100.2903421,
            5.3574272
          ],
          [
            100.2903447,
            5.3574287
          ],
          [
            100.2903473,
            5.3574302
          ],
          [
            100.2903499,
            5.3574316
          ],
          [
            100.2903525,
            5.3574331
          ],
          [
            100.290355,
            5.3574345
          ],
          [
            100.2903575,
            5.357436
          ],
          [
            100.29036,
            5.3574374
          ],
          [
            100.2903625,
            5.3574388
          ],
          [
            100.290365,
            5.3574402
          ],
          [
            100.2903673,
            5.3574415
          ],
          [
            100.2903694,
            5.3574426
          ],
          [
            100.2903713,
            5.3574437
          ],
          [
            100.2903729,
            5.3574446
          ],
          [
            100.2903744,
            5.3574454
          ],
          [
            100.2903757,
            5.3574461
          ],
          [
            100.2903769,
            5.3574467
          ],
          [
            100.2903778,
            5.3574472
          ],
          [
            100.2903785,
            5.3574475
          ],
          [
            100.2903791,
            5.3574478
          ],
          [
            100.2903795,
            5.3574479
          ],
          [
            100.2903797,
            5.357448
          ],
          [
            100.2903797,
            5.3574479
          ],
          [
            100.2903796,
            5.3574477
          ],
          [
            100.2903793,
            5.3574474
          ],
          [
            100.2903788,
            5.3574471
          ],
          [
            100.2903781,
            5.3574466
          ],
          [
            100.2903762,
            5.3574426
          ],
          [
            100.2903746,
            5.3574388
          ],
          [
            100.2903726,
            5.357434
          ],
          [
            100.2903702,
            5.357427
          ],
          [
            100.2903679,
            5.3574191
          ],
          [
            100.2903658,
            5.357411
          ],
          [
            100.2903641,
            5.3574031
          ],
          [
            100.2903628,
            5.3573953
          ],
          [
            100.2903618,
            5.3573888
          ],
          [
            100.2903613,
            5.3573826
          ],
          [
            100.2903608,
            5.3573774
          ],
          [
            100.2903606,
            5.3573731
          ],
          [
            100.2903605,
            5.3573688
          ],
          [
            100.2903608,
            5.357365
          ],
          [
            100.2903612,
            5.3573617
          ],
          [
            100.2903617,
            5.3573586
          ],
          [
            100.2903624,
            5.357356
          ],
          [
            100.2903634,
            5.3573532
          ],
          [
            100.2903648,
            5.3573506
          ],
          [
            100.2903662,
            5.3573484
          ],
          [
            100.2903679,
            5.357346
          ],
          [
            100.29037,
            5.3573437
          ],
          [
            100.2903738,
            5.3573403
          ],
          [
            100.2903769,
            5.3573377
          ],
          [
            100.290381,
            5.3573346
          ],
          [
            100.2903848,
            5.3573319
          ],
          [
            100.2903886,
            5.3573292
          ],
          [
            100.2903924,
            5.3573267
          ],
          [
            100.2903956,
            5.3573246
          ],
          [
            100.2903989,
            5.3573224
          ],
          [
            100.2904015,
            5.3573207
          ],
          [
            100.2904048,
            5.3573188
          ],
          [
            100.2904075,
            5.3573172
          ],
          [
            100.2904118,
            5.3573147
          ],
          [
            100.2904156,
            5.3573125
          ],
          [
            100.2904201,
            5.3573097
          ],
          [
            100.2904236,
            5.3573075
          ],
          [
            100.2904272,
            5.3573052
          ],
          [
            100.2904308,
            5.3573028
          ],
          [
            100.290434,
            5.3573007
          ],
          [
            100.2904378,
            5.357298
          ],
          [
            100.2904411,
            5.357296
          ],
          [
            100.2904458,
            5.3572934
          ],
          [
            100.2904501,
            5.3572912
          ],
          [
            100.2904544,
            5.357289
          ],
          [
            100.2904582,
            5.3572871
          ],
          [
            100.2904622,
            5.357285
          ],
          [
            100.2904653,
            5.3572834
          ],
          [
            100.2904692,
            5.3572812
          ],
          [
            100.290473,
            5.3572789
          ],
          [
            100.2904763,
            5.3572769
          ],
          [
            100.2904808,
            5.357274
          ],
          [
            100.2904841,
            5.3572719
          ],
          [
            100.2904884,
            5.3572694
          ],
          [
            100.2904922,
            5.3572674
          ],
          [
            100.2904955,
            5.3572658
          ],
          [
            100.2905003,
            5.3572641
          ],
          [
            100.2905035,
            5.3572629
          ],
          [
            100.290508,
            5.3572612
          ],
          [
            100.2905115,
            5.3572597
          ],
          [
            100.2905141,
            5.3572586
          ],
          [
            100.2905183,
            5.357257
          ],
          [
            100.2905212,
            5.3572555
          ],
          [
            100.290523,
            5.3572543
          ],
          [
            100.2905259,
            5.3572526
          ],
          [
            100.2905291,
            5.3572498
          ],
          [
            100.2905312,
            5.3572479
          ],
          [
            100.290534,
            5.3572453
          ],
          [
            100.2905369,
            5.3572422
          ],
          [
            100.2905409,
            5.357238
          ],
          [
            100.2905435,
            5.3572348
          ],
          [
            100.2905475,
            5.3572295
          ],
          [
            100.2905498,
            5.3572261
          ],
          [
            100.2905529,
            5.3572219
          ],
          [
            100.290555,
            5.3572186
          ],
          [
            100.2905569,
            5.3572154
          ],
          [
            100.2905597,
            5.3572102
          ],
          [
            100.2905616,
            5.3572065
          ],
          [
            100.2905638,
            5.3572022
          ],
          [
            100.2905664,
            5.3571979
          ],
          [
            100.2905691,
            5.3571938
          ],
          [
            100.2905723,
            5.3571897
          ],
          [
            100.2905744,
            5.357187
          ],
          [
            100.2905773,
            5.3571836
          ],
          [
            100.2905797,
            5.3571809
          ],
          [
            100.2905821,
            5.3571781
          ],
          [
            100.2905845,
            5.3571756
          ],
          [
            100.2905867,
            5.3571722
          ],
          [
            100.2905877,
            5.3571698
          ],
          [
            100.2905879,
            5.3571678
          ],
          [
            100.2905871,
            5.3571664
          ],
          [
            100.2905865,
            5.3571665
          ],
          [
            100.2905861,
            5.3571676
          ],
          [
            100.2905855,
            5.3571698
          ],
          [
            100.2905852,
            5.3571707
          ],
          [
            100.2905852,
            5.3571713
          ],
          [
            100.2905851,
            5.3571717
          ],
          [
            100.2905851,
            5.3571721
          ],
          [
            100.2905851,
            5.3571723
          ],
          [
            100.2905851,
            5.3571726
          ],
          [
            100.2905851,
            5.3571728
          ],
          [
            100.2905851,
            5.357173
          ],
          [
            100.2905851,
            5.3571732
          ],
          [
            100.290585,
            5.3571734
          ],
          [
            100.290585,
            5.3571735
          ],
          [
            100.290585,
            5.3571737
          ],
          [
            100.2905849,
            5.3571739
          ],
          [
            100.2905849,
            5.357174
          ],
          [
            100.2905849,
            5.3571742
          ],
          [
            100.2905849,
            5.3571744
          ],
          [
            100.2905848,
            5.3571745
          ],
          [
            100.2905848,
            5.3571747
          ],
          [
            100.2905847,
            5.3571748
          ],
          [
            100.2905847,
            5.357175
          ],
          [
            100.2905847,
            5.3571751
          ],
          [
            100.2905846,
            5.3571753
          ],
          [
            100.2905846,
            5.3571754
          ],
          [
            100.2905846,
            5.3571755
          ],
          [
            100.2905845,
            5.3571757
          ],
          [
            100.2905845,
            5.3571758
          ],
          [
            100.2905844,
            5.3571759
          ],
          [
            100.2905844,
            5.357176
          ],
          [
            100.2905843,
            5.3571761
          ],
          [
            100.2905843,
            5.3571762
          ],
          [
            100.2905843,
            5.3571763
          ],
          [
            100.2905842,
            5.3571764
          ],
          [
            100.2905842,
            5.3571765
          ],
          [
            100.2905841,
            5.3571767
          ],
          [
            100.2905841,
            5.3571768
          ],
          [
            100.290584,
            5.3571769
          ],
          [
            100.290584,
            5.357177
          ],
          [
            100.290584,
            5.3571771
          ],
          [
            100.2905839,
            5.3571772
          ],
          [
            100.2905839,
            5.3571773
          ],
          [
            100.2905838,
            5.3571774
          ],
          [
            100.2905838,
            5.3571775
          ],
          [
            100.2905838,
            5.3571776
          ],
          [
            100.2905837,
            5.3571777
          ],
          [
            100.2905837,
            5.3571778
          ],
          [
            100.2905837,
            5.3571779
          ],
          [
            100.2905836,
            5.357178
          ],
          [
            100.2905836,
            5.3571781
          ],
          [
            100.2905836,
            5.3571782
          ],
          [
            100.2905835,
            5.3571783
          ],
          [
            100.2905835,
            5.3571784
          ],
          [
            100.2905835,
            5.3571785
          ],
          [
            100.2905834,
            5.3571786
          ],
          [
            100.2905834,
            5.3571787
          ],
          [
            100.2905834,
            5.3571788
          ],
          [
            100.2905833,
            5.3571788
          ],
          [
            100.2905833,
            5.3571789
          ],
          [
            100.2905833,
            5.357179
          ],
          [
            100.2905832,
            5.3571791
          ],
          [
            100.2905832,
            5.35718
          ],
          [
            100.2905832,
            5.3571808
          ],
          [
            100.2905832,
            5.3571817
          ],
          [
            100.2905832,
            5.3571827
          ],
          [
            100.2905834,
            5.3571836
          ],
          [
            100.2905837,
            5.3571844
          ],
          [
            100.2905839,
            5.357185
          ],
          [
            100.2905844,
            5.3571854
          ],
          [
            100.2905847,
            5.3571856
          ],
          [
            100.2905851,
            5.3571859
          ],
          [
            100.2905855,
            5.3571861
          ],
          [
            100.290586,
            5.3571863
          ],
          [
            100.2905865,
            5.3571866
          ],
          [
            100.2905869,
            5.3571868
          ],
          [
            100.2905871,
            5.357187
          ],
          [
            100.2905872,
            5.357187
          ],
          [
            100.2905873,
            5.357187
          ],
          [
            100.2905872,
            5.3571869
          ],
          [
            100.290587,
            5.3571868
          ],
          [
            100.2905867,
            5.3571861
          ],
          [
            100.2905863,
            5.3571854
          ],
          [
            100.2905857,
            5.357185
          ],
          [
            100.2905851,
            5.3571849
          ],
          [
            100.2905846,
            5.357185
          ],
          [
            100.2905838,
            5.3571853
          ],
          [
            100.2905836,
            5.3571854
          ],
          [
            100.2905835,
            5.3571856
          ],
          [
            100.2905834,
            5.3571857
          ],
          [
            100.2905833,
            5.3571859
          ],
          [
            100.2905833,
            5.3571861
          ],
          [
            100.2905833,
            5.3571862
          ],
          [
            100.2905833,
            5.3571864
          ],
          [
            100.2905833,
            5.3571865
          ],
          [
            100.2905834,
            5.3571866
          ],
          [
            100.2905834,
            5.3571868
          ],
          [
            100.2905834,
            5.3571869
          ],
          [
            100.2905835,
            5.357187
          ],
          [
            100.2905835,
            5.3571871
          ],
          [
            100.2905836,
            5.3571872
          ],
          [
            100.2905837,
            5.3571872
          ],
          [
            100.2905839,
            5.3571873
          ],
          [
            100.290584,
            5.3571873
          ],
          [
            100.2905842,
            5.3571874
          ],
          [
            100.2905844,
            5.3571874
          ],
          [
            100.2905847,
            5.3571873
          ],
          [
            100.290585,
            5.3571873
          ],
          [
            100.2905853,
            5.3571872
          ],
          [
            100.2905856,
            5.3571871
          ],
          [
            100.290586,
            5.357187
          ],
          [
            100.2905864,
            5.3571869
          ],
          [
            100.2905868,
            5.3571867
          ],
          [
            100.2905873,
            5.3571865
          ],
          [
            100.2905878,
            5.3571863
          ],
          [
            100.2905883,
            5.3571861
          ],
          [
            100.2905888,
            5.3571858
          ],
          [
            100.2905893,
            5.3571856
          ],
          [
            100.2905898,
            5.3571853
          ],
          [
            100.2905904,
            5.357185
          ],
          [
            100.2905909,
            5.3571847
          ],
          [
            100.2905915,
            5.3571843
          ],
          [
            100.2906009,
            5.3571772
          ],
          [
            100.2906104,
            5.3571697
          ],
          [
            100.2906198,
            5.3571619
          ],
          [
            100.2906321,
            5.357151
          ],
          [
            100.2906405,
            5.357143
          ],
          [
            100.290649,
            5.3571344
          ],
          [
            100.2906567,
            5.3571253
          ],
          [
            100.2906623,
            5.3571184
          ],
          [
            100.290667,
            5.3571124
          ],
          [
            100.2906713,
            5.3571065
          ],
          [
            100.2906749,
            5.3571015
          ],
          [
            100.2906783,
            5.3570965
          ],
          [
            100.2906822,
            5.3570907
          ],
          [
            100.2906855,
            5.357086
          ],
          [
            100.2906892,
            5.3570814
          ],
          [
            100.2906921,
            5.3570776
          ],
          [
            100.2906946,
            5.3570745
          ],
          [
            100.2906982,
            5.3570701
          ],
          [
            100.2907009,
            5.3570667
          ],
          [
            100.290704,
            5.3570631
          ],
          [
            100.2907063,
            5.3570602
          ],
          [
            100.2907091,
            5.3570563
          ],
          [
            100.2907111,
            5.3570534
          ],
          [
            100.2907131,
            5.3570503
          ],
          [
            100.290715,
            5.3570471
          ],
          [
            100.2907163,
            5.3570446
          ],
          [
            100.2907178,
            5.3570418
          ],
          [
            100.2907192,
            5.3570389
          ],
          [
            100.2907203,
            5.3570367
          ],
          [
            100.2907217,
            5.3570333
          ],
          [
            100.2907228,
            5.3570303
          ],
          [
            100.2907236,
            5.3570274
          ],
          [
            100.2907245,
            5.3570236
          ],
          [
            100.2907252,
            5.3570203
          ],
          [
            100.2907261,
            5.3570165
          ],
          [
            100.2907267,
            5.3570134
          ],
          [
            100.2907275,
            5.357009
          ],
          [
            100.2907281,
            5.3570054
          ],
          [
            100.2907288,
            5.357002
          ],
          [
            100.2907293,
            5.3569991
          ],
          [
            100.2907298,
            5.3569965
          ],
          [
            100.2907304,
            5.3569935
          ],
          [
            100.2907306,
            5.3569914
          ],
          [
            100.2907306,
            5.3569893
          ],
          [
            100.2907304,
            5.3569872
          ],
          [
            100.29073,
            5.3569847
          ],
          [
            100.2907295,
            5.356983
          ],
          [
            100.2907287,
            5.3569809
          ],
          [
            100.290728,
            5.3569794
          ],
          [
            100.2907269,
            5.3569773
          ],
          [
            100.290726,
            5.3569753
          ],
          [
            100.2907249,
            5.3569732
          ],
          [
            100.2907238,
            5.3569704
          ],
          [
            100.2907229,
            5.3569683
          ],
          [
            100.2907217,
            5.356965
          ],
          [
            100.2907209,
            5.3569624
          ],
          [
            100.2907204,
            5.3569605
          ],
          [
            100.29072,
            5.356958
          ],
          [
            100.2907199,
            5.3569546
          ],
          [
            100.2907206,
            5.3569498
          ],
          [
            100.2907213,
            5.3569463
          ],
          [
            100.2907219,
            5.3569433
          ],
          [
            100.2907229,
            5.356939
          ],
          [
            100.2907237,
            5.3569361
          ],
          [
            100.2907245,
            5.3569327
          ],
          [
            100.2907256,
            5.3569294
          ],
          [
            100.2907267,
            5.3569263
          ],
          [
            100.2907283,
            5.3569229
          ],
          [
            100.2907296,
            5.3569205
          ],
          [
            100.2907315,
            5.3569174
          ],
          [
            100.2907336,
            5.3569145
          ],
          [
            100.2907352,
            5.3569124
          ],
          [
            100.290737,
            5.3569098
          ],
          [
            100.2907391,
            5.3569069
          ],
          [
            100.2907406,
            5.3569049
          ],
          [
            100.2907424,
            5.3569021
          ],
          [
            100.290744,
            5.3568999
          ],
          [
            100.2907456,
            5.3568976
          ],
          [
            100.2907498,
            5.3568917
          ],
          [
            100.2907506,
            5.3568903
          ],
          [
            100.2907509,
            5.3568896
          ],
          [
            100.2907511,
            5.3568892
          ],
          [
            100.2907512,
            5.3568889
          ],
          [
            100.2907514,
            5.3568887
          ],
          [
            100.2907516,
            5.3568885
          ],
          [
            100.2907517,
            5.3568883
          ],
          [
            100.2907519,
            5.3568882
          ],
          [
            100.2907521,
            5.3568881
          ],
          [
            100.2907522,
            5.356888
          ],
          [
            100.2907525,
            5.3568879
          ],
          [
            100.2907527,
            5.3568878
          ],
          [
            100.2907529,
            5.3568877
          ],
          [
            100.2907531,
            5.3568877
          ],
          [
            100.2907533,
            5.3568876
          ],
          [
            100.2907535,
            5.3568876
          ],
          [
            100.2907537,
            5.3568875
          ],
          [
            100.2907539,
            5.3568875
          ],
          [
            100.2907541,
            5.3568875
          ],
          [
            100.2907543,
            5.3568875
          ],
          [
            100.2907545,
            5.3568875
          ],
          [
            100.2907547,
            5.3568875
          ],
          [
            100.2907549,
            5.3568876
          ],
          [
            100.290755,
            5.3568876
          ],
          [
            100.2907552,
            5.3568876
          ],
          [
            100.2907554,
            5.3568876
          ],
          [
            100.2907555,
            5.3568876
          ],
          [
            100.2907563,
            5.3568878
          ],
          [
            100.2907599,
            5.3568883
          ],
          [
            100.2907615,
            5.3568884
          ],
          [
            100.2907619,
            5.3568883
          ],
          [
            100.2907629,
            5.3568879
          ],
          [
            100.2907644,
            5.3568873
          ],
          [
            100.2907663,
            5.3568864
          ],
          [
            100.2907715,
            5.3568835
          ],
          [
            100.2907728,
            5.3568827
          ],
          [
            100.2907735,
            5.3568823
          ],
          [
            100.290774,
            5.356882
          ],
          [
            100.2907744,
            5.3568818
          ],
          [
            100.2907747,
            5.3568816
          ],
          [
            100.2907749,
            5.3568814
          ],
          [
            100.2907751,
            5.3568813
          ],
          [
            100.2907753,
            5.3568812
          ],
          [
            100.2907755,
            5.3568811
          ],
          [
            100.2907756,
            5.356881
          ],
          [
            100.2907758,
            5.356881
          ],
          [
            100.2907759,
            5.3568809
          ],
          [
            100.290776,
            5.3568808
          ],
          [
            100.2907761,
            5.3568808
          ],
          [
            100.2907762,
            5.3568807
          ],
          [
            100.2907763,
            5.3568807
          ],
          [
            100.2907764,
            5.3568806
          ],
          [
            100.2907765,
            5.3568806
          ],
          [
            100.2907765,
            5.3568806
          ],
          [
            100.2907766,
            5.3568805
          ],
          [
            100.2907767,
            5.3568805
          ],
          [
            100.2907768,
            5.3568804
          ],
          [
            100.2907768,
            5.3568804
          ],
          [
            100.2907769,
            5.3568804
          ],
          [
            100.290777,
            5.3568803
          ],
          [
            100.2907771,
            5.3568803
          ],
          [
            100.2907771,
            5.3568803
          ],
          [
            100.2907772,
            5.3568803
          ],
          [
            100.2907773,
            5.3568803
          ],
          [
            100.2907773,
            5.3568803
          ],
          [
            100.2907774,
            5.3568803
          ],
          [
            100.2907774,
            5.3568803
          ],
          [
            100.2907775,
            5.3568803
          ],
          [
            100.2907775,
            5.3568804
          ],
          [
            100.2907775,
            5.3568804
          ],
          [
            100.2907776,
            5.3568804
          ],
          [
            100.2907776,
            5.3568805
          ],
          [
            100.2907777,
            5.3568806
          ],
          [
            100.2907777,
            5.3568806
          ],
          [
            100.2907778,
            5.3568807
          ],
          [
            100.2907778,
            5.3568808
          ],
          [
            100.2907779,
            5.3568809
          ],
          [
            100.2907779,
            5.3568809
          ],
          [
            100.290778,
            5.356881
          ],
          [
            100.290778,
            5.3568811
          ],
          [
            100.290778,
            5.3568812
          ],
          [
            100.290778,
            5.3568813
          ],
          [
            100.2907781,
            5.3568813
          ],
          [
            100.2907781,
            5.3568814
          ],
          [
            100.2907781,
            5.3568815
          ],
          [
            100.2907781,
            5.3568816
          ],
          [
            100.2907782,
            5.3568817
          ],
          [
            100.2907782,
            5.3568818
          ],
          [
            100.2907782,
            5.3568819
          ],
          [
            100.2907782,
            5.356882
          ],
          [
            100.2907782,
            5.3568821
          ],
          [
            100.2907782,
            5.3568822
          ],
          [
            100.2907782,
            5.3568823
          ],
          [
            100.2907782,
            5.3568824
          ],
          [
            100.2907782,
            5.3568825
          ],
          [
            100.2907782,
            5.3568826
          ],
          [
            100.2907782,
            5.3568827
          ],
          [
            100.2907782,
            5.3568828
          ],
          [
            100.2907782,
            5.3568829
          ],
          [
            100.2907783,
            5.356883
          ],
          [
            100.2907783,
            5.3568831
          ],
          [
            100.2907783,
            5.3568832
          ],
          [
            100.2907783,
            5.3568833
          ],
          [
            100.2907783,
            5.3568834
          ],
          [
            100.2907783,
            5.3568835
          ],
          [
            100.2907783,
            5.3568836
          ],
          [
            100.2907782,
            5.3568837
          ],
          [
            100.2907782,
            5.3568838
          ],
          [
            100.2907782,
            5.3568839
          ],
          [
            100.2907782,
            5.3568846
          ],
          [
            100.2907782,
            5.3568902
          ],
          [
            100.2907783,
            5.3568928
          ],
          [
            100.2907784,
            5.3568942
          ],
          [
            100.2907784,
            5.3568952
          ],
          [
            100.2907785,
            5.3568958
          ],
          [
            100.2907785,
            5.3568963
          ],
          [
            100.2907785,
            5.3568964
          ],
          [
            100.2907785,
            5.3568976
          ],
          [
            100.2907784,
            5.3568977
          ],
          [
            100.2907771,
            5.3568983
          ],
          [
            100.2907764,
            5.3568985
          ],
          [
            100.290776,
            5.3568986
          ],
          [
            100.2907757,
            5.3568987
          ],
          [
            100.2907754,
            5.3568988
          ],
          [
            100.2907752,
            5.3568988
          ],
          [
            100.290775,
            5.3568989
          ],
          [
            100.2907748,
            5.3568989
          ],
          [
            100.2907747,
            5.356899
          ],
          [
            100.2907746,
            5.3568991
          ],
          [
            100.2907744,
            5.3568992
          ],
          [
            100.2907743,
            5.3568993
          ],
          [
            100.2907742,
            5.3568993
          ],
          [
            100.2907741,
            5.3568994
          ],
          [
            100.2907741,
            5.3568995
          ],
          [
            100.290774,
            5.3568996
          ],
          [
            100.2907739,
            5.3568997
          ],
          [
            100.2907738,
            5.3568998
          ],
          [
            100.2907738,
            5.3568999
          ],
          [
            100.2907737,
            5.3569
          ],
          [
            100.2907737,
            5.3569001
          ],
          [
            100.2907737,
            5.3569001
          ],
          [
            100.2907736,
            5.3569002
          ],
          [
            100.2907736,
            5.3569003
          ],
          [
            100.2907736,
            5.3569004
          ],
          [
            100.2907736,
            5.3569006
          ],
          [
            100.2907737,
            5.3569009
          ],
          [
            100.2907739,
            5.3569013
          ],
          [
            100.2907741,
            5.3569015
          ],
          [
            100.2907744,
            5.3569018
          ],
          [
            100.2907748,
            5.3569017
          ],
          [
            100.2907752,
            5.3569015
          ],
          [
            100.290776,
            5.3569007
          ],
          [
            100.2907766,
            5.3569
          ],
          [
            100.2907777,
            5.3568987
          ],
          [
            100.2907786,
            5.3568976
          ],
          [
            100.2907797,
            5.3568964
          ],
          [
            100.2907808,
            5.3568952
          ],
          [
            100.2907822,
            5.3568935
          ],
          [
            100.2907841,
            5.3568913
          ],
          [
            100.2907862,
            5.356889
          ],
          [
            100.2907884,
            5.3568866
          ],
          [
            100.2907912,
            5.3568842
          ],
          [
            100.2907946,
            5.3568816
          ],
          [
            100.2907982,
            5.356879
          ],
          [
            100.2908015,
            5.3568765
          ],
          [
            100.2908052,
            5.3568736
          ],
          [
            100.2908087,
            5.3568705
          ],
          [
            100.2908117,
            5.3568677
          ],
          [
            100.2908157,
            5.3568641
          ],
          [
            100.2908189,
            5.3568608
          ],
          [
            100.290822,
            5.3568574
          ],
          [
            100.2908255,
            5.356853
          ],
          [
            100.2908282,
            5.3568493
          ],
          [
            100.290831,
            5.3568456
          ],
          [
            100.2908338,
            5.3568416
          ],
          [
            100.2908371,
            5.356837
          ],
          [
            100.2908395,
            5.3568334
          ],
          [
            100.2908415,
            5.3568303
          ],
          [
            100.2908448,
            5.356827
          ],
          [
            100.2908471,
            5.3568242
          ],
          [
            100.2908493,
            5.3568215
          ],
          [
            100.2908517,
            5.3568183
          ],
          [
            100.2908537,
            5.3568154
          ],
          [
            100.2908557,
            5.3568124
          ],
          [
            100.2908577,
            5.3568093
          ],
          [
            100.2908595,
            5.3568061
          ],
          [
            100.2908615,
            5.3568026
          ],
          [
            100.2908631,
            5.3567994
          ],
          [
            100.2908649,
            5.3567957
          ],
          [
            100.2908665,
            5.356792
          ],
          [
            100.2908678,
            5.356789
          ],
          [
            100.2908693,
            5.3567848
          ],
          [
            100.2908707,
            5.3567808
          ],
          [
            100.2908721,
            5.356777
          ],
          [
            100.2908731,
            5.3567738
          ],
          [
            100.290874,
            5.3567711
          ],
          [
            100.2908753,
            5.3567676
          ],
          [
            100.2908762,
            5.3567647
          ],
          [
            100.2908771,
            5.3567621
          ],
          [
            100.2908781,
            5.3567587
          ],
          [
            100.2908789,
            5.3567559
          ],
          [
            100.2908798,
            5.3567528
          ],
          [
            100.2908805,
            5.3567498
          ],
          [
            100.2908813,
            5.3567465
          ],
          [
            100.2908822,
            5.3567431
          ],
          [
            100.2908828,
            5.3567405
          ],
          [
            100.2908837,
            5.3567368
          ],
          [
            100.2908845,
            5.3567336
          ],
          [
            100.2908852,
            5.3567305
          ],
          [
            100.2908862,
            5.3567268
          ],
          [
            100.2908872,
            5.3567234
          ],
          [
            100.2908883,
            5.3567202
          ],
          [
            100.2908901,
            5.3567169
          ],
          [
            100.2908914,
            5.3567144
          ],
          [
            100.2908935,
            5.3567111
          ],
          [
            100.2908951,
            5.3567087
          ],
          [
            100.2908969,
            5.3567058
          ],
          [
            100.2908985,
            5.3567035
          ],
          [
            100.2909005,
            5.3567009
          ],
          [
            100.2909022,
            5.3566988
          ],
          [
            100.2909039,
            5.3566968
          ],
          [
            100.2909052,
            5.3566955
          ],
          [
            100.2909067,
            5.3566941
          ],
          [
            100.2909081,
            5.3566929
          ],
          [
            100.2909093,
            5.3566921
          ],
          [
            100.2909105,
            5.3566911
          ],
          [
            100.2909124,
            5.3566901
          ],
          [
            100.2909139,
            5.3566894
          ],
          [
            100.2909155,
            5.3566886
          ],
          [
            100.2909173,
            5.3566878
          ],
          [
            100.2909192,
            5.3566869
          ],
          [
            100.2909215,
            5.356686
          ],
          [
            100.2909232,
            5.3566853
          ],
          [
            100.2909257,
            5.3566845
          ],
          [
            100.2909282,
            5.3566837
          ],
          [
            100.2909304,
            5.356683
          ],
          [
            100.2909337,
            5.3566823
          ],
          [
            100.2909365,
            5.3566817
          ],
          [
            100.2909396,
            5.3566814
          ],
          [
            100.2909429,
            5.3566812
          ],
          [
            100.290946,
            5.3566812
          ],
          [
            100.2909494,
            5.3566814
          ],
          [
            100.290952,
            5.3566818
          ],
          [
            100.2909553,
            5.3566834
          ],
          [
            100.2909592,
            5.3566853
          ],
          [
            100.2909629,
            5.356687
          ],
          [
            100.2909667,
            5.3566886
          ],
          [
            100.2909696,
            5.3566898
          ],
          [
            100.2909734,
            5.3566909
          ],
          [
            100.290976,
            5.3566916
          ],
          [
            100.2909791,
            5.3566923
          ],
          [
            100.2909812,
            5.3566927
          ],
          [
            100.2909835,
            5.3566933
          ],
          [
            100.2909852,
            5.3566938
          ],
          [
            100.2909872,
            5.3566946
          ],
          [
            100.2909887,
            5.3566952
          ],
          [
            100.2909929,
            5.3566967
          ],
          [
            100.2909939,
            5.356697
          ],
          [
            100.2909943,
            5.3566971
          ],
          [
            100.2909944,
            5.3566972
          ],
          [
            100.2909944,
            5.3566972
          ],
          [
            100.2909944,
            5.3566973
          ],
          [
            100.2909943,
            5.3566973
          ],
          [
            100.2909942,
            5.3566974
          ],
          [
            100.2909941,
            5.3566974
          ],
          [
            100.2909941,
            5.3566975
          ],
          [
            100.2909942,
            5.3566978
          ],
          [
            100.2909947,
            5.3566986
          ],
          [
            100.2909959,
            5.3567001
          ],
          [
            100.2909974,
            5.3567016
          ],
          [
            100.2909991,
            5.3567035
          ],
          [
            100.2910012,
            5.3567056
          ],
          [
            100.291003,
            5.3567073
          ],
          [
            100.2910058,
            5.3567094
          ],
          [
            100.2910085,
            5.3567113
          ],
          [
            100.2910109,
            5.3567128
          ],
          [
            100.2910148,
            5.356715
          ],
          [
            100.2910205,
            5.3567182
          ],
          [
            100.2910246,
            5.356721
          ],
          [
            100.2910289,
            5.3567241
          ],
          [
            100.2910321,
            5.3567261
          ],
          [
            100.2910361,
            5.3567278
          ],
          [
            100.291039,
            5.3567289
          ],
          [
            100.2910424,
            5.3567292
          ],
          [
            100.2910449,
            5.3567293
          ],
          [
            100.2910476,
            5.3567292
          ],
          [
            100.2910498,
            5.356729
          ],
          [
            100.2910521,
            5.3567282
          ],
          [
            100.2910539,
            5.3567274
          ],
          [
            100.291056,
            5.3567255
          ],
          [
            100.2910576,
            5.3567241
          ],
          [
            100.2910593,
            5.3567224
          ],
          [
            100.2910611,
            5.3567201
          ],
          [
            100.2910625,
            5.3567181
          ],
          [
            100.291064,
            5.3567154
          ],
          [
            100.2910651,
            5.3567132
          ],
          [
            100.2910665,
            5.3567101
          ],
          [
            100.2910676,
            5.3567074
          ],
          [
            100.2910685,
            5.3567048
          ],
          [
            100.2910686,
            5.3567024
          ],
          [
            100.2910685,
            5.3567005
          ],
          [
            100.2910675,
            5.3566982
          ],
          [
            100.2910668,
            5.3566963
          ],
          [
            100.2910657,
            5.3566947
          ],
          [
            100.2910644,
            5.3566927
          ],
          [
            100.2910635,
            5.3566903
          ],
          [
            100.2910627,
            5.3566897
          ],
          [
            100.291062,
            5.3566894
          ],
          [
            100.2910613,
            5.3566887
          ],
          [
            100.2910609,
            5.3566882
          ],
          [
            100.2910604,
            5.3566877
          ],
          [
            100.29106,
            5.3566871
          ],
          [
            100.2910597,
            5.3566864
          ],
          [
            100.2910594,
            5.3566832
          ],
          [
            100.2910597,
            5.356683
          ],
          [
            100.2910601,
            5.3566831
          ],
          [
            100.2910603,
            5.3566832
          ],
          [
            100.2910606,
            5.3566832
          ],
          [
            100.2910608,
            5.3566836
          ],
          [
            100.291061,
            5.3566841
          ],
          [
            100.2910613,
            5.3566847
          ],
          [
            100.2910614,
            5.3566852
          ],
          [
            100.2910615,
            5.3566857
          ],
          [
            100.2910616,
            5.3566862
          ],
          [
            100.2910617,
            5.3566866
          ],
          [
            100.2910617,
            5.3566869
          ],
          [
            100.2910617,
            5.3566872
          ],
          [
            100.2910617,
            5.3566875
          ],
          [
            100.2910617,
            5.3566877
          ],
          [
            100.2910617,
            5.3566879
          ],
          [
            100.2910617,
            5.356688
          ],
          [
            100.2910616,
            5.3566882
          ],
          [
            100.2910616,
            5.3566883
          ],
          [
            100.2910615,
            5.3566883
          ],
          [
            100.2910615,
            5.3566884
          ],
          [
            100.2910615,
            5.3566884
          ],
          [
            100.2910614,
            5.3566884
          ],
          [
            100.2910614,
            5.3566884
          ],
          [
            100.2910613,
            5.3566882
          ],
          [
            100.2910611,
            5.3566878
          ],
          [
            100.2910608,
            5.3566872
          ],
          [
            100.2910606,
            5.3566862
          ],
          [
            100.2910605,
            5.3566851
          ],
          [
            100.2910608,
            5.3566829
          ],
          [
            100.2910612,
            5.3566808
          ],
          [
            100.291062,
            5.3566782
          ],
          [
            100.2910629,
            5.3566758
          ],
          [
            100.2910641,
            5.3566731
          ],
          [
            100.2910654,
            5.3566703
          ],
          [
            100.2910669,
            5.3566675
          ],
          [
            100.2910689,
            5.3566642
          ],
          [
            100.2910707,
            5.3566615
          ],
          [
            100.2910726,
            5.3566586
          ],
          [
            100.2910745,
            5.3566556
          ],
          [
            100.2910763,
            5.3566528
          ],
          [
            100.2910784,
            5.3566495
          ],
          [
            100.2910804,
            5.3566465
          ],
          [
            100.2910825,
            5.3566431
          ],
          [
            100.2910847,
            5.3566396
          ],
          [
            100.2910867,
            5.3566363
          ],
          [
            100.291089,
            5.3566326
          ],
          [
            100.2910908,
            5.3566295
          ],
          [
            100.2910925,
            5.3566263
          ],
          [
            100.2910947,
            5.3566228
          ],
          [
            100.2910967,
            5.3566197
          ],
          [
            100.2910985,
            5.3566167
          ],
          [
            100.2911004,
            5.3566133
          ],
          [
            100.2911022,
            5.3566101
          ],
          [
            100.2911041,
            5.3566067
          ],
          [
            100.2911059,
            5.3566033
          ],
          [
            100.2911077,
            5.3565996
          ],
          [
            100.2911092,
            5.3565953
          ],
          [
            100.2911105,
            5.3565915
          ],
          [
            100.2911117,
            5.3565873
          ],
          [
            100.2911127,
            5.3565835
          ],
          [
            100.2911137,
            5.3565796
          ],
          [
            100.2911147,
            5.3565757
          ],
          [
            100.2911155,
            5.3565722
          ],
          [
            100.2911161,
            5.3565675
          ],
          [
            100.2911192,
            5.3565328
          ],
          [
            100.2911192,
            5.3565264
          ],
          [
            100.2911189,
            5.356523
          ],
          [
            100.2911186,
            5.3565206
          ],
          [
            100.2911183,
            5.3565188
          ],
          [
            100.2911181,
            5.3565173
          ],
          [
            100.2911178,
            5.356516
          ],
          [
            100.2911176,
            5.3565149
          ],
          [
            100.2911174,
            5.3565139
          ],
          [
            100.2911172,
            5.356513
          ],
          [
            100.291117,
            5.3565121
          ],
          [
            100.2911169,
            5.3565113
          ],
          [
            100.2911167,
            5.3565106
          ],
          [
            100.2911166,
            5.3565099
          ],
          [
            100.2911164,
            5.3565092
          ],
          [
            100.2911163,
            5.3565086
          ],
          [
            100.2911162,
            5.356508
          ],
          [
            100.2911161,
            5.3565074
          ],
          [
            100.2911163,
            5.3565058
          ],
          [
            100.2911167,
            5.3565039
          ],
          [
            100.2911178,
            5.3565012
          ],
          [
            100.2911188,
            5.3564989
          ],
          [
            100.2911207,
            5.356496
          ],
          [
            100.2911225,
            5.3564935
          ],
          [
            100.2911245,
            5.3564912
          ],
          [
            100.2911273,
            5.3564888
          ],
          [
            100.2911294,
            5.3564869
          ],
          [
            100.2911315,
            5.3564853
          ],
          [
            100.2911352,
            5.3564827
          ],
          [
            100.2911385,
            5.3564803
          ],
          [
            100.2911415,
            5.3564781
          ],
          [
            100.2911451,
            5.3564756
          ],
          [
            100.2911481,
            5.3564734
          ],
          [
            100.291151,
            5.3564712
          ],
          [
            100.2911538,
            5.3564691
          ],
          [
            100.2911565,
            5.3564671
          ],
          [
            100.2911597,
            5.356465
          ],
          [
            100.2911621,
            5.3564634
          ],
          [
            100.2911652,
            5.3564618
          ],
          [
            100.2911679,
            5.3564606
          ],
          [
            100.2911708,
            5.3564595
          ],
          [
            100.2911741,
            5.3564586
          ],
          [
            100.2911766,
            5.3564579
          ],
          [
            100.2911796,
            5.3564572
          ],
          [
            100.2911826,
            5.3564568
          ],
          [
            100.2911859,
            5.3564558
          ],
          [
            100.2911887,
            5.3564549
          ],
          [
            100.2911922,
            5.3564541
          ],
          [
            100.2911951,
            5.3564534
          ],
          [
            100.2911987,
            5.3564528
          ],
          [
            100.2912022,
            5.3564522
          ],
          [
            100.2912055,
            5.3564518
          ],
          [
            100.2912093,
            5.3564513
          ],
          [
            100.2912123,
            5.356451
          ],
          [
            100.2912166,
            5.3564513
          ],
          [
            100.2912204,
            5.3564517
          ],
          [
            100.2912248,
            5.3564524
          ],
          [
            100.2912283,
            5.356453
          ],
          [
            100.2912319,
            5.3564536
          ],
          [
            100.2912356,
            5.3564543
          ],
          [
            100.2912388,
            5.3564549
          ],
          [
            100.2912423,
            5.3564549
          ],
          [
            100.291246,
            5.3564547
          ],
          [
            100.2912495,
            5.3564548
          ],
          [
            100.2912533,
            5.3564549
          ],
          [
            100.2912574,
            5.3564552
          ],
          [
            100.2912606,
            5.3564555
          ],
          [
            100.2912648,
            5.356456
          ],
          [
            100.2912683,
            5.3564565
          ],
          [
            100.2912721,
            5.3564573
          ],
          [
            100.2912759,
            5.3564584
          ],
          [
            100.2912796,
            5.3564594
          ],
          [
            100.2912837,
            5.35646
          ],
          [
            100.291287,
            5.3564604
          ],
          [
            100.2912909,
            5.3564609
          ],
          [
            100.2912947,
            5.3564616
          ],
          [
            100.291298,
            5.3564623
          ],
          [
            100.2913022,
            5.3564631
          ],
          [
            100.2913053,
            5.3564639
          ],
          [
            100.2913097,
            5.3564651
          ],
          [
            100.2913134,
            5.3564668
          ],
          [
            100.2913169,
            5.3564687
          ],
          [
            100.2913195,
            5.3564706
          ],
          [
            100.2913222,
            5.3564735
          ],
          [
            100.291331,
            5.3564844
          ],
          [
            100.2913327,
            5.3564868
          ],
          [
            100.2913333,
            5.3564875
          ],
          [
            100.2913336,
            5.3564877
          ],
          [
            100.2913337,
            5.3564877
          ],
          [
            100.2913338,
            5.3564876
          ],
          [
            100.2913338,
            5.3564876
          ],
          [
            100.2913338,
            5.3564877
          ],
          [
            100.2913338,
            5.3564877
          ],
          [
            100.2913338,
            5.3564878
          ],
          [
            100.2913337,
            5.356488
          ],
          [
            100.2913337,
            5.3564881
          ],
          [
            100.2913337,
            5.3564882
          ],
          [
            100.2913336,
            5.3564883
          ],
          [
            100.2913336,
            5.3564885
          ],
          [
            100.2913335,
            5.3564886
          ],
          [
            100.2913335,
            5.3564887
          ],
          [
            100.2913334,
            5.3564888
          ],
          [
            100.2913334,
            5.356489
          ],
          [
            100.2913334,
            5.3564891
          ],
          [
            100.2913334,
            5.3564892
          ],
          [
            100.2913334,
            5.3564893
          ],
          [
            100.2913334,
            5.3564894
          ],
          [
            100.2913334,
            5.3564895
          ],
          [
            100.2913337,
            5.3564896
          ],
          [
            100.2913353,
            5.3564904
          ],
          [
            100.2913371,
            5.3564911
          ],
          [
            100.2913401,
            5.3564921
          ],
          [
            100.2913435,
            5.3564931
          ],
          [
            100.2913471,
            5.356494
          ],
          [
            100.2913501,
            5.3564946
          ],
          [
            100.2913533,
            5.3564952
          ],
          [
            100.2913566,
            5.3564945
          ],
          [
            100.2913592,
            5.3564939
          ],
          [
            100.2913626,
            5.356493
          ],
          [
            100.2913656,
            5.3564922
          ],
          [
            100.2913682,
            5.3564916
          ],
          [
            100.2913719,
            5.3564909
          ],
          [
            100.2913748,
            5.3564906
          ],
          [
            100.2913793,
            5.3564904
          ],
          [
            100.2913852,
            5.3564906
          ],
          [
            100.2913902,
            5.3564914
          ],
          [
            100.2913951,
            5.3564922
          ],
          [
            100.2913995,
            5.3564931
          ],
          [
            100.2914033,
            5.3564939
          ],
          [
            100.2914075,
            5.3564946
          ],
          [
            100.2914122,
            5.356495
          ],
          [
            100.2914155,
            5.3564955
          ],
          [
            100.291419,
            5.356496
          ],
          [
            100.2914218,
            5.3564966
          ],
          [
            100.2914348,
            5.3564992
          ],
          [
            100.2914379,
            5.3564998
          ],
          [
            100.2914396,
            5.3564999
          ],
          [
            100.2914407,
            5.3565
          ],
          [
            100.2914418,
            5.3564999
          ],
          [
            100.2914425,
            5.3564997
          ],
          [
            100.2914434,
            5.3564994
          ],
          [
            100.291446,
            5.3564988
          ],
          [
            100.2914485,
            5.3564983
          ],
          [
            100.2914515,
            5.3564978
          ],
          [
            100.2914556,
            5.3564974
          ],
          [
            100.2914592,
            5.3564972
          ],
          [
            100.2914636,
            5.3564972
          ],
          [
            100.2914675,
            5.3564975
          ],
          [
            100.2914717,
            5.356498
          ],
          [
            100.2914762,
            5.3564988
          ],
          [
            100.2914802,
            5.3564995
          ],
          [
            100.291485,
            5.3565003
          ],
          [
            100.2914901,
            5.356501
          ],
          [
            100.2914947,
            5.3565015
          ],
          [
            100.2914989,
            5.356502
          ],
          [
            100.2915022,
            5.3565024
          ],
          [
            100.2915064,
            5.3565026
          ],
          [
            100.2915095,
            5.3565026
          ],
          [
            100.2915134,
            5.3565031
          ],
          [
            100.291516,
            5.3565033
          ],
          [
            100.2915186,
            5.3565039
          ],
          [
            100.291521,
            5.3565045
          ],
          [
            100.2915232,
            5.3565052
          ],
          [
            100.2915258,
            5.3565062
          ],
          [
            100.2915277,
            5.3565069
          ],
          [
            100.2915301,
            5.3565078
          ],
          [
            100.2915325,
            5.3565086
          ],
          [
            100.291539,
            5.3565109
          ],
          [
            100.2915401,
            5.3565103
          ],
          [
            100.2915404,
            5.3565097
          ],
          [
            100.2915404,
            5.3565091
          ],
          [
            100.2915403,
            5.3565086
          ],
          [
            100.2915403,
            5.3565081
          ],
          [
            100.2915403,
            5.3565079
          ],
          [
            100.2915405,
            5.3565077
          ],
          [
            100.2915408,
            5.3565074
          ],
          [
            100.2915418,
            5.3565072
          ],
          [
            100.2915428,
            5.356507
          ],
          [
            100.2915447,
            5.3565069
          ],
          [
            100.2915464,
            5.3565067
          ],
          [
            100.2915491,
            5.3565067
          ],
          [
            100.2915512,
            5.3565066
          ],
          [
            100.291553,
            5.3565065
          ],
          [
            100.2915548,
            5.3565065
          ],
          [
            100.2915571,
            5.3565065
          ],
          [
            100.2915591,
            5.3565066
          ],
          [
            100.2915614,
            5.3565067
          ],
          [
            100.2915636,
            5.3565069
          ],
          [
            100.2915662,
            5.3565072
          ],
          [
            100.2915689,
            5.3565076
          ],
          [
            100.2915711,
            5.3565079
          ],
          [
            100.2915744,
            5.3565086
          ],
          [
            100.2915772,
            5.3565091
          ],
          [
            100.29158,
            5.3565096
          ],
          [
            100.2915835,
            5.3565102
          ],
          [
            100.2915866,
            5.3565106
          ],
          [
            100.2915898,
            5.3565111
          ],
          [
            100.291593,
            5.3565114
          ],
          [
            100.2915964,
            5.3565118
          ],
          [
            100.2916,
            5.3565121
          ],
          [
            100.291603,
            5.3565123
          ],
          [
            100.291606,
            5.3565125
          ],
          [
            100.2916102,
            5.3565125
          ],
          [
            100.2916133,
            5.3565124
          ],
          [
            100.2916164,
            5.3565124
          ],
          [
            100.2916196,
            5.3565124
          ],
          [
            100.2916229,
            5.3565124
          ],
          [
            100.2916261,
            5.3565125
          ],
          [
            100.2916286,
            5.3565125
          ],
          [
            100.2916318,
            5.3565125
          ],
          [
            100.2916345,
            5.3565124
          ],
          [
            100.2916372,
            5.3565123
          ],
          [
            100.2916404,
            5.3565122
          ],
          [
            100.2916432,
            5.3565121
          ],
          [
            100.2916463,
            5.3565121
          ],
          [
            100.2916492,
            5.356512
          ],
          [
            100.2916525,
            5.3565119
          ],
          [
            100.2916554,
            5.3565118
          ],
          [
            100.2916604,
            5.3565099
          ],
          [
            100.2916655,
            5.3565077
          ],
          [
            100.2916707,
            5.3565053
          ],
          [
            100.2916765,
            5.3565026
          ],
          [
            100.2916813,
            5.3565003
          ],
          [
            100.291686,
            5.3564981
          ],
          [
            100.2916903,
            5.356496
          ],
          [
            100.2916937,
            5.3564943
          ],
          [
            100.2916969,
            5.3564928
          ],
          [
            100.2916996,
            5.3564916
          ],
          [
            100.2917019,
            5.3564905
          ],
          [
            100.2917039,
            5.3564895
          ],
          [
            100.2917055,
            5.3564887
          ],
          [
            100.291709,
            5.3564868
          ],
          [
            100.2917124,
            5.3564848
          ],
          [
            100.2917159,
            5.3564827
          ],
          [
            100.2917188,
            5.3564809
          ],
          [
            100.2917214,
            5.3564793
          ],
          [
            100.2917237,
            5.3564778
          ],
          [
            100.2917258,
            5.3564765
          ],
          [
            100.2917278,
            5.3564752
          ],
          [
            100.2917294,
            5.3564742
          ],
          [
            100.2917307,
            5.3564732
          ],
          [
            100.2917317,
            5.3564724
          ],
          [
            100.2917324,
            5.3564716
          ],
          [
            100.2917331,
            5.356471
          ],
          [
            100.2917339,
            5.3564704
          ],
          [
            100.2917345,
            5.35647
          ],
          [
            100.291735,
            5.3564696
          ],
          [
            100.2917375,
            5.3564685
          ],
          [
            100.29174,
            5.3564675
          ],
          [
            100.2917426,
            5.3564664
          ],
          [
            100.2917451,
            5.3564655
          ],
          [
            100.2917471,
            5.3564648
          ],
          [
            100.2917497,
            5.356464
          ],
          [
            100.2917517,
            5.3564634
          ],
          [
            100.2917537,
            5.3564628
          ],
          [
            100.2917555,
            5.3564621
          ],
          [
            100.2917571,
            5.3564615
          ],
          [
            100.2917631,
            5.3564591
          ],
          [
            100.2917633,
            5.3564588
          ],
          [
            100.291763,
            5.3564586
          ],
          [
            100.2917627,
            5.3564584
          ],
          [
            100.2917625,
            5.3564582
          ],
          [
            100.2917621,
            5.3564581
          ],
          [
            100.2917616,
            5.3564581
          ],
          [
            100.291761,
            5.3564582
          ],
          [
            100.2917603,
            5.3564583
          ],
          [
            100.2917595,
            5.3564584
          ],
          [
            100.2917587,
            5.3564585
          ],
          [
            100.291758,
            5.3564587
          ],
          [
            100.2917571,
            5.3564589
          ],
          [
            100.2917563,
            5.3564592
          ],
          [
            100.2917555,
            5.3564594
          ],
          [
            100.2917547,
            5.3564597
          ],
          [
            100.2917539,
            5.3564599
          ],
          [
            100.2917531,
            5.3564602
          ],
          [
            100.2917523,
            5.3564605
          ],
          [
            100.2917515,
            5.3564608
          ],
          [
            100.2917508,
            5.356461
          ],
          [
            100.2917502,
            5.3564613
          ],
          [
            100.2917496,
            5.3564615
          ],
          [
            100.291748,
            5.3564626
          ],
          [
            100.2917462,
            5.3564641
          ],
          [
            100.2917398,
            5.3564695
          ],
          [
            100.2917395,
            5.35647
          ],
          [
            100.2917391,
            5.3564707
          ],
          [
            100.2917392,
            5.356472
          ],
          [
            100.2917395,
            5.3564731
          ],
          [
            100.2917403,
            5.3564747
          ],
          [
            100.291741,
            5.356476
          ],
          [
            100.2917424,
            5.3564775
          ],
          [
            100.2917444,
            5.3564793
          ],
          [
            100.2917464,
            5.3564808
          ],
          [
            100.2917489,
            5.3564826
          ],
          [
            100.2917519,
            5.3564847
          ],
          [
            100.2917558,
            5.3564872
          ],
          [
            100.291759,
            5.3564893
          ],
          [
            100.2917624,
            5.3564914
          ],
          [
            100.2917659,
            5.3564933
          ],
          [
            100.2917687,
            5.3564949
          ],
          [
            100.2917717,
            5.3564965
          ],
          [
            100.2917761,
            5.3564966
          ],
          [
            100.2917806,
            5.3564966
          ],
          [
            100.2917853,
            5.3564966
          ],
          [
            100.2917891,
            5.3564966
          ],
          [
            100.2917936,
            5.3564967
          ],
          [
            100.2917971,
            5.3564968
          ],
          [
            100.2918014,
            5.356497
          ],
          [
            100.2918048,
            5.3564972
          ],
          [
            100.2918081,
            5.3564973
          ],
          [
            100.2918114,
            5.3564973
          ],
          [
            100.2918143,
            5.3564972
          ],
          [
            100.2918164,
            5.356497
          ],
          [
            100.2918178,
            5.3564968
          ],
          [
            100.2918239,
            5.3564949
          ],
          [
            100.2918247,
            5.3564945
          ],
          [
            100.2918268,
            5.3564939
          ],
          [
            100.2918289,
            5.3564932
          ],
          [
            100.2918319,
            5.3564922
          ],
          [
            100.2918346,
            5.3564914
          ],
          [
            100.291838,
            5.3564901
          ],
          [
            100.2918407,
            5.3564891
          ],
          [
            100.2918437,
            5.3564881
          ],
          [
            100.2918463,
            5.3564872
          ],
          [
            100.2918502,
            5.3564859
          ],
          [
            100.2918538,
            5.3564846
          ],
          [
            100.2918572,
            5.3564833
          ],
          [
            100.2918609,
            5.3564817
          ],
          [
            100.2918652,
            5.3564802
          ],
          [
            100.2918689,
            5.3564788
          ],
          [
            100.2918722,
            5.3564777
          ],
          [
            100.2918759,
            5.3564764
          ],
          [
            100.2918789,
            5.3564755
          ],
          [
            100.291883,
            5.3564742
          ],
          [
            100.2918881,
            5.3564725
          ],
          [
            100.2918929,
            5.3564709
          ],
          [
            100.2919042,
            5.3564667
          ],
          [
            100.2919064,
            5.3564657
          ],
          [
            100.2919071,
            5.3564655
          ],
          [
            100.291909,
            5.356465
          ],
          [
            100.2919115,
            5.3564646
          ],
          [
            100.2919151,
            5.3564642
          ],
          [
            100.2919186,
            5.3564639
          ],
          [
            100.291922,
            5.3564636
          ],
          [
            100.2919261,
            5.3564635
          ],
          [
            100.2919292,
            5.3564634
          ],
          [
            100.2919337,
            5.3564634
          ],
          [
            100.2919389,
            5.3564626
          ],
          [
            100.2919425,
            5.3564609
          ],
          [
            100.2919504,
            5.3564564
          ],
          [
            100.2919514,
            5.3564556
          ],
          [
            100.2919515,
            5.3564553
          ],
          [
            100.2919515,
            5.3564553
          ],
          [
            100.2919512,
            5.3564552
          ],
          [
            100.2919509,
            5.3564552
          ],
          [
            100.2919505,
            5.3564552
          ],
          [
            100.2919503,
            5.3564553
          ],
          [
            100.29195,
            5.3564557
          ],
          [
            100.2919499,
            5.3564562
          ],
          [
            100.29195,
            5.3564569
          ],
          [
            100.2919507,
            5.3564576
          ],
          [
            100.2919515,
            5.3564583
          ],
          [
            100.2919528,
            5.3564591
          ],
          [
            100.2919549,
            5.3564597
          ],
          [
            100.2919571,
            5.3564602
          ],
          [
            100.2919596,
            5.3564606
          ],
          [
            100.2919616,
            5.3564609
          ],
          [
            100.2919646,
            5.3564611
          ],
          [
            100.2919668,
            5.3564612
          ],
          [
            100.2919697,
            5.3564614
          ],
          [
            100.2919727,
            5.3564616
          ],
          [
            100.2919759,
            5.3564617
          ],
          [
            100.2919799,
            5.3564617
          ],
          [
            100.2919831,
            5.3564618
          ],
          [
            100.2919864,
            5.356462
          ],
          [
            100.2919902,
            5.3564623
          ],
          [
            100.2919933,
            5.3564624
          ],
          [
            100.2919971,
            5.3564624
          ],
          [
            100.2919998,
            5.3564624
          ],
          [
            100.2920033,
            5.3564622
          ],
          [
            100.2920059,
            5.3564619
          ],
          [
            100.2920089,
            5.3564615
          ],
          [
            100.2920113,
            5.3564611
          ],
          [
            100.2920134,
            5.3564607
          ],
          [
            100.2920165,
            5.3564599
          ],
          [
            100.2920268,
            5.3564565
          ],
          [
            100.2920285,
            5.3564553
          ],
          [
            100.2920289,
            5.3564545
          ],
          [
            100.2920289,
            5.356454
          ],
          [
            100.2920288,
            5.3564535
          ],
          [
            100.2920286,
            5.3564531
          ],
          [
            100.2920284,
            5.3564528
          ],
          [
            100.2920283,
            5.3564526
          ],
          [
            100.2920282,
            5.3564523
          ],
          [
            100.2920281,
            5.3564521
          ],
          [
            100.2920281,
            5.356452
          ],
          [
            100.292028,
            5.3564518
          ],
          [
            100.292028,
            5.3564517
          ],
          [
            100.292028,
            5.3564515
          ],
          [
            100.292028,
            5.3564514
          ],
          [
            100.292028,
            5.3564513
          ],
          [
            100.292028,
            5.3564512
          ],
          [
            100.292028,
            5.3564511
          ],
          [
            100.2920281,
            5.3564511
          ],
          [
            100.2920283,
            5.3564511
          ],
          [
            100.2920288,
            5.3564511
          ],
          [
            100.2920293,
            5.3564511
          ],
          [
            100.2920302,
            5.3564512
          ],
          [
            100.2920316,
            5.3564514
          ],
          [
            100.2920332,
            5.3564516
          ],
          [
            100.2920352,
            5.3564518
          ],
          [
            100.2920374,
            5.356452
          ],
          [
            100.2920399,
            5.3564523
          ],
          [
            100.2920427,
            5.3564526
          ],
          [
            100.2920455,
            5.356453
          ],
          [
            100.2920488,
            5.3564536
          ],
          [
            100.2920518,
            5.3564541
          ],
          [
            100.2920551,
            5.3564548
          ],
          [
            100.2920582,
            5.3564554
          ],
          [
            100.2920611,
            5.3564561
          ],
          [
            100.2920644,
            5.3564569
          ],
          [
            100.2920674,
            5.3564577
          ],
          [
            100.2920702,
            5.3564585
          ],
          [
            100.2920733,
            5.3564597
          ],
          [
            100.2920765,
            5.356461
          ],
          [
            100.2920799,
            5.3564627
          ],
          [
            100.2920831,
            5.3564645
          ],
          [
            100.2920866,
            5.3564668
          ],
          [
            100.2920898,
            5.3564689
          ],
          [
            100.2920927,
            5.3564709
          ],
          [
            100.2920961,
            5.3564734
          ],
          [
            100.292099,
            5.3564754
          ],
          [
            100.292102,
            5.3564776
          ],
          [
            100.292105,
            5.3564798
          ],
          [
            100.2921079,
            5.3564819
          ],
          [
            100.2921109,
            5.3564839
          ],
          [
            100.2921134,
            5.3564856
          ],
          [
            100.2921163,
            5.3564874
          ],
          [
            100.2921189,
            5.3564889
          ],
          [
            100.2921211,
            5.3564911
          ],
          [
            100.2921233,
            5.3564934
          ],
          [
            100.2921256,
            5.3564957
          ],
          [
            100.2921276,
            5.3564977
          ],
          [
            100.2921299,
            5.3564997
          ],
          [
            100.2921322,
            5.3565017
          ],
          [
            100.2921347,
            5.3565035
          ],
          [
            100.2921374,
            5.3565052
          ],
          [
            100.2921397,
            5.3565067
          ],
          [
            100.2921429,
            5.3565082
          ],
          [
            100.2921456,
            5.3565095
          ],
          [
            100.2921489,
            5.3565105
          ],
          [
            100.2921522,
            5.3565113
          ],
          [
            100.2921551,
            5.356512
          ],
          [
            100.2921576,
            5.3565124
          ],
          [
            100.2921593,
            5.3565109
          ],
          [
            100.2921605,
            5.3565087
          ],
          [
            100.2921615,
            5.3565061
          ],
          [
            100.2921624,
            5.3565037
          ],
          [
            100.2921631,
            5.3565016
          ],
          [
            100.2921639,
            5.3564995
          ],
          [
            100.2921648,
            5.3564978
          ],
          [
            100.2921656,
            5.3564962
          ],
          [
            100.2921666,
            5.3564948
          ],
          [
            100.2921677,
            5.3564937
          ],
          [
            100.2921691,
            5.3564927
          ],
          [
            100.2921705,
            5.356492
          ],
          [
            100.2921725,
            5.3564915
          ],
          [
            100.2921742,
            5.3564911
          ],
          [
            100.2921763,
            5.3564908
          ],
          [
            100.2921786,
            5.3564908
          ],
          [
            100.2921808,
            5.356492
          ],
          [
            100.2921829,
            5.3564932
          ],
          [
            100.2921853,
            5.3564945
          ],
          [
            100.2921875,
            5.3564957
          ],
          [
            100.2921901,
            5.356497
          ],
          [
            100.2921927,
            5.3564983
          ],
          [
            100.292195,
            5.3564995
          ],
          [
            100.292198,
            5.3565009
          ],
          [
            100.2922006,
            5.3565021
          ],
          [
            100.2922038,
            5.3565034
          ],
          [
            100.2922073,
            5.3565049
          ],
          [
            100.2922106,
            5.3565061
          ],
          [
            100.2922136,
            5.3565072
          ],
          [
            100.2922162,
            5.3565081
          ],
          [
            100.2922186,
            5.3565091
          ],
          [
            100.292221,
            5.3565102
          ],
          [
            100.2922231,
            5.3565112
          ],
          [
            100.2922253,
            5.3565121
          ],
          [
            100.2922276,
            5.3565129
          ],
          [
            100.2922296,
            5.3565136
          ],
          [
            100.292243,
            5.3565174
          ],
          [
            100.2922449,
            5.3565175
          ],
          [
            100.2922457,
            5.3565174
          ],
          [
            100.2922462,
            5.3565172
          ],
          [
            100.2922466,
            5.3565169
          ],
          [
            100.2922469,
            5.3565166
          ],
          [
            100.292247,
            5.3565167
          ],
          [
            100.2922471,
            5.3565167
          ],
          [
            100.2922476,
            5.3565169
          ],
          [
            100.2922482,
            5.356517
          ],
          [
            100.2922489,
            5.3565172
          ],
          [
            100.29225,
            5.3565173
          ],
          [
            100.2922511,
            5.3565174
          ],
          [
            100.2922528,
            5.3565175
          ],
          [
            100.2922543,
            5.3565174
          ],
          [
            100.2922565,
            5.3565173
          ],
          [
            100.2922585,
            5.3565171
          ],
          [
            100.2922608,
            5.3565169
          ],
          [
            100.2922631,
            5.3565166
          ],
          [
            100.2922655,
            5.3565162
          ],
          [
            100.2922679,
            5.3565158
          ],
          [
            100.2922702,
            5.3565154
          ],
          [
            100.2922727,
            5.3565149
          ],
          [
            100.2922747,
            5.3565142
          ],
          [
            100.2922758,
            5.356515
          ],
          [
            100.2922769,
            5.3565159
          ],
          [
            100.2922779,
            5.3565167
          ],
          [
            100.2922793,
            5.3565174
          ],
          [
            100.2922805,
            5.3565179
          ],
          [
            100.2922818,
            5.3565183
          ],
          [
            100.2922829,
            5.3565186
          ],
          [
            100.2922842,
            5.3565188
          ],
          [
            100.2922853,
            5.3565188
          ],
          [
            100.2922865,
            5.3565187
          ],
          [
            100.2922876,
            5.3565186
          ],
          [
            100.2922887,
            5.3565184
          ],
          [
            100.2922899,
            5.3565181
          ],
          [
            100.2922909,
            5.3565179
          ],
          [
            100.2922918,
            5.3565176
          ],
          [
            100.2922925,
            5.3565181
          ],
          [
            100.2922929,
            5.3565185
          ],
          [
            100.2922936,
            5.3565191
          ],
          [
            100.2922943,
            5.3565195
          ],
          [
            100.2922953,
            5.3565198
          ],
          [
            100.2922964,
            5.3565201
          ],
          [
            100.2922974,
            5.3565202
          ],
          [
            100.2922986,
            5.3565203
          ],
          [
            100.2923,
            5.3565204
          ],
          [
            100.2923016,
            5.3565203
          ],
          [
            100.292303,
            5.3565202
          ],
          [
            100.2923048,
            5.3565197
          ],
          [
            100.2923064,
            5.3565193
          ],
          [
            100.2923134,
            5.3565164
          ],
          [
            100.2923142,
            5.3565158
          ],
          [
            100.2923145,
            5.3565153
          ],
          [
            100.2923146,
            5.3565149
          ],
          [
            100.2923147,
            5.3565146
          ],
          [
            100.2923147,
            5.3565143
          ],
          [
            100.2923148,
            5.356514
          ],
          [
            100.2923148,
            5.3565138
          ],
          [
            100.2923149,
            5.3565136
          ],
          [
            100.292315,
            5.3565133
          ],
          [
            100.2923151,
            5.3565131
          ],
          [
            100.2923153,
            5.3565129
          ],
          [
            100.2923154,
            5.3565127
          ],
          [
            100.2923156,
            5.3565125
          ],
          [
            100.2923158,
            5.3565123
          ],
          [
            100.2923159,
            5.3565121
          ],
          [
            100.2923161,
            5.3565119
          ],
          [
            100.2923163,
            5.3565116
          ],
          [
            100.2923195,
            5.3565074
          ],
          [
            100.2923213,
            5.3565052
          ],
          [
            100.2923225,
            5.3565038
          ],
          [
            100.2923235,
            5.3565028
          ],
          [
            100.2923243,
            5.3565021
          ],
          [
            100.292325,
            5.3565015
          ],
          [
            100.2923256,
            5.356501
          ],
          [
            100.2923258,
            5.3565009
          ],
          [
            100.2923261,
            5.3565007
          ],
          [
            100.2923266,
            5.3565005
          ],
          [
            100.2923271,
            5.3565003
          ],
          [
            100.2923275,
            5.3565001
          ],
          [
            100.2923281,
            5.3565
          ],
          [
            100.2923288,
            5.3564998
          ],
          [
            100.2923297,
            5.3564996
          ],
          [
            100.2923306,
            5.3564994
          ],
          [
            100.2923316,
            5.3564992
          ],
          [
            100.2923394,
            5.3564975
          ],
          [
            100.2923415,
            5.356497
          ],
          [
            100.2923427,
            5.3564968
          ],
          [
            100.2923434,
            5.3564966
          ],
          [
            100.2923441,
            5.3564965
          ],
          [
            100.2923446,
            5.3564964
          ],
          [
            100.2923449,
            5.3564963
          ],
          [
            100.2923454,
            5.3564962
          ],
          [
            100.2923462,
            5.3564961
          ],
          [
            100.292347,
            5.356496
          ],
          [
            100.2923474,
            5.356496
          ],
          [
            100.2923477,
            5.356496
          ],
          [
            100.2923519,
            5.356496
          ],
          [
            100.2923533,
            5.356496
          ],
          [
            100.2923542,
            5.3564959
          ],
          [
            100.2923549,
            5.3564957
          ],
          [
            100.2923556,
            5.3564954
          ],
          [
            100.2923562,
            5.3564952
          ],
          [
            100.2923568,
            5.3564949
          ],
          [
            100.2923573,
            5.3564946
          ],
          [
            100.2923578,
            5.3564943
          ],
          [
            100.2923582,
            5.356494
          ],
          [
            100.2923587,
            5.3564937
          ],
          [
            100.2923591,
            5.3564935
          ],
          [
            100.2923594,
            5.3564933
          ],
          [
            100.2923597,
            5.3564931
          ],
          [
            100.29236,
            5.356493
          ],
          [
            100.2923602,
            5.3564929
          ],
          [
            100.2923604,
            5.3564928
          ],
          [
            100.2923606,
            5.3564927
          ],
          [
            100.2923608,
            5.3564926
          ],
          [
            100.292361,
            5.3564926
          ],
          [
            100.2923612,
            5.3564925
          ],
          [
            100.2923614,
            5.3564924
          ],
          [
            100.2923616,
            5.3564924
          ],
          [
            100.2923618,
            5.3564923
          ],
          [
            100.292362,
            5.3564922
          ],
          [
            100.2923622,
            5.3564922
          ],
          [
            100.2923624,
            5.3564921
          ],
          [
            100.2923625,
            5.356492
          ],
          [
            100.2923627,
            5.3564919
          ],
          [
            100.2923629,
            5.3564918
          ],
          [
            100.2923631,
            5.3564916
          ],
          [
            100.2923632,
            5.3564915
          ],
          [
            100.2923634,
            5.3564914
          ],
          [
            100.2923636,
            5.3564912
          ],
          [
            100.2923638,
            5.3564911
          ],
          [
            100.2923641,
            5.3564909
          ],
          [
            100.2923643,
            5.3564908
          ],
          [
            100.2923646,
            5.3564906
          ],
          [
            100.2923648,
            5.3564904
          ],
          [
            100.2923651,
            5.3564903
          ],
          [
            100.2923654,
            5.3564901
          ],
          [
            100.2923657,
            5.3564899
          ],
          [
            100.2923661,
            5.3564897
          ],
          [
            100.2923664,
            5.3564895
          ],
          [
            100.2923667,
            5.3564893
          ],
          [
            100.2923671,
            5.3564891
          ],
          [
            100.2923675,
            5.3564889
          ],
          [
            100.2923679,
            5.3564886
          ],
          [
            100.2923707,
            5.3564873
          ],
          [
            100.2923735,
            5.3564859
          ],
          [
            100.2923777,
            5.356484
          ],
          [
            100.292423,
            5.3564629
          ],
          [
            100.2924387,
            5.3564556
          ],
          [
            100.2924469,
            5.356451
          ],
          [
            100.292452,
            5.3564477
          ],
          [
            100.2924525,
            5.3564472
          ],
          [
            100.2924534,
            5.3564463
          ],
          [
            100.292455,
            5.3564449
          ],
          [
            100.2924567,
            5.3564434
          ],
          [
            100.2924715,
            5.3564311
          ],
          [
            100.2924755,
            5.3564281
          ],
          [
            100.2924774,
            5.3564268
          ],
          [
            100.2924787,
            5.3564261
          ],
          [
            100.2924796,
            5.3564256
          ],
          [
            100.2924804,
            5.3564254
          ],
          [
            100.2924807,
            5.3564254
          ],
          [
            100.292481,
            5.3564254
          ],
          [
            100.2924816,
            5.3564252
          ],
          [
            100.2924823,
            5.3564251
          ],
          [
            100.2924835,
            5.3564248
          ],
          [
            100.2924847,
            5.3564246
          ],
          [
            100.2924864,
            5.3564245
          ],
          [
            100.2924883,
            5.3564244
          ],
          [
            100.2924905,
            5.3564243
          ],
          [
            100.2924932,
            5.3564244
          ],
          [
            100.2924958,
            5.3564245
          ],
          [
            100.2924992,
            5.3564246
          ],
          [
            100.2925022,
            5.3564247
          ],
          [
            100.2925059,
            5.356425
          ],
          [
            100.2925096,
            5.3564253
          ],
          [
            100.2925133,
            5.3564257
          ],
          [
            100.2925173,
            5.3564256
          ],
          [
            100.2925207,
            5.3564253
          ],
          [
            100.2925245,
            5.3564248
          ],
          [
            100.2925284,
            5.3564244
          ],
          [
            100.292532,
            5.356424
          ],
          [
            100.2925366,
            5.3564238
          ],
          [
            100.2925405,
            5.3564238
          ],
          [
            100.2925454,
            5.3564241
          ],
          [
            100.2925497,
            5.3564245
          ],
          [
            100.2925539,
            5.3564251
          ],
          [
            100.2925583,
            5.3564259
          ],
          [
            100.2925626,
            5.3564268
          ],
          [
            100.292567,
            5.3564278
          ],
          [
            100.2925716,
            5.3564289
          ],
          [
            100.2925758,
            5.3564299
          ],
          [
            100.2925799,
            5.3564293
          ],
          [
            100.2925833,
            5.3564283
          ],
          [
            100.2925867,
            5.356427
          ],
          [
            100.2925901,
            5.3564259
          ],
          [
            100.2925944,
            5.356425
          ],
          [
            100.2925981,
            5.3564243
          ],
          [
            100.2926026,
            5.3564237
          ],
          [
            100.2926065,
            5.3564233
          ],
          [
            100.2926108,
            5.3564231
          ],
          [
            100.292615,
            5.3564232
          ],
          [
            100.2926191,
            5.3564234
          ],
          [
            100.2926236,
            5.3564237
          ],
          [
            100.292628,
            5.3564242
          ],
          [
            100.2926328,
            5.3564249
          ],
          [
            100.292637,
            5.3564257
          ],
          [
            100.2926408,
            5.3564264
          ],
          [
            100.2926452,
            5.3564275
          ],
          [
            100.2926493,
            5.3564285
          ],
          [
            100.2926533,
            5.3564295
          ],
          [
            100.2926573,
            5.3564304
          ],
          [
            100.2926609,
            5.3564312
          ],
          [
            100.2926648,
            5.3564321
          ],
          [
            100.2926688,
            5.3564329
          ],
          [
            100.2926723,
            5.3564337
          ],
          [
            100.2926767,
            5.3564344
          ],
          [
            100.2926805,
            5.3564351
          ],
          [
            100.2926843,
            5.3564356
          ],
          [
            100.2926886,
            5.3564362
          ],
          [
            100.2926925,
            5.3564367
          ],
          [
            100.2926965,
            5.3564371
          ],
          [
            100.2927006,
            5.3564375
          ],
          [
            100.2927048,
            5.356438
          ],
          [
            100.2927089,
            5.3564383
          ],
          [
            100.2927125,
            5.3564388
          ],
          [
            100.2927161,
            5.3564392
          ],
          [
            100.2927197,
            5.3564397
          ],
          [
            100.2927228,
            5.3564401
          ],
          [
            100.2927265,
            5.3564405
          ],
          [
            100.2927299,
            5.3564409
          ],
          [
            100.2927332,
            5.3564413
          ],
          [
            100.2927372,
            5.3564415
          ],
          [
            100.2927406,
            5.3564417
          ],
          [
            100.2927441,
            5.3564419
          ],
          [
            100.292748,
            5.356442
          ],
          [
            100.2927517,
            5.356442
          ],
          [
            100.2927556,
            5.356442
          ],
          [
            100.2927593,
            5.356442
          ],
          [
            100.2927635,
            5.3564419
          ],
          [
            100.2927674,
            5.3564418
          ],
          [
            100.292771,
            5.3564417
          ],
          [
            100.2927747,
            5.3564415
          ],
          [
            100.2927787,
            5.3564414
          ],
          [
            100.2928046,
            5.3564409
          ],
          [
            100.2928078,
            5.3564408
          ],
          [
            100.2928087,
            5.3564406
          ],
          [
            100.292809,
            5.3564404
          ],
          [
            100.2928091,
            5.3564401
          ],
          [
            100.292809,
            5.3564399
          ],
          [
            100.2928089,
            5.3564397
          ],
          [
            100.2928086,
            5.3564394
          ],
          [
            100.2928083,
            5.3564391
          ],
          [
            100.292808,
            5.3564388
          ],
          [
            100.2928077,
            5.3564385
          ],
          [
            100.2928074,
            5.3564382
          ],
          [
            100.2928071,
            5.3564379
          ],
          [
            100.2928068,
            5.3564375
          ],
          [
            100.2928065,
            5.3564367
          ],
          [
            100.2928064,
            5.3564357
          ],
          [
            100.2928067,
            5.3564344
          ],
          [
            100.2928072,
            5.3564332
          ],
          [
            100.2928084,
            5.3564315
          ],
          [
            100.2928101,
            5.35643
          ],
          [
            100.2928119,
            5.3564286
          ],
          [
            100.2928151,
            5.3564269
          ],
          [
            100.2928179,
            5.3564257
          ],
          [
            100.2928202,
            5.3564247
          ],
          [
            100.292823,
            5.3564236
          ],
          [
            100.292826,
            5.3564226
          ],
          [
            100.2928292,
            5.3564218
          ],
          [
            100.2928326,
            5.3564209
          ],
          [
            100.2928355,
            5.3564204
          ],
          [
            100.2928401,
            5.35642
          ],
          [
            100.2928451,
            5.3564199
          ],
          [
            100.2928493,
            5.3564199
          ],
          [
            100.292855,
            5.3564201
          ],
          [
            100.2928594,
            5.3564203
          ],
          [
            100.2928636,
            5.3564204
          ],
          [
            100.292868,
            5.3564208
          ],
          [
            100.2928722,
            5.3564212
          ],
          [
            100.2928752,
            5.3564216
          ],
          [
            100.2928788,
            5.3564222
          ],
          [
            100.2928816,
            5.3564227
          ],
          [
            100.2928857,
            5.3564233
          ],
          [
            100.2928892,
            5.3564238
          ],
          [
            100.2928929,
            5.3564243
          ],
          [
            100.2928961,
            5.3564248
          ],
          [
            100.2929006,
            5.3564257
          ],
          [
            100.2929045,
            5.3564264
          ],
          [
            100.2929079,
            5.356427
          ],
          [
            100.2929109,
            5.3564277
          ],
          [
            100.2929152,
            5.3564285
          ],
          [
            100.2929183,
            5.3564291
          ],
          [
            100.2929216,
            5.3564296
          ],
          [
            100.2929328,
            5.3564314
          ],
          [
            100.2929357,
            5.3564317
          ],
          [
            100.2929372,
            5.3564319
          ],
          [
            100.2929397,
            5.3564323
          ],
          [
            100.2929471,
            5.3564332
          ],
          [
            100.292948,
            5.3564334
          ],
          [
            100.2929495,
            5.3564336
          ],
          [
            100.2929515,
            5.356434
          ],
          [
            100.2929537,
            5.3564345
          ],
          [
            100.2929566,
            5.3564352
          ],
          [
            100.292959,
            5.3564358
          ],
          [
            100.2929622,
            5.3564367
          ],
          [
            100.2929651,
            5.3564375
          ],
          [
            100.292967,
            5.3564381
          ],
          [
            100.2929686,
            5.3564386
          ],
          [
            100.2929716,
            5.3564391
          ],
          [
            100.292974,
            5.3564395
          ],
          [
            100.2929768,
            5.3564399
          ],
          [
            100.2929793,
            5.3564402
          ],
          [
            100.2929845,
            5.3564404
          ],
          [
            100.2929885,
            5.3564406
          ],
          [
            100.2929933,
            5.3564408
          ],
          [
            100.2929978,
            5.356441
          ],
          [
            100.2930017,
            5.3564411
          ],
          [
            100.293005,
            5.3564411
          ],
          [
            100.2930085,
            5.3564411
          ],
          [
            100.2930113,
            5.3564411
          ],
          [
            100.2930148,
            5.3564411
          ],
          [
            100.2930173,
            5.3564411
          ],
          [
            100.2930205,
            5.3564411
          ],
          [
            100.2930231,
            5.356441
          ],
          [
            100.2930256,
            5.356441
          ],
          [
            100.2930288,
            5.356441
          ],
          [
            100.2930317,
            5.356441
          ],
          [
            100.2930354,
            5.356441
          ],
          [
            100.2930386,
            5.3564411
          ],
          [
            100.2930418,
            5.3564413
          ],
          [
            100.2930452,
            5.3564414
          ],
          [
            100.2930484,
            5.3564415
          ],
          [
            100.2930517,
            5.3564417
          ],
          [
            100.2930543,
            5.3564418
          ],
          [
            100.2930576,
            5.3564421
          ],
          [
            100.2930603,
            5.3564423
          ],
          [
            100.2930635,
            5.3564427
          ],
          [
            100.2930664,
            5.3564431
          ],
          [
            100.2930694,
            5.3564436
          ],
          [
            100.2930725,
            5.3564442
          ],
          [
            100.2930753,
            5.3564447
          ],
          [
            100.2930775,
            5.3564451
          ],
          [
            100.2930805,
            5.3564456
          ],
          [
            100.2930828,
            5.356446
          ],
          [
            100.293086,
            5.3564466
          ],
          [
            100.2930884,
            5.3564469
          ],
          [
            100.2930924,
            5.3564475
          ],
          [
            100.2930952,
            5.356448
          ],
          [
            100.2930981,
            5.3564485
          ],
          [
            100.2931001,
            5.3564489
          ],
          [
            100.2931025,
            5.3564495
          ],
          [
            100.2931049,
            5.35645
          ],
          [
            100.2931073,
            5.3564506
          ],
          [
            100.2931088,
            5.3564509
          ],
          [
            100.29311,
            5.3564511
          ],
          [
            100.2931113,
            5.3564514
          ],
          [
            100.2931156,
            5.3564528
          ],
          [
            100.2931161,
            5.356453
          ],
          [
            100.2931178,
            5.3564538
          ],
          [
            100.2931184,
            5.3564541
          ],
          [
            100.2931187,
            5.3564542
          ],
          [
            100.2931189,
            5.3564543
          ],
          [
            100.2931189,
            5.3564544
          ],
          [
            100.2931189,
            5.3564544
          ],
          [
            100.2931189,
            5.3564544
          ],
          [
            100.2931188,
            5.3564544
          ],
          [
            100.2931187,
            5.3564544
          ],
          [
            100.2931186,
            5.3564543
          ],
          [
            100.2931185,
            5.3564543
          ],
          [
            100.2931183,
            5.3564542
          ],
          [
            100.2931182,
            5.3564541
          ],
          [
            100.2931181,
            5.356454
          ],
          [
            100.2931179,
            5.3564539
          ],
          [
            100.2931178,
            5.3564538
          ],
          [
            100.2931177,
            5.3564537
          ],
          [
            100.2931176,
            5.3564536
          ],
          [
            100.2931175,
            5.3564535
          ],
          [
            100.2931174,
            5.3564534
          ],
          [
            100.2931173,
            5.3564532
          ],
          [
            100.2931173,
            5.3564524
          ],
          [
            100.2931177,
            5.3564514
          ],
          [
            100.2931188,
            5.3564501
          ],
          [
            100.2931204,
            5.3564487
          ],
          [
            100.2931223,
            5.3564474
          ],
          [
            100.2931239,
            5.3564463
          ],
          [
            100.2931272,
            5.3564449
          ],
          [
            100.2931298,
            5.3564438
          ],
          [
            100.2931332,
            5.3564426
          ],
          [
            100.2931369,
            5.3564413
          ],
          [
            100.2931395,
            5.3564404
          ],
          [
            100.2931429,
            5.3564394
          ],
          [
            100.2931462,
            5.3564384
          ],
          [
            100.2931485,
            5.3564378
          ],
          [
            100.2931521,
            5.3564366
          ],
          [
            100.2931554,
            5.3564356
          ],
          [
            100.2931576,
            5.3564346
          ],
          [
            100.2931593,
            5.3564338
          ],
          [
            100.2931602,
            5.3564333
          ],
          [
            100.2931609,
            5.3564331
          ],
          [
            100.2931614,
            5.3564329
          ],
          [
            100.2931614,
            5.3564328
          ],
          [
            100.2931613,
            5.3564327
          ],
          [
            100.2931615,
            5.3564326
          ],
          [
            100.2931618,
            5.3564326
          ],
          [
            100.2931629,
            5.3564328
          ],
          [
            100.2931637,
            5.356433
          ],
          [
            100.2931657,
            5.3564333
          ],
          [
            100.293167,
            5.3564335
          ],
          [
            100.2931694,
            5.3564337
          ],
          [
            100.293171,
            5.3564337
          ],
          [
            100.2931735,
            5.3564335
          ],
          [
            100.2931755,
            5.3564332
          ],
          [
            100.293178,
            5.3564329
          ],
          [
            100.2931796,
            5.3564326
          ],
          [
            100.2931811,
            5.3564322
          ],
          [
            100.2931827,
            5.3564319
          ],
          [
            100.2931844,
            5.3564315
          ],
          [
            100.293186,
            5.3564311
          ],
          [
            100.2931879,
            5.3564305
          ],
          [
            100.2931899,
            5.3564298
          ],
          [
            100.2931916,
            5.3564293
          ],
          [
            100.293193,
            5.3564289
          ],
          [
            100.2931944,
            5.3564286
          ],
          [
            100.2931956,
            5.3564284
          ],
          [
            100.2931968,
            5.3564283
          ],
          [
            100.293198,
            5.3564282
          ],
          [
            100.293199,
            5.3564281
          ],
          [
            100.2932006,
            5.356428
          ],
          [
            100.2932019,
            5.3564279
          ],
          [
            100.2932035,
            5.3564278
          ],
          [
            100.2932054,
            5.3564276
          ],
          [
            100.2932071,
            5.3564273
          ],
          [
            100.2932106,
            5.3564267
          ],
          [
            100.2932138,
            5.356426
          ],
          [
            100.2932173,
            5.3564252
          ],
          [
            100.2932219,
            5.3564241
          ],
          [
            100.2932254,
            5.3564232
          ],
          [
            100.2932293,
            5.3564223
          ],
          [
            100.2932337,
            5.3564212
          ],
          [
            100.2932377,
            5.3564203
          ],
          [
            100.2932421,
            5.3564193
          ],
          [
            100.2932463,
            5.3564184
          ],
          [
            100.2932497,
            5.3564177
          ],
          [
            100.2932535,
            5.3564164
          ],
          [
            100.2932565,
            5.3564146
          ],
          [
            100.2932591,
            5.3564127
          ],
          [
            100.2932616,
            5.3564106
          ],
          [
            100.2932637,
            5.3564089
          ],
          [
            100.2932657,
            5.3564071
          ],
          [
            100.2932673,
            5.3564057
          ],
          [
            100.2932693,
            5.3564039
          ],
          [
            100.2932708,
            5.3564025
          ],
          [
            100.2932724,
            5.3564008
          ],
          [
            100.2932742,
            5.3563993
          ],
          [
            100.2932757,
            5.3563979
          ],
          [
            100.2932779,
            5.3563964
          ],
          [
            100.2932796,
            5.3563953
          ],
          [
            100.2932812,
            5.3563943
          ],
          [
            100.2932825,
            5.3563937
          ],
          [
            100.2932856,
            5.3563935
          ],
          [
            100.2932888,
            5.3563934
          ],
          [
            100.293292,
            5.3563932
          ],
          [
            100.2932948,
            5.3563931
          ],
          [
            100.2932978,
            5.3563929
          ],
          [
            100.2933005,
            5.3563927
          ],
          [
            100.2933032,
            5.3563925
          ],
          [
            100.2933061,
            5.3563924
          ],
          [
            100.2933085,
            5.3563922
          ],
          [
            100.2933114,
            5.3563921
          ],
          [
            100.2933144,
            5.3563919
          ],
          [
            100.2933171,
            5.3563919
          ],
          [
            100.2933193,
            5.3563919
          ],
          [
            100.2933216,
            5.356392
          ],
          [
            100.2933237,
            5.3563923
          ],
          [
            100.2933396,
            5.3563945
          ],
          [
            100.2933409,
            5.356395
          ],
          [
            100.2933409,
            5.3563954
          ],
          [
            100.2933408,
            5.3563958
          ],
          [
            100.2933403,
            5.3563961
          ],
          [
            100.2933398,
            5.3563964
          ],
          [
            100.2933391,
            5.3563967
          ],
          [
            100.2933385,
            5.356397
          ],
          [
            100.2933378,
            5.3563973
          ],
          [
            100.2933372,
            5.3563976
          ],
          [
            100.2933366,
            5.3563979
          ],
          [
            100.2933361,
            5.3563982
          ],
          [
            100.2933355,
            5.3563985
          ],
          [
            100.293335,
            5.3563988
          ],
          [
            100.2933345,
            5.3563991
          ],
          [
            100.293334,
            5.3563994
          ],
          [
            100.2933334,
            5.3563996
          ],
          [
            100.2933329,
            5.3563999
          ],
          [
            100.2933324,
            5.3564001
          ],
          [
            100.2933319,
            5.3564003
          ],
          [
            100.2933313,
            5.3564005
          ],
          [
            100.2933308,
            5.3564007
          ],
          [
            100.2933303,
            5.3564009
          ],
          [
            100.2933298,
            5.3564011
          ],
          [
            100.2933293,
            5.3564013
          ],
          [
            100.2933288,
            5.3564014
          ],
          [
            100.2933282,
            5.3564016
          ],
          [
            100.2933277,
            5.3564017
          ],
          [
            100.2933272,
            5.3564018
          ],
          [
            100.2933267,
            5.3564019
          ],
          [
            100.2933262,
            5.356402
          ],
          [
            100.2933256,
            5.3564021
          ],
          [
            100.2933251,
            5.3564022
          ],
          [
            100.2933246,
            5.3564023
          ],
          [
            100.2933241,
            5.3564024
          ],
          [
            100.2933217,
            5.3564025
          ],
          [
            100.2933184,
            5.3564025
          ],
          [
            100.2933152,
            5.3564025
          ],
          [
            100.2933108,
            5.3564026
          ],
          [
            100.2933063,
            5.3564026
          ],
          [
            100.293302,
            5.3564027
          ],
          [
            100.2932854,
            5.3564035
          ],
          [
            100.2932799,
            5.3564039
          ],
          [
            100.2932771,
            5.356404
          ],
          [
            100.2932753,
            5.356404
          ],
          [
            100.2932741,
            5.3564039
          ],
          [
            100.2932732,
            5.3564037
          ],
          [
            100.2932725,
            5.3564034
          ],
          [
            100.2932719,
            5.3564031
          ],
          [
            100.2932714,
            5.3564028
          ],
          [
            100.293271,
            5.3564025
          ],
          [
            100.2932705,
            5.3564018
          ],
          [
            100.29327,
            5.3564012
          ],
          [
            100.2932694,
            5.3564004
          ],
          [
            100.2932684,
            5.3563994
          ],
          [
            100.2932677,
            5.3563986
          ],
          [
            100.2932667,
            5.3563977
          ],
          [
            100.2932656,
            5.3563967
          ],
          [
            100.2932647,
            5.3563958
          ],
          [
            100.2932635,
            5.3563949
          ],
          [
            100.2932623,
            5.356394
          ],
          [
            100.2932612,
            5.3563932
          ],
          [
            100.2932597,
            5.3563924
          ],
          [
            100.2932585,
            5.3563916
          ],
          [
            100.2932573,
            5.3563909
          ],
          [
            100.293256,
            5.3563901
          ],
          [
            100.2932548,
            5.3563893
          ],
          [
            100.2932544,
            5.3563882
          ],
          [
            100.2932583,
            5.3563869
          ],
          [
            100.2932628,
            5.3563856
          ],
          [
            100.2932676,
            5.3563841
          ],
          [
            100.2932727,
            5.3563827
          ],
          [
            100.2932779,
            5.3563812
          ],
          [
            100.2932832,
            5.3563797
          ],
          [
            100.2932883,
            5.3563782
          ],
          [
            100.2932939,
            5.3563765
          ],
          [
            100.2933002,
            5.3563746
          ],
          [
            100.2933062,
            5.3563728
          ],
          [
            100.2933135,
            5.3563703
          ],
          [
            100.2933205,
            5.3563678
          ],
          [
            100.2933276,
            5.3563652
          ],
          [
            100.2933364,
            5.3563613
          ],
          [
            100.293344,
            5.3563578
          ],
          [
            100.2933511,
            5.3563543
          ],
          [
            100.2933583,
            5.3563502
          ],
          [
            100.2933648,
            5.3563464
          ],
          [
            100.2933705,
            5.3563429
          ],
          [
            100.2933771,
            5.3563405
          ],
          [
            100.2933838,
            5.3563383
          ],
          [
            100.2933905,
            5.3563358
          ],
          [
            100.2933971,
            5.3563331
          ],
          [
            100.2934026,
            5.3563305
          ],
          [
            100.2934082,
            5.3563271
          ],
          [
            100.2934133,
            5.3563236
          ],
          [
            100.2934172,
            5.3563207
          ],
          [
            100.2934215,
            5.3563164
          ],
          [
            100.2934249,
            5.3563123
          ],
          [
            100.2934278,
            5.3563086
          ],
          [
            100.2934313,
            5.3563036
          ],
          [
            100.2934338,
            5.3562996
          ],
          [
            100.2934363,
            5.3562952
          ],
          [
            100.2934387,
            5.3562902
          ],
          [
            100.2934406,
            5.3562861
          ],
          [
            100.2934427,
            5.3562819
          ],
          [
            100.2934446,
            5.3562776
          ],
          [
            100.2934459,
            5.3562743
          ],
          [
            100.2934476,
            5.3562706
          ],
          [
            100.2934494,
            5.3562669
          ],
          [
            100.2934507,
            5.3562636
          ],
          [
            100.2934525,
            5.3562595
          ],
          [
            100.2934542,
            5.3562556
          ],
          [
            100.2934553,
            5.3562527
          ],
          [
            100.2934572,
            5.3562483
          ],
          [
            100.2934584,
            5.3562447
          ],
          [
            100.2934594,
            5.3562416
          ],
          [
            100.2934608,
            5.3562372
          ],
          [
            100.2934619,
            5.3562339
          ],
          [
            100.293463,
            5.3562305
          ],
          [
            100.2934643,
            5.3562268
          ],
          [
            100.2934655,
            5.3562235
          ],
          [
            100.2934667,
            5.3562199
          ],
          [
            100.2934677,
            5.3562166
          ],
          [
            100.2934689,
            5.3562125
          ],
          [
            100.2934701,
            5.3562086
          ],
          [
            100.2934695,
            5.3562058
          ],
          [
            100.29347,
            5.3562022
          ],
          [
            100.2934703,
            5.3561995
          ],
          [
            100.2934707,
            5.3561968
          ],
          [
            100.2934714,
            5.3561935
          ],
          [
            100.2934727,
            5.3561888
          ],
          [
            100.2934735,
            5.3561852
          ],
          [
            100.2934737,
            5.3561809
          ],
          [
            100.2934735,
            5.3561775
          ],
          [
            100.2934728,
            5.356175
          ],
          [
            100.2934714,
            5.3561689
          ],
          [
            100.2934714,
            5.3561678
          ],
          [
            100.2934716,
            5.3561677
          ],
          [
            100.2934718,
            5.3561677
          ],
          [
            100.293472,
            5.3561679
          ],
          [
            100.2934721,
            5.3561681
          ],
          [
            100.2934722,
            5.3561684
          ],
          [
            100.2934724,
            5.3561687
          ],
          [
            100.2934725,
            5.356169
          ],
          [
            100.2934726,
            5.3561693
          ],
          [
            100.2934727,
            5.3561696
          ],
          [
            100.2934728,
            5.3561699
          ],
          [
            100.2934729,
            5.3561701
          ],
          [
            100.293473,
            5.3561704
          ],
          [
            100.2934731,
            5.3561707
          ],
          [
            100.2934732,
            5.3561709
          ],
          [
            100.2934733,
            5.3561711
          ],
          [
            100.2934734,
            5.3561714
          ],
          [
            100.2934734,
            5.3561716
          ],
          [
            100.2934735,
            5.3561718
          ],
          [
            100.2934736,
            5.356172
          ],
          [
            100.2934737,
            5.3561722
          ],
          [
            100.2934738,
            5.3561724
          ],
          [
            100.2934738,
            5.3561726
          ],
          [
            100.2934739,
            5.3561728
          ],
          [
            100.293474,
            5.356173
          ],
          [
            100.2934741,
            5.3561732
          ],
          [
            100.2934742,
            5.3561734
          ],
          [
            100.2934743,
            5.3561736
          ],
          [
            100.2934743,
            5.3561737
          ],
          [
            100.2934744,
            5.3561739
          ],
          [
            100.2934745,
            5.3561741
          ],
          [
            100.2934746,
            5.3561743
          ],
          [
            100.2934747,
            5.3561744
          ],
          [
            100.2934747,
            5.3561746
          ],
          [
            100.2934748,
            5.3561748
          ],
          [
            100.2934749,
            5.3561749
          ],
          [
            100.2934749,
            5.3561751
          ],
          [
            100.293475,
            5.3561752
          ],
          [
            100.2934751,
            5.3561754
          ],
          [
            100.2934751,
            5.3561756
          ],
          [
            100.2934752,
            5.3561757
          ],
          [
            100.2934753,
            5.3561758
          ],
          [
            100.2934753,
            5.356176
          ],
          [
            100.2934754,
            5.3561761
          ],
          [
            100.2934754,
            5.3561763
          ],
          [
            100.2934755,
            5.3561764
          ],
          [
            100.2934755,
            5.3561765
          ],
          [
            100.2934756,
            5.3561767
          ],
          [
            100.2934757,
            5.3561768
          ],
          [
            100.2934757,
            5.3561769
          ],
          [
            100.2934758,
            5.3561771
          ],
          [
            100.2934758,
            5.3561772
          ],
          [
            100.2934759,
            5.3561773
          ],
          [
            100.2934759,
            5.3561774
          ],
          [
            100.293476,
            5.3561776
          ],
          [
            100.293476,
            5.3561777
          ],
          [
            100.2934761,
            5.3561778
          ],
          [
            100.2934761,
            5.3561779
          ],
          [
            100.2934762,
            5.356178
          ],
          [
            100.2934762,
            5.3561782
          ],
          [
            100.2934763,
            5.3561783
          ],
          [
            100.2934763,
            5.3561784
          ],
          [
            100.2934764,
            5.3561786
          ],
          [
            100.2934764,
            5.3561787
          ],
          [
            100.2934765,
            5.3561789
          ],
          [
            100.2934765,
            5.356179
          ],
          [
            100.2934766,
            5.3561791
          ],
          [
            100.2934766,
            5.3561793
          ],
          [
            100.2934767,
            5.3561794
          ],
          [
            100.2934767,
            5.3561796
          ],
          [
            100.2934768,
            5.3561797
          ],
          [
            100.2934768,
            5.3561799
          ],
          [
            100.2934769,
            5.35618
          ],
          [
            100.2934769,
            5.3561801
          ],
          [
            100.293477,
            5.3561803
          ],
          [
            100.293477,
            5.3561804
          ],
          [
            100.2934771,
            5.3561806
          ],
          [
            100.2934771,
            5.3561807
          ],
          [
            100.2934772,
            5.3561809
          ],
          [
            100.2934772,
            5.356181
          ],
          [
            100.2934772,
            5.3561812
          ],
          [
            100.2934773,
            5.3561813
          ],
          [
            100.2934773,
            5.3561815
          ],
          [
            100.2934774,
            5.3561816
          ],
          [
            100.2934774,
            5.3561818
          ],
          [
            100.2934775,
            5.3561819
          ],
          [
            100.2934775,
            5.3561821
          ],
          [
            100.2934775,
            5.3561822
          ],
          [
            100.2934776,
            5.3561824
          ],
          [
            100.2934775,
            5.3561839
          ],
          [
            100.2934775,
            5.3561864
          ],
          [
            100.2934773,
            5.3561888
          ],
          [
            100.2934771,
            5.3561909
          ],
          [
            100.2934769,
            5.3561926
          ],
          [
            100.2934768,
            5.3561937
          ],
          [
            100.2934766,
            5.3561943
          ],
          [
            100.2934764,
            5.356195
          ],
          [
            100.2934759,
            5.3561955
          ],
          [
            100.2934753,
            5.356196
          ],
          [
            100.2934749,
            5.3561963
          ],
          [
            100.2934745,
            5.3561964
          ],
          [
            100.2934741,
            5.3561964
          ],
          [
            100.2934737,
            5.3561964
          ],
          [
            100.2934742,
            5.3561972
          ],
          [
            100.2934746,
            5.3561979
          ],
          [
            100.2934749,
            5.3561982
          ],
          [
            100.2934752,
            5.3561985
          ],
          [
            100.2934755,
            5.3561987
          ],
          [
            100.2934757,
            5.3561987
          ],
          [
            100.293476,
            5.3561987
          ],
          [
            100.2934762,
            5.3561986
          ],
          [
            100.2934766,
            5.3561985
          ],
          [
            100.2934769,
            5.3561984
          ],
          [
            100.2934775,
            5.3561981
          ],
          [
            100.2934783,
            5.3561975
          ],
          [
            100.2934792,
            5.3561968
          ],
          [
            100.2934804,
            5.3561958
          ],
          [
            100.2934816,
            5.3561947
          ],
          [
            100.2934827,
            5.3561935
          ],
          [
            100.2934843,
            5.3561934
          ],
          [
            100.2934865,
            5.3561927
          ],
          [
            100.2934883,
            5.3561919
          ],
          [
            100.2934903,
            5.3561911
          ],
          [
            100.2934925,
            5.3561896
          ],
          [
            100.2934946,
            5.3561881
          ],
          [
            100.2934966,
            5.3561864
          ],
          [
            100.293498,
            5.3561848
          ],
          [
            100.2934999,
            5.3561825
          ],
          [
            100.2935012,
            5.35618
          ],
          [
            100.2935024,
            5.3561775
          ],
          [
            100.2935036,
            5.3561738
          ],
          [
            100.2935047,
            5.3561704
          ],
          [
            100.2935058,
            5.3561668
          ],
          [
            100.2935068,
            5.3561632
          ],
          [
            100.293508,
            5.356159
          ],
          [
            100.2935091,
            5.3561553
          ],
          [
            100.2935102,
            5.3561516
          ],
          [
            100.2935112,
            5.3561484
          ],
          [
            100.2935126,
            5.3561442
          ],
          [
            100.2935139,
            5.3561401
          ],
          [
            100.2935153,
            5.3561361
          ],
          [
            100.2935164,
            5.3561325
          ],
          [
            100.2935179,
            5.3561282
          ],
          [
            100.2935192,
            5.3561243
          ],
          [
            100.2935208,
            5.35612
          ],
          [
            100.2935224,
            5.3561159
          ],
          [
            100.2935241,
            5.3561117
          ],
          [
            100.2935261,
            5.3561074
          ],
          [
            100.2935277,
            5.3561038
          ],
          [
            100.2935297,
            5.3560995
          ],
          [
            100.2935316,
            5.3560958
          ],
          [
            100.2935334,
            5.3560923
          ],
          [
            100.2935355,
            5.3560882
          ],
          [
            100.2935374,
            5.3560847
          ],
          [
            100.2935392,
            5.3560812
          ],
          [
            100.2935418,
            5.3560766
          ],
          [
            100.293544,
            5.3560728
          ],
          [
            100.2935458,
            5.3560698
          ],
          [
            100.2935481,
            5.3560667
          ],
          [
            100.2935499,
            5.3560643
          ],
          [
            100.2935516,
            5.3560621
          ],
          [
            100.2935536,
            5.3560597
          ],
          [
            100.2935555,
            5.3560575
          ],
          [
            100.2935573,
            5.3560555
          ],
          [
            100.2935589,
            5.3560537
          ],
          [
            100.2935611,
            5.3560516
          ],
          [
            100.2935632,
            5.3560496
          ],
          [
            100.2935651,
            5.356048
          ],
          [
            100.2935668,
            5.3560465
          ],
          [
            100.2935695,
            5.3560447
          ],
          [
            100.2935719,
            5.3560431
          ],
          [
            100.2935743,
            5.3560415
          ],
          [
            100.2935768,
            5.35604
          ],
          [
            100.2935792,
            5.3560385
          ],
          [
            100.2935818,
            5.356037
          ],
          [
            100.2935838,
            5.3560359
          ],
          [
            100.2935867,
            5.3560344
          ],
          [
            100.2935891,
            5.3560332
          ],
          [
            100.2935918,
            5.356032
          ],
          [
            100.2935941,
            5.356031
          ],
          [
            100.2935969,
            5.3560299
          ],
          [
            100.2935993,
            5.3560292
          ],
          [
            100.2936017,
            5.3560285
          ],
          [
            100.2936054,
            5.3560281
          ],
          [
            100.2936236,
            5.3560266
          ],
          [
            100.2936276,
            5.3560264
          ],
          [
            100.2936296,
            5.3560263
          ],
          [
            100.2936308,
            5.3560263
          ],
          [
            100.2936316,
            5.3560263
          ],
          [
            100.2936323,
            5.3560264
          ],
          [
            100.2936328,
            5.3560264
          ],
          [
            100.2936332,
            5.3560265
          ],
          [
            100.2936336,
            5.3560266
          ],
          [
            100.2936339,
            5.3560266
          ],
          [
            100.2936342,
            5.3560267
          ],
          [
            100.2936344,
            5.3560268
          ],
          [
            100.2936346,
            5.3560269
          ],
          [
            100.2936348,
            5.3560269
          ],
          [
            100.293635,
            5.356027
          ],
          [
            100.2936352,
            5.356027
          ],
          [
            100.2936353,
            5.3560271
          ],
          [
            100.2936354,
            5.3560272
          ],
          [
            100.2936356,
            5.3560272
          ],
          [
            100.2936357,
            5.3560272
          ],
          [
            100.2936358,
            5.3560273
          ],
          [
            100.2936359,
            5.3560273
          ],
          [
            100.293636,
            5.3560274
          ],
          [
            100.2936361,
            5.3560274
          ],
          [
            100.2936361,
            5.3560275
          ],
          [
            100.2936362,
            5.3560275
          ],
          [
            100.2936363,
            5.3560276
          ],
          [
            100.2936363,
            5.3560276
          ],
          [
            100.2936364,
            5.3560276
          ],
          [
            100.2936364,
            5.3560277
          ],
          [
            100.2936365,
            5.3560277
          ],
          [
            100.2936365,
            5.3560277
          ],
          [
            100.2936366,
            5.3560278
          ],
          [
            100.2936366,
            5.3560278
          ],
          [
            100.2936367,
            5.3560278
          ],
          [
            100.2936367,
            5.3560279
          ],
          [
            100.2936368,
            5.3560279
          ],
          [
            100.2936368,
            5.3560279
          ],
          [
            100.2936368,
            5.356028
          ],
          [
            100.2936369,
            5.356028
          ],
          [
            100.2936369,
            5.356028
          ],
          [
            100.2936369,
            5.3560281
          ],
          [
            100.293637,
            5.3560281
          ],
          [
            100.293637,
            5.3560281
          ],
          [
            100.293637,
            5.3560282
          ],
          [
            100.2936371,
            5.3560282
          ],
          [
            100.2936371,
            5.3560282
          ],
          [
            100.2936371,
            5.3560283
          ],
          [
            100.2936372,
            5.3560283
          ],
          [
            100.2936372,
            5.3560283
          ],
          [
            100.2936372,
            5.3560283
          ],
          [
            100.2936373,
            5.3560284
          ],
          [
            100.2936373,
            5.3560284
          ],
          [
            100.2936373,
            5.3560284
          ],
          [
            100.2936373,
            5.3560285
          ],
          [
            100.2936374,
            5.3560285
          ],
          [
            100.2936374,
            5.3560285
          ],
          [
            100.2936374,
            5.3560285
          ],
          [
            100.2936374,
            5.3560286
          ],
          [
            100.2936375,
            5.3560286
          ],
          [
            100.2936375,
            5.3560286
          ],
          [
            100.2936375,
            5.3560286
          ],
          [
            100.2936376,
            5.3560287
          ],
          [
            100.2936376,
            5.3560287
          ],
          [
            100.2936376,
            5.3560287
          ],
          [
            100.2936376,
            5.3560288
          ],
          [
            100.2936377,
            5.3560288
          ],
          [
            100.2936377,
            5.3560288
          ],
          [
            100.2936377,
            5.3560289
          ],
          [
            100.2936377,
            5.3560289
          ],
          [
            100.2936378,
            5.3560289
          ],
          [
            100.2936378,
            5.3560289
          ],
          [
            100.2936378,
            5.356029
          ],
          [
            100.2936379,
            5.356029
          ],
          [
            100.2936379,
            5.356029
          ],
          [
            100.2936379,
            5.3560291
          ],
          [
            100.2936379,
            5.3560291
          ],
          [
            100.293638,
            5.3560291
          ],
          [
            100.293638,
            5.3560292
          ],
          [
            100.293638,
            5.3560292
          ],
          [
            100.293638,
            5.3560292
          ],
          [
            100.2936381,
            5.3560293
          ],
          [
            100.2936381,
            5.3560293
          ],
          [
            100.2936381,
            5.3560293
          ],
          [
            100.2936381,
            5.3560293
          ],
          [
            100.2936382,
            5.3560294
          ],
          [
            100.2936382,
            5.3560294
          ],
          [
            100.2936382,
            5.3560294
          ],
          [
            100.2936382,
            5.3560295
          ],
          [
            100.2936383,
            5.3560295
          ],
          [
            100.2936383,
            5.3560295
          ],
          [
            100.2936383,
            5.3560296
          ],
          [
            100.2936383,
            5.3560296
          ],
          [
            100.2936383,
            5.3560296
          ],
          [
            100.2936384,
            5.3560297
          ],
          [
            100.2936384,
            5.3560297
          ],
          [
            100.2936384,
            5.3560297
          ],
          [
            100.2936384,
            5.3560297
          ],
          [
            100.2936384,
            5.3560298
          ],
          [
            100.2936385,
            5.3560298
          ],
          [
            100.2936385,
            5.3560298
          ],
          [
            100.2936385,
            5.3560299
          ],
          [
            100.2936385,
            5.3560299
          ],
          [
            100.2936385,
            5.3560299
          ],
          [
            100.2936386,
            5.35603
          ],
          [
            100.2936386,
            5.35603
          ],
          [
            100.2936386,
            5.35603
          ],
          [
            100.2936386,
            5.3560301
          ],
          [
            100.2936386,
            5.3560301
          ],
          [
            100.2936386,
            5.3560301
          ],
          [
            100.2936386,
            5.3560302
          ],
          [
            100.2936387,
            5.3560302
          ],
          [
            100.2936387,
            5.3560302
          ],
          [
            100.2936387,
            5.3560303
          ],
          [
            100.2936387,
            5.3560303
          ],
          [
            100.2936387,
            5.3560303
          ],
          [
            100.2936387,
            5.3560304
          ],
          [
            100.2936387,
            5.3560304
          ],
          [
            100.2936387,
            5.3560304
          ],
          [
            100.2936387,
            5.3560305
          ],
          [
            100.2936388,
            5.3560305
          ],
          [
            100.2936388,
            5.3560306
          ],
          [
            100.2936388,
            5.3560306
          ],
          [
            100.2936388,
            5.3560306
          ],
          [
            100.2936388,
            5.3560307
          ],
          [
            100.2936388,
            5.3560307
          ],
          [
            100.2936388,
            5.3560308
          ],
          [
            100.2936388,
            5.3560308
          ],
          [
            100.2936388,
            5.3560309
          ],
          [
            100.2936388,
            5.3560309
          ],
          [
            100.2936388,
            5.3560309
          ],
          [
            100.2936388,
            5.356031
          ],
          [
            100.2936388,
            5.356031
          ],
          [
            100.2936388,
            5.3560311
          ],
          [
            100.2936388,
            5.3560311
          ],
          [
            100.2936388,
            5.3560312
          ],
          [
            100.2936388,
            5.3560312
          ],
          [
            100.2936388,
            5.3560312
          ],
          [
            100.2936388,
            5.3560313
          ],
          [
            100.2936388,
            5.3560313
          ],
          [
            100.2936388,
            5.3560314
          ],
          [
            100.2936388,
            5.3560314
          ],
          [
            100.2936388,
            5.3560315
          ],
          [
            100.2936388,
            5.3560315
          ],
          [
            100.2936388,
            5.3560315
          ],
          [
            100.2936388,
            5.3560316
          ],
          [
            100.2936388,
            5.3560316
          ],
          [
            100.2936388,
            5.3560317
          ],
          [
            100.2936388,
            5.3560317
          ],
          [
            100.2936388,
            5.3560317
          ],
          [
            100.2936388,
            5.3560318
          ],
          [
            100.2936388,
            5.3560318
          ],
          [
            100.2936388,
            5.3560319
          ],
          [
            100.2936388,
            5.3560319
          ],
          [
            100.2936388,
            5.356032
          ],
          [
            100.2936388,
            5.356032
          ],
          [
            100.2936388,
            5.356032
          ],
          [
            100.2936388,
            5.3560321
          ],
          [
            100.2936388,
            5.3560321
          ],
          [
            100.2936387,
            5.3560321
          ],
          [
            100.2936387,
            5.3560322
          ],
          [
            100.2936387,
            5.3560322
          ],
          [
            100.2936387,
            5.3560323
          ],
          [
            100.2936387,
            5.3560323
          ],
          [
            100.2936387,
            5.3560323
          ],
          [
            100.2936387,
            5.3560324
          ],
          [
            100.2936387,
            5.3560324
          ],
          [
            100.2936387,
            5.3560324
          ],
          [
            100.2936387,
            5.3560325
          ],
          [
            100.2936387,
            5.3560325
          ],
          [
            100.2936387,
            5.3560325
          ],
          [
            100.2936387,
            5.3560326
          ],
          [
            100.2936387,
            5.3560326
          ],
          [
            100.2936387,
            5.3560326
          ],
          [
            100.2936387,
            5.3560327
          ],
          [
            100.2936387,
            5.3560327
          ],
          [
            100.2936386,
            5.3560327
          ],
          [
            100.2936386,
            5.3560328
          ],
          [
            100.2936386,
            5.3560328
          ],
          [
            100.2936386,
            5.3560328
          ],
          [
            100.2936386,
            5.3560329
          ],
          [
            100.2936386,
            5.3560329
          ],
          [
            100.2936386,
            5.3560329
          ],
          [
            100.2936386,
            5.356033
          ],
          [
            100.2936386,
            5.356033
          ],
          [
            100.2936386,
            5.3560331
          ],
          [
            100.2936386,
            5.3560331
          ],
          [
            100.2936386,
            5.3560331
          ],
          [
            100.2936386,
            5.3560332
          ],
          [
            100.2936386,
            5.3560332
          ],
          [
            100.2936386,
            5.3560332
          ],
          [
            100.2936386,
            5.3560333
          ],
          [
            100.2936386,
            5.3560333
          ],
          [
            100.2936386,
            5.3560334
          ],
          [
            100.2936386,
            5.3560334
          ],
          [
            100.2936386,
            5.3560334
          ],
          [
            100.2936386,
            5.3560335
          ],
          [
            100.2936386,
            5.3560335
          ],
          [
            100.2936386,
            5.3560336
          ],
          [
            100.2936386,
            5.3560336
          ],
          [
            100.2936386,
            5.3560337
          ],
          [
            100.2936386,
            5.3560337
          ],
          [
            100.2936386,
            5.3560338
          ],
          [
            100.2936386,
            5.3560338
          ],
          [
            100.2936386,
            5.3560339
          ],
          [
            100.2936386,
            5.3560339
          ],
          [
            100.2936386,
            5.356034
          ],
          [
            100.2936387,
            5.356034
          ],
          [
            100.2936387,
            5.3560341
          ],
          [
            100.2936387,
            5.3560341
          ],
          [
            100.2936387,
            5.3560342
          ],
          [
            100.2936387,
            5.3560342
          ],
          [
            100.2936387,
            5.3560343
          ],
          [
            100.2936387,
            5.3560343
          ],
          [
            100.2936387,
            5.3560344
          ],
          [
            100.2936387,
            5.3560344
          ],
          [
            100.2936387,
            5.3560345
          ],
          [
            100.2936387,
            5.3560345
          ],
          [
            100.2936388,
            5.3560346
          ],
          [
            100.2936388,
            5.3560347
          ],
          [
            100.2936388,
            5.3560347
          ],
          [
            100.2936388,
            5.3560348
          ],
          [
            100.2936388,
            5.3560348
          ],
          [
            100.2936388,
            5.3560349
          ],
          [
            100.2936388,
            5.356035
          ],
          [
            100.2936389,
            5.356035
          ],
          [
            100.2936389,
            5.3560351
          ],
          [
            100.2936389,
            5.3560351
          ],
          [
            100.2936389,
            5.3560352
          ],
          [
            100.2936389,
            5.3560353
          ],
          [
            100.2936389,
            5.3560353
          ],
          [
            100.293639,
            5.3560354
          ],
          [
            100.293639,
            5.3560355
          ],
          [
            100.293639,
            5.3560355
          ],
          [
            100.293639,
            5.3560356
          ],
          [
            100.293639,
            5.3560357
          ],
          [
            100.293639,
            5.3560357
          ],
          [
            100.2936391,
            5.3560358
          ],
          [
            100.2936391,
            5.3560359
          ],
          [
            100.2936391,
            5.3560359
          ],
          [
            100.2936391,
            5.356036
          ],
          [
            100.2936392,
            5.3560361
          ],
          [
            100.2936392,
            5.3560361
          ],
          [
            100.2936392,
            5.3560362
          ],
          [
            100.2936392,
            5.3560363
          ],
          [
            100.2936392,
            5.3560363
          ],
          [
            100.2936393,
            5.3560364
          ],
          [
            100.2936393,
            5.3560364
          ],
          [
            100.2936393,
            5.3560365
          ],
          [
            100.2936394,
            5.3560366
          ],
          [
            100.2936394,
            5.3560366
          ],
          [
            100.2936394,
            5.3560367
          ],
          [
            100.2936394,
            5.3560368
          ],
          [
            100.2936395,
            5.3560368
          ],
          [
            100.2936395,
            5.3560369
          ],
          [
            100.2936395,
            5.3560369
          ],
          [
            100.2936395,
            5.356037
          ],
          [
            100.2936396,
            5.3560371
          ],
          [
            100.2936396,
            5.3560371
          ],
          [
            100.2936396,
            5.3560372
          ],
          [
            100.2936397,
            5.3560373
          ],
          [
            100.2936397,
            5.3560373
          ],
          [
            100.2936397,
            5.3560374
          ],
          [
            100.2936398,
            5.3560374
          ],
          [
            100.2936398,
            5.3560375
          ],
          [
            100.2936398,
            5.3560376
          ],
          [
            100.2936398,
            5.3560376
          ],
          [
            100.2936399,
            5.3560377
          ],
          [
            100.2936399,
            5.3560378
          ],
          [
            100.2936399,
            5.3560378
          ],
          [
            100.29364,
            5.3560379
          ],
          [
            100.29364,
            5.356038
          ],
          [
            100.29364,
            5.356038
          ],
          [
            100.2936401,
            5.3560381
          ],
          [
            100.2936401,
            5.3560381
          ],
          [
            100.2936401,
            5.3560382
          ],
          [
            100.2936402,
            5.3560383
          ],
          [
            100.2936402,
            5.3560383
          ],
          [
            100.2936402,
            5.3560384
          ],
          [
            100.2936403,
            5.3560385
          ],
          [
            100.2936403,
            5.3560386
          ],
          [
            100.2936403,
            5.3560386
          ],
          [
            100.2936403,
            5.3560387
          ],
          [
            100.2936404,
            5.3560388
          ],
          [
            100.2936404,
            5.3560389
          ],
          [
            100.2936404,
            5.356039
          ],
          [
            100.2936404,
            5.356039
          ],
          [
            100.2936404,
            5.3560391
          ],
          [
            100.2936404,
            5.3560392
          ],
          [
            100.2936404,
            5.3560394
          ],
          [
            100.2936404,
            5.3560395
          ],
          [
            100.2936404,
            5.3560396
          ],
          [
            100.2936404,
            5.3560397
          ],
          [
            100.2936404,
            5.3560399
          ],
          [
            100.2936404,
            5.35604
          ],
          [
            100.2936404,
            5.3560401
          ],
          [
            100.2936404,
            5.3560403
          ],
          [
            100.2936404,
            5.3560405
          ],
          [
            100.2936404,
            5.3560406
          ],
          [
            100.2936403,
            5.3560456
          ],
          [
            100.2936403,
            5.3560544
          ],
          [
            100.2936403,
            5.3560636
          ],
          [
            100.2936407,
            5.3560728
          ],
          [
            100.293641,
            5.3560828
          ],
          [
            100.2936419,
            5.3560928
          ],
          [
            100.2936429,
            5.3561018
          ],
          [
            100.2936441,
            5.3561095
          ],
          [
            100.2936449,
            5.3561151
          ],
          [
            100.2936457,
            5.3561197
          ],
          [
            100.2936466,
            5.3561239
          ],
          [
            100.2936471,
            5.3561267
          ],
          [
            100.2936475,
            5.3561292
          ],
          [
            100.2936478,
            5.3561315
          ],
          [
            100.2936482,
            5.3561334
          ],
          [
            100.2936485,
            5.3561349
          ],
          [
            100.2936487,
            5.3561359
          ],
          [
            100.293649,
            5.3561368
          ],
          [
            100.2936491,
            5.3561376
          ],
          [
            100.2936493,
            5.3561386
          ],
          [
            100.2936493,
            5.3561396
          ],
          [
            100.2936493,
            5.3561405
          ],
          [
            100.2936494,
            5.3561414
          ],
          [
            100.2936495,
            5.3561423
          ],
          [
            100.2936495,
            5.3561429
          ],
          [
            100.2936496,
            5.3561434
          ],
          [
            100.2936497,
            5.3561438
          ],
          [
            100.2936502,
            5.3561451
          ],
          [
            100.2936508,
            5.3561463
          ],
          [
            100.2936515,
            5.3561474
          ],
          [
            100.2936521,
            5.3561482
          ],
          [
            100.2936527,
            5.3561485
          ],
          [
            100.2936532,
            5.3561487
          ],
          [
            100.2936537,
            5.3561487
          ],
          [
            100.293654,
            5.3561487
          ],
          [
            100.2936545,
            5.3561489
          ],
          [
            100.2936548,
            5.3561491
          ],
          [
            100.293655,
            5.3561491
          ],
          [
            100.2936552,
            5.3561489
          ],
          [
            100.2936553,
            5.3561487
          ],
          [
            100.2936553,
            5.3561482
          ],
          [
            100.2936553,
            5.3561479
          ],
          [
            100.2936556,
            5.3561482
          ],
          [
            100.2936559,
            5.3561485
          ],
          [
            100.2936561,
            5.3561486
          ],
          [
            100.2936563,
            5.3561486
          ],
          [
            100.2936564,
            5.3561483
          ],
          [
            100.2936565,
            5.3561479
          ],
          [
            100.2936566,
            5.3561475
          ],
          [
            100.2936567,
            5.3561472
          ],
          [
            100.2936568,
            5.3561467
          ],
          [
            100.293657,
            5.356146
          ],
          [
            100.2936571,
            5.3561454
          ],
          [
            100.2936571,
            5.3561449
          ],
          [
            100.2936572,
            5.3561444
          ],
          [
            100.2936573,
            5.3561438
          ],
          [
            100.2936574,
            5.3561431
          ],
          [
            100.2936574,
            5.3561425
          ],
          [
            100.2936574,
            5.3561421
          ],
          [
            100.2936573,
            5.356142
          ],
          [
            100.2936573,
            5.3561415
          ],
          [
            100.2936574,
            5.3561407
          ],
          [
            100.2936576,
            5.3561397
          ],
          [
            100.2936575,
            5.3561388
          ],
          [
            100.2936574,
            5.3561381
          ],
          [
            100.2936571,
            5.3561376
          ],
          [
            100.2936569,
            5.3561373
          ],
          [
            100.2936566,
            5.3561372
          ],
          [
            100.2936565,
            5.3561372
          ],
          [
            100.2936561,
            5.3561372
          ],
          [
            100.2936557,
            5.3561372
          ],
          [
            100.2936553,
            5.3561372
          ],
          [
            100.293655,
            5.3561373
          ],
          [
            100.2936546,
            5.3561371
          ],
          [
            100.2936544,
            5.3561369
          ],
          [
            100.2936543,
            5.3561366
          ],
          [
            100.2936542,
            5.3561364
          ],
          [
            100.2936541,
            5.3561362
          ],
          [
            100.2936541,
            5.356136
          ],
          [
            100.293654,
            5.3561359
          ],
          [
            100.293654,
            5.3561358
          ],
          [
            100.2936539,
            5.3561357
          ],
          [
            100.293654,
            5.3561355
          ],
          [
            100.2936542,
            5.3561352
          ],
          [
            100.2936545,
            5.356135
          ],
          [
            100.2936549,
            5.3561348
          ],
          [
            100.2936552,
            5.3561347
          ],
          [
            100.2936558,
            5.3561347
          ],
          [
            100.2936564,
            5.3561347
          ],
          [
            100.2936577,
            5.3561349
          ],
          [
            100.2936588,
            5.3561352
          ],
          [
            100.2936608,
            5.3561358
          ],
          [
            100.2936624,
            5.3561362
          ],
          [
            100.2936649,
            5.3561367
          ],
          [
            100.2936673,
            5.3561373
          ],
          [
            100.2936702,
            5.3561379
          ],
          [
            100.2936739,
            5.3561386
          ],
          [
            100.2936766,
            5.3561391
          ],
          [
            100.2936801,
            5.3561397
          ],
          [
            100.2936839,
            5.3561401
          ],
          [
            100.2936873,
            5.3561405
          ],
          [
            100.2936919,
            5.3561407
          ],
          [
            100.2936953,
            5.3561408
          ],
          [
            100.2936994,
            5.3561405
          ],
          [
            100.2937034,
            5.35614
          ],
          [
            100.2937067,
            5.3561396
          ],
          [
            100.2937104,
            5.3561389
          ],
          [
            100.2937136,
            5.3561382
          ],
          [
            100.2937169,
            5.3561389
          ],
          [
            100.2937205,
            5.3561396
          ],
          [
            100.2937241,
            5.3561398
          ],
          [
            100.2937277,
            5.3561397
          ],
          [
            100.2937316,
            5.3561392
          ],
          [
            100.2937361,
            5.3561385
          ],
          [
            100.2937399,
            5.3561378
          ],
          [
            100.2937439,
            5.3561366
          ],
          [
            100.2937476,
            5.3561352
          ],
          [
            100.2937506,
            5.3561338
          ],
          [
            100.2937533,
            5.3561326
          ],
          [
            100.2937563,
            5.3561307
          ],
          [
            100.2937588,
            5.3561292
          ],
          [
            100.2937621,
            5.3561271
          ],
          [
            100.2937646,
            5.3561254
          ],
          [
            100.2937674,
            5.3561234
          ],
          [
            100.2937701,
            5.3561212
          ],
          [
            100.2937728,
            5.3561189
          ],
          [
            100.2937755,
            5.3561163
          ],
          [
            100.2937777,
            5.356114
          ],
          [
            100.2937803,
            5.3561109
          ],
          [
            100.2937825,
            5.3561082
          ],
          [
            100.2937847,
            5.3561052
          ],
          [
            100.2937863,
            5.3561028
          ],
          [
            100.2937879,
            5.3560998
          ],
          [
            100.2937892,
            5.3560974
          ],
          [
            100.2937903,
            5.356095
          ],
          [
            100.2937911,
            5.3560926
          ],
          [
            100.2937917,
            5.3560906
          ],
          [
            100.293792,
            5.3560878
          ],
          [
            100.2937916,
            5.3560846
          ],
          [
            100.2937911,
            5.3560817
          ],
          [
            100.293789,
            5.3560736
          ],
          [
            100.2937884,
            5.3560719
          ],
          [
            100.293788,
            5.3560712
          ],
          [
            100.2937877,
            5.3560708
          ],
          [
            100.2937874,
            5.3560705
          ],
          [
            100.2937872,
            5.3560702
          ],
          [
            100.293787,
            5.35607
          ],
          [
            100.2937868,
            5.3560697
          ],
          [
            100.2937866,
            5.3560695
          ],
          [
            100.2937863,
            5.3560692
          ],
          [
            100.2937861,
            5.356069
          ],
          [
            100.2937859,
            5.3560687
          ],
          [
            100.2937857,
            5.3560685
          ],
          [
            100.2937855,
            5.3560682
          ],
          [
            100.2937853,
            5.356068
          ],
          [
            100.2937851,
            5.3560677
          ],
          [
            100.2937849,
            5.3560674
          ],
          [
            100.2937847,
            5.3560672
          ],
          [
            100.2937845,
            5.3560669
          ],
          [
            100.2937844,
            5.3560667
          ],
          [
            100.2937842,
            5.3560664
          ],
          [
            100.293784,
            5.3560662
          ],
          [
            100.2937839,
            5.3560659
          ],
          [
            100.2937837,
            5.3560657
          ],
          [
            100.2937835,
            5.3560654
          ],
          [
            100.2937834,
            5.3560652
          ],
          [
            100.2937832,
            5.3560649
          ],
          [
            100.2937831,
            5.3560646
          ],
          [
            100.2937829,
            5.3560644
          ],
          [
            100.2937828,
            5.3560641
          ],
          [
            100.2937826,
            5.3560639
          ],
          [
            100.2937825,
            5.3560636
          ],
          [
            100.2937824,
            5.3560633
          ],
          [
            100.2937822,
            5.3560631
          ],
          [
            100.2937821,
            5.3560628
          ],
          [
            100.2937819,
            5.3560625
          ],
          [
            100.2937818,
            5.3560622
          ],
          [
            100.2937816,
            5.3560619
          ],
          [
            100.2937814,
            5.3560616
          ],
          [
            100.2937813,
            5.3560613
          ],
          [
            100.2937811,
            5.356061
          ],
          [
            100.293781,
            5.3560607
          ],
          [
            100.2937808,
            5.3560604
          ],
          [
            100.2937806,
            5.3560601
          ],
          [
            100.2937804,
            5.3560598
          ],
          [
            100.2937803,
            5.3560595
          ],
          [
            100.2937801,
            5.3560592
          ],
          [
            100.2937799,
            5.3560589
          ],
          [
            100.2937797,
            5.3560585
          ],
          [
            100.2937796,
            5.3560582
          ],
          [
            100.2937794,
            5.3560579
          ],
          [
            100.2937792,
            5.3560576
          ],
          [
            100.293779,
            5.3560573
          ],
          [
            100.2937789,
            5.356057
          ],
          [
            100.2937787,
            5.3560567
          ],
          [
            100.2937785,
            5.3560564
          ],
          [
            100.2937784,
            5.3560561
          ],
          [
            100.2937782,
            5.3560558
          ],
          [
            100.293778,
            5.3560555
          ],
          [
            100.2937779,
            5.3560552
          ],
          [
            100.2937777,
            5.3560549
          ],
          [
            100.2937775,
            5.3560545
          ],
          [
            100.2937747,
            5.3560464
          ],
          [
            100.2937714,
            5.3560368
          ],
          [
            100.2937652,
            5.3560184
          ],
          [
            100.2937627,
            5.3560112
          ],
          [
            100.2937614,
            5.3560073
          ],
          [
            100.2937605,
            5.3560048
          ],
          [
            100.29376,
            5.3560031
          ],
          [
            100.2937596,
            5.3560017
          ],
          [
            100.2937592,
            5.3560006
          ],
          [
            100.293759,
            5.3559997
          ],
          [
            100.2937588,
            5.3559989
          ],
          [
            100.2937586,
            5.3559982
          ],
          [
            100.2937584,
            5.3559975
          ],
          [
            100.2937583,
            5.3559969
          ],
          [
            100.2937582,
            5.3559964
          ],
          [
            100.293758,
            5.3559959
          ],
          [
            100.2937579,
            5.3559954
          ],
          [
            100.2937578,
            5.3559949
          ],
          [
            100.2937577,
            5.3559944
          ],
          [
            100.2937576,
            5.355994
          ],
          [
            100.2937575,
            5.3559935
          ],
          [
            100.2937575,
            5.3559931
          ],
          [
            100.2937574,
            5.3559927
          ],
          [
            100.2937573,
            5.3559923
          ],
          [
            100.2937572,
            5.3559919
          ],
          [
            100.2937571,
            5.3559915
          ],
          [
            100.293757,
            5.3559911
          ],
          [
            100.2937569,
            5.3559907
          ],
          [
            100.2937568,
            5.3559904
          ],
          [
            100.2937567,
            5.35599
          ],
          [
            100.2937562,
            5.3559877
          ],
          [
            100.2937558,
            5.3559857
          ],
          [
            100.2937552,
            5.3559826
          ],
          [
            100.2937546,
            5.3559796
          ],
          [
            100.2937542,
            5.3559769
          ],
          [
            100.2937538,
            5.3559745
          ],
          [
            100.2937537,
            5.3559722
          ],
          [
            100.2937534,
            5.35597
          ],
          [
            100.2937533,
            5.3559679
          ],
          [
            100.2937532,
            5.3559656
          ],
          [
            100.2937532,
            5.3559634
          ],
          [
            100.2937531,
            5.3559612
          ],
          [
            100.2937525,
            5.3559586
          ],
          [
            100.2937519,
            5.3559567
          ],
          [
            100.2937501,
            5.3559552
          ],
          [
            100.2937486,
            5.3559543
          ],
          [
            100.2937458,
            5.3559537
          ],
          [
            100.2937438,
            5.3559534
          ],
          [
            100.2937406,
            5.3559536
          ],
          [
            100.2937381,
            5.355954
          ],
          [
            100.2937351,
            5.3559553
          ],
          [
            100.2937331,
            5.3559563
          ],
          [
            100.2937311,
            5.3559572
          ],
          [
            100.2937296,
            5.3559578
          ],
          [
            100.2937263,
            5.3559592
          ],
          [
            100.2937254,
            5.3559596
          ],
          [
            100.293725,
            5.3559599
          ],
          [
            100.2937248,
            5.3559601
          ],
          [
            100.2937247,
            5.3559603
          ],
          [
            100.2937246,
            5.3559605
          ],
          [
            100.2937245,
            5.3559607
          ],
          [
            100.2937245,
            5.3559609
          ],
          [
            100.2937245,
            5.3559611
          ],
          [
            100.2937246,
            5.3559613
          ],
          [
            100.2937246,
            5.3559615
          ],
          [
            100.2937246,
            5.3559616
          ],
          [
            100.2937247,
            5.3559618
          ],
          [
            100.2937247,
            5.3559619
          ],
          [
            100.2937248,
            5.3559621
          ],
          [
            100.2937248,
            5.3559622
          ],
          [
            100.2937249,
            5.3559624
          ],
          [
            100.2937249,
            5.3559625
          ],
          [
            100.293725,
            5.3559627
          ],
          [
            100.293725,
            5.3559628
          ],
          [
            100.2937251,
            5.3559629
          ],
          [
            100.2937251,
            5.3559631
          ],
          [
            100.2937252,
            5.3559633
          ],
          [
            100.2937252,
            5.3559634
          ],
          [
            100.2937253,
            5.3559636
          ],
          [
            100.2937254,
            5.3559638
          ],
          [
            100.2937255,
            5.3559639
          ],
          [
            100.2937255,
            5.3559641
          ],
          [
            100.2937256,
            5.3559643
          ],
          [
            100.2937257,
            5.3559644
          ],
          [
            100.2937258,
            5.3559646
          ],
          [
            100.2937259,
            5.3559648
          ],
          [
            100.293726,
            5.355965
          ],
          [
            100.2937261,
            5.3559652
          ],
          [
            100.2937262,
            5.3559653
          ],
          [
            100.2937263,
            5.3559655
          ],
          [
            100.2937276,
            5.3559674
          ],
          [
            100.2937297,
            5.3559704
          ],
          [
            100.2937323,
            5.3559741
          ],
          [
            100.2937351,
            5.3559778
          ],
          [
            100.2937388,
            5.3559814
          ],
          [
            100.2937417,
            5.3559844
          ],
          [
            100.2937451,
            5.3559886
          ],
          [
            100.2937477,
            5.3559921
          ],
          [
            100.2937503,
            5.355996
          ],
          [
            100.2937521,
            5.3559993
          ],
          [
            100.2937538,
            5.3560034
          ],
          [
            100.2937549,
            5.356007
          ],
          [
            100.2937557,
            5.3560103
          ],
          [
            100.2937563,
            5.356013
          ],
          [
            100.2937579,
            5.356025
          ],
          [
            100.2937578,
            5.3560283
          ],
          [
            100.2937576,
            5.3560299
          ],
          [
            100.2937572,
            5.356031
          ],
          [
            100.2937569,
            5.3560319
          ],
          [
            100.2937565,
            5.3560326
          ],
          [
            100.2937562,
            5.3560331
          ],
          [
            100.2937558,
            5.3560337
          ],
          [
            100.2937555,
            5.3560341
          ],
          [
            100.2937552,
            5.3560345
          ],
          [
            100.2937549,
            5.3560349
          ],
          [
            100.2937545,
            5.3560353
          ],
          [
            100.2937542,
            5.3560357
          ],
          [
            100.2937539,
            5.356036
          ],
          [
            100.2937536,
            5.3560363
          ],
          [
            100.2937533,
            5.3560367
          ],
          [
            100.293753,
            5.3560369
          ],
          [
            100.2937527,
            5.3560372
          ],
          [
            100.2937524,
            5.3560375
          ],
          [
            100.2937521,
            5.3560377
          ],
          [
            100.2937519,
            5.356038
          ],
          [
            100.2937516,
            5.3560382
          ],
          [
            100.2937514,
            5.3560384
          ],
          [
            100.2937511,
            5.3560386
          ],
          [
            100.2937509,
            5.3560388
          ],
          [
            100.2937507,
            5.356039
          ],
          [
            100.2937505,
            5.3560392
          ],
          [
            100.2937502,
            5.3560393
          ],
          [
            100.2937501,
            5.3560395
          ],
          [
            100.2937499,
            5.3560396
          ],
          [
            100.2937497,
            5.3560398
          ],
          [
            100.2937495,
            5.3560399
          ],
          [
            100.2937493,
            5.35604
          ],
          [
            100.2937492,
            5.3560401
          ],
          [
            100.293749,
            5.3560402
          ],
          [
            100.2937488,
            5.3560403
          ],
          [
            100.2937486,
            5.3560404
          ],
          [
            100.2937485,
            5.3560405
          ],
          [
            100.2937483,
            5.3560406
          ],
          [
            100.2937482,
            5.3560406
          ],
          [
            100.293748,
            5.3560407
          ],
          [
            100.2937478,
            5.3560408
          ],
          [
            100.2937476,
            5.3560408
          ],
          [
            100.2937455,
            5.3560409
          ],
          [
            100.2937413,
            5.356041
          ],
          [
            100.2937355,
            5.3560414
          ],
          [
            100.2937306,
            5.3560417
          ],
          [
            100.2937258,
            5.3560421
          ],
          [
            100.2937217,
            5.3560423
          ],
          [
            100.293718,
            5.3560424
          ],
          [
            100.293714,
            5.3560422
          ],
          [
            100.2937106,
            5.356042
          ],
          [
            100.2937072,
            5.3560418
          ],
          [
            100.2937039,
            5.3560414
          ],
          [
            100.2937009,
            5.3560411
          ],
          [
            100.2936978,
            5.3560407
          ],
          [
            100.2936946,
            5.3560401
          ],
          [
            100.2936919,
            5.3560397
          ],
          [
            100.2936882,
            5.3560388
          ],
          [
            100.2936851,
            5.356038
          ],
          [
            100.2936817,
            5.356037
          ],
          [
            100.2936781,
            5.3560353
          ],
          [
            100.2936753,
            5.3560339
          ],
          [
            100.2936727,
            5.356032
          ],
          [
            100.2936707,
            5.3560302
          ],
          [
            100.2936692,
            5.3560281
          ],
          [
            100.2936681,
            5.3560261
          ],
          [
            100.2936674,
            5.3560239
          ],
          [
            100.2936669,
            5.3560218
          ],
          [
            100.2936666,
            5.3560196
          ],
          [
            100.2936659,
            5.3560124
          ],
          [
            100.2936658,
            5.3560109
          ],
          [
            100.2936657,
            5.3560103
          ],
          [
            100.2936657,
            5.35601
          ],
          [
            100.2936658,
            5.3560098
          ],
          [
            100.2936658,
            5.3560098
          ],
          [
            100.2936659,
            5.3560098
          ],
          [
            100.293666,
            5.3560098
          ],
          [
            100.2936661,
            5.3560098
          ],
          [
            100.2936664,
            5.3560098
          ],
          [
            100.2936666,
            5.3560098
          ],
          [
            100.2936669,
            5.3560098
          ],
          [
            100.2936673,
            5.3560098
          ],
          [
            100.2936676,
            5.3560098
          ],
          [
            100.2936679,
            5.3560098
          ],
          [
            100.2936682,
            5.3560097
          ],
          [
            100.2936685,
            5.3560097
          ],
          [
            100.2936688,
            5.3560097
          ],
          [
            100.2936691,
            5.3560097
          ],
          [
            100.2936693,
            5.3560097
          ],
          [
            100.2936696,
            5.3560097
          ],
          [
            100.2936698,
            5.3560097
          ],
          [
            100.2936701,
            5.3560097
          ],
          [
            100.2936703,
            5.3560097
          ],
          [
            100.2936705,
            5.3560096
          ],
          [
            100.2936708,
            5.3560096
          ],
          [
            100.293671,
            5.3560096
          ],
          [
            100.2936712,
            5.3560097
          ],
          [
            100.2936714,
            5.3560097
          ],
          [
            100.2936716,
            5.3560097
          ],
          [
            100.2936718,
            5.3560097
          ],
          [
            100.2936719,
            5.3560097
          ],
          [
            100.2936721,
            5.3560097
          ],
          [
            100.2936723,
            5.3560097
          ],
          [
            100.2936724,
            5.3560097
          ],
          [
            100.2936726,
            5.3560097
          ],
          [
            100.2936728,
            5.3560098
          ],
          [
            100.2936729,
            5.3560098
          ],
          [
            100.293673,
            5.3560098
          ],
          [
            100.2936732,
            5.3560098
          ],
          [
            100.2936733,
            5.3560098
          ],
          [
            100.2936734,
            5.3560099
          ],
          [
            100.2936736,
            5.3560099
          ],
          [
            100.2936737,
            5.3560099
          ],
          [
            100.2936738,
            5.3560099
          ],
          [
            100.2936739,
            5.35601
          ],
          [
            100.293674,
            5.35601
          ],
          [
            100.2936741,
            5.35601
          ],
          [
            100.2936742,
            5.35601
          ],
          [
            100.2936743,
            5.3560101
          ],
          [
            100.2936744,
            5.3560101
          ],
          [
            100.2936745,
            5.3560101
          ],
          [
            100.2936746,
            5.3560101
          ],
          [
            100.2936747,
            5.3560102
          ],
          [
            100.2936748,
            5.3560102
          ],
          [
            100.2936749,
            5.3560102
          ],
          [
            100.293675,
            5.3560102
          ],
          [
            100.2936751,
            5.3560102
          ],
          [
            100.2936752,
            5.3560103
          ],
          [
            100.2936753,
            5.3560103
          ],
          [
            100.2936754,
            5.3560103
          ],
          [
            100.2936754,
            5.3560103
          ],
          [
            100.2936763,
            5.3560107
          ],
          [
            100.2936777,
            5.3560112
          ],
          [
            100.2936792,
            5.3560118
          ],
          [
            100.2936803,
            5.3560122
          ],
          [
            100.2936812,
            5.3560126
          ],
          [
            100.2936821,
            5.3560128
          ],
          [
            100.2936828,
            5.356013
          ],
          [
            100.2936833,
            5.3560132
          ],
          [
            100.2936838,
            5.3560133
          ],
          [
            100.2936841,
            5.3560134
          ],
          [
            100.2936843,
            5.3560135
          ],
          [
            100.2936845,
            5.3560136
          ],
          [
            100.2936847,
            5.3560136
          ],
          [
            100.2936849,
            5.3560137
          ],
          [
            100.293685,
            5.3560138
          ],
          [
            100.2936852,
            5.3560139
          ],
          [
            100.2936853,
            5.356014
          ],
          [
            100.2936854,
            5.3560141
          ],
          [
            100.2936853,
            5.356014
          ],
          [
            100.2936854,
            5.3560139
          ],
          [
            100.293687,
            5.3560138
          ],
          [
            100.2936876,
            5.3560137
          ],
          [
            100.2936893,
            5.3560138
          ],
          [
            100.2936927,
            5.3560138
          ],
          [
            100.2937436,
            5.3560096
          ],
          [
            100.2938191,
            5.3560009
          ],
          [
            100.2938891,
            5.3559901
          ],
          [
            100.293954,
            5.3559791
          ],
          [
            100.2940106,
            5.3559676
          ],
          [
            100.2940771,
            5.355951
          ],
          [
            100.294139,
            5.3559369
          ],
          [
            100.2942065,
            5.3559226
          ],
          [
            100.2942775,
            5.3559075
          ],
          [
            100.2943458,
            5.3558973
          ],
          [
            100.2944123,
            5.3558928
          ],
          [
            100.2944759,
            5.3558915
          ],
          [
            100.2945375,
            5.3558869
          ],
          [
            100.2945956,
            5.3558841
          ],
          [
            100.2946494,
            5.3558808
          ],
          [
            100.2946988,
            5.3558745
          ],
          [
            100.2947415,
            5.3558695
          ],
          [
            100.2947811,
            5.3558651
          ],
          [
            100.2948163,
            5.355861
          ],
          [
            100.2948489,
            5.3558572
          ],
          [
            100.2948772,
            5.3558529
          ],
          [
            100.2948917,
            5.3558517
          ],
          [
            100.2949054,
            5.3558511
          ],
          [
            100.2949173,
            5.3558506
          ],
          [
            100.2949274,
            5.3558497
          ],
          [
            100.2949367,
            5.3558487
          ],
          [
            100.2949532,
            5.3558456
          ],
          [
            100.2949719,
            5.3558405
          ],
          [
            100.2949905,
            5.3558327
          ],
          [
            100.2950109,
            5.3558205
          ],
          [
            100.2950289,
            5.3558055
          ],
          [
            100.2950429,
            5.3557893
          ],
          [
            100.2950541,
            5.3557719
          ],
          [
            100.2950604,
            5.3557516
          ],
          [
            100.2950692,
            5.3556875
          ],
          [
            100.2950687,
            5.3556418
          ],
          [
            100.2950651,
            5.3555997
          ],
          [
            100.2950612,
            5.3555571
          ],
          [
            100.2950587,
            5.3555174
          ],
          [
            100.2950562,
            5.3554824
          ],
          [
            100.2950525,
            5.3554512
          ],
          [
            100.2950512,
            5.3554369
          ],
          [
            100.2950503,
            5.3554244
          ],
          [
            100.2950495,
            5.3554121
          ],
          [
            100.2950485,
            5.3553999
          ],
          [
            100.2950472,
            5.3553871
          ],
          [
            100.2950457,
            5.3553732
          ],
          [
            100.2950442,
            5.3553584
          ],
          [
            100.2950428,
            5.3553425
          ],
          [
            100.2950418,
            5.3553251
          ],
          [
            100.2950415,
            5.3553064
          ],
          [
            100.2950424,
            5.355286
          ],
          [
            100.2950506,
            5.3552271
          ],
          [
            100.2950587,
            5.3552074
          ],
          [
            100.2950694,
            5.3551929
          ],
          [
            100.2951047,
            5.3551621
          ],
          [
            100.295141,
            5.3551437
          ],
          [
            100.295181,
            5.3551279
          ],
          [
            100.2952465,
            5.355139
          ],
          [
            100.2953109,
            5.3551399
          ],
          [
            100.2953777,
            5.3551384
          ],
          [
            100.2954563,
            5.3551343
          ],
          [
            100.2955355,
            5.3551294
          ],
          [
            100.2956178,
            5.3551261
          ],
          [
            100.2956977,
            5.355123
          ],
          [
            100.2957787,
            5.3551214
          ],
          [
            100.2958557,
            5.3551179
          ],
          [
            100.2959329,
            5.3551127
          ],
          [
            100.2960087,
            5.3551093
          ],
          [
            100.2960796,
            5.3551053
          ],
          [
            100.2961463,
            5.3550991
          ],
          [
            100.2962084,
            5.3550937
          ],
          [
            100.2962609,
            5.3550894
          ],
          [
            100.2963038,
            5.3550868
          ],
          [
            100.2963416,
            5.3550884
          ],
          [
            100.2963773,
            5.3550868
          ],
          [
            100.2964131,
            5.3550918
          ],
          [
            100.2964471,
            5.3550922
          ],
          [
            100.2964826,
            5.3550884
          ],
          [
            100.2965231,
            5.355083
          ],
          [
            100.2965711,
            5.3550787
          ],
          [
            100.2966224,
            5.355073
          ],
          [
            100.2966871,
            5.3550713
          ],
          [
            100.2967564,
            5.3550663
          ],
          [
            100.2968307,
            5.3550655
          ],
          [
            100.2969083,
            5.3550607
          ],
          [
            100.2969894,
            5.3550541
          ],
          [
            100.297073,
            5.3550494
          ],
          [
            100.2971542,
            5.3550423
          ],
          [
            100.2972381,
            5.3550354
          ],
          [
            100.2973222,
            5.355029
          ],
          [
            100.2974055,
            5.3550195
          ],
          [
            100.2974902,
            5.3550148
          ],
          [
            100.297573,
            5.3550086
          ],
          [
            100.2976659,
            5.3550046
          ],
          [
            100.297745,
            5.3550025
          ],
          [
            100.2978161,
            5.3550017
          ],
          [
            100.2978946,
            5.3550057
          ],
          [
            100.2979707,
            5.3550116
          ],
          [
            100.2980396,
            5.3550349
          ],
          [
            100.2981039,
            5.3550422
          ],
          [
            100.29815,
            5.355046
          ],
          [
            100.2981874,
            5.3550474
          ],
          [
            100.2982219,
            5.3550547
          ],
          [
            100.2982472,
            5.3550564
          ],
          [
            100.2982771,
            5.3550589
          ],
          [
            100.2983109,
            5.3550619
          ],
          [
            100.2983451,
            5.3550643
          ],
          [
            100.298379,
            5.355067
          ],
          [
            100.2984117,
            5.3550697
          ],
          [
            100.2984433,
            5.3550728
          ],
          [
            100.2984752,
            5.3550765
          ],
          [
            100.298508,
            5.355079
          ],
          [
            100.2985451,
            5.3550818
          ],
          [
            100.2985937,
            5.3550901
          ],
          [
            100.2986503,
            5.3550994
          ],
          [
            100.2987152,
            5.3551071
          ],
          [
            100.298787,
            5.3551148
          ],
          [
            100.2988647,
            5.3551231
          ],
          [
            100.2989456,
            5.355133
          ],
          [
            100.2990272,
            5.3551431
          ],
          [
            100.2991081,
            5.3551528
          ],
          [
            100.2991845,
            5.3551625
          ],
          [
            100.2992534,
            5.3551701
          ],
          [
            100.2993175,
            5.3551797
          ],
          [
            100.2993838,
            5.3551901
          ],
          [
            100.2994543,
            5.3551952
          ],
          [
            100.29953,
            5.3552047
          ],
          [
            100.2996064,
            5.3552186
          ],
          [
            100.2996815,
            5.3552324
          ],
          [
            100.2997479,
            5.3552441
          ],
          [
            100.2998087,
            5.3552581
          ],
          [
            100.2998583,
            5.3552736
          ],
          [
            100.2998974,
            5.355286
          ],
          [
            100.2999334,
            5.3552976
          ],
          [
            100.2999696,
            5.3553065
          ],
          [
            100.3000088,
            5.3553184
          ],
          [
            100.3000487,
            5.3553339
          ],
          [
            100.3000934,
            5.3553565
          ],
          [
            100.3001325,
            5.3553805
          ],
          [
            100.3001722,
            5.3554081
          ],
          [
            100.3002038,
            5.3554584
          ],
          [
            100.3002232,
            5.3555287
          ],
          [
            100.300249,
            5.3555927
          ],
          [
            100.3002802,
            5.3556542
          ],
          [
            100.3003082,
            5.3557233
          ],
          [
            100.3003358,
            5.3557914
          ],
          [
            100.3003712,
            5.3558577
          ],
          [
            100.3004088,
            5.3559283
          ],
          [
            100.3004449,
            5.3559988
          ],
          [
            100.3004808,
            5.3560678
          ],
          [
            100.3005153,
            5.35614
          ],
          [
            100.3005469,
            5.3562051
          ],
          [
            100.3005815,
            5.3562707
          ],
          [
            100.300617,
            5.3563313
          ],
          [
            100.3006543,
            5.3563906
          ],
          [
            100.3006819,
            5.3564468
          ],
          [
            100.300708,
            5.3565056
          ],
          [
            100.3007317,
            5.3565584
          ],
          [
            100.3007649,
            5.3566168
          ],
          [
            100.300802,
            5.3566761
          ],
          [
            100.3008345,
            5.3567404
          ],
          [
            100.3008647,
            5.3568076
          ],
          [
            100.3008974,
            5.3568715
          ],
          [
            100.3009269,
            5.3569311
          ],
          [
            100.3009524,
            5.3569891
          ],
          [
            100.3009769,
            5.3570387
          ],
          [
            100.3009973,
            5.3570939
          ],
          [
            100.301022,
            5.3571509
          ],
          [
            100.3010444,
            5.3571942
          ],
          [
            100.3010695,
            5.3572474
          ],
          [
            100.3010877,
            5.3573033
          ],
          [
            100.3011212,
            5.3573662
          ],
          [
            100.3011498,
            5.3574234
          ],
          [
            100.3011778,
            5.357472
          ],
          [
            100.3011984,
            5.3575188
          ],
          [
            100.3012184,
            5.3575578
          ],
          [
            100.3012323,
            5.3575876
          ],
          [
            100.301245,
            5.357611
          ],
          [
            100.3012535,
            5.3576232
          ],
          [
            100.3012618,
            5.3576335
          ],
          [
            100.3012702,
            5.3576442
          ],
          [
            100.3012799,
            5.3576548
          ],
          [
            100.3012912,
            5.3576635
          ],
          [
            100.3013007,
            5.3576676
          ],
          [
            100.3013103,
            5.357669
          ],
          [
            100.3013189,
            5.3576687
          ],
          [
            100.3013558,
            5.3576623
          ],
          [
            100.3013923,
            5.3576505
          ],
          [
            100.3014271,
            5.3576332
          ],
          [
            100.3014565,
            5.3576114
          ],
          [
            100.3014804,
            5.3575842
          ],
          [
            100.3014995,
            5.3575527
          ],
          [
            100.3015133,
            5.3575182
          ],
          [
            100.3015231,
            5.3574815
          ],
          [
            100.3015301,
            5.3574432
          ],
          [
            100.3015303,
            5.3574063
          ],
          [
            100.3015266,
            5.3573822
          ],
          [
            100.3015184,
            5.3573481
          ],
          [
            100.301511,
            5.3573254
          ],
          [
            100.3015039,
            5.3573078
          ],
          [
            100.3014967,
            5.3572936
          ],
          [
            100.3014567,
            5.3572412
          ],
          [
            100.3014505,
            5.357238
          ],
          [
            100.3014467,
            5.3572369
          ],
          [
            100.301444,
            5.3572363
          ],
          [
            100.301442,
            5.3572358
          ],
          [
            100.3014404,
            5.3572355
          ],
          [
            100.3014392,
            5.3572351
          ],
          [
            100.3014382,
            5.3572349
          ],
          [
            100.3014373,
            5.3572347
          ],
          [
            100.3014366,
            5.3572345
          ],
          [
            100.301436,
            5.3572344
          ],
          [
            100.3014355,
            5.3572344
          ],
          [
            100.3014351,
            5.3572343
          ],
          [
            100.3014347,
            5.3572343
          ],
          [
            100.3014343,
            5.3572343
          ],
          [
            100.301434,
            5.3572342
          ],
          [
            100.3014338,
            5.3572342
          ],
          [
            100.3014335,
            5.3572342
          ],
          [
            100.3014333,
            5.3572343
          ],
          [
            100.3014331,
            5.3572343
          ],
          [
            100.3014329,
            5.3572343
          ],
          [
            100.3014328,
            5.3572343
          ],
          [
            100.3014326,
            5.3572343
          ],
          [
            100.3014325,
            5.3572344
          ],
          [
            100.3014323,
            5.3572344
          ],
          [
            100.3014322,
            5.3572344
          ],
          [
            100.3014321,
            5.3572344
          ],
          [
            100.301432,
            5.3572344
          ],
          [
            100.3014319,
            5.3572343
          ],
          [
            100.3014296,
            5.3572299
          ],
          [
            100.3014284,
            5.3572279
          ],
          [
            100.3014276,
            5.3572268
          ],
          [
            100.3014269,
            5.357226
          ],
          [
            100.3014264,
            5.3572254
          ],
          [
            100.3014259,
            5.3572249
          ],
          [
            100.3014255,
            5.3572244
          ],
          [
            100.3014251,
            5.3572241
          ],
          [
            100.3014248,
            5.3572237
          ],
          [
            100.3014246,
            5.3572234
          ],
          [
            100.3014244,
            5.3572232
          ],
          [
            100.3014244,
            5.3572229
          ],
          [
            100.3014244,
            5.3572227
          ],
          [
            100.3014245,
            5.3572224
          ],
          [
            100.3014246,
            5.3572224
          ],
          [
            100.3014249,
            5.3572221
          ],
          [
            100.3014252,
            5.3572217
          ],
          [
            100.3014258,
            5.357221
          ],
          [
            100.3014265,
            5.3572201
          ],
          [
            100.3014272,
            5.3572191
          ],
          [
            100.3014328,
            5.3572111
          ],
          [
            100.3014346,
            5.3572084
          ],
          [
            100.3014354,
            5.3572071
          ],
          [
            100.3014359,
            5.3572063
          ],
          [
            100.3014362,
            5.3572058
          ],
          [
            100.3014363,
            5.3572054
          ],
          [
            100.3014364,
            5.3572051
          ],
          [
            100.3014365,
            5.3572049
          ],
          [
            100.3014365,
            5.3572047
          ],
          [
            100.3014366,
            5.3572046
          ],
          [
            100.3014366,
            5.3572044
          ],
          [
            100.3014368,
            5.3572041
          ],
          [
            100.3014371,
            5.3572035
          ],
          [
            100.3014374,
            5.3572029
          ],
          [
            100.3014379,
            5.3572021
          ],
          [
            100.3014385,
            5.3572012
          ],
          [
            100.3014391,
            5.3572003
          ],
          [
            100.30144,
            5.3571994
          ],
          [
            100.3014412,
            5.3571982
          ],
          [
            100.3014428,
            5.357197
          ],
          [
            100.3014448,
            5.3571956
          ],
          [
            100.3014466,
            5.3571943
          ],
          [
            100.3014485,
            5.3571931
          ],
          [
            100.301451,
            5.3571916
          ],
          [
            100.3014532,
            5.3571903
          ],
          [
            100.3014714,
            5.3571798
          ],
          [
            100.3014765,
            5.3571771
          ],
          [
            100.3014792,
            5.3571756
          ],
          [
            100.3014813,
            5.3571746
          ],
          [
            100.301483,
            5.3571738
          ],
          [
            100.3014846,
            5.3571732
          ],
          [
            100.301486,
            5.3571728
          ],
          [
            100.3014873,
            5.3571725
          ],
          [
            100.3014886,
            5.3571724
          ],
          [
            100.3014897,
            5.3571724
          ],
          [
            100.3014908,
            5.3571725
          ],
          [
            100.3014918,
            5.3571726
          ],
          [
            100.3014928,
            5.3571727
          ],
          [
            100.3014937,
            5.3571729
          ],
          [
            100.3014946,
            5.3571731
          ],
          [
            100.3014955,
            5.3571733
          ],
          [
            100.3014963,
            5.3571735
          ],
          [
            100.3014971,
            5.3571737
          ],
          [
            100.3014978,
            5.3571739
          ],
          [
            100.3014983,
            5.3571742
          ],
          [
            100.3014989,
            5.3571748
          ],
          [
            100.3014999,
            5.3571756
          ],
          [
            100.3015011,
            5.3571768
          ],
          [
            100.3015024,
            5.357178
          ],
          [
            100.3015042,
            5.3571796
          ],
          [
            100.3015062,
            5.3571811
          ],
          [
            100.3015083,
            5.3571824
          ],
          [
            100.3015108,
            5.3571839
          ],
          [
            100.3015135,
            5.3571852
          ],
          [
            100.3015162,
            5.3571864
          ],
          [
            100.3015196,
            5.3571877
          ],
          [
            100.301523,
            5.3571888
          ],
          [
            100.3015266,
            5.3571897
          ],
          [
            100.3015314,
            5.3571905
          ],
          [
            100.301536,
            5.357191
          ],
          [
            100.301541,
            5.3571915
          ],
          [
            100.3015468,
            5.3571915
          ],
          [
            100.3015529,
            5.357191
          ],
          [
            100.3015593,
            5.3571901
          ],
          [
            100.3015657,
            5.3571891
          ],
          [
            100.3015729,
            5.3571879
          ],
          [
            100.3015802,
            5.3571867
          ],
          [
            100.3015867,
            5.3571856
          ],
          [
            100.3015956,
            5.3571844
          ],
          [
            100.3016036,
            5.3571834
          ],
          [
            100.3016126,
            5.3571823
          ],
          [
            100.3016206,
            5.3571814
          ],
          [
            100.3016282,
            5.3571806
          ],
          [
            100.3016356,
            5.35718
          ],
          [
            100.3016426,
            5.3571794
          ],
          [
            100.3016491,
            5.357179
          ],
          [
            100.3016546,
            5.3571787
          ],
          [
            100.3016606,
            5.3571786
          ],
          [
            100.3016661,
            5.3571787
          ],
          [
            100.3016704,
            5.3571788
          ],
          [
            100.3016743,
            5.3571788
          ],
          [
            100.3016796,
            5.3571772
          ],
          [
            100.3016836,
            5.357176
          ],
          [
            100.3016874,
            5.3571749
          ],
          [
            100.3016918,
            5.3571738
          ],
          [
            100.3016957,
            5.3571728
          ],
          [
            100.3016997,
            5.357172
          ],
          [
            100.3017035,
            5.3571715
          ],
          [
            100.3017086,
            5.3571711
          ],
          [
            100.3017126,
            5.3571709
          ],
          [
            100.3017174,
            5.3571707
          ],
          [
            100.3017214,
            5.3571707
          ],
          [
            100.3017249,
            5.3571707
          ],
          [
            100.3017294,
            5.3571708
          ],
          [
            100.301733,
            5.357171
          ],
          [
            100.3017366,
            5.3571714
          ],
          [
            100.3017397,
            5.3571717
          ],
          [
            100.3017432,
            5.3571715
          ],
          [
            100.3017463,
            5.3571711
          ],
          [
            100.3017499,
            5.3571708
          ],
          [
            100.3017528,
            5.3571706
          ],
          [
            100.3017564,
            5.3571703
          ],
          [
            100.3017597,
            5.3571694
          ],
          [
            100.3017618,
            5.3571688
          ],
          [
            100.3017632,
            5.3571679
          ],
          [
            100.3017671,
            5.357165
          ],
          [
            100.3017675,
            5.3571647
          ],
          [
            100.3017676,
            5.3571647
          ],
          [
            100.3017676,
            5.3571647
          ],
          [
            100.3017676,
            5.3571648
          ],
          [
            100.3017676,
            5.3571649
          ],
          [
            100.3017675,
            5.357165
          ],
          [
            100.3017675,
            5.3571651
          ],
          [
            100.3017674,
            5.3571651
          ],
          [
            100.3017674,
            5.3571652
          ],
          [
            100.3017673,
            5.3571653
          ],
          [
            100.3017672,
            5.3571653
          ],
          [
            100.3017672,
            5.3571653
          ],
          [
            100.3017671,
            5.3571652
          ],
          [
            100.301767,
            5.357165
          ],
          [
            100.3017667,
            5.3571645
          ],
          [
            100.3017662,
            5.3571634
          ],
          [
            100.3017656,
            5.3571621
          ],
          [
            100.3017649,
            5.3571605
          ],
          [
            100.3017632,
            5.3571589
          ],
          [
            100.3017621,
            5.3571571
          ],
          [
            100.3017614,
            5.3571553
          ],
          [
            100.3017606,
            5.3571526
          ],
          [
            100.30176,
            5.3571503
          ],
          [
            100.3017591,
            5.3571482
          ],
          [
            100.3017582,
            5.3571465
          ],
          [
            100.3017571,
            5.3571451
          ],
          [
            100.3017527,
            5.3571404
          ],
          [
            100.3017513,
            5.3571394
          ],
          [
            100.3017502,
            5.3571384
          ],
          [
            100.3017493,
            5.3571377
          ],
          [
            100.3017485,
            5.3571371
          ],
          [
            100.3017477,
            5.3571366
          ],
          [
            100.3017471,
            5.3571361
          ],
          [
            100.3017466,
            5.3571357
          ],
          [
            100.3017461,
            5.3571354
          ],
          [
            100.3017456,
            5.3571352
          ],
          [
            100.3017452,
            5.357135
          ],
          [
            100.3017448,
            5.3571348
          ],
          [
            100.3017444,
            5.3571347
          ],
          [
            100.301744,
            5.3571347
          ],
          [
            100.3017436,
            5.3571346
          ],
          [
            100.3017433,
            5.3571346
          ],
          [
            100.3017429,
            5.3571346
          ],
          [
            100.3017426,
            5.3571346
          ],
          [
            100.3017423,
            5.3571345
          ],
          [
            100.301742,
            5.3571345
          ],
          [
            100.3017417,
            5.3571345
          ],
          [
            100.3017415,
            5.3571345
          ],
          [
            100.3017412,
            5.3571345
          ],
          [
            100.301741,
            5.3571345
          ],
          [
            100.3017407,
            5.3571346
          ],
          [
            100.3017405,
            5.3571346
          ],
          [
            100.3017403,
            5.3571346
          ],
          [
            100.3017401,
            5.3571347
          ],
          [
            100.3017399,
            5.3571347
          ],
          [
            100.3017397,
            5.3571348
          ],
          [
            100.3017395,
            5.3571349
          ],
          [
            100.3017393,
            5.357135
          ],
          [
            100.3017392,
            5.3571351
          ],
          [
            100.301739,
            5.3571352
          ],
          [
            100.3017389,
            5.3571353
          ],
          [
            100.3017388,
            5.3571355
          ],
          [
            100.3017387,
            5.3571356
          ],
          [
            100.3017386,
            5.3571358
          ],
          [
            100.3017385,
            5.357136
          ],
          [
            100.3017385,
            5.3571361
          ],
          [
            100.3017384,
            5.3571363
          ],
          [
            100.3017383,
            5.3571364
          ],
          [
            100.3017383,
            5.3571366
          ],
          [
            100.3017382,
            5.3571368
          ],
          [
            100.3017382,
            5.357137
          ],
          [
            100.3017382,
            5.3571371
          ],
          [
            100.3017382,
            5.3571373
          ],
          [
            100.3017381,
            5.3571375
          ],
          [
            100.3017381,
            5.3571377
          ],
          [
            100.3017381,
            5.3571378
          ],
          [
            100.3017381,
            5.357138
          ],
          [
            100.3017381,
            5.3571382
          ],
          [
            100.3017381,
            5.3571383
          ],
          [
            100.3017381,
            5.3571385
          ],
          [
            100.3017381,
            5.3571387
          ],
          [
            100.3017381,
            5.3571388
          ],
          [
            100.3017381,
            5.357139
          ],
          [
            100.3017381,
            5.3571392
          ],
          [
            100.3017381,
            5.3571393
          ],
          [
            100.3017381,
            5.3571395
          ],
          [
            100.3017381,
            5.3571396
          ],
          [
            100.3017381,
            5.3571398
          ],
          [
            100.3017381,
            5.3571399
          ],
          [
            100.3017381,
            5.3571401
          ],
          [
            100.3017381,
            5.3571403
          ],
          [
            100.3017382,
            5.3571405
          ],
          [
            100.3017382,
            5.3571406
          ],
          [
            100.3017382,
            5.3571408
          ],
          [
            100.3017382,
            5.357141
          ],
          [
            100.3017382,
            5.3571412
          ],
          [
            100.3017382,
            5.3571414
          ],
          [
            100.3017383,
            5.3571415
          ],
          [
            100.3017383,
            5.3571417
          ],
          [
            100.3017383,
            5.3571419
          ],
          [
            100.3017383,
            5.3571421
          ],
          [
            100.3017384,
            5.3571423
          ],
          [
            100.3017384,
            5.3571425
          ],
          [
            100.3017384,
            5.3571427
          ],
          [
            100.3017385,
            5.3571429
          ],
          [
            100.3017385,
            5.3571431
          ],
          [
            100.3017386,
            5.3571433
          ],
          [
            100.3017386,
            5.3571435
          ],
          [
            100.3017387,
            5.3571436
          ],
          [
            100.3017387,
            5.3571438
          ],
          [
            100.3017388,
            5.357144
          ],
          [
            100.3017388,
            5.3571442
          ],
          [
            100.3017389,
            5.3571444
          ],
          [
            100.3017389,
            5.3571446
          ],
          [
            100.301739,
            5.3571448
          ],
          [
            100.3017391,
            5.357145
          ],
          [
            100.3017391,
            5.3571451
          ],
          [
            100.3017392,
            5.3571453
          ],
          [
            100.3017393,
            5.3571455
          ],
          [
            100.3017394,
            5.3571457
          ],
          [
            100.3017394,
            5.3571458
          ],
          [
            100.3017395,
            5.357146
          ],
          [
            100.3017396,
            5.3571461
          ],
          [
            100.3017396,
            5.3571463
          ],
          [
            100.3017397,
            5.3571464
          ],
          [
            100.3017398,
            5.3571466
          ],
          [
            100.3017399,
            5.3571467
          ],
          [
            100.3017399,
            5.3571468
          ],
          [
            100.30174,
            5.357147
          ],
          [
            100.3017401,
            5.3571471
          ],
          [
            100.3017401,
            5.3571472
          ],
          [
            100.3017402,
            5.3571473
          ],
          [
            100.3017403,
            5.3571474
          ],
          [
            100.3017404,
            5.3571475
          ],
          [
            100.3017404,
            5.3571476
          ],
          [
            100.3017405,
            5.3571477
          ],
          [
            100.3017406,
            5.3571478
          ],
          [
            100.3017406,
            5.3571479
          ],
          [
            100.3017407,
            5.357148
          ],
          [
            100.3017408,
            5.3571481
          ],
          [
            100.3017408,
            5.3571482
          ],
          [
            100.3017409,
            5.3571483
          ],
          [
            100.301741,
            5.3571484
          ],
          [
            100.301741,
            5.3571485
          ],
          [
            100.3017411,
            5.3571485
          ],
          [
            100.3017412,
            5.3571486
          ],
          [
            100.3017412,
            5.3571487
          ],
          [
            100.3017413,
            5.3571488
          ],
          [
            100.3017414,
            5.3571488
          ],
          [
            100.3017414,
            5.3571489
          ],
          [
            100.3017415,
            5.357149
          ],
          [
            100.3017416,
            5.357149
          ],
          [
            100.3017416,
            5.3571491
          ],
          [
            100.3017417,
            5.3571492
          ],
          [
            100.3017418,
            5.3571492
          ],
          [
            100.3017418,
            5.3571493
          ],
          [
            100.3017419,
            5.3571493
          ],
          [
            100.3017419,
            5.3571494
          ],
          [
            100.301742,
            5.3571494
          ],
          [
            100.3017421,
            5.3571495
          ],
          [
            100.3017421,
            5.3571495
          ],
          [
            100.3017422,
            5.3571496
          ],
          [
            100.3017422,
            5.3571496
          ],
          [
            100.3017423,
            5.3571496
          ],
          [
            100.3017424,
            5.3571497
          ],
          [
            100.3017424,
            5.3571497
          ],
          [
            100.3017425,
            5.3571497
          ],
          [
            100.3017425,
            5.3571498
          ],
          [
            100.3017426,
            5.3571498
          ],
          [
            100.3017427,
            5.3571498
          ],
          [
            100.3017427,
            5.3571499
          ],
          [
            100.3017428,
            5.3571499
          ],
          [
            100.3017428,
            5.3571499
          ],
          [
            100.3017429,
            5.35715
          ],
          [
            100.3017429,
            5.35715
          ],
          [
            100.301743,
            5.35715
          ],
          [
            100.3017431,
            5.35715
          ],
          [
            100.3017431,
            5.35715
          ],
          [
            100.3017432,
            5.35715
          ],
          [
            100.3017432,
            5.3571501
          ],
          [
            100.3017433,
            5.3571501
          ],
          [
            100.3017433,
            5.3571501
          ],
          [
            100.3017434,
            5.3571501
          ],
          [
            100.3017434,
            5.3571501
          ],
          [
            100.3017435,
            5.3571501
          ],
          [
            100.3017435,
            5.3571501
          ],
          [
            100.3017436,
            5.3571502
          ],
          [
            100.3017436,
            5.3571502
          ],
          [
            100.3017436,
            5.3571502
          ],
          [
            100.3017437,
            5.3571502
          ],
          [
            100.3017437,
            5.3571502
          ],
          [
            100.3017438,
            5.3571502
          ],
          [
            100.3017438,
            5.3571502
          ],
          [
            100.3017438,
            5.3571502
          ],
          [
            100.3017439,
            5.3571502
          ],
          [
            100.3017439,
            5.3571502
          ],
          [
            100.3017439,
            5.3571502
          ],
          [
            100.301744,
            5.3571502
          ],
          [
            100.301744,
            5.3571502
          ],
          [
            100.301744,
            5.3571502
          ],
          [
            100.3017441,
            5.3571502
          ],
          [
            100.3017441,
            5.3571502
          ],
          [
            100.3017441,
            5.3571502
          ],
          [
            100.3017442,
            5.3571502
          ],
          [
            100.3017442,
            5.3571502
          ],
          [
            100.3017442,
            5.3571502
          ],
          [
            100.3017443,
            5.3571502
          ],
          [
            100.3017443,
            5.3571502
          ],
          [
            100.3017443,
            5.3571502
          ],
          [
            100.3017443,
            5.3571502
          ],
          [
            100.3017444,
            5.3571502
          ],
          [
            100.3017444,
            5.3571502
          ],
          [
            100.3017444,
            5.3571502
          ],
          [
            100.3017445,
            5.3571502
          ],
          [
            100.3017445,
            5.3571502
          ],
          [
            100.3017445,
            5.3571501
          ],
          [
            100.3017446,
            5.3571501
          ],
          [
            100.3017446,
            5.3571501
          ],
          [
            100.3017446,
            5.3571501
          ],
          [
            100.3017446,
            5.3571501
          ],
          [
            100.3017447,
            5.3571501
          ],
          [
            100.3017447,
            5.3571501
          ],
          [
            100.3017447,
            5.35715
          ],
          [
            100.3017448,
            5.35715
          ],
          [
            100.3017448,
            5.35715
          ],
          [
            100.3017448,
            5.35715
          ],
          [
            100.3017449,
            5.35715
          ],
          [
            100.3017449,
            5.3571499
          ],
          [
            100.3017449,
            5.3571499
          ],
          [
            100.301745,
            5.3571499
          ],
          [
            100.301745,
            5.3571499
          ],
          [
            100.301745,
            5.3571499
          ],
          [
            100.301745,
            5.3571498
          ],
          [
            100.3017451,
            5.3571498
          ],
          [
            100.3017451,
            5.3571498
          ],
          [
            100.3017451,
            5.3571498
          ],
          [
            100.3017452,
            5.3571498
          ],
          [
            100.3017452,
            5.3571497
          ],
          [
            100.3017452,
            5.3571497
          ],
          [
            100.3017453,
            5.3571497
          ],
          [
            100.3017453,
            5.3571497
          ],
          [
            100.3017453,
            5.3571497
          ],
          [
            100.3017454,
            5.3571496
          ],
          [
            100.3017454,
            5.3571496
          ],
          [
            100.3017454,
            5.3571496
          ],
          [
            100.3017455,
            5.3571496
          ],
          [
            100.3017455,
            5.3571496
          ],
          [
            100.3017455,
            5.3571495
          ],
          [
            100.3017456,
            5.3571495
          ],
          [
            100.3017456,
            5.3571495
          ],
          [
            100.3017456,
            5.3571495
          ],
          [
            100.3017457,
            5.3571495
          ],
          [
            100.3017457,
            5.3571495
          ],
          [
            100.3017457,
            5.3571495
          ],
          [
            100.3017458,
            5.3571495
          ],
          [
            100.3017458,
            5.3571494
          ],
          [
            100.3017459,
            5.3571494
          ],
          [
            100.3017459,
            5.3571494
          ],
          [
            100.3017459,
            5.3571494
          ],
          [
            100.301746,
            5.3571494
          ],
          [
            100.301746,
            5.3571494
          ],
          [
            100.301746,
            5.3571494
          ],
          [
            100.3017461,
            5.3571494
          ],
          [
            100.3017461,
            5.3571494
          ],
          [
            100.3017462,
            5.3571494
          ],
          [
            100.3017462,
            5.3571494
          ],
          [
            100.3017462,
            5.3571494
          ],
          [
            100.3017463,
            5.3571494
          ],
          [
            100.3017463,
            5.3571494
          ],
          [
            100.3017463,
            5.3571494
          ],
          [
            100.3017464,
            5.3571494
          ],
          [
            100.3017464,
            5.3571494
          ],
          [
            100.3017464,
            5.3571494
          ],
          [
            100.3017465,
            5.3571495
          ],
          [
            100.3017465,
            5.3571495
          ],
          [
            100.3017465,
            5.3571495
          ],
          [
            100.3017465,
            5.3571495
          ],
          [
            100.3017466,
            5.3571495
          ],
          [
            100.3017466,
            5.3571495
          ],
          [
            100.3017466,
            5.3571496
          ],
          [
            100.3017467,
            5.3571496
          ],
          [
            100.3017467,
            5.3571496
          ],
          [
            100.3017467,
            5.3571496
          ],
          [
            100.3017467,
            5.3571497
          ],
          [
            100.3017467,
            5.3571497
          ],
          [
            100.3017468,
            5.3571497
          ],
          [
            100.3017468,
            5.3571498
          ],
          [
            100.3017468,
            5.3571498
          ],
          [
            100.3017468,
            5.3571498
          ],
          [
            100.3017468,
            5.3571499
          ],
          [
            100.3017469,
            5.3571499
          ],
          [
            100.3017469,
            5.35715
          ],
          [
            100.3017469,
            5.35715
          ],
          [
            100.3017469,
            5.3571501
          ],
          [
            100.3017469,
            5.3571501
          ],
          [
            100.3017469,
            5.3571501
          ],
          [
            100.3017469,
            5.3571502
          ],
          [
            100.301747,
            5.3571502
          ],
          [
            100.301747,
            5.3571503
          ],
          [
            100.301747,
            5.3571503
          ],
          [
            100.301747,
            5.3571504
          ],
          [
            100.301747,
            5.3571505
          ],
          [
            100.301747,
            5.3571505
          ],
          [
            100.301747,
            5.3571506
          ],
          [
            100.301747,
            5.3571506
          ],
          [
            100.301747,
            5.3571507
          ],
          [
            100.301747,
            5.3571507
          ],
          [
            100.301747,
            5.3571508
          ],
          [
            100.301747,
            5.3571508
          ],
          [
            100.301747,
            5.3571509
          ],
          [
            100.301747,
            5.357151
          ],
          [
            100.301747,
            5.357151
          ],
          [
            100.301747,
            5.3571511
          ],
          [
            100.3017471,
            5.3571511
          ],
          [
            100.3017471,
            5.3571512
          ],
          [
            100.3017471,
            5.3571512
          ],
          [
            100.3017471,
            5.3571513
          ],
          [
            100.3017471,
            5.3571513
          ],
          [
            100.3017471,
            5.3571514
          ],
          [
            100.3017471,
            5.3571514
          ],
          [
            100.3017471,
            5.3571515
          ],
          [
            100.3017471,
            5.3571515
          ],
          [
            100.301747,
            5.3571516
          ],
          [
            100.301747,
            5.3571516
          ],
          [
            100.301747,
            5.3571517
          ],
          [
            100.301747,
            5.3571518
          ],
          [
            100.301747,
            5.3571518
          ],
          [
            100.301747,
            5.3571519
          ],
          [
            100.301747,
            5.3571519
          ],
          [
            100.301747,
            5.357152
          ],
          [
            100.301747,
            5.357152
          ],
          [
            100.301747,
            5.357152
          ],
          [
            100.301747,
            5.3571521
          ],
          [
            100.301747,
            5.3571521
          ],
          [
            100.301747,
            5.3571522
          ],
          [
            100.301747,
            5.3571522
          ],
          [
            100.301747,
            5.3571523
          ],
          [
            100.301747,
            5.3571523
          ],
          [
            100.301747,
            5.3571523
          ],
          [
            100.301747,
            5.3571524
          ],
          [
            100.301747,
            5.3571524
          ],
          [
            100.301747,
            5.3571524
          ],
          [
            100.301747,
            5.3571525
          ],
          [
            100.301747,
            5.3571525
          ],
          [
            100.301747,
            5.3571525
          ],
          [
            100.301747,
            5.3571525
          ],
          [
            100.301747,
            5.3571526
          ],
          [
            100.301747,
            5.3571526
          ],
          [
            100.3017469,
            5.3571526
          ],
          [
            100.3017469,
            5.3571526
          ],
          [
            100.3017469,
            5.3571526
          ],
          [
            100.3017469,
            5.3571527
          ],
          [
            100.3017469,
            5.3571527
          ],
          [
            100.3017469,
            5.3571527
          ],
          [
            100.3017469,
            5.3571527
          ],
          [
            100.3017469,
            5.3571527
          ],
          [
            100.3017469,
            5.3571527
          ],
          [
            100.3017469,
            5.3571527
          ],
          [
            100.3017469,
            5.3571527
          ],
          [
            100.3017469,
            5.3571527
          ],
          [
            100.3017469,
            5.3571527
          ],
          [
            100.3017469,
            5.3571527
          ],
          [
            100.3017469,
            5.3571527
          ],
          [
            100.3017469,
            5.3571527
          ],
          [
            100.3017469,
            5.3571527
          ],
          [
            100.3017469,
            5.3571527
          ],
          [
            100.3017469,
            5.3571527
          ],
          [
            100.3017469,
            5.3571527
          ],
          [
            100.3017469,
            5.3571527
          ],
          [
            100.3017468,
            5.3571527
          ],
          [
            100.3017468,
            5.3571527
          ],
          [
            100.3017468,
            5.3571526
          ],
          [
            100.3017468,
            5.3571526
          ],
          [
            100.3017468,
            5.3571526
          ],
          [
            100.3017468,
            5.3571526
          ],
          [
            100.3017468,
            5.3571526
          ],
          [
            100.3017468,
            5.3571526
          ],
          [
            100.3017468,
            5.3571525
          ],
          [
            100.3017468,
            5.3571525
          ],
          [
            100.3017468,
            5.3571525
          ],
          [
            100.3017467,
            5.3571525
          ],
          [
            100.3017467,
            5.3571525
          ],
          [
            100.3017467,
            5.3571524
          ],
          [
            100.3017467,
            5.3571524
          ],
          [
            100.3017467,
            5.3571524
          ],
          [
            100.3017467,
            5.3571524
          ],
          [
            100.3017467,
            5.3571523
          ],
          [
            100.3017467,
            5.3571523
          ],
          [
            100.3017466,
            5.3571523
          ],
          [
            100.3017466,
            5.3571523
          ],
          [
            100.3017466,
            5.3571523
          ],
          [
            100.3017466,
            5.3571522
          ],
          [
            100.3017466,
            5.3571522
          ],
          [
            100.3017466,
            5.3571522
          ],
          [
            100.3017466,
            5.3571522
          ],
          [
            100.3017465,
            5.3571522
          ],
          [
            100.3017465,
            5.3571521
          ],
          [
            100.3017465,
            5.3571521
          ],
          [
            100.3017465,
            5.3571521
          ],
          [
            100.3017465,
            5.3571521
          ],
          [
            100.3017464,
            5.3571521
          ],
          [
            100.3017464,
            5.357152
          ],
          [
            100.3017464,
            5.357152
          ],
          [
            100.3017464,
            5.357152
          ],
          [
            100.3017464,
            5.357152
          ],
          [
            100.3017463,
            5.357152
          ],
          [
            100.3017463,
            5.357152
          ],
          [
            100.3017463,
            5.357152
          ],
          [
            100.3017463,
            5.3571519
          ],
          [
            100.3017463,
            5.3571519
          ],
          [
            100.3017462,
            5.3571519
          ],
          [
            100.3017462,
            5.3571519
          ],
          [
            100.3017462,
            5.3571519
          ],
          [
            100.3017462,
            5.3571519
          ],
          [
            100.3017462,
            5.3571519
          ],
          [
            100.3017461,
            5.3571519
          ],
          [
            100.3017461,
            5.3571519
          ],
          [
            100.3017461,
            5.3571519
          ],
          [
            100.3017461,
            5.3571519
          ],
          [
            100.301746,
            5.3571519
          ],
          [
            100.301746,
            5.3571519
          ],
          [
            100.301746,
            5.3571519
          ],
          [
            100.301746,
            5.3571519
          ],
          [
            100.301746,
            5.3571519
          ],
          [
            100.3017459,
            5.3571519
          ],
          [
            100.3017459,
            5.357152
          ],
          [
            100.3017459,
            5.357152
          ],
          [
            100.3017459,
            5.357152
          ],
          [
            100.3017458,
            5.357152
          ],
          [
            100.3017458,
            5.357152
          ],
          [
            100.3017458,
            5.357152
          ],
          [
            100.3017458,
            5.357152
          ],
          [
            100.3017458,
            5.3571521
          ],
          [
            100.3017457,
            5.3571521
          ],
          [
            100.3017457,
            5.3571521
          ],
          [
            100.3017457,
            5.3571521
          ],
          [
            100.3017457,
            5.3571521
          ],
          [
            100.3017457,
            5.3571522
          ],
          [
            100.3017457,
            5.3571522
          ],
          [
            100.3017456,
            5.3571522
          ],
          [
            100.3017456,
            5.3571522
          ],
          [
            100.3017456,
            5.3571523
          ],
          [
            100.3017456,
            5.3571523
          ],
          [
            100.3017456,
            5.3571523
          ],
          [
            100.3017456,
            5.3571523
          ],
          [
            100.3017456,
            5.3571524
          ],
          [
            100.3017456,
            5.3571524
          ],
          [
            100.3017456,
            5.3571524
          ],
          [
            100.3017456,
            5.3571524
          ],
          [
            100.3017455,
            5.3571525
          ],
          [
            100.3017455,
            5.3571525
          ],
          [
            100.3017455,
            5.3571525
          ],
          [
            100.3017455,
            5.3571525
          ],
          [
            100.3017455,
            5.3571526
          ],
          [
            100.3017455,
            5.3571526
          ],
          [
            100.3017455,
            5.3571526
          ],
          [
            100.3017455,
            5.3571526
          ],
          [
            100.3017455,
            5.3571526
          ],
          [
            100.3017455,
            5.3571527
          ],
          [
            100.3017455,
            5.3571527
          ],
          [
            100.3017456,
            5.3571527
          ],
          [
            100.3017456,
            5.3571527
          ],
          [
            100.3017456,
            5.3571527
          ],
          [
            100.3017456,
            5.3571527
          ],
          [
            100.3017456,
            5.3571528
          ],
          [
            100.3017456,
            5.3571528
          ],
          [
            100.3017456,
            5.3571528
          ],
          [
            100.3017456,
            5.3571528
          ],
          [
            100.3017457,
            5.3571528
          ],
          [
            100.3017457,
            5.3571528
          ],
          [
            100.3017457,
            5.3571528
          ],
          [
            100.3017457,
            5.3571528
          ],
          [
            100.3017457,
            5.3571528
          ],
          [
            100.3017458,
            5.3571528
          ],
          [
            100.3017458,
            5.3571528
          ],
          [
            100.3017458,
            5.3571528
          ],
          [
            100.3017458,
            5.3571528
          ],
          [
            100.3017459,
            5.3571527
          ],
          [
            100.3017459,
            5.3571527
          ],
          [
            100.3017459,
            5.3571527
          ],
          [
            100.301746,
            5.3571527
          ],
          [
            100.301746,
            5.3571527
          ],
          [
            100.301746,
            5.3571526
          ],
          [
            100.3017461,
            5.3571526
          ],
          [
            100.3017461,
            5.3571526
          ],
          [
            100.3017461,
            5.3571526
          ],
          [
            100.3017462,
            5.3571525
          ],
          [
            100.3017462,
            5.3571525
          ],
          [
            100.3017462,
            5.3571525
          ],
          [
            100.3017463,
            5.3571524
          ],
          [
            100.3017463,
            5.3571524
          ],
          [
            100.3017464,
            5.3571524
          ],
          [
            100.3017464,
            5.3571523
          ],
          [
            100.3017465,
            5.3571523
          ],
          [
            100.3017465,
            5.3571523
          ],
          [
            100.3017465,
            5.3571522
          ],
          [
            100.3017466,
            5.3571522
          ],
          [
            100.3017466,
            5.3571521
          ],
          [
            100.3017467,
            5.3571521
          ],
          [
            100.3017467,
            5.357152
          ],
          [
            100.3017468,
            5.357152
          ],
          [
            100.3017468,
            5.3571519
          ],
          [
            100.3017469,
            5.3571519
          ],
          [
            100.3017469,
            5.3571518
          ],
          [
            100.301747,
            5.3571518
          ],
          [
            100.301747,
            5.3571517
          ],
          [
            100.3017471,
            5.3571517
          ],
          [
            100.3017471,
            5.3571516
          ],
          [
            100.3017472,
            5.3571515
          ],
          [
            100.3017472,
            5.3571515
          ],
          [
            100.3017473,
            5.3571514
          ],
          [
            100.3017473,
            5.3571513
          ],
          [
            100.3017474,
            5.3571513
          ],
          [
            100.3017475,
            5.3571512
          ],
          [
            100.3017475,
            5.3571511
          ],
          [
            100.3017476,
            5.357151
          ],
          [
            100.3017476,
            5.357151
          ],
          [
            100.3017477,
            5.3571509
          ],
          [
            100.3017478,
            5.3571508
          ],
          [
            100.3017478,
            5.3571508
          ],
          [
            100.3017479,
            5.3571507
          ],
          [
            100.3017479,
            5.3571506
          ],
          [
            100.301748,
            5.3571505
          ],
          [
            100.3017481,
            5.3571505
          ],
          [
            100.3017481,
            5.3571504
          ],
          [
            100.3017482,
            5.3571503
          ],
          [
            100.3017483,
            5.3571503
          ],
          [
            100.3017483,
            5.3571502
          ],
          [
            100.3017484,
            5.3571501
          ],
          [
            100.3017484,
            5.3571501
          ],
          [
            100.3017485,
            5.35715
          ],
          [
            100.3017486,
            5.3571499
          ],
          [
            100.3017486,
            5.3571499
          ],
          [
            100.3017487,
            5.3571498
          ],
          [
            100.3017487,
            5.3571497
          ],
          [
            100.3017488,
            5.3571497
          ],
          [
            100.3017489,
            5.3571496
          ],
          [
            100.3017489,
            5.3571496
          ],
          [
            100.301749,
            5.3571495
          ],
          [
            100.3017491,
            5.3571494
          ],
          [
            100.3017491,
            5.3571494
          ],
          [
            100.3017492,
            5.3571493
          ],
          [
            100.3017492,
            5.3571493
          ],
          [
            100.3017493,
            5.3571492
          ],
          [
            100.3017494,
            5.3571492
          ],
          [
            100.3017494,
            5.3571491
          ],
          [
            100.3017495,
            5.3571491
          ],
          [
            100.3017495,
            5.357149
          ],
          [
            100.3017496,
            5.357149
          ],
          [
            100.3017496,
            5.3571489
          ],
          [
            100.3017497,
            5.3571489
          ],
          [
            100.3017497,
            5.3571489
          ],
          [
            100.3017498,
            5.3571488
          ],
          [
            100.3017499,
            5.3571488
          ],
          [
            100.3017499,
            5.3571487
          ],
          [
            100.30175,
            5.3571487
          ],
          [
            100.30175,
            5.3571487
          ],
          [
            100.30175,
            5.3571486
          ],
          [
            100.3017501,
            5.3571486
          ],
          [
            100.3017501,
            5.3571486
          ],
          [
            100.3017502,
            5.3571486
          ],
          [
            100.3017502,
            5.3571486
          ],
          [
            100.3017503,
            5.3571485
          ],
          [
            100.3017503,
            5.3571485
          ],
          [
            100.3017503,
            5.3571485
          ],
          [
            100.3017504,
            5.3571485
          ],
          [
            100.3017504,
            5.3571485
          ],
          [
            100.3017504,
            5.3571485
          ],
          [
            100.3017504,
            5.3571485
          ],
          [
            100.3017504,
            5.3571486
          ],
          [
            100.3017505,
            5.3571486
          ],
          [
            100.3017505,
            5.3571486
          ],
          [
            100.3017505,
            5.3571486
          ],
          [
            100.3017505,
            5.3571487
          ],
          [
            100.3017505,
            5.3571487
          ],
          [
            100.3017505,
            5.3571487
          ],
          [
            100.3017505,
            5.3571488
          ],
          [
            100.3017505,
            5.3571488
          ],
          [
            100.3017505,
            5.3571489
          ],
          [
            100.3017505,
            5.3571489
          ],
          [
            100.3017505,
            5.357149
          ],
          [
            100.3017505,
            5.3571491
          ],
          [
            100.3017505,
            5.3571491
          ],
          [
            100.3017505,
            5.3571492
          ],
          [
            100.3017504,
            5.3571493
          ],
          [
            100.3017504,
            5.3571494
          ],
          [
            100.3017504,
            5.3571494
          ],
          [
            100.3017504,
            5.3571495
          ],
          [
            100.3017503,
            5.3571496
          ],
          [
            100.3017503,
            5.3571497
          ],
          [
            100.3017503,
            5.3571498
          ],
          [
            100.3017503,
            5.3571499
          ],
          [
            100.3017502,
            5.35715
          ],
          [
            100.3017502,
            5.3571501
          ],
          [
            100.3017501,
            5.3571502
          ],
          [
            100.3017501,
            5.3571503
          ],
          [
            100.3017501,
            5.3571504
          ],
          [
            100.30175,
            5.3571505
          ],
          [
            100.30175,
            5.3571506
          ],
          [
            100.3017499,
            5.3571507
          ],
          [
            100.3017499,
            5.3571508
          ],
          [
            100.3017498,
            5.357151
          ],
          [
            100.3017498,
            5.3571511
          ],
          [
            100.3017497,
            5.3571512
          ],
          [
            100.3017497,
            5.3571513
          ],
          [
            100.3017496,
            5.3571515
          ],
          [
            100.3017496,
            5.3571516
          ],
          [
            100.3017495,
            5.3571517
          ],
          [
            100.3017495,
            5.3571518
          ],
          [
            100.3017494,
            5.357152
          ],
          [
            100.3017493,
            5.3571521
          ],
          [
            100.3017493,
            5.3571523
          ],
          [
            100.3017492,
            5.3571524
          ],
          [
            100.3017491,
            5.3571525
          ],
          [
            100.3017491,
            5.3571527
          ],
          [
            100.301749,
            5.3571528
          ],
          [
            100.301749,
            5.3571529
          ],
          [
            100.3017489,
            5.3571531
          ],
          [
            100.3017488,
            5.3571532
          ],
          [
            100.3017488,
            5.3571534
          ],
          [
            100.3017487,
            5.3571535
          ],
          [
            100.3017486,
            5.3571537
          ],
          [
            100.3017486,
            5.3571538
          ],
          [
            100.3017485,
            5.3571539
          ],
          [
            100.3017485,
            5.3571541
          ],
          [
            100.3017484,
            5.3571542
          ],
          [
            100.3017483,
            5.3571544
          ],
          [
            100.3017483,
            5.3571545
          ],
          [
            100.3017482,
            5.3571546
          ],
          [
            100.3017482,
            5.3571548
          ],
          [
            100.3017481,
            5.3571549
          ],
          [
            100.3017481,
            5.357155
          ],
          [
            100.301748,
            5.3571552
          ],
          [
            100.3017479,
            5.3571553
          ],
          [
            100.3017479,
            5.3571554
          ],
          [
            100.3017478,
            5.3571556
          ],
          [
            100.3017478,
            5.3571557
          ],
          [
            100.3017477,
            5.3571558
          ],
          [
            100.3017477,
            5.3571559
          ],
          [
            100.3017477,
            5.3571561
          ],
          [
            100.3017476,
            5.3571562
          ],
          [
            100.3017476,
            5.3571563
          ],
          [
            100.3017475,
            5.3571564
          ],
          [
            100.3017475,
            5.3571565
          ],
          [
            100.3017474,
            5.3571567
          ],
          [
            100.3017474,
            5.3571568
          ],
          [
            100.3017474,
            5.3571569
          ],
          [
            100.3017473,
            5.357157
          ],
          [
            100.3017473,
            5.3571571
          ],
          [
            100.3017473,
            5.3571572
          ],
          [
            100.3017472,
            5.3571573
          ],
          [
            100.3017472,
            5.3571574
          ],
          [
            100.3017472,
            5.3571575
          ],
          [
            100.3017471,
            5.3571576
          ],
          [
            100.3017471,
            5.3571577
          ],
          [
            100.3017471,
            5.3571578
          ],
          [
            100.3017471,
            5.3571579
          ],
          [
            100.301747,
            5.357158
          ],
          [
            100.301747,
            5.3571581
          ],
          [
            100.301747,
            5.3571582
          ],
          [
            100.301747,
            5.3571583
          ],
          [
            100.301747,
            5.3571584
          ],
          [
            100.3017469,
            5.3571585
          ],
          [
            100.3017469,
            5.3571586
          ],
          [
            100.3017469,
            5.3571587
          ],
          [
            100.3017469,
            5.3571587
          ],
          [
            100.3017469,
            5.3571588
          ],
          [
            100.3017469,
            5.3571589
          ],
          [
            100.3017468,
            5.357159
          ],
          [
            100.3017468,
            5.357159
          ],
          [
            100.3017468,
            5.3571591
          ],
          [
            100.3017468,
            5.3571592
          ],
          [
            100.3017468,
            5.3571592
          ],
          [
            100.3017468,
            5.3571593
          ],
          [
            100.3017468,
            5.3571594
          ],
          [
            100.3017468,
            5.3571594
          ],
          [
            100.3017468,
            5.3571595
          ],
          [
            100.3017468,
            5.3571595
          ],
          [
            100.3017468,
            5.3571596
          ],
          [
            100.3017468,
            5.3571597
          ],
          [
            100.3017468,
            5.3571597
          ],
          [
            100.3017468,
            5.3571598
          ],
          [
            100.3017468,
            5.3571598
          ],
          [
            100.3017468,
            5.3571599
          ],
          [
            100.3017468,
            5.3571599
          ],
          [
            100.3017468,
            5.3571599
          ],
          [
            100.3017468,
            5.35716
          ],
          [
            100.3017468,
            5.35716
          ],
          [
            100.3017468,
            5.3571601
          ],
          [
            100.3017468,
            5.3571601
          ],
          [
            100.3017468,
            5.3571601
          ],
          [
            100.3017468,
            5.3571602
          ],
          [
            100.3017468,
            5.3571602
          ],
          [
            100.3017468,
            5.3571602
          ],
          [
            100.3017468,
            5.3571602
          ],
          [
            100.3017468,
            5.3571603
          ],
          [
            100.3017468,
            5.3571603
          ],
          [
            100.3017468,
            5.3571603
          ],
          [
            100.3017468,
            5.3571603
          ],
          [
            100.3017468,
            5.3571604
          ],
          [
            100.3017468,
            5.3571604
          ],
          [
            100.3017468,
            5.3571604
          ],
          [
            100.3017468,
            5.3571604
          ],
          [
            100.3017467,
            5.3571604
          ],
          [
            100.3017467,
            5.3571604
          ],
          [
            100.3017467,
            5.3571604
          ],
          [
            100.3017467,
            5.3571605
          ],
          [
            100.3017467,
            5.3571605
          ],
          [
            100.3017467,
            5.3571605
          ],
          [
            100.3017467,
            5.3571605
          ],
          [
            100.3017467,
            5.3571605
          ],
          [
            100.3017467,
            5.3571605
          ],
          [
            100.3017467,
            5.3571605
          ],
          [
            100.3017467,
            5.3571605
          ],
          [
            100.3017467,
            5.3571605
          ],
          [
            100.3017467,
            5.3571605
          ],
          [
            100.3017467,
            5.3571605
          ],
          [
            100.3017467,
            5.3571605
          ],
          [
            100.3017467,
            5.3571605
          ],
          [
            100.3017466,
            5.3571605
          ],
          [
            100.3017466,
            5.3571605
          ],
          [
            100.3017466,
            5.3571605
          ],
          [
            100.3017466,
            5.3571605
          ],
          [
            100.3017466,
            5.3571604
          ],
          [
            100.3017466,
            5.3571604
          ],
          [
            100.3017466,
            5.3571604
          ],
          [
            100.3017466,
            5.3571604
          ],
          [
            100.3017465,
            5.3571604
          ],
          [
            100.3017465,
            5.3571604
          ],
          [
            100.3017465,
            5.3571604
          ],
          [
            100.3017465,
            5.3571603
          ],
          [
            100.3017465,
            5.3571603
          ],
          [
            100.3017465,
            5.3571603
          ],
          [
            100.3017465,
            5.3571603
          ],
          [
            100.3017464,
            5.3571602
          ],
          [
            100.3017464,
            5.3571602
          ],
          [
            100.3017464,
            5.3571602
          ],
          [
            100.3017464,
            5.3571602
          ],
          [
            100.3017464,
            5.3571601
          ],
          [
            100.3017464,
            5.3571601
          ],
          [
            100.3017464,
            5.3571601
          ],
          [
            100.3017464,
            5.35716
          ],
          [
            100.3017463,
            5.35716
          ],
          [
            100.3017463,
            5.35716
          ],
          [
            100.3017463,
            5.3571599
          ],
          [
            100.3017463,
            5.3571599
          ],
          [
            100.3017463,
            5.3571599
          ],
          [
            100.3017463,
            5.3571598
          ],
          [
            100.3017463,
            5.3571598
          ],
          [
            100.3017463,
            5.3571598
          ],
          [
            100.3017463,
            5.3571597
          ],
          [
            100.3017463,
            5.3571597
          ],
          [
            100.3017463,
            5.3571597
          ],
          [
            100.3017463,
            5.3571596
          ],
          [
            100.3017463,
            5.3571596
          ],
          [
            100.3017463,
            5.3571595
          ],
          [
            100.3017463,
            5.3571595
          ],
          [
            100.3017463,
            5.3571595
          ],
          [
            100.3017463,
            5.3571594
          ],
          [
            100.3017463,
            5.3571594
          ],
          [
            100.3017463,
            5.3571593
          ],
          [
            100.3017463,
            5.3571593
          ],
          [
            100.3017463,
            5.3571593
          ],
          [
            100.3017463,
            5.3571592
          ],
          [
            100.3017464,
            5.3571592
          ],
          [
            100.3017464,
            5.3571591
          ],
          [
            100.3017464,
            5.3571591
          ],
          [
            100.3017464,
            5.357159
          ],
          [
            100.3017464,
            5.357159
          ],
          [
            100.3017464,
            5.357159
          ],
          [
            100.3017464,
            5.3571589
          ],
          [
            100.3017465,
            5.3571589
          ],
          [
            100.3017465,
            5.3571588
          ],
          [
            100.3017465,
            5.3571588
          ],
          [
            100.3017465,
            5.3571587
          ],
          [
            100.3017465,
            5.3571587
          ],
          [
            100.3017466,
            5.3571587
          ],
          [
            100.3017466,
            5.3571586
          ],
          [
            100.3017466,
            5.3571586
          ],
          [
            100.3017466,
            5.3571585
          ],
          [
            100.3017466,
            5.3571585
          ],
          [
            100.3017467,
            5.3571585
          ],
          [
            100.3017467,
            5.3571584
          ],
          [
            100.3017467,
            5.3571584
          ],
          [
            100.3017468,
            5.3571583
          ],
          [
            100.3017468,
            5.3571583
          ],
          [
            100.3017468,
            5.3571583
          ],
          [
            100.3017468,
            5.3571582
          ],
          [
            100.3017469,
            5.3571582
          ],
          [
            100.3017469,
            5.3571582
          ],
          [
            100.3017469,
            5.3571582
          ],
          [
            100.3017469,
            5.3571581
          ],
          [
            100.301747,
            5.3571581
          ],
          [
            100.301747,
            5.3571581
          ],
          [
            100.301747,
            5.3571581
          ],
          [
            100.3017471,
            5.357158
          ],
          [
            100.3017471,
            5.357158
          ],
          [
            100.3017471,
            5.357158
          ],
          [
            100.3017472,
            5.357158
          ],
          [
            100.3017472,
            5.357158
          ],
          [
            100.3017472,
            5.357158
          ],
          [
            100.3017472,
            5.357158
          ],
          [
            100.3017473,
            5.3571579
          ],
          [
            100.3017473,
            5.3571579
          ],
          [
            100.3017473,
            5.3571579
          ],
          [
            100.3017474,
            5.3571579
          ],
          [
            100.3017474,
            5.3571579
          ],
          [
            100.3017474,
            5.357158
          ],
          [
            100.3017474,
            5.357158
          ],
          [
            100.3017475,
            5.357158
          ],
          [
            100.3017475,
            5.357158
          ],
          [
            100.3017475,
            5.357158
          ],
          [
            100.3017475,
            5.357158
          ],
          [
            100.3017476,
            5.357158
          ],
          [
            100.3017476,
            5.357158
          ],
          [
            100.3017476,
            5.3571581
          ],
          [
            100.3017476,
            5.3571581
          ],
          [
            100.3017476,
            5.3571581
          ],
          [
            100.3017477,
            5.3571581
          ],
          [
            100.3017477,
            5.3571582
          ],
          [
            100.3017477,
            5.3571582
          ],
          [
            100.3017477,
            5.3571582
          ],
          [
            100.3017477,
            5.3571583
          ],
          [
            100.3017478,
            5.3571583
          ],
          [
            100.3017478,
            5.3571583
          ],
          [
            100.3017478,
            5.3571584
          ],
          [
            100.3017478,
            5.3571584
          ],
          [
            100.3017478,
            5.3571584
          ],
          [
            100.3017479,
            5.3571585
          ],
          [
            100.3017479,
            5.3571585
          ],
          [
            100.3017479,
            5.3571586
          ],
          [
            100.3017479,
            5.3571586
          ],
          [
            100.3017479,
            5.3571587
          ],
          [
            100.301748,
            5.3571587
          ],
          [
            100.301748,
            5.3571587
          ],
          [
            100.301748,
            5.3571588
          ],
          [
            100.301748,
            5.3571588
          ],
          [
            100.301748,
            5.3571589
          ],
          [
            100.301748,
            5.3571589
          ],
          [
            100.3017481,
            5.357159
          ],
          [
            100.3017481,
            5.357159
          ],
          [
            100.3017481,
            5.3571591
          ],
          [
            100.3017481,
            5.3571592
          ],
          [
            100.3017481,
            5.3571592
          ],
          [
            100.3017481,
            5.3571593
          ],
          [
            100.3017482,
            5.3571593
          ],
          [
            100.3017482,
            5.3571594
          ],
          [
            100.3017482,
            5.3571594
          ],
          [
            100.3017482,
            5.3571595
          ],
          [
            100.3017482,
            5.3571596
          ],
          [
            100.3017482,
            5.3571596
          ],
          [
            100.3017482,
            5.3571597
          ],
          [
            100.3017483,
            5.3571597
          ],
          [
            100.3017483,
            5.3571598
          ],
          [
            100.3017483,
            5.3571599
          ],
          [
            100.3017483,
            5.3571599
          ],
          [
            100.3017483,
            5.35716
          ],
          [
            100.3017483,
            5.35716
          ],
          [
            100.3017483,
            5.3571601
          ],
          [
            100.3017483,
            5.3571602
          ],
          [
            100.3017483,
            5.3571602
          ],
          [
            100.3017483,
            5.3571603
          ],
          [
            100.3017483,
            5.3571603
          ],
          [
            100.3017484,
            5.3571604
          ],
          [
            100.3017484,
            5.3571604
          ],
          [
            100.3017484,
            5.3571605
          ],
          [
            100.3017484,
            5.3571605
          ],
          [
            100.3017484,
            5.3571606
          ],
          [
            100.3017484,
            5.3571606
          ],
          [
            100.3017484,
            5.3571607
          ],
          [
            100.3017484,
            5.3571607
          ],
          [
            100.3017484,
            5.3571607
          ],
          [
            100.3017484,
            5.3571608
          ],
          [
            100.3017484,
            5.3571608
          ],
          [
            100.3017484,
            5.3571608
          ],
          [
            100.3017484,
            5.3571609
          ],
          [
            100.3017484,
            5.3571609
          ],
          [
            100.3017484,
            5.3571609
          ],
          [
            100.3017484,
            5.3571609
          ],
          [
            100.3017484,
            5.357161
          ],
          [
            100.3017484,
            5.357161
          ],
          [
            100.3017484,
            5.357161
          ],
          [
            100.3017484,
            5.357161
          ],
          [
            100.3017484,
            5.357161
          ],
          [
            100.3017484,
            5.357161
          ],
          [
            100.3017484,
            5.3571611
          ],
          [
            100.3017484,
            5.3571611
          ],
          [
            100.3017484,
            5.3571611
          ],
          [
            100.3017484,
            5.3571611
          ],
          [
            100.3017484,
            5.3571611
          ],
          [
            100.3017484,
            5.3571611
          ],
          [
            100.3017484,
            5.3571611
          ],
          [
            100.3017484,
            5.3571611
          ],
          [
            100.3017484,
            5.3571611
          ],
          [
            100.3017484,
            5.357161
          ],
          [
            100.3017484,
            5.357161
          ],
          [
            100.3017484,
            5.357161
          ],
          [
            100.3017484,
            5.357161
          ],
          [
            100.3017484,
            5.357161
          ],
          [
            100.3017483,
            5.357161
          ],
          [
            100.3017483,
            5.3571609
          ],
          [
            100.3017483,
            5.3571609
          ],
          [
            100.3017483,
            5.3571609
          ],
          [
            100.3017483,
            5.3571609
          ],
          [
            100.3017483,
            5.3571608
          ],
          [
            100.3017483,
            5.3571608
          ],
          [
            100.3017483,
            5.3571608
          ],
          [
            100.3017483,
            5.3571607
          ],
          [
            100.3017483,
            5.3571607
          ],
          [
            100.3017483,
            5.3571607
          ],
          [
            100.3017483,
            5.3571606
          ],
          [
            100.3017483,
            5.3571606
          ],
          [
            100.3017483,
            5.3571605
          ],
          [
            100.3017482,
            5.3571605
          ],
          [
            100.3017482,
            5.3571604
          ],
          [
            100.3017482,
            5.3571604
          ],
          [
            100.3017482,
            5.3571603
          ],
          [
            100.3017482,
            5.3571603
          ],
          [
            100.3017482,
            5.3571602
          ],
          [
            100.3017482,
            5.3571601
          ],
          [
            100.3017482,
            5.3571601
          ],
          [
            100.3017482,
            5.35716
          ],
          [
            100.3017482,
            5.3571599
          ],
          [
            100.3017482,
            5.3571599
          ],
          [
            100.3017482,
            5.3571598
          ],
          [
            100.3017482,
            5.3571597
          ],
          [
            100.3017482,
            5.3571597
          ],
          [
            100.3017482,
            5.3571596
          ],
          [
            100.3017482,
            5.3571595
          ],
          [
            100.3017482,
            5.3571594
          ],
          [
            100.3017482,
            5.3571594
          ],
          [
            100.3017481,
            5.3571593
          ],
          [
            100.3017481,
            5.3571592
          ],
          [
            100.3017481,
            5.3571591
          ],
          [
            100.3017481,
            5.357159
          ],
          [
            100.3017481,
            5.3571589
          ],
          [
            100.3017481,
            5.3571589
          ],
          [
            100.3017481,
            5.3571588
          ],
          [
            100.3017481,
            5.3571587
          ],
          [
            100.3017481,
            5.3571586
          ],
          [
            100.3017481,
            5.3571585
          ],
          [
            100.3017481,
            5.3571584
          ],
          [
            100.3017481,
            5.3571584
          ],
          [
            100.3017481,
            5.3571583
          ],
          [
            100.3017481,
            5.3571582
          ],
          [
            100.3017481,
            5.3571581
          ],
          [
            100.3017481,
            5.357158
          ],
          [
            100.3017481,
            5.3571579
          ],
          [
            100.3017481,
            5.3571579
          ],
          [
            100.3017481,
            5.3571578
          ],
          [
            100.3017481,
            5.3571577
          ],
          [
            100.3017481,
            5.3571576
          ],
          [
            100.3017481,
            5.3571575
          ],
          [
            100.3017481,
            5.3571574
          ],
          [
            100.3017481,
            5.3571574
          ],
          [
            100.3017481,
            5.3571573
          ],
          [
            100.3017481,
            5.3571572
          ],
          [
            100.3017482,
            5.3571571
          ],
          [
            100.3017482,
            5.357157
          ],
          [
            100.3017482,
            5.357157
          ],
          [
            100.3017482,
            5.3571569
          ],
          [
            100.3017482,
            5.3571568
          ],
          [
            100.3017482,
            5.3571567
          ],
          [
            100.3017482,
            5.3571566
          ],
          [
            100.3017482,
            5.3571566
          ],
          [
            100.3017482,
            5.3571565
          ],
          [
            100.3017482,
            5.3571564
          ],
          [
            100.3017482,
            5.3571564
          ],
          [
            100.3017482,
            5.3571563
          ],
          [
            100.3017483,
            5.3571562
          ],
          [
            100.3017483,
            5.3571561
          ],
          [
            100.3017483,
            5.3571561
          ],
          [
            100.3017483,
            5.357156
          ],
          [
            100.3017483,
            5.3571559
          ],
          [
            100.3017483,
            5.3571559
          ],
          [
            100.3017484,
            5.3571558
          ],
          [
            100.3017484,
            5.3571557
          ],
          [
            100.3017484,
            5.3571557
          ],
          [
            100.3017484,
            5.3571556
          ],
          [
            100.3017484,
            5.3571556
          ],
          [
            100.3017485,
            5.3571555
          ],
          [
            100.3017485,
            5.3571554
          ],
          [
            100.3017485,
            5.3571554
          ],
          [
            100.3017485,
            5.3571553
          ],
          [
            100.3017485,
            5.3571553
          ],
          [
            100.3017486,
            5.3571552
          ],
          [
            100.3017486,
            5.3571552
          ],
          [
            100.3017486,
            5.3571551
          ],
          [
            100.3017486,
            5.3571551
          ],
          [
            100.3017486,
            5.357155
          ],
          [
            100.3017487,
            5.357155
          ],
          [
            100.3017487,
            5.3571549
          ],
          [
            100.3017487,
            5.3571549
          ],
          [
            100.3017487,
            5.3571548
          ],
          [
            100.3017488,
            5.3571548
          ],
          [
            100.3017488,
            5.3571547
          ],
          [
            100.3017488,
            5.3571547
          ],
          [
            100.3017488,
            5.3571547
          ],
          [
            100.3017488,
            5.3571546
          ],
          [
            100.3017489,
            5.3571546
          ],
          [
            100.3017489,
            5.3571546
          ],
          [
            100.3017489,
            5.3571545
          ],
          [
            100.3017489,
            5.3571545
          ],
          [
            100.3017489,
            5.3571545
          ],
          [
            100.301749,
            5.3571544
          ],
          [
            100.301749,
            5.3571544
          ],
          [
            100.301749,
            5.3571544
          ],
          [
            100.301749,
            5.3571544
          ],
          [
            100.301749,
            5.3571543
          ],
          [
            100.3017491,
            5.3571543
          ],
          [
            100.3017491,
            5.3571543
          ],
          [
            100.3017491,
            5.3571543
          ],
          [
            100.3017491,
            5.3571543
          ],
          [
            100.3017491,
            5.3571542
          ],
          [
            100.3017491,
            5.3571542
          ],
          [
            100.3017492,
            5.3571542
          ],
          [
            100.3017492,
            5.3571542
          ],
          [
            100.3017492,
            5.3571542
          ],
          [
            100.3017492,
            5.3571542
          ],
          [
            100.3017492,
            5.3571542
          ],
          [
            100.3017492,
            5.3571542
          ],
          [
            100.3017492,
            5.3571541
          ],
          [
            100.3017492,
            5.3571541
          ],
          [
            100.3017493,
            5.3571541
          ],
          [
            100.3017493,
            5.3571541
          ],
          [
            100.3017493,
            5.3571541
          ],
          [
            100.3017493,
            5.3571541
          ],
          [
            100.3017493,
            5.3571541
          ],
          [
            100.3017493,
            5.3571541
          ],
          [
            100.3017493,
            5.3571541
          ],
          [
            100.3017493,
            5.3571541
          ],
          [
            100.3017493,
            5.3571541
          ],
          [
            100.3017493,
            5.3571541
          ],
          [
            100.3017493,
            5.3571541
          ],
          [
            100.3017493,
            5.3571541
          ],
          [
            100.3017494,
            5.3571541
          ],
          [
            100.3017494,
            5.3571541
          ],
          [
            100.3017494,
            5.3571541
          ],
          [
            100.3017494,
            5.3571541
          ],
          [
            100.3017494,
            5.3571541
          ],
          [
            100.3017494,
            5.3571541
          ],
          [
            100.3017494,
            5.3571542
          ],
          [
            100.3017494,
            5.3571542
          ],
          [
            100.3017494,
            5.3571542
          ],
          [
            100.3017494,
            5.3571542
          ],
          [
            100.3017494,
            5.3571542
          ],
          [
            100.3017494,
            5.3571542
          ],
          [
            100.3017494,
            5.3571542
          ],
          [
            100.3017494,
            5.3571542
          ],
          [
            100.3017494,
            5.3571542
          ],
          [
            100.3017494,
            5.3571542
          ],
          [
            100.3017494,
            5.3571542
          ],
          [
            100.3017495,
            5.3571542
          ],
          [
            100.3017495,
            5.3571543
          ],
          [
            100.3017495,
            5.3571543
          ],
          [
            100.3017495,
            5.3571543
          ],
          [
            100.3017495,
            5.3571543
          ],
          [
            100.3017495,
            5.3571543
          ],
          [
            100.3017495,
            5.3571543
          ],
          [
            100.3017495,
            5.3571543
          ],
          [
            100.3017495,
            5.3571543
          ],
          [
            100.3017495,
            5.3571543
          ],
          [
            100.3017495,
            5.3571544
          ],
          [
            100.3017496,
            5.3571544
          ],
          [
            100.3017496,
            5.3571544
          ],
          [
            100.3017496,
            5.3571544
          ],
          [
            100.3017496,
            5.3571544
          ],
          [
            100.3017496,
            5.3571544
          ],
          [
            100.3017496,
            5.3571544
          ],
          [
            100.3017496,
            5.3571544
          ],
          [
            100.3017497,
            5.3571544
          ],
          [
            100.3017497,
            5.3571544
          ],
          [
            100.3017497,
            5.3571545
          ],
          [
            100.3017497,
            5.3571545
          ],
          [
            100.3017497,
            5.3571545
          ],
          [
            100.3017498,
            5.3571545
          ],
          [
            100.3017498,
            5.3571545
          ],
          [
            100.3017498,
            5.3571545
          ],
          [
            100.3017498,
            5.3571545
          ],
          [
            100.3017498,
            5.3571545
          ],
          [
            100.3017499,
            5.3571545
          ],
          [
            100.3017499,
            5.3571545
          ],
          [
            100.3017499,
            5.3571545
          ],
          [
            100.3017499,
            5.3571545
          ],
          [
            100.3017499,
            5.3571545
          ],
          [
            100.30175,
            5.3571544
          ],
          [
            100.30175,
            5.3571544
          ],
          [
            100.30175,
            5.3571544
          ],
          [
            100.30175,
            5.3571544
          ],
          [
            100.30175,
            5.3571544
          ],
          [
            100.30175,
            5.3571543
          ],
          [
            100.30175,
            5.3571543
          ],
          [
            100.3017501,
            5.3571543
          ],
          [
            100.3017501,
            5.3571542
          ],
          [
            100.3017501,
            5.3571542
          ],
          [
            100.3017501,
            5.3571542
          ],
          [
            100.3017501,
            5.3571541
          ],
          [
            100.3017501,
            5.3571541
          ],
          [
            100.3017501,
            5.357154
          ],
          [
            100.3017501,
            5.357154
          ],
          [
            100.3017501,
            5.3571539
          ],
          [
            100.3017501,
            5.3571539
          ],
          [
            100.3017501,
            5.3571538
          ],
          [
            100.3017501,
            5.3571538
          ],
          [
            100.3017501,
            5.3571537
          ],
          [
            100.3017501,
            5.3571536
          ],
          [
            100.3017501,
            5.3571535
          ],
          [
            100.3017501,
            5.3571535
          ],
          [
            100.3017501,
            5.3571534
          ],
          [
            100.3017501,
            5.3571533
          ],
          [
            100.3017501,
            5.3571532
          ],
          [
            100.3017501,
            5.3571531
          ],
          [
            100.3017501,
            5.357153
          ],
          [
            100.3017501,
            5.3571529
          ],
          [
            100.3017501,
            5.3571528
          ],
          [
            100.3017501,
            5.3571527
          ],
          [
            100.3017501,
            5.3571526
          ],
          [
            100.3017501,
            5.3571525
          ],
          [
            100.3017501,
            5.3571524
          ],
          [
            100.3017501,
            5.3571523
          ],
          [
            100.3017501,
            5.3571522
          ],
          [
            100.3017501,
            5.357152
          ],
          [
            100.3017501,
            5.3571519
          ],
          [
            100.3017501,
            5.3571518
          ],
          [
            100.3017501,
            5.3571517
          ],
          [
            100.3017501,
            5.3571515
          ],
          [
            100.3017501,
            5.3571514
          ],
          [
            100.3017501,
            5.3571513
          ],
          [
            100.30175,
            5.3571511
          ],
          [
            100.30175,
            5.357151
          ],
          [
            100.30175,
            5.3571508
          ],
          [
            100.30175,
            5.3571507
          ],
          [
            100.30175,
            5.3571505
          ],
          [
            100.30175,
            5.3571504
          ],
          [
            100.30175,
            5.3571502
          ],
          [
            100.30175,
            5.3571501
          ],
          [
            100.30175,
            5.3571499
          ],
          [
            100.3017499,
            5.3571497
          ],
          [
            100.3017499,
            5.3571496
          ],
          [
            100.3017499,
            5.3571494
          ],
          [
            100.3017499,
            5.3571492
          ],
          [
            100.3017499,
            5.3571491
          ],
          [
            100.3017499,
            5.3571489
          ],
          [
            100.3017499,
            5.3571487
          ],
          [
            100.3017499,
            5.3571486
          ],
          [
            100.3017499,
            5.3571484
          ],
          [
            100.3017499,
            5.3571482
          ],
          [
            100.3017499,
            5.357148
          ],
          [
            100.3017499,
            5.3571479
          ],
          [
            100.3017499,
            5.3571477
          ],
          [
            100.3017499,
            5.3571475
          ],
          [
            100.3017499,
            5.3571473
          ],
          [
            100.3017499,
            5.3571472
          ],
          [
            100.3017499,
            5.357147
          ],
          [
            100.3017499,
            5.3571468
          ],
          [
            100.3017499,
            5.3571466
          ],
          [
            100.3017499,
            5.3571465
          ],
          [
            100.3017499,
            5.3571463
          ],
          [
            100.3017499,
            5.3571461
          ],
          [
            100.3017499,
            5.357146
          ],
          [
            100.3017499,
            5.3571458
          ],
          [
            100.3017499,
            5.3571456
          ],
          [
            100.30175,
            5.3571454
          ],
          [
            100.30175,
            5.3571453
          ],
          [
            100.30175,
            5.3571451
          ],
          [
            100.30175,
            5.3571449
          ],
          [
            100.30175,
            5.3571448
          ],
          [
            100.30175,
            5.3571446
          ],
          [
            100.3017501,
            5.3571444
          ],
          [
            100.3017501,
            5.3571443
          ],
          [
            100.3017501,
            5.3571441
          ],
          [
            100.3017501,
            5.3571439
          ],
          [
            100.3017502,
            5.3571438
          ],
          [
            100.3017502,
            5.3571436
          ],
          [
            100.3017502,
            5.3571434
          ],
          [
            100.3017503,
            5.3571433
          ],
          [
            100.3017503,
            5.3571431
          ],
          [
            100.3017503,
            5.3571429
          ],
          [
            100.3017504,
            5.3571428
          ],
          [
            100.3017504,
            5.3571426
          ],
          [
            100.3017505,
            5.3571424
          ],
          [
            100.3017505,
            5.3571423
          ],
          [
            100.3017506,
            5.3571421
          ],
          [
            100.3017506,
            5.3571419
          ],
          [
            100.3017506,
            5.3571418
          ],
          [
            100.3017507,
            5.3571416
          ],
          [
            100.3017508,
            5.3571414
          ],
          [
            100.3017508,
            5.3571412
          ],
          [
            100.3017509,
            5.3571411
          ],
          [
            100.3017509,
            5.3571409
          ],
          [
            100.301751,
            5.3571407
          ],
          [
            100.301751,
            5.3571406
          ],
          [
            100.3017511,
            5.3571404
          ],
          [
            100.3017512,
            5.3571402
          ],
          [
            100.3017512,
            5.35714
          ],
          [
            100.3017513,
            5.3571399
          ],
          [
            100.3017514,
            5.3571397
          ],
          [
            100.3017514,
            5.3571395
          ],
          [
            100.3017515,
            5.3571393
          ],
          [
            100.3017516,
            5.3571392
          ],
          [
            100.3017517,
            5.357139
          ],
          [
            100.3017517,
            5.3571388
          ],
          [
            100.3017518,
            5.3571386
          ],
          [
            100.3017519,
            5.3571385
          ],
          [
            100.301752,
            5.3571383
          ],
          [
            100.3017521,
            5.3571381
          ],
          [
            100.3017522,
            5.3571379
          ],
          [
            100.3017522,
            5.3571378
          ],
          [
            100.3017523,
            5.3571376
          ],
          [
            100.3017524,
            5.3571374
          ],
          [
            100.3017525,
            5.3571372
          ],
          [
            100.3017526,
            5.3571371
          ],
          [
            100.3017527,
            5.3571369
          ],
          [
            100.3017528,
            5.3571367
          ],
          [
            100.3017529,
            5.3571366
          ],
          [
            100.301753,
            5.3571364
          ],
          [
            100.3017531,
            5.3571362
          ],
          [
            100.3017532,
            5.3571361
          ],
          [
            100.3017533,
            5.3571359
          ],
          [
            100.3017534,
            5.3571357
          ],
          [
            100.3017535,
            5.3571356
          ],
          [
            100.3017536,
            5.3571354
          ],
          [
            100.3017537,
            5.3571353
          ],
          [
            100.3017538,
            5.3571352
          ],
          [
            100.3017539,
            5.357135
          ],
          [
            100.3017541,
            5.3571349
          ],
          [
            100.3017542,
            5.3571348
          ],
          [
            100.3017543,
            5.3571346
          ],
          [
            100.3017544,
            5.3571345
          ],
          [
            100.3017545,
            5.3571344
          ],
          [
            100.3017546,
            5.3571343
          ],
          [
            100.3017547,
            5.3571342
          ],
          [
            100.3017548,
            5.3571341
          ],
          [
            100.3017549,
            5.357134
          ],
          [
            100.301755,
            5.3571339
          ],
          [
            100.3017551,
            5.3571339
          ],
          [
            100.3017552,
            5.3571338
          ],
          [
            100.3017553,
            5.3571337
          ],
          [
            100.3017554,
            5.3571337
          ],
          [
            100.3017555,
            5.3571336
          ],
          [
            100.3017556,
            5.3571336
          ],
          [
            100.3017557,
            5.3571335
          ],
          [
            100.3017558,
            5.3571335
          ],
          [
            100.3017559,
            5.3571334
          ],
          [
            100.301756,
            5.3571334
          ],
          [
            100.3017561,
            5.3571334
          ],
          [
            100.3017562,
            5.3571334
          ],
          [
            100.3017563,
            5.3571334
          ],
          [
            100.3017564,
            5.3571334
          ],
          [
            100.3017565,
            5.3571334
          ],
          [
            100.3017565,
            5.3571334
          ],
          [
            100.3017566,
            5.3571334
          ],
          [
            100.3017567,
            5.3571334
          ],
          [
            100.3017568,
            5.3571334
          ],
          [
            100.3017569,
            5.3571335
          ],
          [
            100.301757,
            5.3571335
          ],
          [
            100.301757,
            5.3571336
          ],
          [
            100.3017571,
            5.3571336
          ],
          [
            100.3017572,
            5.3571337
          ],
          [
            100.3017572,
            5.3571337
          ],
          [
            100.3017573,
            5.3571338
          ],
          [
            100.3017574,
            5.3571339
          ],
          [
            100.3017574,
            5.3571339
          ],
          [
            100.3017575,
            5.357134
          ],
          [
            100.3017576,
            5.3571341
          ],
          [
            100.3017576,
            5.3571342
          ],
          [
            100.3017577,
            5.3571343
          ],
          [
            100.3017578,
            5.3571344
          ],
          [
            100.3017578,
            5.3571345
          ],
          [
            100.3017579,
            5.3571345
          ],
          [
            100.3017579,
            5.3571346
          ],
          [
            100.301758,
            5.3571347
          ],
          [
            100.301758,
            5.3571348
          ],
          [
            100.3017581,
            5.3571349
          ],
          [
            100.3017581,
            5.357135
          ],
          [
            100.3017582,
            5.3571351
          ],
          [
            100.3017582,
            5.3571353
          ],
          [
            100.3017583,
            5.3571354
          ],
          [
            100.3017583,
            5.3571355
          ],
          [
            100.3017584,
            5.3571356
          ],
          [
            100.3017584,
            5.3571357
          ],
          [
            100.3017585,
            5.3571358
          ],
          [
            100.3017585,
            5.3571359
          ],
          [
            100.3017585,
            5.357136
          ],
          [
            100.3017586,
            5.3571361
          ],
          [
            100.3017586,
            5.3571362
          ],
          [
            100.3017587,
            5.3571363
          ],
          [
            100.3017587,
            5.3571364
          ],
          [
            100.3017587,
            5.3571365
          ],
          [
            100.3017588,
            5.3571366
          ],
          [
            100.3017588,
            5.3571367
          ],
          [
            100.3017589,
            5.3571367
          ],
          [
            100.3017589,
            5.3571368
          ],
          [
            100.3017589,
            5.3571369
          ],
          [
            100.301759,
            5.3571369
          ],
          [
            100.301759,
            5.357137
          ],
          [
            100.3017591,
            5.3571371
          ],
          [
            100.3017591,
            5.3571371
          ],
          [
            100.3017592,
            5.3571372
          ],
          [
            100.3017592,
            5.3571372
          ],
          [
            100.3017592,
            5.3571373
          ],
          [
            100.3017593,
            5.3571374
          ],
          [
            100.3017595,
            5.3571373
          ],
          [
            100.3017599,
            5.3571374
          ],
          [
            100.3017605,
            5.3571374
          ],
          [
            100.3017611,
            5.3571374
          ],
          [
            100.3017618,
            5.3571375
          ],
          [
            100.3017627,
            5.3571377
          ],
          [
            100.3017635,
            5.357138
          ],
          [
            100.3017644,
            5.3571384
          ],
          [
            100.3017654,
            5.357139
          ],
          [
            100.3017663,
            5.3571398
          ],
          [
            100.301767,
            5.3571406
          ],
          [
            100.3017676,
            5.3571415
          ],
          [
            100.3017679,
            5.3571423
          ],
          [
            100.3017683,
            5.3571434
          ],
          [
            100.3017688,
            5.3571446
          ],
          [
            100.3017691,
            5.3571456
          ],
          [
            100.3017693,
            5.3571467
          ],
          [
            100.3017695,
            5.3571478
          ],
          [
            100.3017698,
            5.3571491
          ],
          [
            100.30177,
            5.3571506
          ],
          [
            100.3017702,
            5.357152
          ],
          [
            100.3017704,
            5.3571535
          ],
          [
            100.3017704,
            5.3571549
          ],
          [
            100.3017706,
            5.3571561
          ],
          [
            100.3017708,
            5.3571573
          ],
          [
            100.3017709,
            5.3571588
          ],
          [
            100.301771,
            5.3571603
          ],
          [
            100.3017708,
            5.3571618
          ],
          [
            100.3017705,
            5.3571631
          ],
          [
            100.3017701,
            5.3571643
          ],
          [
            100.301769,
            5.3571659
          ],
          [
            100.3017682,
            5.3571671
          ],
          [
            100.3017672,
            5.35717
          ],
          [
            100.3017661,
            5.3571728
          ],
          [
            100.3017652,
            5.3571752
          ],
          [
            100.3017642,
            5.3571772
          ],
          [
            100.3017634,
            5.357179
          ],
          [
            100.3017627,
            5.3571806
          ],
          [
            100.3017621,
            5.3571819
          ],
          [
            100.3017616,
            5.3571832
          ],
          [
            100.3017612,
            5.3571845
          ],
          [
            100.3017608,
            5.3571858
          ],
          [
            100.3017603,
            5.357187
          ],
          [
            100.3017599,
            5.3571881
          ],
          [
            100.3017595,
            5.3571891
          ],
          [
            100.3017592,
            5.3571901
          ],
          [
            100.3017589,
            5.3571908
          ],
          [
            100.3017584,
            5.3571923
          ],
          [
            100.3017579,
            5.3571938
          ],
          [
            100.3017575,
            5.3571952
          ],
          [
            100.301757,
            5.3571966
          ],
          [
            100.3017566,
            5.3571978
          ],
          [
            100.3017563,
            5.3571989
          ],
          [
            100.3017559,
            5.3571998
          ],
          [
            100.3017557,
            5.3572005
          ],
          [
            100.3017554,
            5.3572012
          ],
          [
            100.3017551,
            5.3572019
          ],
          [
            100.3017549,
            5.3572026
          ],
          [
            100.3017547,
            5.3572033
          ],
          [
            100.3017545,
            5.3572039
          ],
          [
            100.3017543,
            5.3572044
          ],
          [
            100.3017541,
            5.3572049
          ],
          [
            100.3017538,
            5.3572052
          ],
          [
            100.3017535,
            5.3572055
          ],
          [
            100.301753,
            5.3572057
          ],
          [
            100.3017525,
            5.3572058
          ],
          [
            100.301752,
            5.357206
          ],
          [
            100.3017515,
            5.3572061
          ],
          [
            100.301751,
            5.3572062
          ],
          [
            100.3017506,
            5.3572062
          ],
          [
            100.3017503,
            5.3572062
          ],
          [
            100.3017499,
            5.3572062
          ],
          [
            100.3017495,
            5.3572061
          ],
          [
            100.3017492,
            5.3572061
          ],
          [
            100.3017489,
            5.357206
          ],
          [
            100.3017488,
            5.357206
          ],
          [
            100.3017485,
            5.3572058
          ],
          [
            100.3017486,
            5.3572059
          ],
          [
            100.3017487,
            5.357206
          ],
          [
            100.3017488,
            5.3572061
          ],
          [
            100.3017488,
            5.3572062
          ],
          [
            100.3017489,
            5.3572062
          ],
          [
            100.3017489,
            5.3572063
          ],
          [
            100.3017489,
            5.3572064
          ],
          [
            100.3017489,
            5.3572064
          ],
          [
            100.301749,
            5.3572065
          ],
          [
            100.301749,
            5.3572066
          ],
          [
            100.301749,
            5.3572066
          ],
          [
            100.301749,
            5.3572067
          ],
          [
            100.301749,
            5.3572067
          ],
          [
            100.301749,
            5.3572067
          ],
          [
            100.301749,
            5.3572068
          ],
          [
            100.301749,
            5.3572068
          ],
          [
            100.301749,
            5.3572068
          ],
          [
            100.301749,
            5.3572067
          ],
          [
            100.3017491,
            5.3572067
          ],
          [
            100.3017491,
            5.3572066
          ],
          [
            100.3017491,
            5.3572065
          ],
          [
            100.3017491,
            5.3572064
          ],
          [
            100.3017491,
            5.3572063
          ],
          [
            100.3017491,
            5.3572062
          ],
          [
            100.3017491,
            5.3572061
          ],
          [
            100.3017491,
            5.357206
          ],
          [
            100.3017491,
            5.3572059
          ],
          [
            100.3017491,
            5.3572058
          ],
          [
            100.3017491,
            5.3572057
          ],
          [
            100.3017491,
            5.3572056
          ],
          [
            100.3017491,
            5.3572055
          ],
          [
            100.3017491,
            5.3572054
          ],
          [
            100.3017491,
            5.3572053
          ],
          [
            100.3017491,
            5.3572052
          ],
          [
            100.3017491,
            5.3572051
          ],
          [
            100.3017491,
            5.357205
          ],
          [
            100.3017491,
            5.3572049
          ],
          [
            100.3017491,
            5.3572048
          ],
          [
            100.301749,
            5.3572047
          ],
          [
            100.301749,
            5.3572046
          ],
          [
            100.301749,
            5.3572045
          ],
          [
            100.301749,
            5.3572044
          ],
          [
            100.3017489,
            5.3572043
          ],
          [
            100.3017489,
            5.3572042
          ],
          [
            100.3017489,
            5.3572041
          ],
          [
            100.3017488,
            5.3572041
          ],
          [
            100.3017488,
            5.357204
          ],
          [
            100.3017488,
            5.3572039
          ],
          [
            100.3017487,
            5.3572038
          ],
          [
            100.3017487,
            5.3572037
          ],
          [
            100.3017486,
            5.3572036
          ],
          [
            100.3017486,
            5.3572036
          ],
          [
            100.3017485,
            5.3572035
          ],
          [
            100.3017485,
            5.3572034
          ],
          [
            100.3017485,
            5.3572033
          ],
          [
            100.3017484,
            5.3572033
          ],
          [
            100.3017484,
            5.3572032
          ],
          [
            100.3017483,
            5.3572031
          ],
          [
            100.3017483,
            5.357203
          ],
          [
            100.3017482,
            5.357203
          ],
          [
            100.3017482,
            5.3572029
          ],
          [
            100.3017481,
            5.3572028
          ],
          [
            100.3017481,
            5.3572027
          ],
          [
            100.301748,
            5.3572026
          ],
          [
            100.3017479,
            5.3572025
          ],
          [
            100.3017479,
            5.3572024
          ],
          [
            100.3017478,
            5.3572023
          ],
          [
            100.3017478,
            5.3572022
          ],
          [
            100.3017477,
            5.3572021
          ],
          [
            100.3017477,
            5.357202
          ],
          [
            100.3017476,
            5.3572019
          ],
          [
            100.3017476,
            5.3572018
          ],
          [
            100.3017475,
            5.3572016
          ],
          [
            100.3017475,
            5.3572015
          ],
          [
            100.3017475,
            5.3572014
          ],
          [
            100.3017474,
            5.3572012
          ],
          [
            100.3017474,
            5.3572011
          ],
          [
            100.3017473,
            5.3572009
          ],
          [
            100.3017473,
            5.3572008
          ],
          [
            100.3017472,
            5.3572006
          ],
          [
            100.3017472,
            5.3572005
          ],
          [
            100.3017472,
            5.3572004
          ],
          [
            100.3017471,
            5.3572002
          ],
          [
            100.3017471,
            5.3572001
          ],
          [
            100.3017471,
            5.3571999
          ],
          [
            100.301747,
            5.3571997
          ],
          [
            100.301747,
            5.3571996
          ],
          [
            100.301747,
            5.3571994
          ],
          [
            100.3017469,
            5.3571993
          ],
          [
            100.3017469,
            5.3571991
          ],
          [
            100.3017469,
            5.3571989
          ],
          [
            100.3017469,
            5.3571988
          ],
          [
            100.3017468,
            5.3571986
          ],
          [
            100.3017468,
            5.3571984
          ],
          [
            100.3017468,
            5.3571982
          ],
          [
            100.3017468,
            5.3571981
          ],
          [
            100.3017467,
            5.3571979
          ],
          [
            100.3017467,
            5.3571977
          ],
          [
            100.3017467,
            5.3571975
          ],
          [
            100.3017467,
            5.3571973
          ],
          [
            100.3017467,
            5.3571972
          ],
          [
            100.3017467,
            5.357197
          ],
          [
            100.3017467,
            5.3571968
          ],
          [
            100.3017467,
            5.3571966
          ],
          [
            100.3017467,
            5.3571964
          ],
          [
            100.3017467,
            5.3571962
          ],
          [
            100.3017467,
            5.357196
          ],
          [
            100.3017467,
            5.3571958
          ],
          [
            100.3017467,
            5.3571956
          ],
          [
            100.3017467,
            5.3571954
          ],
          [
            100.3017467,
            5.3571952
          ],
          [
            100.3017467,
            5.357195
          ],
          [
            100.3017467,
            5.3571948
          ],
          [
            100.3017468,
            5.3571946
          ],
          [
            100.3017468,
            5.3571944
          ],
          [
            100.3017468,
            5.3571941
          ],
          [
            100.3017468,
            5.3571939
          ],
          [
            100.3017468,
            5.3571937
          ],
          [
            100.3017468,
            5.3571935
          ],
          [
            100.3017469,
            5.3571933
          ],
          [
            100.3017469,
            5.3571931
          ],
          [
            100.3017469,
            5.3571928
          ],
          [
            100.3017469,
            5.3571926
          ],
          [
            100.301747,
            5.3571924
          ],
          [
            100.301747,
            5.3571922
          ],
          [
            100.301747,
            5.357192
          ],
          [
            100.3017471,
            5.3571917
          ],
          [
            100.3017471,
            5.3571915
          ],
          [
            100.3017471,
            5.3571913
          ],
          [
            100.3017471,
            5.3571911
          ],
          [
            100.3017472,
            5.3571909
          ],
          [
            100.3017472,
            5.3571906
          ],
          [
            100.3017472,
            5.3571904
          ],
          [
            100.3017472,
            5.3571902
          ],
          [
            100.3017473,
            5.35719
          ],
          [
            100.3017473,
            5.3571897
          ],
          [
            100.3017473,
            5.3571895
          ],
          [
            100.3017474,
            5.3571893
          ],
          [
            100.3017474,
            5.3571891
          ],
          [
            100.3017474,
            5.3571888
          ],
          [
            100.3017474,
            5.3571886
          ],
          [
            100.3017475,
            5.3571884
          ],
          [
            100.3017475,
            5.3571881
          ],
          [
            100.3017475,
            5.3571879
          ],
          [
            100.3017475,
            5.3571877
          ],
          [
            100.3017475,
            5.3571874
          ],
          [
            100.3017476,
            5.3571872
          ],
          [
            100.3017476,
            5.357187
          ],
          [
            100.3017476,
            5.3571867
          ],
          [
            100.3017476,
            5.3571865
          ],
          [
            100.3017476,
            5.3571863
          ],
          [
            100.3017477,
            5.357186
          ],
          [
            100.3017477,
            5.3571858
          ],
          [
            100.3017477,
            5.3571855
          ],
          [
            100.3017477,
            5.3571853
          ],
          [
            100.3017477,
            5.3571851
          ],
          [
            100.3017477,
            5.3571848
          ],
          [
            100.3017477,
            5.3571846
          ],
          [
            100.3017477,
            5.3571844
          ],
          [
            100.3017478,
            5.3571841
          ],
          [
            100.3017478,
            5.3571839
          ],
          [
            100.3017478,
            5.3571837
          ],
          [
            100.3017478,
            5.3571834
          ],
          [
            100.3017478,
            5.3571832
          ],
          [
            100.3017478,
            5.357183
          ],
          [
            100.3017478,
            5.3571827
          ],
          [
            100.3017478,
            5.3571825
          ],
          [
            100.3017478,
            5.3571823
          ],
          [
            100.3017478,
            5.357182
          ],
          [
            100.3017478,
            5.3571818
          ],
          [
            100.3017478,
            5.3571816
          ],
          [
            100.3017478,
            5.3571814
          ],
          [
            100.3017478,
            5.3571811
          ],
          [
            100.3017478,
            5.3571809
          ],
          [
            100.3017478,
            5.3571807
          ],
          [
            100.3017478,
            5.3571805
          ],
          [
            100.3017478,
            5.3571802
          ],
          [
            100.3017478,
            5.35718
          ],
          [
            100.3017478,
            5.3571798
          ],
          [
            100.3017478,
            5.3571796
          ],
          [
            100.3017478,
            5.3571793
          ],
          [
            100.3017478,
            5.3571791
          ],
          [
            100.3017478,
            5.3571789
          ],
          [
            100.3017478,
            5.3571787
          ],
          [
            100.3017477,
            5.3571785
          ],
          [
            100.3017477,
            5.3571782
          ],
          [
            100.3017477,
            5.357178
          ],
          [
            100.3017477,
            5.3571778
          ],
          [
            100.3017477,
            5.3571776
          ],
          [
            100.3017477,
            5.3571774
          ],
          [
            100.3017477,
            5.3571772
          ],
          [
            100.3017476,
            5.357177
          ],
          [
            100.3017476,
            5.3571768
          ],
          [
            100.3017476,
            5.3571765
          ],
          [
            100.3017476,
            5.3571763
          ],
          [
            100.3017476,
            5.3571761
          ],
          [
            100.3017475,
            5.3571759
          ],
          [
            100.3017475,
            5.3571758
          ],
          [
            100.3017475,
            5.3571756
          ],
          [
            100.3017475,
            5.3571754
          ],
          [
            100.3017474,
            5.3571752
          ],
          [
            100.3017474,
            5.357175
          ],
          [
            100.3017474,
            5.3571748
          ],
          [
            100.3017474,
            5.3571747
          ],
          [
            100.3017473,
            5.3571745
          ],
          [
            100.3017473,
            5.3571743
          ],
          [
            100.3017473,
            5.3571742
          ],
          [
            100.3017472,
            5.357174
          ],
          [
            100.3017472,
            5.3571739
          ],
          [
            100.3017472,
            5.3571737
          ],
          [
            100.3017472,
            5.3571736
          ],
          [
            100.3017471,
            5.3571735
          ],
          [
            100.3017471,
            5.3571733
          ],
          [
            100.3017471,
            5.3571732
          ],
          [
            100.301747,
            5.3571731
          ],
          [
            100.301747,
            5.357173
          ],
          [
            100.301747,
            5.3571729
          ],
          [
            100.3017469,
            5.3571728
          ],
          [
            100.3017469,
            5.3571727
          ],
          [
            100.3017469,
            5.3571726
          ],
          [
            100.3017468,
            5.3571725
          ],
          [
            100.3017468,
            5.3571724
          ],
          [
            100.3017468,
            5.3571723
          ],
          [
            100.3017467,
            5.3571722
          ],
          [
            100.3017467,
            5.3571721
          ],
          [
            100.3017467,
            5.357172
          ],
          [
            100.3017466,
            5.357172
          ],
          [
            100.3017466,
            5.3571719
          ],
          [
            100.3017466,
            5.3571718
          ],
          [
            100.3017465,
            5.3571717
          ],
          [
            100.3017465,
            5.3571717
          ],
          [
            100.3017465,
            5.3571716
          ],
          [
            100.3017464,
            5.3571716
          ],
          [
            100.3017464,
            5.3571715
          ],
          [
            100.3017464,
            5.3571715
          ],
          [
            100.3017463,
            5.3571714
          ],
          [
            100.3017463,
            5.3571714
          ],
          [
            100.3017463,
            5.3571713
          ],
          [
            100.3017462,
            5.3571713
          ],
          [
            100.3017462,
            5.3571713
          ],
          [
            100.3017462,
            5.3571712
          ],
          [
            100.3017462,
            5.3571712
          ],
          [
            100.3017461,
            5.3571712
          ],
          [
            100.3017461,
            5.3571711
          ],
          [
            100.3017461,
            5.3571711
          ],
          [
            100.3017461,
            5.3571711
          ],
          [
            100.301746,
            5.3571711
          ],
          [
            100.301746,
            5.3571711
          ],
          [
            100.301746,
            5.3571711
          ],
          [
            100.301746,
            5.3571711
          ],
          [
            100.3017459,
            5.3571711
          ],
          [
            100.3017459,
            5.3571711
          ],
          [
            100.3017459,
            5.3571711
          ],
          [
            100.3017459,
            5.3571711
          ],
          [
            100.3017459,
            5.3571711
          ],
          [
            100.3017458,
            5.3571711
          ],
          [
            100.3017458,
            5.3571712
          ],
          [
            100.3017458,
            5.3571712
          ],
          [
            100.3017458,
            5.3571712
          ],
          [
            100.3017458,
            5.3571712
          ],
          [
            100.3017458,
            5.3571713
          ],
          [
            100.3017457,
            5.3571713
          ],
          [
            100.3017457,
            5.3571714
          ],
          [
            100.3017457,
            5.3571714
          ],
          [
            100.3017457,
            5.3571714
          ],
          [
            100.3017457,
            5.3571715
          ],
          [
            100.3017457,
            5.3571715
          ],
          [
            100.3017456,
            5.3571716
          ],
          [
            100.3017456,
            5.3571716
          ],
          [
            100.3017456,
            5.3571717
          ],
          [
            100.3017456,
            5.3571717
          ],
          [
            100.3017456,
            5.3571718
          ],
          [
            100.3017455,
            5.3571719
          ],
          [
            100.3017455,
            5.3571719
          ],
          [
            100.3017455,
            5.357172
          ],
          [
            100.3017455,
            5.3571721
          ],
          [
            100.3017454,
            5.3571722
          ],
          [
            100.3017454,
            5.3571722
          ],
          [
            100.3017454,
            5.3571723
          ],
          [
            100.3017454,
            5.3571724
          ],
          [
            100.3017453,
            5.3571725
          ],
          [
            100.3017453,
            5.3571726
          ],
          [
            100.3017453,
            5.3571727
          ],
          [
            100.3017453,
            5.3571728
          ],
          [
            100.3017452,
            5.3571729
          ],
          [
            100.3017452,
            5.357173
          ],
          [
            100.3017452,
            5.3571732
          ],
          [
            100.3017451,
            5.3571733
          ],
          [
            100.3017451,
            5.3571734
          ],
          [
            100.301745,
            5.3571735
          ],
          [
            100.301745,
            5.3571737
          ],
          [
            100.301745,
            5.3571738
          ],
          [
            100.3017449,
            5.3571739
          ],
          [
            100.3017449,
            5.3571741
          ],
          [
            100.3017449,
            5.3571742
          ],
          [
            100.3017448,
            5.3571744
          ],
          [
            100.3017448,
            5.3571745
          ],
          [
            100.3017448,
            5.3571747
          ],
          [
            100.3017447,
            5.3571748
          ],
          [
            100.3017447,
            5.357175
          ],
          [
            100.3017446,
            5.3571751
          ],
          [
            100.3017446,
            5.3571753
          ],
          [
            100.3017446,
            5.3571754
          ],
          [
            100.3017445,
            5.3571756
          ],
          [
            100.3017445,
            5.3571757
          ],
          [
            100.3017445,
            5.3571759
          ],
          [
            100.3017444,
            5.357176
          ],
          [
            100.3017444,
            5.3571762
          ],
          [
            100.3017443,
            5.3571763
          ],
          [
            100.3017443,
            5.3571765
          ],
          [
            100.3017443,
            5.3571766
          ],
          [
            100.3017442,
            5.3571768
          ],
          [
            100.3017442,
            5.3571769
          ],
          [
            100.3017442,
            5.3571771
          ],
          [
            100.3017441,
            5.3571772
          ],
          [
            100.3017441,
            5.3571773
          ],
          [
            100.3017441,
            5.3571775
          ],
          [
            100.301744,
            5.3571776
          ],
          [
            100.301744,
            5.3571777
          ],
          [
            100.301744,
            5.3571779
          ],
          [
            100.3017439,
            5.357178
          ],
          [
            100.3017439,
            5.3571781
          ],
          [
            100.3017439,
            5.3571783
          ],
          [
            100.3017438,
            5.3571784
          ],
          [
            100.3017438,
            5.3571785
          ],
          [
            100.3017438,
            5.3571786
          ],
          [
            100.3017437,
            5.3571787
          ],
          [
            100.3017437,
            5.3571788
          ],
          [
            100.3017437,
            5.3571789
          ],
          [
            100.3017437,
            5.357179
          ],
          [
            100.3017436,
            5.3571791
          ],
          [
            100.3017436,
            5.3571792
          ],
          [
            100.3017436,
            5.3571793
          ],
          [
            100.3017436,
            5.3571794
          ],
          [
            100.3017436,
            5.3571794
          ],
          [
            100.3017435,
            5.3571795
          ],
          [
            100.3017435,
            5.3571796
          ],
          [
            100.3017435,
            5.3571796
          ],
          [
            100.3017435,
            5.3571797
          ],
          [
            100.3017435,
            5.3571797
          ],
          [
            100.3017434,
            5.3571798
          ],
          [
            100.3017434,
            5.3571798
          ],
          [
            100.3017434,
            5.3571798
          ],
          [
            100.3017434,
            5.3571798
          ],
          [
            100.3017434,
            5.3571799
          ],
          [
            100.3017434,
            5.3571799
          ],
          [
            100.3017433,
            5.3571799
          ],
          [
            100.3017433,
            5.3571799
          ],
          [
            100.3017433,
            5.3571799
          ],
          [
            100.3017433,
            5.3571799
          ],
          [
            100.3017433,
            5.3571799
          ],
          [
            100.3017433,
            5.3571798
          ],
          [
            100.3017433,
            5.3571798
          ],
          [
            100.3017433,
            5.3571798
          ],
          [
            100.3017432,
            5.3571798
          ],
          [
            100.3017432,
            5.3571797
          ],
          [
            100.3017432,
            5.3571797
          ],
          [
            100.3017432,
            5.3571797
          ],
          [
            100.3017432,
            5.3571796
          ],
          [
            100.3017432,
            5.3571796
          ],
          [
            100.3017432,
            5.3571796
          ],
          [
            100.3017432,
            5.3571795
          ],
          [
            100.3017431,
            5.3571795
          ],
          [
            100.3017431,
            5.3571794
          ],
          [
            100.3017431,
            5.3571794
          ],
          [
            100.3017431,
            5.3571793
          ],
          [
            100.3017431,
            5.3571793
          ],
          [
            100.3017431,
            5.3571792
          ],
          [
            100.3017431,
            5.3571792
          ],
          [
            100.301743,
            5.3571791
          ],
          [
            100.301743,
            5.3571791
          ],
          [
            100.301743,
            5.357179
          ],
          [
            100.301743,
            5.3571789
          ],
          [
            100.301743,
            5.3571789
          ],
          [
            100.301743,
            5.3571788
          ],
          [
            100.3017429,
            5.3571788
          ],
          [
            100.3017429,
            5.3571787
          ],
          [
            100.3017429,
            5.3571786
          ],
          [
            100.3017429,
            5.3571786
          ],
          [
            100.3017429,
            5.3571785
          ],
          [
            100.3017428,
            5.3571784
          ],
          [
            100.3017428,
            5.3571784
          ],
          [
            100.3017428,
            5.3571783
          ],
          [
            100.3017428,
            5.3571782
          ],
          [
            100.3017428,
            5.3571782
          ],
          [
            100.3017427,
            5.3571781
          ],
          [
            100.3017427,
            5.357178
          ],
          [
            100.3017427,
            5.357178
          ],
          [
            100.3017427,
            5.3571779
          ],
          [
            100.3017426,
            5.3571778
          ],
          [
            100.3017426,
            5.3571778
          ],
          [
            100.3017426,
            5.3571777
          ],
          [
            100.3017426,
            5.3571776
          ],
          [
            100.3017426,
            5.3571776
          ],
          [
            100.3017426,
            5.3571775
          ],
          [
            100.3017425,
            5.3571774
          ],
          [
            100.3017425,
            5.3571773
          ],
          [
            100.3017425,
            5.3571773
          ],
          [
            100.3017425,
            5.3571772
          ],
          [
            100.3017425,
            5.3571771
          ],
          [
            100.3017425,
            5.3571771
          ],
          [
            100.3017425,
            5.357177
          ],
          [
            100.3017425,
            5.3571769
          ],
          [
            100.3017425,
            5.3571768
          ],
          [
            100.3017425,
            5.3571768
          ],
          [
            100.3017425,
            5.3571767
          ],
          [
            100.3017425,
            5.3571766
          ],
          [
            100.3017425,
            5.3571765
          ],
          [
            100.3017425,
            5.3571764
          ],
          [
            100.3017425,
            5.3571763
          ],
          [
            100.3017425,
            5.3571762
          ],
          [
            100.3017425,
            5.3571762
          ],
          [
            100.3017425,
            5.3571761
          ],
          [
            100.3017425,
            5.357176
          ],
          [
            100.3017425,
            5.3571759
          ],
          [
            100.3017425,
            5.3571758
          ],
          [
            100.3017425,
            5.3571757
          ],
          [
            100.3017425,
            5.3571756
          ],
          [
            100.3017425,
            5.3571755
          ],
          [
            100.3017425,
            5.3571754
          ],
          [
            100.3017425,
            5.3571753
          ],
          [
            100.3017426,
            5.3571752
          ],
          [
            100.3017426,
            5.3571751
          ],
          [
            100.3017426,
            5.357175
          ],
          [
            100.3017426,
            5.357175
          ],
          [
            100.3017426,
            5.3571749
          ],
          [
            100.3017426,
            5.3571748
          ],
          [
            100.3017426,
            5.3571747
          ],
          [
            100.3017427,
            5.3571746
          ],
          [
            100.3017427,
            5.3571746
          ],
          [
            100.3017427,
            5.3571745
          ],
          [
            100.3017427,
            5.3571744
          ],
          [
            100.3017427,
            5.3571744
          ],
          [
            100.3017428,
            5.3571743
          ],
          [
            100.3017428,
            5.3571743
          ],
          [
            100.3017428,
            5.3571742
          ],
          [
            100.3017429,
            5.3571741
          ],
          [
            100.3017429,
            5.3571741
          ],
          [
            100.3017429,
            5.357174
          ],
          [
            100.3017429,
            5.357174
          ],
          [
            100.301743,
            5.3571739
          ],
          [
            100.301743,
            5.3571739
          ],
          [
            100.301743,
            5.3571738
          ],
          [
            100.3017431,
            5.3571738
          ],
          [
            100.3017431,
            5.3571737
          ],
          [
            100.3017432,
            5.3571737
          ],
          [
            100.3017432,
            5.3571736
          ],
          [
            100.3017432,
            5.3571736
          ],
          [
            100.3017433,
            5.3571736
          ],
          [
            100.3017433,
            5.3571735
          ],
          [
            100.3017433,
            5.3571735
          ],
          [
            100.3017434,
            5.3571735
          ],
          [
            100.3017434,
            5.3571734
          ],
          [
            100.3017435,
            5.3571734
          ],
          [
            100.3017435,
            5.3571734
          ],
          [
            100.3017435,
            5.3571733
          ],
          [
            100.3017436,
            5.3571733
          ],
          [
            100.3017436,
            5.3571733
          ],
          [
            100.3017437,
            5.3571733
          ],
          [
            100.3017437,
            5.3571733
          ],
          [
            100.3017437,
            5.3571733
          ],
          [
            100.3017438,
            5.3571733
          ],
          [
            100.3017438,
            5.3571733
          ],
          [
            100.3017439,
            5.3571733
          ],
          [
            100.3017439,
            5.3571733
          ],
          [
            100.3017439,
            5.3571733
          ],
          [
            100.301744,
            5.3571733
          ],
          [
            100.301744,
            5.3571733
          ],
          [
            100.301744,
            5.3571733
          ],
          [
            100.3017441,
            5.3571733
          ],
          [
            100.3017441,
            5.3571733
          ],
          [
            100.3017441,
            5.3571733
          ],
          [
            100.3017442,
            5.3571734
          ],
          [
            100.3017442,
            5.3571734
          ],
          [
            100.3017442,
            5.3571734
          ],
          [
            100.3017443,
            5.3571734
          ],
          [
            100.3017443,
            5.3571735
          ],
          [
            100.3017443,
            5.3571735
          ],
          [
            100.3017444,
            5.3571735
          ],
          [
            100.3017444,
            5.3571735
          ],
          [
            100.3017444,
            5.3571735
          ],
          [
            100.3017445,
            5.3571735
          ],
          [
            100.3017445,
            5.3571736
          ],
          [
            100.3017445,
            5.3571736
          ],
          [
            100.3017446,
            5.3571736
          ],
          [
            100.3017446,
            5.3571736
          ],
          [
            100.3017446,
            5.3571736
          ],
          [
            100.3017447,
            5.3571736
          ],
          [
            100.3017447,
            5.3571736
          ],
          [
            100.3017447,
            5.3571736
          ],
          [
            100.3017448,
            5.3571736
          ],
          [
            100.3017448,
            5.3571736
          ],
          [
            100.3017448,
            5.3571736
          ],
          [
            100.3017448,
            5.3571736
          ],
          [
            100.3017449,
            5.3571736
          ],
          [
            100.3017449,
            5.3571735
          ],
          [
            100.3017449,
            5.3571735
          ],
          [
            100.3017449,
            5.3571735
          ],
          [
            100.301745,
            5.3571735
          ],
          [
            100.301745,
            5.3571735
          ],
          [
            100.301745,
            5.3571735
          ],
          [
            100.301745,
            5.3571735
          ],
          [
            100.301745,
            5.3571735
          ],
          [
            100.3017451,
            5.3571735
          ],
          [
            100.3017451,
            5.3571735
          ],
          [
            100.3017451,
            5.3571735
          ],
          [
            100.3017451,
            5.3571736
          ],
          [
            100.3017451,
            5.3571736
          ],
          [
            100.3017452,
            5.3571736
          ],
          [
            100.3017452,
            5.3571736
          ],
          [
            100.3017452,
            5.3571736
          ],
          [
            100.3017452,
            5.3571736
          ],
          [
            100.3017452,
            5.3571737
          ],
          [
            100.3017452,
            5.3571737
          ],
          [
            100.3017452,
            5.3571737
          ],
          [
            100.3017452,
            5.3571737
          ],
          [
            100.3017453,
            5.3571738
          ],
          [
            100.3017453,
            5.3571738
          ],
          [
            100.3017453,
            5.3571738
          ],
          [
            100.3017453,
            5.3571738
          ],
          [
            100.3017453,
            5.3571739
          ],
          [
            100.3017453,
            5.3571739
          ],
          [
            100.3017453,
            5.3571739
          ],
          [
            100.3017453,
            5.3571739
          ],
          [
            100.3017453,
            5.357174
          ],
          [
            100.3017453,
            5.357174
          ],
          [
            100.3017454,
            5.357174
          ],
          [
            100.3017454,
            5.3571741
          ],
          [
            100.3017454,
            5.3571741
          ],
          [
            100.3017454,
            5.3571741
          ],
          [
            100.3017454,
            5.3571742
          ],
          [
            100.3017454,
            5.3571742
          ],
          [
            100.3017454,
            5.3571742
          ],
          [
            100.3017454,
            5.3571743
          ],
          [
            100.3017454,
            5.3571743
          ],
          [
            100.3017454,
            5.3571744
          ],
          [
            100.3017454,
            5.3571744
          ],
          [
            100.3017454,
            5.3571744
          ],
          [
            100.3017454,
            5.3571745
          ],
          [
            100.3017454,
            5.3571746
          ],
          [
            100.3017455,
            5.3571746
          ],
          [
            100.3017455,
            5.3571747
          ],
          [
            100.3017455,
            5.3571747
          ],
          [
            100.3017455,
            5.3571748
          ],
          [
            100.3017455,
            5.3571749
          ],
          [
            100.3017455,
            5.3571749
          ],
          [
            100.3017455,
            5.357175
          ],
          [
            100.3017455,
            5.3571751
          ],
          [
            100.3017455,
            5.3571752
          ],
          [
            100.3017455,
            5.3571752
          ],
          [
            100.3017455,
            5.3571753
          ],
          [
            100.3017455,
            5.3571754
          ],
          [
            100.3017455,
            5.3571755
          ],
          [
            100.3017455,
            5.3571756
          ],
          [
            100.3017455,
            5.3571756
          ],
          [
            100.3017455,
            5.3571757
          ],
          [
            100.3017454,
            5.3571758
          ],
          [
            100.3017454,
            5.3571759
          ],
          [
            100.3017454,
            5.357176
          ],
          [
            100.3017454,
            5.357176
          ],
          [
            100.3017454,
            5.3571761
          ],
          [
            100.3017454,
            5.3571762
          ],
          [
            100.3017454,
            5.3571763
          ],
          [
            100.3017454,
            5.3571763
          ],
          [
            100.3017454,
            5.3571764
          ],
          [
            100.3017454,
            5.3571765
          ],
          [
            100.3017454,
            5.3571766
          ],
          [
            100.3017454,
            5.3571766
          ],
          [
            100.3017454,
            5.3571767
          ],
          [
            100.3017454,
            5.3571768
          ],
          [
            100.3017454,
            5.3571768
          ],
          [
            100.3017454,
            5.3571769
          ],
          [
            100.3017454,
            5.357177
          ],
          [
            100.3017454,
            5.357177
          ],
          [
            100.3017453,
            5.3571771
          ],
          [
            100.3017453,
            5.3571771
          ],
          [
            100.3017453,
            5.3571772
          ],
          [
            100.3017453,
            5.3571772
          ],
          [
            100.3017453,
            5.3571773
          ],
          [
            100.3017453,
            5.3571773
          ],
          [
            100.3017453,
            5.3571774
          ],
          [
            100.3017453,
            5.3571774
          ],
          [
            100.3017453,
            5.3571775
          ],
          [
            100.3017453,
            5.3571775
          ],
          [
            100.3017452,
            5.3571776
          ],
          [
            100.3017452,
            5.3571776
          ],
          [
            100.3017452,
            5.3571777
          ],
          [
            100.3017452,
            5.3571777
          ],
          [
            100.3017452,
            5.3571778
          ],
          [
            100.3017452,
            5.3571778
          ],
          [
            100.3017452,
            5.3571779
          ],
          [
            100.3017451,
            5.3571779
          ],
          [
            100.3017451,
            5.357178
          ],
          [
            100.3017451,
            5.357178
          ],
          [
            100.3017451,
            5.357178
          ],
          [
            100.3017451,
            5.3571781
          ],
          [
            100.3017451,
            5.3571781
          ],
          [
            100.3017451,
            5.3571782
          ],
          [
            100.301745,
            5.3571782
          ],
          [
            100.301745,
            5.3571782
          ],
          [
            100.301745,
            5.3571783
          ],
          [
            100.301745,
            5.3571783
          ],
          [
            100.301745,
            5.3571784
          ],
          [
            100.301745,
            5.3571784
          ],
          [
            100.3017449,
            5.3571784
          ],
          [
            100.3017449,
            5.3571785
          ],
          [
            100.3017449,
            5.3571785
          ],
          [
            100.3017449,
            5.3571785
          ],
          [
            100.3017449,
            5.3571785
          ],
          [
            100.3017449,
            5.3571786
          ],
          [
            100.3017448,
            5.3571786
          ],
          [
            100.3017448,
            5.3571786
          ],
          [
            100.3017448,
            5.3571786
          ],
          [
            100.3017448,
            5.3571787
          ],
          [
            100.3017448,
            5.3571787
          ],
          [
            100.3017448,
            5.3571787
          ],
          [
            100.3017448,
            5.3571787
          ],
          [
            100.3017447,
            5.3571787
          ],
          [
            100.3017447,
            5.3571787
          ],
          [
            100.3017447,
            5.3571788
          ],
          [
            100.3017447,
            5.3571788
          ],
          [
            100.3017447,
            5.3571788
          ],
          [
            100.3017447,
            5.3571788
          ],
          [
            100.3017446,
            5.3571788
          ],
          [
            100.3017446,
            5.3571788
          ],
          [
            100.3017446,
            5.3571789
          ],
          [
            100.3017446,
            5.3571789
          ],
          [
            100.3017446,
            5.3571789
          ],
          [
            100.3017446,
            5.3571789
          ],
          [
            100.3017446,
            5.3571789
          ],
          [
            100.3017445,
            5.3571789
          ],
          [
            100.3017445,
            5.357179
          ],
          [
            100.3017445,
            5.357179
          ],
          [
            100.3017445,
            5.357179
          ],
          [
            100.3017445,
            5.357179
          ],
          [
            100.3017445,
            5.357179
          ],
          [
            100.3017445,
            5.357179
          ],
          [
            100.3017444,
            5.357179
          ],
          [
            100.3017444,
            5.3571791
          ],
          [
            100.3017444,
            5.3571791
          ],
          [
            100.3017444,
            5.3571791
          ],
          [
            100.3017444,
            5.3571791
          ],
          [
            100.3017444,
            5.3571791
          ],
          [
            100.3017444,
            5.3571791
          ],
          [
            100.3017444,
            5.3571792
          ],
          [
            100.3017443,
            5.3571792
          ],
          [
            100.3017443,
            5.3571792
          ],
          [
            100.3017443,
            5.3571792
          ],
          [
            100.3017443,
            5.3571792
          ],
          [
            100.3017443,
            5.3571792
          ],
          [
            100.3017443,
            5.3571793
          ],
          [
            100.3017443,
            5.3571793
          ],
          [
            100.3017443,
            5.3571793
          ],
          [
            100.3017442,
            5.3571793
          ],
          [
            100.3017442,
            5.3571793
          ],
          [
            100.3017442,
            5.3571793
          ],
          [
            100.3017442,
            5.3571793
          ],
          [
            100.3017442,
            5.3571793
          ],
          [
            100.3017442,
            5.3571794
          ],
          [
            100.3017442,
            5.3571794
          ],
          [
            100.3017442,
            5.3571794
          ],
          [
            100.3017441,
            5.3571794
          ],
          [
            100.3017441,
            5.3571794
          ],
          [
            100.3017441,
            5.3571794
          ],
          [
            100.3017441,
            5.3571794
          ],
          [
            100.3017441,
            5.3571794
          ],
          [
            100.3017441,
            5.3571794
          ],
          [
            100.3017441,
            5.3571794
          ],
          [
            100.3017441,
            5.3571794
          ],
          [
            100.301744,
            5.3571794
          ],
          [
            100.301744,
            5.3571794
          ],
          [
            100.301744,
            5.3571794
          ],
          [
            100.301744,
            5.3571794
          ],
          [
            100.301744,
            5.3571794
          ],
          [
            100.301744,
            5.3571794
          ],
          [
            100.301744,
            5.3571794
          ],
          [
            100.301744,
            5.3571794
          ],
          [
            100.301744,
            5.3571794
          ],
          [
            100.3017439,
            5.3571794
          ],
          [
            100.3017439,
            5.3571794
          ],
          [
            100.3017439,
            5.3571794
          ],
          [
            100.3017439,
            5.3571794
          ],
          [
            100.3017439,
            5.3571794
          ],
          [
            100.3017439,
            5.3571794
          ],
          [
            100.3017439,
            5.3571794
          ],
          [
            100.3017439,
            5.3571794
          ],
          [
            100.3017439,
            5.3571794
          ],
          [
            100.3017439,
            5.3571794
          ],
          [
            100.3017439,
            5.3571793
          ],
          [
            100.3017439,
            5.3571793
          ],
          [
            100.3017439,
            5.3571793
          ],
          [
            100.3017439,
            5.3571793
          ],
          [
            100.3017438,
            5.3571793
          ],
          [
            100.3017438,
            5.3571793
          ],
          [
            100.3017438,
            5.3571792
          ],
          [
            100.3017438,
            5.3571792
          ],
          [
            100.3017438,
            5.3571792
          ],
          [
            100.3017438,
            5.3571792
          ],
          [
            100.3017438,
            5.3571791
          ],
          [
            100.3017438,
            5.3571791
          ],
          [
            100.3017438,
            5.3571791
          ],
          [
            100.3017438,
            5.3571791
          ],
          [
            100.3017438,
            5.357179
          ],
          [
            100.3017438,
            5.357179
          ],
          [
            100.3017438,
            5.357179
          ],
          [
            100.3017438,
            5.357179
          ],
          [
            100.3017438,
            5.3571789
          ],
          [
            100.3017438,
            5.3571789
          ],
          [
            100.3017439,
            5.3571789
          ],
          [
            100.3017439,
            5.3571788
          ],
          [
            100.3017439,
            5.3571788
          ],
          [
            100.3017439,
            5.3571788
          ],
          [
            100.3017439,
            5.3571787
          ],
          [
            100.3017439,
            5.3571787
          ],
          [
            100.3017439,
            5.3571787
          ],
          [
            100.3017439,
            5.3571786
          ],
          [
            100.3017439,
            5.3571786
          ],
          [
            100.3017439,
            5.3571786
          ],
          [
            100.301744,
            5.3571785
          ],
          [
            100.301744,
            5.3571785
          ],
          [
            100.301744,
            5.3571784
          ],
          [
            100.301744,
            5.3571784
          ],
          [
            100.301744,
            5.3571784
          ],
          [
            100.3017441,
            5.3571783
          ],
          [
            100.3017441,
            5.3571783
          ],
          [
            100.3017441,
            5.3571782
          ],
          [
            100.3017441,
            5.3571782
          ],
          [
            100.3017441,
            5.3571781
          ],
          [
            100.3017442,
            5.3571781
          ],
          [
            100.3017442,
            5.3571781
          ],
          [
            100.3017442,
            5.357178
          ],
          [
            100.3017442,
            5.357178
          ],
          [
            100.3017443,
            5.3571779
          ],
          [
            100.3017443,
            5.3571779
          ],
          [
            100.3017443,
            5.3571778
          ],
          [
            100.3017444,
            5.3571778
          ],
          [
            100.3017444,
            5.3571777
          ],
          [
            100.3017444,
            5.3571777
          ],
          [
            100.3017445,
            5.3571776
          ],
          [
            100.3017445,
            5.3571775
          ],
          [
            100.3017445,
            5.3571775
          ],
          [
            100.3017446,
            5.3571774
          ],
          [
            100.3017446,
            5.3571774
          ],
          [
            100.3017447,
            5.3571773
          ],
          [
            100.3017447,
            5.3571773
          ],
          [
            100.3017447,
            5.3571772
          ],
          [
            100.3017448,
            5.3571771
          ],
          [
            100.3017448,
            5.3571771
          ],
          [
            100.3017449,
            5.357177
          ],
          [
            100.3017449,
            5.357177
          ],
          [
            100.3017449,
            5.3571769
          ],
          [
            100.301745,
            5.3571768
          ],
          [
            100.301745,
            5.3571768
          ],
          [
            100.3017451,
            5.3571767
          ],
          [
            100.3017451,
            5.3571766
          ],
          [
            100.3017452,
            5.3571766
          ],
          [
            100.3017452,
            5.3571765
          ],
          [
            100.3017453,
            5.3571764
          ],
          [
            100.3017453,
            5.3571763
          ],
          [
            100.3017454,
            5.3571763
          ],
          [
            100.3017454,
            5.3571762
          ],
          [
            100.3017455,
            5.3571761
          ],
          [
            100.3017455,
            5.357176
          ],
          [
            100.3017456,
            5.3571759
          ],
          [
            100.3017456,
            5.3571758
          ],
          [
            100.3017457,
            5.3571757
          ],
          [
            100.3017457,
            5.3571756
          ],
          [
            100.3017458,
            5.3571755
          ],
          [
            100.3017458,
            5.3571754
          ],
          [
            100.3017459,
            5.3571752
          ],
          [
            100.3017459,
            5.3571751
          ],
          [
            100.301746,
            5.357175
          ],
          [
            100.301746,
            5.3571749
          ],
          [
            100.3017461,
            5.3571747
          ],
          [
            100.3017461,
            5.3571746
          ],
          [
            100.3017462,
            5.3571745
          ],
          [
            100.3017462,
            5.3571743
          ],
          [
            100.3017463,
            5.3571742
          ],
          [
            100.3017463,
            5.3571741
          ],
          [
            100.3017464,
            5.3571739
          ],
          [
            100.3017465,
            5.3571738
          ],
          [
            100.3017465,
            5.3571736
          ],
          [
            100.3017466,
            5.3571735
          ],
          [
            100.3017466,
            5.3571733
          ],
          [
            100.3017467,
            5.3571732
          ],
          [
            100.3017467,
            5.357173
          ],
          [
            100.3017468,
            5.3571728
          ],
          [
            100.3017468,
            5.3571727
          ],
          [
            100.3017469,
            5.3571725
          ],
          [
            100.301747,
            5.3571723
          ],
          [
            100.301747,
            5.3571722
          ],
          [
            100.3017471,
            5.357172
          ],
          [
            100.3017471,
            5.3571718
          ],
          [
            100.3017472,
            5.3571716
          ],
          [
            100.3017472,
            5.3571714
          ],
          [
            100.3017473,
            5.3571713
          ],
          [
            100.3017474,
            5.3571711
          ],
          [
            100.3017474,
            5.3571709
          ],
          [
            100.3017475,
            5.3571707
          ],
          [
            100.3017475,
            5.3571705
          ],
          [
            100.3017476,
            5.3571703
          ],
          [
            100.3017477,
            5.3571701
          ],
          [
            100.3017477,
            5.3571699
          ],
          [
            100.3017478,
            5.3571697
          ],
          [
            100.3017478,
            5.3571695
          ],
          [
            100.3017479,
            5.3571693
          ],
          [
            100.3017479,
            5.3571691
          ],
          [
            100.301748,
            5.3571689
          ],
          [
            100.301748,
            5.3571687
          ],
          [
            100.3017481,
            5.3571685
          ],
          [
            100.3017482,
            5.3571683
          ],
          [
            100.3017482,
            5.3571681
          ],
          [
            100.3017483,
            5.3571679
          ],
          [
            100.3017483,
            5.3571677
          ],
          [
            100.3017484,
            5.3571675
          ],
          [
            100.3017484,
            5.3571673
          ],
          [
            100.3017485,
            5.3571671
          ],
          [
            100.3017485,
            5.3571669
          ],
          [
            100.3017485,
            5.3571667
          ],
          [
            100.3017486,
            5.3571665
          ],
          [
            100.3017486,
            5.3571663
          ],
          [
            100.3017487,
            5.3571661
          ],
          [
            100.3017487,
            5.3571659
          ],
          [
            100.3017487,
            5.3571658
          ],
          [
            100.3017488,
            5.3571656
          ],
          [
            100.3017488,
            5.3571654
          ],
          [
            100.3017488,
            5.3571653
          ],
          [
            100.3017489,
            5.3571651
          ],
          [
            100.3017489,
            5.3571649
          ],
          [
            100.3017489,
            5.3571648
          ],
          [
            100.301749,
            5.3571646
          ],
          [
            100.301749,
            5.3571645
          ],
          [
            100.301749,
            5.3571644
          ],
          [
            100.3017491,
            5.3571642
          ],
          [
            100.3017491,
            5.3571641
          ],
          [
            100.3017491,
            5.357164
          ],
          [
            100.3017491,
            5.3571638
          ],
          [
            100.3017491,
            5.3571637
          ],
          [
            100.3017492,
            5.3571636
          ],
          [
            100.3017492,
            5.3571635
          ],
          [
            100.3017492,
            5.3571634
          ],
          [
            100.3017492,
            5.3571633
          ],
          [
            100.3017492,
            5.3571632
          ],
          [
            100.3017493,
            5.3571631
          ],
          [
            100.3017493,
            5.357163
          ],
          [
            100.3017493,
            5.3571629
          ],
          [
            100.3017493,
            5.3571628
          ],
          [
            100.3017493,
            5.3571627
          ],
          [
            100.3017493,
            5.3571626
          ],
          [
            100.3017493,
            5.3571625
          ],
          [
            100.3017493,
            5.3571625
          ],
          [
            100.3017493,
            5.3571624
          ],
          [
            100.3017493,
            5.3571623
          ],
          [
            100.3017493,
            5.3571622
          ],
          [
            100.3017493,
            5.3571622
          ],
          [
            100.3017493,
            5.3571621
          ],
          [
            100.3017493,
            5.3571621
          ],
          [
            100.3017493,
            5.357162
          ],
          [
            100.3017493,
            5.357162
          ],
          [
            100.3017493,
            5.3571619
          ],
          [
            100.3017493,
            5.3571619
          ],
          [
            100.3017493,
            5.3571618
          ],
          [
            100.3017493,
            5.3571618
          ],
          [
            100.3017493,
            5.3571617
          ],
          [
            100.3017493,
            5.3571617
          ],
          [
            100.3017493,
            5.3571617
          ],
          [
            100.3017493,
            5.3571617
          ],
          [
            100.3017493,
            5.3571616
          ],
          [
            100.3017492,
            5.3571616
          ],
          [
            100.3017492,
            5.3571616
          ],
          [
            100.3017492,
            5.3571616
          ],
          [
            100.3017492,
            5.3571615
          ],
          [
            100.3017492,
            5.3571615
          ],
          [
            100.3017492,
            5.3571615
          ],
          [
            100.3017492,
            5.3571615
          ],
          [
            100.3017492,
            5.3571615
          ],
          [
            100.3017492,
            5.3571615
          ],
          [
            100.3017491,
            5.3571615
          ],
          [
            100.3017491,
            5.3571615
          ],
          [
            100.3017491,
            5.3571615
          ],
          [
            100.3017491,
            5.3571615
          ],
          [
            100.3017491,
            5.3571615
          ],
          [
            100.3017491,
            5.3571615
          ],
          [
            100.3017491,
            5.3571615
          ],
          [
            100.3017491,
            5.3571615
          ],
          [
            100.3017491,
            5.3571615
          ],
          [
            100.3017491,
            5.3571614
          ],
          [
            100.301749,
            5.3571614
          ],
          [
            100.301749,
            5.3571614
          ],
          [
            100.301749,
            5.3571614
          ],
          [
            100.301749,
            5.3571614
          ],
          [
            100.301749,
            5.3571614
          ],
          [
            100.301749,
            5.3571614
          ],
          [
            100.301749,
            5.3571614
          ],
          [
            100.301749,
            5.3571614
          ],
          [
            100.301749,
            5.3571614
          ],
          [
            100.301749,
            5.3571614
          ],
          [
            100.301749,
            5.3571613
          ],
          [
            100.301749,
            5.3571613
          ],
          [
            100.301749,
            5.3571613
          ],
          [
            100.301749,
            5.3571613
          ],
          [
            100.301749,
            5.3571613
          ],
          [
            100.301749,
            5.3571613
          ],
          [
            100.301749,
            5.3571612
          ],
          [
            100.301749,
            5.3571612
          ],
          [
            100.301749,
            5.3571612
          ],
          [
            100.301749,
            5.3571612
          ],
          [
            100.301749,
            5.3571612
          ],
          [
            100.301749,
            5.3571611
          ],
          [
            100.301749,
            5.3571611
          ],
          [
            100.301749,
            5.3571611
          ],
          [
            100.301749,
            5.3571611
          ],
          [
            100.301749,
            5.357161
          ],
          [
            100.301749,
            5.357161
          ],
          [
            100.301749,
            5.357161
          ],
          [
            100.301749,
            5.3571609
          ],
          [
            100.301749,
            5.3571609
          ],
          [
            100.301749,
            5.3571609
          ],
          [
            100.301749,
            5.3571608
          ],
          [
            100.301749,
            5.3571608
          ],
          [
            100.301749,
            5.3571608
          ],
          [
            100.301749,
            5.3571607
          ],
          [
            100.3017491,
            5.3571607
          ],
          [
            100.3017491,
            5.3571607
          ],
          [
            100.3017491,
            5.3571606
          ],
          [
            100.3017491,
            5.3571606
          ],
          [
            100.3017492,
            5.3571605
          ],
          [
            100.3017492,
            5.3571605
          ],
          [
            100.3017492,
            5.3571605
          ],
          [
            100.3017493,
            5.3571604
          ],
          [
            100.3017493,
            5.3571604
          ],
          [
            100.3017494,
            5.3571603
          ],
          [
            100.3017494,
            5.3571603
          ],
          [
            100.3017495,
            5.3571603
          ],
          [
            100.3017496,
            5.3571602
          ],
          [
            100.3017496,
            5.3571602
          ],
          [
            100.3017497,
            5.3571601
          ],
          [
            100.3017498,
            5.3571601
          ],
          [
            100.3017499,
            5.3571601
          ],
          [
            100.30175,
            5.35716
          ],
          [
            100.3017501,
            5.35716
          ],
          [
            100.3017502,
            5.3571599
          ],
          [
            100.3017503,
            5.3571599
          ],
          [
            100.3017505,
            5.3571599
          ],
          [
            100.3017506,
            5.3571598
          ],
          [
            100.3017507,
            5.3571598
          ],
          [
            100.3017543,
            5.3571607
          ],
          [
            100.301758,
            5.3571616
          ],
          [
            100.3017638,
            5.3571632
          ],
          [
            100.3017714,
            5.3571653
          ],
          [
            100.3017784,
            5.3571673
          ],
          [
            100.3017871,
            5.3571699
          ],
          [
            100.3017957,
            5.3571725
          ],
          [
            100.301804,
            5.357175
          ],
          [
            100.3018138,
            5.3571783
          ],
          [
            100.3018217,
            5.3571809
          ],
          [
            100.30183,
            5.3571837
          ],
          [
            100.3018383,
            5.3571865
          ],
          [
            100.301846,
            5.3571892
          ],
          [
            100.3018537,
            5.3571919
          ],
          [
            100.3018602,
            5.3571942
          ],
          [
            100.3018668,
            5.3571965
          ],
          [
            100.3018727,
            5.3571986
          ],
          [
            100.301879,
            5.3572002
          ],
          [
            100.3018842,
            5.3572014
          ],
          [
            100.30189,
            5.3572028
          ],
          [
            100.3018956,
            5.3572041
          ],
          [
            100.3019008,
            5.3572053
          ],
          [
            100.3019065,
            5.3572067
          ],
          [
            100.3019111,
            5.3572078
          ],
          [
            100.3019162,
            5.3572091
          ],
          [
            100.3019216,
            5.3572104
          ],
          [
            100.3019264,
            5.3572116
          ],
          [
            100.3019315,
            5.3572129
          ],
          [
            100.301936,
            5.357214
          ],
          [
            100.3019404,
            5.3572151
          ],
          [
            100.3019453,
            5.3572164
          ],
          [
            100.301949,
            5.3572174
          ],
          [
            100.3019532,
            5.3572188
          ],
          [
            100.3019573,
            5.3572202
          ],
          [
            100.3019606,
            5.3572214
          ],
          [
            100.3019633,
            5.3572224
          ],
          [
            100.3019675,
            5.3572235
          ],
          [
            100.3019708,
            5.3572243
          ],
          [
            100.3019744,
            5.3572253
          ],
          [
            100.301978,
            5.3572264
          ],
          [
            100.3019812,
            5.3572275
          ],
          [
            100.3019849,
            5.3572289
          ],
          [
            100.3019878,
            5.3572301
          ],
          [
            100.3019916,
            5.3572317
          ],
          [
            100.3019949,
            5.3572333
          ],
          [
            100.3019976,
            5.3572346
          ],
          [
            100.302001,
            5.3572365
          ],
          [
            100.3020037,
            5.357238
          ],
          [
            100.3020066,
            5.3572398
          ],
          [
            100.3020094,
            5.3572418
          ],
          [
            100.3020117,
            5.3572435
          ],
          [
            100.3020145,
            5.3572459
          ],
          [
            100.3020168,
            5.3572479
          ],
          [
            100.3020192,
            5.3572502
          ],
          [
            100.3020214,
            5.3572525
          ],
          [
            100.3020236,
            5.3572547
          ],
          [
            100.3020254,
            5.3572566
          ],
          [
            100.3020278,
            5.357259
          ],
          [
            100.3020299,
            5.3572611
          ],
          [
            100.3020321,
            5.3572634
          ],
          [
            100.3020348,
            5.3572663
          ],
          [
            100.302037,
            5.3572685
          ],
          [
            100.3020397,
            5.3572711
          ],
          [
            100.3020423,
            5.3572735
          ],
          [
            100.302045,
            5.3572759
          ],
          [
            100.3020481,
            5.3572785
          ],
          [
            100.3020505,
            5.3572805
          ],
          [
            100.3020534,
            5.3572828
          ],
          [
            100.3020565,
            5.3572852
          ],
          [
            100.302059,
            5.357287
          ],
          [
            100.3020612,
            5.3572888
          ],
          [
            100.3020647,
            5.3572905
          ],
          [
            100.3020675,
            5.3572919
          ],
          [
            100.3020707,
            5.3572937
          ],
          [
            100.3020738,
            5.3572956
          ],
          [
            100.3020762,
            5.3572972
          ],
          [
            100.3020793,
            5.3572994
          ],
          [
            100.302082,
            5.3573015
          ],
          [
            100.3020846,
            5.3573035
          ],
          [
            100.3020876,
            5.357306
          ],
          [
            100.3020902,
            5.3573082
          ],
          [
            100.3020934,
            5.3573111
          ],
          [
            100.3020961,
            5.3573135
          ],
          [
            100.3020989,
            5.357316
          ],
          [
            100.3021011,
            5.3573178
          ],
          [
            100.3021042,
            5.3573205
          ],
          [
            100.3021065,
            5.3573224
          ],
          [
            100.3021089,
            5.3573243
          ],
          [
            100.3021118,
            5.3573265
          ],
          [
            100.3021141,
            5.3573282
          ],
          [
            100.3021174,
            5.3573304
          ],
          [
            100.3021203,
            5.3573324
          ],
          [
            100.3021236,
            5.3573345
          ],
          [
            100.3021272,
            5.3573368
          ],
          [
            100.3021301,
            5.3573386
          ],
          [
            100.3021329,
            5.3573403
          ],
          [
            100.3021357,
            5.3573419
          ],
          [
            100.3021382,
            5.3573433
          ],
          [
            100.3021411,
            5.3573449
          ],
          [
            100.3021434,
            5.3573461
          ],
          [
            100.302146,
            5.3573481
          ],
          [
            100.3021486,
            5.3573503
          ],
          [
            100.302151,
            5.3573525
          ],
          [
            100.3021539,
            5.3573548
          ],
          [
            100.302157,
            5.3573573
          ],
          [
            100.3021599,
            5.3573596
          ],
          [
            100.3021627,
            5.3573617
          ],
          [
            100.3021657,
            5.3573637
          ],
          [
            100.3021683,
            5.3573654
          ],
          [
            100.3021713,
            5.3573672
          ],
          [
            100.3021741,
            5.3573687
          ],
          [
            100.3021769,
            5.3573702
          ],
          [
            100.30218,
            5.3573717
          ],
          [
            100.3021826,
            5.3573729
          ],
          [
            100.302185,
            5.357374
          ],
          [
            100.3021875,
            5.3573773
          ],
          [
            100.3021896,
            5.3573806
          ],
          [
            100.3021917,
            5.357384
          ],
          [
            100.3021942,
            5.3573875
          ],
          [
            100.3021962,
            5.3573905
          ],
          [
            100.3021989,
            5.3573937
          ],
          [
            100.3022012,
            5.3573965
          ],
          [
            100.3022039,
            5.3573993
          ],
          [
            100.3022066,
            5.3574018
          ],
          [
            100.3022095,
            5.3574041
          ],
          [
            100.3022126,
            5.3574063
          ],
          [
            100.3022151,
            5.357408
          ],
          [
            100.3022181,
            5.3574097
          ],
          [
            100.302221,
            5.3574112
          ],
          [
            100.3022238,
            5.3574125
          ],
          [
            100.3022264,
            5.3574136
          ],
          [
            100.3022293,
            5.3574149
          ],
          [
            100.3022317,
            5.3574161
          ],
          [
            100.3022344,
            5.3574173
          ],
          [
            100.302237,
            5.3574183
          ],
          [
            100.3022397,
            5.3574193
          ],
          [
            100.3022428,
            5.3574202
          ],
          [
            100.3022457,
            5.3574209
          ],
          [
            100.3022492,
            5.3574217
          ],
          [
            100.3022521,
            5.3574223
          ],
          [
            100.3022554,
            5.3574227
          ],
          [
            100.3022587,
            5.3574229
          ],
          [
            100.3022619,
            5.357423
          ],
          [
            100.3022654,
            5.3574228
          ],
          [
            100.3022684,
            5.3574225
          ],
          [
            100.3022716,
            5.357422
          ],
          [
            100.3022749,
            5.3574212
          ],
          [
            100.3022776,
            5.3574204
          ],
          [
            100.3022804,
            5.3574196
          ],
          [
            100.3022843,
            5.3574181
          ],
          [
            100.302288,
            5.3574166
          ],
          [
            100.3022917,
            5.3574149
          ],
          [
            100.3022957,
            5.357413
          ],
          [
            100.3022998,
            5.3574109
          ],
          [
            100.302304,
            5.3574084
          ],
          [
            100.3023078,
            5.357406
          ],
          [
            100.3023117,
            5.3574034
          ],
          [
            100.3023155,
            5.3574007
          ],
          [
            100.3023189,
            5.3573982
          ],
          [
            100.3023227,
            5.3573954
          ],
          [
            100.3023261,
            5.3573928
          ],
          [
            100.3023302,
            5.3573892
          ],
          [
            100.3023338,
            5.357386
          ],
          [
            100.3023376,
            5.3573826
          ],
          [
            100.302341,
            5.3573793
          ],
          [
            100.3023443,
            5.357376
          ],
          [
            100.3023477,
            5.3573726
          ],
          [
            100.3023505,
            5.3573696
          ],
          [
            100.3023534,
            5.3573663
          ],
          [
            100.3023563,
            5.3573629
          ],
          [
            100.3023588,
            5.3573599
          ],
          [
            100.3023614,
            5.3573566
          ],
          [
            100.302364,
            5.3573533
          ],
          [
            100.3023663,
            5.3573501
          ],
          [
            100.3023688,
            5.3573467
          ],
          [
            100.302371,
            5.3573434
          ],
          [
            100.3023731,
            5.3573401
          ],
          [
            100.3023754,
            5.3573364
          ],
          [
            100.3023774,
            5.3573331
          ],
          [
            100.3023793,
            5.3573296
          ],
          [
            100.3023813,
            5.3573259
          ],
          [
            100.302383,
            5.3573225
          ],
          [
            100.3023844,
            5.3573194
          ],
          [
            100.3023875,
            5.3573164
          ],
          [
            100.3023901,
            5.357314
          ],
          [
            100.3023933,
            5.3573115
          ],
          [
            100.3023963,
            5.3573092
          ],
          [
            100.3023991,
            5.357307
          ],
          [
            100.3024023,
            5.3573048
          ],
          [
            100.3024051,
            5.3573028
          ],
          [
            100.3024083,
            5.3573008
          ],
          [
            100.3024115,
            5.3572991
          ],
          [
            100.3024143,
            5.3572975
          ],
          [
            100.3024177,
            5.3572962
          ],
          [
            100.3024208,
            5.3572949
          ],
          [
            100.3024244,
            5.3572938
          ],
          [
            100.3024276,
            5.3572929
          ],
          [
            100.3024307,
            5.357292
          ],
          [
            100.3024335,
            5.3572913
          ],
          [
            100.302437,
            5.3572913
          ],
          [
            100.3024398,
            5.3572912
          ],
          [
            100.3024428,
            5.3572913
          ],
          [
            100.3024459,
            5.3572914
          ],
          [
            100.3024487,
            5.3572915
          ],
          [
            100.3024522,
            5.3572918
          ],
          [
            100.3024551,
            5.357292
          ],
          [
            100.3024582,
            5.3572923
          ],
          [
            100.3024615,
            5.3572927
          ],
          [
            100.3024644,
            5.357293
          ],
          [
            100.302468,
            5.3572936
          ],
          [
            100.3024711,
            5.3572942
          ],
          [
            100.3024743,
            5.3572947
          ],
          [
            100.3024777,
            5.3572953
          ],
          [
            100.3024806,
            5.3572957
          ],
          [
            100.3024837,
            5.3572963
          ],
          [
            100.3024865,
            5.3572968
          ],
          [
            100.3024895,
            5.3572978
          ],
          [
            100.3024924,
            5.357299
          ],
          [
            100.3024954,
            5.3573003
          ],
          [
            100.3024981,
            5.3573015
          ],
          [
            100.3025011,
            5.3573027
          ],
          [
            100.302504,
            5.3573039
          ],
          [
            100.3025068,
            5.3573051
          ],
          [
            100.30251,
            5.3573064
          ],
          [
            100.3025129,
            5.3573076
          ],
          [
            100.3025161,
            5.3573088
          ],
          [
            100.3025195,
            5.3573101
          ],
          [
            100.3025227,
            5.3573113
          ],
          [
            100.3025263,
            5.3573127
          ],
          [
            100.3025294,
            5.357314
          ],
          [
            100.3025327,
            5.3573154
          ],
          [
            100.3025361,
            5.3573169
          ],
          [
            100.3025389,
            5.3573182
          ],
          [
            100.3025414,
            5.3573193
          ],
          [
            100.302545,
            5.3573206
          ],
          [
            100.3025482,
            5.3573216
          ],
          [
            100.3025515,
            5.3573227
          ],
          [
            100.302555,
            5.3573239
          ],
          [
            100.302558,
            5.3573248
          ],
          [
            100.3025612,
            5.3573258
          ],
          [
            100.3025647,
            5.3573269
          ],
          [
            100.3025685,
            5.3573279
          ],
          [
            100.3025723,
            5.3573288
          ],
          [
            100.3025759,
            5.3573295
          ],
          [
            100.30258,
            5.35733
          ],
          [
            100.3025834,
            5.3573303
          ],
          [
            100.3025869,
            5.3573304
          ],
          [
            100.3025906,
            5.3573304
          ],
          [
            100.3025947,
            5.3573301
          ],
          [
            100.3025984,
            5.3573297
          ],
          [
            100.3026019,
            5.3573292
          ],
          [
            100.3026055,
            5.3573287
          ],
          [
            100.3026087,
            5.3573283
          ],
          [
            100.3026126,
            5.3573281
          ],
          [
            100.3026164,
            5.3573279
          ],
          [
            100.3026203,
            5.3573277
          ],
          [
            100.3026238,
            5.3573276
          ],
          [
            100.3026277,
            5.3573275
          ],
          [
            100.3026312,
            5.3573274
          ],
          [
            100.302635,
            5.3573271
          ],
          [
            100.3026389,
            5.3573265
          ],
          [
            100.3026426,
            5.3573258
          ],
          [
            100.3026462,
            5.357325
          ],
          [
            100.3026494,
            5.3573242
          ],
          [
            100.3026535,
            5.3573219
          ],
          [
            100.302657,
            5.3573198
          ],
          [
            100.3026609,
            5.3573174
          ],
          [
            100.3026646,
            5.3573149
          ],
          [
            100.3026678,
            5.3573127
          ],
          [
            100.3026714,
            5.3573098
          ],
          [
            100.3026745,
            5.3573073
          ],
          [
            100.3026776,
            5.3573043
          ],
          [
            100.3026805,
            5.3573013
          ],
          [
            100.302683,
            5.3572986
          ],
          [
            100.3026857,
            5.3572954
          ],
          [
            100.3026879,
            5.3572926
          ],
          [
            100.3026902,
            5.3572896
          ],
          [
            100.3026926,
            5.3572864
          ],
          [
            100.3026946,
            5.3572836
          ],
          [
            100.3026967,
            5.3572805
          ],
          [
            100.3026986,
            5.3572777
          ],
          [
            100.3027005,
            5.3572735
          ],
          [
            100.302702,
            5.3572698
          ],
          [
            100.3027036,
            5.3572656
          ],
          [
            100.302705,
            5.3572617
          ],
          [
            100.3027065,
            5.3572576
          ],
          [
            100.302708,
            5.3572534
          ],
          [
            100.3027092,
            5.3572498
          ],
          [
            100.3027109,
            5.3572452
          ],
          [
            100.3027123,
            5.3572413
          ],
          [
            100.3027139,
            5.3572372
          ],
          [
            100.3027156,
            5.357233
          ],
          [
            100.302717,
            5.3572295
          ],
          [
            100.3027184,
            5.3572255
          ],
          [
            100.3027197,
            5.3572215
          ],
          [
            100.3027207,
            5.3572179
          ],
          [
            100.3027218,
            5.3572137
          ],
          [
            100.3027226,
            5.35721
          ],
          [
            100.3027235,
            5.3572062
          ],
          [
            100.3027241,
            5.3572019
          ],
          [
            100.3027246,
            5.3571981
          ],
          [
            100.302725,
            5.357194
          ],
          [
            100.3027254,
            5.3571895
          ],
          [
            100.3027256,
            5.3571855
          ],
          [
            100.3027259,
            5.3571812
          ],
          [
            100.3027261,
            5.357177
          ],
          [
            100.3027264,
            5.3571731
          ],
          [
            100.3027267,
            5.3571687
          ],
          [
            100.302727,
            5.3571647
          ],
          [
            100.3027274,
            5.3571607
          ],
          [
            100.3027276,
            5.357157
          ],
          [
            100.3027281,
            5.3571528
          ],
          [
            100.3027284,
            5.3571493
          ],
          [
            100.3027289,
            5.3571452
          ],
          [
            100.3027291,
            5.3571418
          ],
          [
            100.3027294,
            5.3571383
          ],
          [
            100.3027297,
            5.3571349
          ],
          [
            100.3027299,
            5.3571318
          ],
          [
            100.3027302,
            5.3571287
          ],
          [
            100.3027304,
            5.3571259
          ],
          [
            100.3027307,
            5.3571232
          ],
          [
            100.3027311,
            5.3571205
          ],
          [
            100.3027315,
            5.357118
          ],
          [
            100.302732,
            5.3571157
          ],
          [
            100.3027325,
            5.3571135
          ],
          [
            100.302733,
            5.3571116
          ],
          [
            100.3027337,
            5.3571095
          ],
          [
            100.3027343,
            5.3571076
          ],
          [
            100.3027349,
            5.3571057
          ],
          [
            100.3027354,
            5.3571039
          ],
          [
            100.3027363,
            5.3571025
          ],
          [
            100.3027373,
            5.3571014
          ],
          [
            100.3027383,
            5.3571004
          ],
          [
            100.3027391,
            5.3570995
          ],
          [
            100.3027402,
            5.3570986
          ],
          [
            100.3027411,
            5.3570978
          ],
          [
            100.3027422,
            5.3570969
          ],
          [
            100.3027432,
            5.357096
          ],
          [
            100.3027445,
            5.3570948
          ],
          [
            100.3027457,
            5.3570936
          ],
          [
            100.3027472,
            5.3570921
          ],
          [
            100.3027487,
            5.3570904
          ],
          [
            100.3027503,
            5.3570885
          ],
          [
            100.3027523,
            5.3570863
          ],
          [
            100.3027542,
            5.357084
          ],
          [
            100.302756,
            5.3570817
          ],
          [
            100.3027591,
            5.3570798
          ],
          [
            100.3027624,
            5.357078
          ],
          [
            100.3027657,
            5.3570761
          ],
          [
            100.302769,
            5.357074
          ],
          [
            100.3027722,
            5.3570718
          ],
          [
            100.3027754,
            5.3570696
          ],
          [
            100.3027785,
            5.3570674
          ],
          [
            100.3027814,
            5.3570651
          ],
          [
            100.3027846,
            5.3570625
          ],
          [
            100.3027873,
            5.3570602
          ],
          [
            100.3027906,
            5.3570573
          ],
          [
            100.3027938,
            5.3570546
          ],
          [
            100.3027969,
            5.3570522
          ],
          [
            100.3028003,
            5.3570497
          ],
          [
            100.3028031,
            5.3570477
          ],
          [
            100.3028061,
            5.3570456
          ],
          [
            100.3028087,
            5.3570439
          ],
          [
            100.3028125,
            5.3570434
          ],
          [
            100.3028158,
            5.3570431
          ],
          [
            100.3028199,
            5.3570427
          ],
          [
            100.3028232,
            5.3570423
          ],
          [
            100.302827,
            5.3570416
          ],
          [
            100.3028306,
            5.3570407
          ],
          [
            100.3028342,
            5.3570397
          ],
          [
            100.3028379,
            5.3570387
          ],
          [
            100.3028408,
            5.3570378
          ],
          [
            100.3028449,
            5.3570366
          ],
          [
            100.3028479,
            5.3570356
          ],
          [
            100.3028516,
            5.3570338
          ],
          [
            100.3028551,
            5.3570312
          ],
          [
            100.3028576,
            5.3570292
          ],
          [
            100.3028606,
            5.3570282
          ],
          [
            100.3028634,
            5.3570276
          ],
          [
            100.3028717,
            5.3570265
          ],
          [
            100.3028731,
            5.3570265
          ],
          [
            100.3028737,
            5.3570266
          ],
          [
            100.3028741,
            5.3570267
          ],
          [
            100.3028742,
            5.3570268
          ],
          [
            100.3028743,
            5.3570267
          ],
          [
            100.3028745,
            5.3570267
          ],
          [
            100.3028748,
            5.3570266
          ],
          [
            100.3028751,
            5.3570264
          ],
          [
            100.3028761,
            5.3570258
          ],
          [
            100.3028766,
            5.3570254
          ],
          [
            100.3028769,
            5.357025
          ],
          [
            100.3028771,
            5.3570247
          ],
          [
            100.3028773,
            5.3570244
          ],
          [
            100.3028773,
            5.3570241
          ],
          [
            100.3028774,
            5.3570238
          ],
          [
            100.3028774,
            5.3570236
          ],
          [
            100.3028774,
            5.3570233
          ],
          [
            100.3028774,
            5.3570231
          ],
          [
            100.3028774,
            5.3570228
          ],
          [
            100.3028774,
            5.3570226
          ],
          [
            100.3028774,
            5.3570224
          ],
          [
            100.3028774,
            5.3570222
          ],
          [
            100.3028774,
            5.3570221
          ],
          [
            100.3028774,
            5.3570219
          ],
          [
            100.3028774,
            5.3570215
          ],
          [
            100.3028774,
            5.3570211
          ],
          [
            100.3028772,
            5.3570202
          ],
          [
            100.3028771,
            5.3570192
          ],
          [
            100.3028773,
            5.357018
          ],
          [
            100.3028774,
            5.3570171
          ],
          [
            100.3028776,
            5.357016
          ],
          [
            100.3028775,
            5.3570153
          ],
          [
            100.3028774,
            5.3570146
          ],
          [
            100.3028779,
            5.3570143
          ],
          [
            100.3028781,
            5.3570141
          ],
          [
            100.3028782,
            5.3570139
          ],
          [
            100.302878,
            5.3570132
          ],
          [
            100.3028779,
            5.3570131
          ],
          [
            100.3028779,
            5.357013
          ],
          [
            100.3028779,
            5.3570129
          ],
          [
            100.302878,
            5.3570128
          ],
          [
            100.302878,
            5.3570127
          ],
          [
            100.3028781,
            5.3570126
          ],
          [
            100.3028782,
            5.3570125
          ],
          [
            100.3028783,
            5.3570124
          ],
          [
            100.3028785,
            5.3570123
          ],
          [
            100.3028786,
            5.3570122
          ],
          [
            100.3028788,
            5.357012
          ],
          [
            100.302879,
            5.3570118
          ],
          [
            100.3028792,
            5.3570117
          ],
          [
            100.3028795,
            5.3570115
          ],
          [
            100.3028797,
            5.3570114
          ],
          [
            100.30288,
            5.3570112
          ],
          [
            100.3028802,
            5.3570111
          ],
          [
            100.3028805,
            5.357011
          ],
          [
            100.3028808,
            5.357011
          ],
          [
            100.302882,
            5.3570109
          ],
          [
            100.3028838,
            5.3570109
          ],
          [
            100.3028863,
            5.357011
          ],
          [
            100.3028888,
            5.3570111
          ],
          [
            100.3028921,
            5.3570115
          ],
          [
            100.3028953,
            5.3570121
          ],
          [
            100.3028994,
            5.357013
          ],
          [
            100.3029024,
            5.3570137
          ],
          [
            100.3029067,
            5.357015
          ],
          [
            100.3029101,
            5.357016
          ],
          [
            100.3029139,
            5.3570173
          ],
          [
            100.3029176,
            5.3570187
          ],
          [
            100.302921,
            5.3570201
          ],
          [
            100.3029249,
            5.3570218
          ],
          [
            100.3029281,
            5.3570233
          ],
          [
            100.3029317,
            5.357025
          ],
          [
            100.3029349,
            5.3570268
          ],
          [
            100.3029393,
            5.3570293
          ],
          [
            100.3029426,
            5.3570313
          ],
          [
            100.3029459,
            5.3570334
          ],
          [
            100.3029501,
            5.3570362
          ],
          [
            100.3029536,
            5.3570385
          ],
          [
            100.302957,
            5.3570408
          ],
          [
            100.3029611,
            5.3570433
          ],
          [
            100.3029643,
            5.3570454
          ],
          [
            100.3029682,
            5.3570479
          ],
          [
            100.3029719,
            5.3570502
          ],
          [
            100.3029751,
            5.3570523
          ],
          [
            100.3029793,
            5.3570545
          ],
          [
            100.3029825,
            5.3570562
          ],
          [
            100.3029858,
            5.3570577
          ],
          [
            100.3029889,
            5.3570592
          ],
          [
            100.3029921,
            5.3570608
          ],
          [
            100.3029951,
            5.3570624
          ],
          [
            100.3029976,
            5.3570636
          ],
          [
            100.3029997,
            5.3570648
          ],
          [
            100.3030018,
            5.357066
          ],
          [
            100.3030049,
            5.3570659
          ],
          [
            100.3030075,
            5.3570656
          ],
          [
            100.3030106,
            5.3570651
          ],
          [
            100.3030131,
            5.3570645
          ],
          [
            100.3030154,
            5.3570638
          ],
          [
            100.3030177,
            5.3570632
          ],
          [
            100.3030196,
            5.3570626
          ],
          [
            100.3030215,
            5.3570623
          ],
          [
            100.3030234,
            5.357062
          ],
          [
            100.3030249,
            5.3570619
          ],
          [
            100.3030264,
            5.3570619
          ],
          [
            100.3030274,
            5.3570618
          ],
          [
            100.3030282,
            5.3570614
          ],
          [
            100.3030287,
            5.357061
          ],
          [
            100.3030291,
            5.3570606
          ],
          [
            100.3030293,
            5.3570601
          ],
          [
            100.3030306,
            5.3570587
          ],
          [
            100.303032,
            5.3570569
          ],
          [
            100.3030335,
            5.3570545
          ],
          [
            100.3030347,
            5.3570526
          ],
          [
            100.3030357,
            5.3570503
          ],
          [
            100.3030363,
            5.3570484
          ],
          [
            100.3030367,
            5.3570463
          ],
          [
            100.303037,
            5.357044
          ],
          [
            100.3030369,
            5.3570413
          ],
          [
            100.303036,
            5.3570312
          ],
          [
            100.3030355,
            5.3570295
          ],
          [
            100.3030356,
            5.3570279
          ],
          [
            100.3030358,
            5.3570265
          ],
          [
            100.303036,
            5.3570253
          ],
          [
            100.3030362,
            5.3570243
          ],
          [
            100.3030364,
            5.3570235
          ],
          [
            100.3030365,
            5.3570228
          ],
          [
            100.3030366,
            5.3570222
          ],
          [
            100.3030367,
            5.3570217
          ],
          [
            100.3030368,
            5.3570211
          ],
          [
            100.3030368,
            5.3570207
          ],
          [
            100.3030366,
            5.3570198
          ],
          [
            100.3030364,
            5.357019
          ],
          [
            100.303036,
            5.357017
          ],
          [
            100.3030356,
            5.3570151
          ],
          [
            100.3030352,
            5.3570126
          ],
          [
            100.3030355,
            5.3570088
          ],
          [
            100.3030359,
            5.3570053
          ],
          [
            100.3030363,
            5.357002
          ],
          [
            100.3030369,
            5.3569981
          ],
          [
            100.3030377,
            5.3569948
          ],
          [
            100.3030387,
            5.3569916
          ],
          [
            100.3030397,
            5.3569889
          ],
          [
            100.3030406,
            5.3569865
          ],
          [
            100.3030418,
            5.3569842
          ],
          [
            100.3030431,
            5.356982
          ],
          [
            100.3030443,
            5.3569801
          ],
          [
            100.3030455,
            5.3569784
          ],
          [
            100.3030466,
            5.356977
          ],
          [
            100.3030475,
            5.3569758
          ],
          [
            100.3030484,
            5.3569747
          ],
          [
            100.3030495,
            5.3569731
          ],
          [
            100.3030504,
            5.3569716
          ],
          [
            100.3030515,
            5.3569702
          ],
          [
            100.3030524,
            5.3569689
          ],
          [
            100.3030593,
            5.35696
          ],
          [
            100.3030605,
            5.3569585
          ],
          [
            100.3030611,
            5.356958
          ],
          [
            100.3030614,
            5.3569577
          ],
          [
            100.3030616,
            5.3569576
          ],
          [
            100.3030617,
            5.3569575
          ],
          [
            100.3030619,
            5.3569575
          ],
          [
            100.3030619,
            5.3569575
          ],
          [
            100.303062,
            5.3569576
          ],
          [
            100.3030622,
            5.3569572
          ],
          [
            100.3030624,
            5.3569565
          ],
          [
            100.3030626,
            5.3569558
          ],
          [
            100.3030629,
            5.3569548
          ],
          [
            100.3030652,
            5.3569453
          ],
          [
            100.3030656,
            5.3569431
          ],
          [
            100.3030656,
            5.3569429
          ],
          [
            100.3030656,
            5.3569428
          ],
          [
            100.3030655,
            5.3569426
          ],
          [
            100.3030654,
            5.3569424
          ],
          [
            100.3030654,
            5.3569421
          ],
          [
            100.3030653,
            5.3569419
          ],
          [
            100.3030658,
            5.3569413
          ],
          [
            100.3030664,
            5.3569406
          ],
          [
            100.3030672,
            5.3569399
          ],
          [
            100.3030681,
            5.3569394
          ],
          [
            100.303069,
            5.3569389
          ],
          [
            100.3030698,
            5.3569384
          ],
          [
            100.3030705,
            5.3569379
          ],
          [
            100.303071,
            5.3569375
          ],
          [
            100.3030724,
            5.3569371
          ],
          [
            100.3030739,
            5.3569368
          ],
          [
            100.3030751,
            5.3569365
          ],
          [
            100.303076,
            5.3569361
          ],
          [
            100.3030767,
            5.3569356
          ],
          [
            100.3030774,
            5.356935
          ],
          [
            100.303078,
            5.3569347
          ],
          [
            100.3030792,
            5.3569338
          ],
          [
            100.3030806,
            5.356933
          ],
          [
            100.3030869,
            5.3569294
          ],
          [
            100.3030882,
            5.3569289
          ],
          [
            100.3030888,
            5.3569286
          ],
          [
            100.3030892,
            5.3569285
          ],
          [
            100.3030895,
            5.3569284
          ],
          [
            100.3030897,
            5.3569284
          ],
          [
            100.3030899,
            5.3569283
          ],
          [
            100.3030902,
            5.3569283
          ],
          [
            100.3030904,
            5.3569282
          ],
          [
            100.3030907,
            5.3569282
          ],
          [
            100.3030909,
            5.3569282
          ],
          [
            100.3030911,
            5.3569281
          ],
          [
            100.3030913,
            5.3569281
          ],
          [
            100.3030915,
            5.356928
          ],
          [
            100.3030916,
            5.3569279
          ],
          [
            100.3030918,
            5.3569278
          ],
          [
            100.3030919,
            5.3569277
          ],
          [
            100.3030921,
            5.3569275
          ],
          [
            100.3030922,
            5.3569274
          ],
          [
            100.3030923,
            5.3569272
          ],
          [
            100.3030925,
            5.3569271
          ],
          [
            100.3030926,
            5.3569269
          ],
          [
            100.3030927,
            5.3569268
          ],
          [
            100.3030928,
            5.3569266
          ],
          [
            100.3030929,
            5.3569265
          ],
          [
            100.303093,
            5.3569263
          ],
          [
            100.3030931,
            5.3569261
          ],
          [
            100.3030932,
            5.3569258
          ],
          [
            100.3030934,
            5.356925
          ],
          [
            100.3030937,
            5.3569241
          ],
          [
            100.3030944,
            5.3569225
          ],
          [
            100.3030952,
            5.3569204
          ],
          [
            100.3030962,
            5.356918
          ],
          [
            100.303097,
            5.3569162
          ],
          [
            100.3030975,
            5.356915
          ],
          [
            100.3030981,
            5.3569136
          ],
          [
            100.3030988,
            5.3569121
          ],
          [
            100.3030995,
            5.3569111
          ],
          [
            100.3031001,
            5.3569106
          ],
          [
            100.3031007,
            5.3569101
          ],
          [
            100.3031012,
            5.3569098
          ],
          [
            100.3031015,
            5.3569096
          ],
          [
            100.3031018,
            5.3569096
          ],
          [
            100.3031016,
            5.3569096
          ],
          [
            100.3031049,
            5.3569054
          ],
          [
            100.303108,
            5.3569039
          ],
          [
            100.3031102,
            5.3569029
          ],
          [
            100.3031118,
            5.3569022
          ],
          [
            100.303113,
            5.3569018
          ],
          [
            100.3031139,
            5.3569014
          ],
          [
            100.3031147,
            5.3569012
          ],
          [
            100.3031154,
            5.356901
          ],
          [
            100.303116,
            5.3569008
          ],
          [
            100.3031164,
            5.3569007
          ],
          [
            100.3031169,
            5.3569006
          ],
          [
            100.3031169,
            5.3569006
          ],
          [
            100.303117,
            5.3569006
          ],
          [
            100.303117,
            5.3569007
          ],
          [
            100.3031171,
            5.3569008
          ],
          [
            100.3031172,
            5.3569009
          ],
          [
            100.3031173,
            5.3569011
          ],
          [
            100.3031186,
            5.3569025
          ],
          [
            100.3031187,
            5.356902
          ],
          [
            100.3031186,
            5.3569014
          ],
          [
            100.3031185,
            5.3569008
          ],
          [
            100.3031183,
            5.3569002
          ],
          [
            100.3031182,
            5.3568997
          ],
          [
            100.3031181,
            5.3568993
          ],
          [
            100.303118,
            5.3568989
          ],
          [
            100.3031178,
            5.3568985
          ],
          [
            100.3031177,
            5.3568982
          ],
          [
            100.3031175,
            5.3568979
          ],
          [
            100.3031174,
            5.3568977
          ],
          [
            100.3031173,
            5.3568975
          ],
          [
            100.3031171,
            5.3568973
          ],
          [
            100.303117,
            5.3568971
          ],
          [
            100.3031169,
            5.3568969
          ],
          [
            100.3031168,
            5.3568967
          ],
          [
            100.3031167,
            5.3568965
          ],
          [
            100.3031166,
            5.3568964
          ],
          [
            100.3031166,
            5.3568962
          ],
          [
            100.3031165,
            5.356896
          ],
          [
            100.3031165,
            5.3568959
          ],
          [
            100.3031164,
            5.3568958
          ],
          [
            100.3031164,
            5.3568956
          ],
          [
            100.3031163,
            5.3568955
          ],
          [
            100.3031163,
            5.3568954
          ],
          [
            100.3031163,
            5.3568953
          ],
          [
            100.3031162,
            5.3568951
          ],
          [
            100.3031162,
            5.356895
          ],
          [
            100.3031162,
            5.3568949
          ],
          [
            100.3031162,
            5.3568948
          ],
          [
            100.3031161,
            5.3568947
          ],
          [
            100.3031161,
            5.3568947
          ],
          [
            100.3031161,
            5.3568946
          ],
          [
            100.3031161,
            5.3568945
          ],
          [
            100.3031161,
            5.3568944
          ],
          [
            100.3031161,
            5.3568943
          ],
          [
            100.303116,
            5.3568943
          ],
          [
            100.303116,
            5.3568942
          ],
          [
            100.303116,
            5.3568942
          ],
          [
            100.3031161,
            5.3568941
          ],
          [
            100.3031161,
            5.356894
          ],
          [
            100.3031161,
            5.356894
          ],
          [
            100.3031161,
            5.356894
          ],
          [
            100.3031161,
            5.3568939
          ],
          [
            100.3031161,
            5.3568939
          ],
          [
            100.3031161,
            5.3568939
          ],
          [
            100.3031161,
            5.3568938
          ],
          [
            100.3031161,
            5.3568938
          ],
          [
            100.3031161,
            5.3568938
          ],
          [
            100.3031161,
            5.3568938
          ],
          [
            100.3031161,
            5.3568937
          ],
          [
            100.3031161,
            5.3568937
          ],
          [
            100.3031162,
            5.3568937
          ],
          [
            100.3031162,
            5.3568937
          ],
          [
            100.3031162,
            5.3568936
          ],
          [
            100.3031162,
            5.3568936
          ],
          [
            100.3031162,
            5.3568936
          ],
          [
            100.3031162,
            5.3568935
          ],
          [
            100.3031162,
            5.3568935
          ],
          [
            100.3031162,
            5.3568935
          ],
          [
            100.3031162,
            5.3568934
          ],
          [
            100.3031162,
            5.3568934
          ],
          [
            100.3031162,
            5.3568933
          ],
          [
            100.3031163,
            5.3568933
          ],
          [
            100.3031163,
            5.3568932
          ],
          [
            100.3031163,
            5.3568931
          ],
          [
            100.3031163,
            5.3568931
          ],
          [
            100.3031163,
            5.356893
          ],
          [
            100.3031164,
            5.356893
          ],
          [
            100.3031164,
            5.3568929
          ],
          [
            100.3031164,
            5.3568928
          ],
          [
            100.3031164,
            5.3568928
          ],
          [
            100.3031165,
            5.3568927
          ],
          [
            100.3031165,
            5.3568926
          ],
          [
            100.3031165,
            5.3568925
          ],
          [
            100.3031165,
            5.3568925
          ],
          [
            100.3031166,
            5.3568924
          ],
          [
            100.3031166,
            5.3568923
          ],
          [
            100.3031166,
            5.3568922
          ],
          [
            100.3031166,
            5.3568922
          ],
          [
            100.3031167,
            5.3568921
          ],
          [
            100.3031167,
            5.356892
          ],
          [
            100.3031167,
            5.3568919
          ],
          [
            100.3031168,
            5.3568918
          ],
          [
            100.3031168,
            5.3568918
          ],
          [
            100.3031168,
            5.3568917
          ],
          [
            100.3031169,
            5.3568916
          ],
          [
            100.3031169,
            5.3568915
          ],
          [
            100.303117,
            5.3568914
          ],
          [
            100.303117,
            5.3568913
          ],
          [
            100.3031171,
            5.3568912
          ],
          [
            100.3031172,
            5.3568911
          ],
          [
            100.3031172,
            5.356891
          ],
          [
            100.3031173,
            5.3568908
          ],
          [
            100.3031173,
            5.3568907
          ],
          [
            100.3031174,
            5.3568906
          ],
          [
            100.3031175,
            5.3568905
          ],
          [
            100.3031175,
            5.3568904
          ],
          [
            100.3031176,
            5.3568903
          ],
          [
            100.3031177,
            5.3568901
          ],
          [
            100.3031177,
            5.35689
          ],
          [
            100.3031178,
            5.3568899
          ],
          [
            100.3031179,
            5.3568897
          ],
          [
            100.3031179,
            5.3568896
          ],
          [
            100.303118,
            5.3568895
          ],
          [
            100.3031181,
            5.3568893
          ],
          [
            100.3031181,
            5.3568892
          ],
          [
            100.3031182,
            5.356889
          ],
          [
            100.3031183,
            5.3568889
          ],
          [
            100.3031183,
            5.3568887
          ],
          [
            100.3031184,
            5.3568886
          ],
          [
            100.3031185,
            5.3568884
          ],
          [
            100.3031186,
            5.3568883
          ],
          [
            100.3031186,
            5.3568881
          ],
          [
            100.3031187,
            5.3568879
          ],
          [
            100.3031188,
            5.3568878
          ],
          [
            100.3031188,
            5.3568876
          ],
          [
            100.3031189,
            5.3568874
          ],
          [
            100.3031189,
            5.3568873
          ],
          [
            100.303119,
            5.3568871
          ],
          [
            100.3031191,
            5.3568869
          ],
          [
            100.3031191,
            5.3568867
          ],
          [
            100.3031192,
            5.3568866
          ],
          [
            100.3031193,
            5.3568864
          ],
          [
            100.3031193,
            5.3568862
          ],
          [
            100.3031194,
            5.356886
          ],
          [
            100.3031195,
            5.3568859
          ],
          [
            100.3031196,
            5.3568857
          ],
          [
            100.3031196,
            5.3568855
          ],
          [
            100.3031197,
            5.3568853
          ],
          [
            100.3031198,
            5.3568851
          ],
          [
            100.3031199,
            5.356885
          ],
          [
            100.3031199,
            5.3568848
          ],
          [
            100.30312,
            5.3568846
          ],
          [
            100.3031201,
            5.3568844
          ],
          [
            100.3031202,
            5.3568843
          ],
          [
            100.3031203,
            5.3568841
          ],
          [
            100.3031204,
            5.3568839
          ],
          [
            100.3031204,
            5.3568837
          ],
          [
            100.3031205,
            5.3568835
          ],
          [
            100.3031206,
            5.3568834
          ],
          [
            100.3031207,
            5.3568832
          ],
          [
            100.3031208,
            5.356883
          ],
          [
            100.3031208,
            5.3568828
          ],
          [
            100.3031209,
            5.3568827
          ],
          [
            100.303121,
            5.3568825
          ],
          [
            100.3031211,
            5.3568823
          ],
          [
            100.3031211,
            5.3568822
          ],
          [
            100.3031212,
            5.356882
          ],
          [
            100.3031213,
            5.3568819
          ],
          [
            100.3031213,
            5.3568817
          ],
          [
            100.3031214,
            5.3568815
          ],
          [
            100.3031214,
            5.3568814
          ],
          [
            100.3031215,
            5.3568812
          ],
          [
            100.3031215,
            5.3568811
          ],
          [
            100.3031216,
            5.3568809
          ],
          [
            100.3031217,
            5.3568808
          ],
          [
            100.3031217,
            5.3568806
          ],
          [
            100.3031218,
            5.3568805
          ],
          [
            100.3031218,
            5.3568804
          ],
          [
            100.3031219,
            5.3568802
          ],
          [
            100.3031219,
            5.3568801
          ],
          [
            100.303122,
            5.35688
          ],
          [
            100.303122,
            5.3568798
          ],
          [
            100.3031221,
            5.3568797
          ],
          [
            100.3031221,
            5.3568796
          ],
          [
            100.3031222,
            5.3568795
          ],
          [
            100.3031222,
            5.3568794
          ],
          [
            100.3031223,
            5.3568792
          ],
          [
            100.3031223,
            5.3568791
          ],
          [
            100.3031224,
            5.356879
          ],
          [
            100.3031224,
            5.3568789
          ],
          [
            100.3031225,
            5.3568788
          ],
          [
            100.3031225,
            5.3568787
          ],
          [
            100.3031226,
            5.3568786
          ],
          [
            100.3031226,
            5.3568785
          ],
          [
            100.3031226,
            5.3568784
          ],
          [
            100.3031227,
            5.3568784
          ],
          [
            100.3031227,
            5.3568783
          ],
          [
            100.3031228,
            5.3568782
          ],
          [
            100.3031228,
            5.3568781
          ],
          [
            100.3031228,
            5.3568781
          ],
          [
            100.3031229,
            5.356878
          ],
          [
            100.3031229,
            5.356878
          ],
          [
            100.3031229,
            5.3568779
          ],
          [
            100.3031229,
            5.3568779
          ],
          [
            100.3031229,
            5.3568778
          ],
          [
            100.3031229,
            5.3568778
          ],
          [
            100.3031229,
            5.3568777
          ],
          [
            100.3031228,
            5.3568777
          ],
          [
            100.3031228,
            5.3568777
          ],
          [
            100.3031228,
            5.3568777
          ],
          [
            100.3031228,
            5.3568776
          ],
          [
            100.3031227,
            5.3568776
          ],
          [
            100.3031227,
            5.3568776
          ],
          [
            100.3031226,
            5.3568776
          ],
          [
            100.3031226,
            5.3568776
          ],
          [
            100.3031225,
            5.3568776
          ],
          [
            100.3031225,
            5.3568776
          ],
          [
            100.3031224,
            5.3568776
          ],
          [
            100.3031223,
            5.3568776
          ],
          [
            100.3031222,
            5.3568777
          ],
          [
            100.3031221,
            5.3568777
          ],
          [
            100.303122,
            5.3568777
          ],
          [
            100.3031219,
            5.3568777
          ],
          [
            100.3031218,
            5.3568778
          ],
          [
            100.3031217,
            5.3568778
          ],
          [
            100.3031216,
            5.3568779
          ],
          [
            100.3031215,
            5.3568779
          ],
          [
            100.3031214,
            5.3568779
          ],
          [
            100.3031212,
            5.356878
          ],
          [
            100.3031211,
            5.356878
          ],
          [
            100.3031209,
            5.3568781
          ],
          [
            100.3031208,
            5.3568782
          ],
          [
            100.3031206,
            5.3568782
          ],
          [
            100.3031204,
            5.3568783
          ],
          [
            100.3031203,
            5.3568783
          ],
          [
            100.3031201,
            5.3568784
          ],
          [
            100.3031199,
            5.3568785
          ],
          [
            100.3031197,
            5.3568785
          ],
          [
            100.3031195,
            5.3568786
          ],
          [
            100.3031193,
            5.3568787
          ],
          [
            100.3031191,
            5.3568787
          ],
          [
            100.3031188,
            5.3568788
          ],
          [
            100.3031186,
            5.3568789
          ],
          [
            100.3031184,
            5.356879
          ],
          [
            100.3031181,
            5.3568791
          ],
          [
            100.3031179,
            5.3568791
          ],
          [
            100.3031176,
            5.3568792
          ],
          [
            100.3031174,
            5.3568793
          ],
          [
            100.3031171,
            5.3568794
          ],
          [
            100.3031168,
            5.3568795
          ],
          [
            100.3031165,
            5.3568796
          ],
          [
            100.3031163,
            5.3568797
          ],
          [
            100.303116,
            5.3568798
          ],
          [
            100.3031157,
            5.3568799
          ],
          [
            100.3031154,
            5.35688
          ],
          [
            100.3031151,
            5.3568801
          ],
          [
            100.3031148,
            5.3568802
          ],
          [
            100.3031145,
            5.3568803
          ],
          [
            100.3031142,
            5.3568804
          ],
          [
            100.3031139,
            5.3568805
          ],
          [
            100.3031135,
            5.3568806
          ],
          [
            100.3031132,
            5.3568807
          ],
          [
            100.3031129,
            5.3568808
          ],
          [
            100.3031126,
            5.3568809
          ],
          [
            100.3031123,
            5.356881
          ],
          [
            100.303112,
            5.3568811
          ],
          [
            100.3031116,
            5.3568812
          ],
          [
            100.3031113,
            5.3568813
          ],
          [
            100.303111,
            5.3568814
          ],
          [
            100.3031107,
            5.3568815
          ],
          [
            100.3031103,
            5.3568816
          ],
          [
            100.30311,
            5.3568817
          ],
          [
            100.3031097,
            5.3568818
          ],
          [
            100.3031093,
            5.3568819
          ],
          [
            100.303109,
            5.356882
          ],
          [
            100.3031087,
            5.3568821
          ],
          [
            100.3031083,
            5.3568822
          ],
          [
            100.303108,
            5.3568822
          ],
          [
            100.3031077,
            5.3568823
          ],
          [
            100.3031073,
            5.3568824
          ],
          [
            100.303107,
            5.3568825
          ],
          [
            100.3031067,
            5.3568826
          ],
          [
            100.3031063,
            5.3568826
          ],
          [
            100.303106,
            5.3568827
          ],
          [
            100.3031057,
            5.3568828
          ],
          [
            100.3031053,
            5.3568829
          ],
          [
            100.303105,
            5.3568829
          ],
          [
            100.3031047,
            5.356883
          ],
          [
            100.3031043,
            5.3568831
          ],
          [
            100.303104,
            5.3568831
          ],
          [
            100.3031037,
            5.3568832
          ],
          [
            100.3031034,
            5.3568833
          ],
          [
            100.3031031,
            5.3568833
          ],
          [
            100.3031027,
            5.3568834
          ],
          [
            100.3031024,
            5.3568834
          ],
          [
            100.3031021,
            5.3568835
          ],
          [
            100.3031018,
            5.3568835
          ],
          [
            100.3031015,
            5.3568836
          ],
          [
            100.3031012,
            5.3568836
          ],
          [
            100.3031009,
            5.3568836
          ],
          [
            100.3031006,
            5.3568837
          ],
          [
            100.3031003,
            5.3568837
          ],
          [
            100.3031,
            5.3568837
          ],
          [
            100.3030997,
            5.3568838
          ],
          [
            100.3030994,
            5.3568838
          ],
          [
            100.3030991,
            5.3568838
          ],
          [
            100.3030988,
            5.3568838
          ],
          [
            100.3030985,
            5.3568838
          ],
          [
            100.3030982,
            5.3568839
          ],
          [
            100.3030979,
            5.3568839
          ],
          [
            100.3030976,
            5.3568839
          ],
          [
            100.3030973,
            5.3568839
          ],
          [
            100.3030971,
            5.3568839
          ],
          [
            100.3030968,
            5.3568839
          ],
          [
            100.3030965,
            5.3568839
          ],
          [
            100.3030962,
            5.3568839
          ],
          [
            100.3030959,
            5.3568839
          ],
          [
            100.3030957,
            5.3568839
          ],
          [
            100.3030954,
            5.3568838
          ],
          [
            100.3030951,
            5.3568838
          ],
          [
            100.3030949,
            5.3568838
          ],
          [
            100.3030946,
            5.3568838
          ],
          [
            100.3030943,
            5.3568838
          ],
          [
            100.3030941,
            5.3568837
          ],
          [
            100.3030938,
            5.3568837
          ],
          [
            100.3030936,
            5.3568837
          ],
          [
            100.3030933,
            5.3568836
          ],
          [
            100.303093,
            5.3568836
          ],
          [
            100.3030928,
            5.3568835
          ],
          [
            100.3030925,
            5.3568835
          ],
          [
            100.3030923,
            5.3568835
          ],
          [
            100.303092,
            5.3568834
          ],
          [
            100.3030918,
            5.3568834
          ],
          [
            100.3030915,
            5.3568833
          ],
          [
            100.3030913,
            5.3568832
          ],
          [
            100.3030911,
            5.3568832
          ],
          [
            100.3030908,
            5.3568831
          ],
          [
            100.3030906,
            5.3568831
          ],
          [
            100.3030903,
            5.356883
          ],
          [
            100.3030901,
            5.3568829
          ],
          [
            100.3030899,
            5.3568829
          ],
          [
            100.3030896,
            5.3568828
          ],
          [
            100.3030894,
            5.3568827
          ],
          [
            100.3030892,
            5.3568826
          ],
          [
            100.3030889,
            5.3568826
          ],
          [
            100.3030887,
            5.3568825
          ],
          [
            100.3030885,
            5.3568824
          ],
          [
            100.3030883,
            5.3568823
          ],
          [
            100.303088,
            5.3568822
          ],
          [
            100.3030878,
            5.3568821
          ],
          [
            100.3030876,
            5.356882
          ],
          [
            100.3030874,
            5.3568819
          ],
          [
            100.3030871,
            5.3568818
          ],
          [
            100.3030869,
            5.3568817
          ],
          [
            100.3030867,
            5.3568816
          ],
          [
            100.3030865,
            5.3568815
          ],
          [
            100.3030863,
            5.3568814
          ],
          [
            100.303086,
            5.3568813
          ],
          [
            100.3030858,
            5.3568812
          ],
          [
            100.3030856,
            5.3568811
          ],
          [
            100.3030854,
            5.356881
          ],
          [
            100.3030852,
            5.3568809
          ],
          [
            100.3030849,
            5.3568808
          ],
          [
            100.3030847,
            5.3568807
          ],
          [
            100.3030845,
            5.3568806
          ],
          [
            100.3030843,
            5.3568805
          ],
          [
            100.3030841,
            5.3568804
          ],
          [
            100.3030838,
            5.3568803
          ],
          [
            100.3030836,
            5.3568802
          ],
          [
            100.3030834,
            5.3568801
          ],
          [
            100.3030832,
            5.35688
          ],
          [
            100.3030829,
            5.3568799
          ],
          [
            100.3030827,
            5.3568798
          ],
          [
            100.3030825,
            5.3568797
          ],
          [
            100.3030823,
            5.3568796
          ],
          [
            100.303082,
            5.3568795
          ],
          [
            100.3030818,
            5.3568794
          ],
          [
            100.3030816,
            5.3568793
          ],
          [
            100.3030814,
            5.3568792
          ],
          [
            100.3030811,
            5.3568791
          ],
          [
            100.3030809,
            5.3568791
          ],
          [
            100.3030807,
            5.356879
          ],
          [
            100.3030804,
            5.3568789
          ],
          [
            100.3030802,
            5.3568788
          ],
          [
            100.30308,
            5.3568787
          ],
          [
            100.3030797,
            5.3568787
          ],
          [
            100.3030795,
            5.3568786
          ],
          [
            100.3030793,
            5.3568785
          ],
          [
            100.303079,
            5.3568784
          ],
          [
            100.3030788,
            5.3568784
          ],
          [
            100.3030786,
            5.3568783
          ],
          [
            100.3030783,
            5.3568783
          ],
          [
            100.3030781,
            5.3568782
          ],
          [
            100.3030779,
            5.3568781
          ],
          [
            100.3030777,
            5.3568781
          ],
          [
            100.3030774,
            5.356878
          ],
          [
            100.3030772,
            5.356878
          ],
          [
            100.303077,
            5.3568779
          ],
          [
            100.3030768,
            5.3568779
          ],
          [
            100.3030765,
            5.3568779
          ],
          [
            100.3030763,
            5.3568778
          ],
          [
            100.3030761,
            5.3568778
          ],
          [
            100.3030759,
            5.3568778
          ],
          [
            100.3030757,
            5.3568777
          ],
          [
            100.3030754,
            5.3568777
          ],
          [
            100.3030752,
            5.3568777
          ],
          [
            100.303075,
            5.3568777
          ],
          [
            100.3030748,
            5.3568776
          ],
          [
            100.3030746,
            5.3568776
          ],
          [
            100.3030744,
            5.3568776
          ],
          [
            100.3030742,
            5.3568776
          ],
          [
            100.303074,
            5.3568776
          ],
          [
            100.3030738,
            5.3568776
          ],
          [
            100.3030736,
            5.3568776
          ],
          [
            100.3030734,
            5.3568776
          ],
          [
            100.3030732,
            5.3568776
          ],
          [
            100.303073,
            5.3568776
          ],
          [
            100.3030728,
            5.3568775
          ],
          [
            100.3030726,
            5.3568775
          ],
          [
            100.3030724,
            5.3568775
          ],
          [
            100.3030723,
            5.3568775
          ],
          [
            100.3030721,
            5.3568775
          ],
          [
            100.3030719,
            5.3568775
          ],
          [
            100.3030718,
            5.3568775
          ],
          [
            100.3030716,
            5.3568775
          ],
          [
            100.3030714,
            5.3568775
          ],
          [
            100.3030713,
            5.3568775
          ],
          [
            100.3030711,
            5.3568775
          ],
          [
            100.303071,
            5.3568775
          ],
          [
            100.3030709,
            5.3568775
          ],
          [
            100.3030707,
            5.3568775
          ],
          [
            100.3030706,
            5.3568775
          ],
          [
            100.3030705,
            5.3568775
          ],
          [
            100.3030703,
            5.3568775
          ],
          [
            100.3030702,
            5.3568775
          ],
          [
            100.3030701,
            5.3568775
          ],
          [
            100.30307,
            5.3568775
          ],
          [
            100.3030699,
            5.3568775
          ],
          [
            100.3030698,
            5.3568775
          ],
          [
            100.3030697,
            5.3568775
          ],
          [
            100.3030695,
            5.3568776
          ],
          [
            100.3030695,
            5.3568776
          ],
          [
            100.3030694,
            5.3568776
          ],
          [
            100.3030693,
            5.3568776
          ],
          [
            100.3030692,
            5.3568776
          ],
          [
            100.3030691,
            5.3568776
          ],
          [
            100.303069,
            5.3568776
          ],
          [
            100.303069,
            5.3568776
          ],
          [
            100.3030689,
            5.3568776
          ],
          [
            100.3030688,
            5.3568776
          ],
          [
            100.3030688,
            5.3568776
          ],
          [
            100.3030687,
            5.3568776
          ],
          [
            100.3030686,
            5.3568776
          ],
          [
            100.3030686,
            5.3568776
          ],
          [
            100.3030685,
            5.3568776
          ],
          [
            100.3030685,
            5.3568776
          ],
          [
            100.3030684,
            5.3568776
          ],
          [
            100.3030684,
            5.3568776
          ],
          [
            100.3030683,
            5.3568776
          ],
          [
            100.3030683,
            5.3568776
          ],
          [
            100.3030683,
            5.3568776
          ],
          [
            100.3030682,
            5.3568776
          ],
          [
            100.3030682,
            5.3568776
          ],
          [
            100.3030682,
            5.3568776
          ],
          [
            100.3030681,
            5.3568776
          ],
          [
            100.3030681,
            5.3568776
          ],
          [
            100.3030681,
            5.3568776
          ],
          [
            100.303068,
            5.3568776
          ],
          [
            100.303068,
            5.3568776
          ],
          [
            100.303068,
            5.3568775
          ],
          [
            100.303068,
            5.3568775
          ],
          [
            100.303068,
            5.3568775
          ],
          [
            100.303068,
            5.3568775
          ],
          [
            100.3030679,
            5.3568775
          ],
          [
            100.3030679,
            5.3568776
          ],
          [
            100.3030679,
            5.3568776
          ],
          [
            100.3030679,
            5.3568776
          ],
          [
            100.3030679,
            5.3568776
          ],
          [
            100.3030679,
            5.3568776
          ],
          [
            100.3030679,
            5.3568776
          ],
          [
            100.3030678,
            5.3568776
          ],
          [
            100.3030678,
            5.3568776
          ],
          [
            100.3030678,
            5.3568776
          ],
          [
            100.3030678,
            5.3568776
          ],
          [
            100.3030678,
            5.3568776
          ],
          [
            100.3030678,
            5.3568776
          ],
          [
            100.3030678,
            5.3568776
          ],
          [
            100.3030678,
            5.3568777
          ],
          [
            100.3030678,
            5.3568777
          ],
          [
            100.3030678,
            5.3568777
          ],
          [
            100.3030678,
            5.3568777
          ],
          [
            100.3030677,
            5.3568777
          ],
          [
            100.3030677,
            5.3568777
          ],
          [
            100.3030677,
            5.3568777
          ],
          [
            100.3030677,
            5.3568777
          ],
          [
            100.3030677,
            5.3568777
          ],
          [
            100.3030677,
            5.3568777
          ],
          [
            100.3030677,
            5.3568777
          ],
          [
            100.3030677,
            5.3568777
          ],
          [
            100.3030677,
            5.3568777
          ],
          [
            100.3030677,
            5.3568777
          ],
          [
            100.3030677,
            5.3568777
          ],
          [
            100.3030677,
            5.3568777
          ],
          [
            100.3030677,
            5.3568777
          ],
          [
            100.3030677,
            5.3568777
          ],
          [
            100.3030677,
            5.3568777
          ],
          [
            100.3030677,
            5.3568777
          ],
          [
            100.3030676,
            5.3568777
          ],
          [
            100.3030676,
            5.3568776
          ],
          [
            100.3030676,
            5.3568776
          ],
          [
            100.3030676,
            5.3568776
          ],
          [
            100.3030676,
            5.3568776
          ],
          [
            100.3030676,
            5.3568776
          ],
          [
            100.3030676,
            5.3568776
          ],
          [
            100.3030676,
            5.3568776
          ],
          [
            100.3030676,
            5.3568776
          ],
          [
            100.3030676,
            5.3568776
          ],
          [
            100.3030676,
            5.3568776
          ],
          [
            100.3030675,
            5.3568776
          ],
          [
            100.3030675,
            5.3568776
          ],
          [
            100.3030675,
            5.3568776
          ],
          [
            100.3030675,
            5.3568776
          ],
          [
            100.3030675,
            5.3568776
          ],
          [
            100.3030675,
            5.3568776
          ],
          [
            100.3030674,
            5.3568776
          ],
          [
            100.3030674,
            5.3568776
          ],
          [
            100.3030674,
            5.3568776
          ],
          [
            100.3030674,
            5.3568776
          ],
          [
            100.3030673,
            5.3568776
          ],
          [
            100.3030673,
            5.3568776
          ],
          [
            100.3030673,
            5.3568776
          ],
          [
            100.3030672,
            5.3568776
          ],
          [
            100.3030672,
            5.3568776
          ],
          [
            100.3030672,
            5.3568776
          ],
          [
            100.3030672,
            5.3568776
          ],
          [
            100.3030671,
            5.3568776
          ],
          [
            100.3030671,
            5.3568777
          ],
          [
            100.3030671,
            5.3568777
          ],
          [
            100.303067,
            5.3568777
          ],
          [
            100.303067,
            5.3568777
          ],
          [
            100.303067,
            5.3568777
          ],
          [
            100.3030669,
            5.3568777
          ],
          [
            100.3030669,
            5.3568777
          ],
          [
            100.3030669,
            5.3568777
          ],
          [
            100.3030668,
            5.3568778
          ],
          [
            100.3030668,
            5.3568778
          ],
          [
            100.3030668,
            5.3568778
          ],
          [
            100.3030667,
            5.3568778
          ],
          [
            100.3030667,
            5.3568778
          ],
          [
            100.3030667,
            5.3568779
          ],
          [
            100.3030666,
            5.3568779
          ],
          [
            100.3030666,
            5.3568779
          ],
          [
            100.3030666,
            5.356878
          ],
          [
            100.3030665,
            5.356878
          ],
          [
            100.3030665,
            5.356878
          ],
          [
            100.3030665,
            5.356878
          ],
          [
            100.3030664,
            5.3568781
          ],
          [
            100.3030664,
            5.3568781
          ],
          [
            100.3030664,
            5.3568781
          ],
          [
            100.3030663,
            5.3568782
          ],
          [
            100.3030663,
            5.3568782
          ],
          [
            100.3030663,
            5.3568783
          ],
          [
            100.3030662,
            5.3568783
          ],
          [
            100.3030662,
            5.3568783
          ],
          [
            100.3030661,
            5.3568784
          ],
          [
            100.3030661,
            5.3568784
          ],
          [
            100.303066,
            5.3568785
          ],
          [
            100.303066,
            5.3568785
          ],
          [
            100.303066,
            5.3568786
          ],
          [
            100.3030659,
            5.3568786
          ],
          [
            100.3030659,
            5.3568786
          ],
          [
            100.3030658,
            5.3568787
          ],
          [
            100.3030658,
            5.3568787
          ],
          [
            100.3030658,
            5.3568788
          ],
          [
            100.3030657,
            5.3568788
          ],
          [
            100.3030657,
            5.3568789
          ],
          [
            100.3030657,
            5.3568789
          ],
          [
            100.3030656,
            5.356879
          ],
          [
            100.3030656,
            5.356879
          ],
          [
            100.3030656,
            5.3568791
          ],
          [
            100.3030655,
            5.3568791
          ],
          [
            100.3030655,
            5.3568792
          ],
          [
            100.3030655,
            5.3568792
          ],
          [
            100.3030654,
            5.3568792
          ],
          [
            100.3030654,
            5.3568793
          ],
          [
            100.3030654,
            5.3568793
          ],
          [
            100.3030654,
            5.3568794
          ],
          [
            100.3030653,
            5.3568794
          ],
          [
            100.3030653,
            5.3568795
          ],
          [
            100.3030653,
            5.3568795
          ],
          [
            100.3030652,
            5.3568796
          ],
          [
            100.3030652,
            5.3568796
          ],
          [
            100.3030652,
            5.3568797
          ],
          [
            100.3030652,
            5.3568797
          ],
          [
            100.3030651,
            5.3568798
          ],
          [
            100.3030651,
            5.3568798
          ],
          [
            100.3030651,
            5.3568799
          ],
          [
            100.3030651,
            5.3568799
          ],
          [
            100.303065,
            5.35688
          ],
          [
            100.303065,
            5.35688
          ],
          [
            100.303065,
            5.35688
          ],
          [
            100.303065,
            5.3568801
          ],
          [
            100.3030649,
            5.3568801
          ],
          [
            100.3030649,
            5.3568802
          ],
          [
            100.3030649,
            5.3568802
          ],
          [
            100.3030649,
            5.3568803
          ],
          [
            100.3030649,
            5.3568803
          ],
          [
            100.3030649,
            5.3568804
          ],
          [
            100.3030648,
            5.3568804
          ],
          [
            100.3030648,
            5.3568805
          ],
          [
            100.3030648,
            5.3568806
          ],
          [
            100.3030648,
            5.3568806
          ],
          [
            100.3030648,
            5.3568807
          ],
          [
            100.3030648,
            5.3568807
          ],
          [
            100.3030648,
            5.3568808
          ],
          [
            100.3030648,
            5.3568808
          ],
          [
            100.3030648,
            5.3568809
          ],
          [
            100.3030648,
            5.356881
          ],
          [
            100.3030648,
            5.356881
          ],
          [
            100.3030648,
            5.3568811
          ],
          [
            100.3030647,
            5.3568812
          ],
          [
            100.3030647,
            5.3568812
          ],
          [
            100.3030647,
            5.3568813
          ],
          [
            100.3030647,
            5.3568814
          ],
          [
            100.3030647,
            5.3568814
          ],
          [
            100.3030648,
            5.3568815
          ],
          [
            100.3030648,
            5.3568816
          ],
          [
            100.3030648,
            5.3568816
          ],
          [
            100.3030648,
            5.3568817
          ],
          [
            100.3030648,
            5.3568818
          ],
          [
            100.3030648,
            5.3568819
          ],
          [
            100.3030648,
            5.356882
          ],
          [
            100.3030648,
            5.356882
          ],
          [
            100.3030648,
            5.3568821
          ],
          [
            100.3030648,
            5.3568822
          ],
          [
            100.3030648,
            5.3568823
          ],
          [
            100.3030648,
            5.3568824
          ],
          [
            100.3030648,
            5.3568825
          ],
          [
            100.3030649,
            5.3568826
          ],
          [
            100.3030649,
            5.3568826
          ],
          [
            100.3030649,
            5.3568827
          ],
          [
            100.3030649,
            5.3568828
          ],
          [
            100.3030649,
            5.3568829
          ],
          [
            100.3030649,
            5.356883
          ],
          [
            100.3030649,
            5.3568831
          ],
          [
            100.303065,
            5.3568832
          ],
          [
            100.303065,
            5.3568833
          ],
          [
            100.303065,
            5.3568834
          ],
          [
            100.303065,
            5.3568835
          ],
          [
            100.303065,
            5.3568836
          ],
          [
            100.3030651,
            5.3568837
          ],
          [
            100.3030651,
            5.3568838
          ],
          [
            100.3030651,
            5.3568839
          ],
          [
            100.3030651,
            5.3568841
          ],
          [
            100.3030651,
            5.3568842
          ],
          [
            100.3030651,
            5.3568843
          ],
          [
            100.3030651,
            5.3568844
          ],
          [
            100.3030651,
            5.3568845
          ],
          [
            100.3030651,
            5.3568846
          ],
          [
            100.3030651,
            5.3568848
          ],
          [
            100.3030651,
            5.3568849
          ],
          [
            100.3030651,
            5.356885
          ],
          [
            100.3030651,
            5.3568851
          ],
          [
            100.303065,
            5.3568853
          ],
          [
            100.303065,
            5.3568854
          ],
          [
            100.3030649,
            5.3568855
          ],
          [
            100.3030649,
            5.3568857
          ],
          [
            100.3030648,
            5.3568858
          ],
          [
            100.3030648,
            5.3568859
          ],
          [
            100.3030647,
            5.3568861
          ],
          [
            100.3030646,
            5.3568862
          ],
          [
            100.3030646,
            5.3568863
          ],
          [
            100.3030645,
            5.3568865
          ],
          [
            100.3030644,
            5.3568866
          ],
          [
            100.3030643,
            5.3568867
          ],
          [
            100.3030642,
            5.3568868
          ],
          [
            100.3030641,
            5.356887
          ],
          [
            100.3030641,
            5.3568871
          ],
          [
            100.303064,
            5.3568872
          ],
          [
            100.3030639,
            5.3568873
          ],
          [
            100.3030638,
            5.3568875
          ],
          [
            100.3030637,
            5.3568876
          ],
          [
            100.3030635,
            5.3568877
          ],
          [
            100.3030634,
            5.3568878
          ],
          [
            100.3030633,
            5.3568879
          ],
          [
            100.3030632,
            5.356888
          ],
          [
            100.3030631,
            5.3568882
          ],
          [
            100.303063,
            5.3568883
          ],
          [
            100.3030628,
            5.3568884
          ],
          [
            100.3030627,
            5.3568885
          ],
          [
            100.3030626,
            5.3568886
          ],
          [
            100.3030625,
            5.3568887
          ],
          [
            100.3030623,
            5.3568888
          ],
          [
            100.3030622,
            5.3568889
          ],
          [
            100.3030621,
            5.356889
          ],
          [
            100.3030619,
            5.3568891
          ],
          [
            100.3030618,
            5.3568892
          ],
          [
            100.3030616,
            5.3568893
          ],
          [
            100.3030615,
            5.3568893
          ],
          [
            100.3030614,
            5.3568894
          ],
          [
            100.3030612,
            5.3568895
          ],
          [
            100.3030611,
            5.3568896
          ],
          [
            100.3030609,
            5.3568896
          ],
          [
            100.3030608,
            5.3568897
          ],
          [
            100.3030607,
            5.3568897
          ],
          [
            100.3030605,
            5.3568898
          ],
          [
            100.3030604,
            5.3568899
          ],
          [
            100.3030602,
            5.3568899
          ],
          [
            100.3030601,
            5.35689
          ],
          [
            100.3030599,
            5.35689
          ],
          [
            100.3030598,
            5.35689
          ],
          [
            100.3030596,
            5.3568901
          ],
          [
            100.3030595,
            5.3568901
          ],
          [
            100.3030594,
            5.3568901
          ],
          [
            100.3030592,
            5.3568902
          ],
          [
            100.3030591,
            5.3568902
          ],
          [
            100.303059,
            5.3568902
          ],
          [
            100.3030588,
            5.3568902
          ],
          [
            100.3030587,
            5.3568902
          ],
          [
            100.3030586,
            5.3568902
          ],
          [
            100.3030585,
            5.3568902
          ],
          [
            100.3030584,
            5.3568902
          ],
          [
            100.3030583,
            5.3568901
          ],
          [
            100.3030582,
            5.3568901
          ],
          [
            100.3030581,
            5.3568901
          ],
          [
            100.3030581,
            5.35689
          ],
          [
            100.303058,
            5.35689
          ],
          [
            100.3030579,
            5.3568899
          ],
          [
            100.3030578,
            5.3568899
          ],
          [
            100.3030578,
            5.3568898
          ],
          [
            100.3030577,
            5.3568898
          ],
          [
            100.3030577,
            5.3568897
          ],
          [
            100.3030576,
            5.3568896
          ],
          [
            100.3030576,
            5.3568896
          ],
          [
            100.3030575,
            5.3568895
          ],
          [
            100.3030575,
            5.3568894
          ],
          [
            100.3030574,
            5.3568893
          ],
          [
            100.3030574,
            5.3568892
          ],
          [
            100.3030574,
            5.3568892
          ],
          [
            100.3030574,
            5.3568891
          ],
          [
            100.3030573,
            5.356889
          ],
          [
            100.3030573,
            5.3568889
          ],
          [
            100.3030573,
            5.3568888
          ],
          [
            100.3030573,
            5.3568887
          ],
          [
            100.3030572,
            5.3568885
          ],
          [
            100.3030572,
            5.3568884
          ],
          [
            100.3030572,
            5.3568883
          ],
          [
            100.3030572,
            5.3568882
          ],
          [
            100.3030572,
            5.3568881
          ],
          [
            100.3030572,
            5.356888
          ],
          [
            100.3030572,
            5.3568879
          ],
          [
            100.3030572,
            5.3568877
          ],
          [
            100.3030572,
            5.3568876
          ],
          [
            100.3030572,
            5.3568875
          ],
          [
            100.3030572,
            5.3568874
          ],
          [
            100.3030572,
            5.3568873
          ],
          [
            100.3030572,
            5.3568871
          ],
          [
            100.3030573,
            5.356887
          ],
          [
            100.3030573,
            5.3568869
          ],
          [
            100.3030573,
            5.3568868
          ],
          [
            100.3030573,
            5.3568866
          ],
          [
            100.3030573,
            5.3568865
          ],
          [
            100.3030573,
            5.3568864
          ],
          [
            100.3030573,
            5.3568862
          ],
          [
            100.3030573,
            5.3568861
          ],
          [
            100.3030573,
            5.356886
          ],
          [
            100.3030573,
            5.3568859
          ],
          [
            100.3030574,
            5.3568857
          ],
          [
            100.3030574,
            5.3568856
          ],
          [
            100.3030574,
            5.3568855
          ],
          [
            100.3030574,
            5.3568853
          ],
          [
            100.3030574,
            5.3568852
          ],
          [
            100.3030574,
            5.3568851
          ],
          [
            100.3030574,
            5.3568849
          ],
          [
            100.3030574,
            5.3568848
          ],
          [
            100.3030575,
            5.3568847
          ],
          [
            100.3030575,
            5.3568846
          ],
          [
            100.3030575,
            5.3568844
          ],
          [
            100.3030575,
            5.3568843
          ],
          [
            100.3030575,
            5.3568842
          ],
          [
            100.3030575,
            5.3568841
          ],
          [
            100.3030575,
            5.3568839
          ],
          [
            100.3030575,
            5.3568838
          ],
          [
            100.3030575,
            5.3568837
          ],
          [
            100.3030576,
            5.3568836
          ],
          [
            100.3030576,
            5.3568834
          ],
          [
            100.3030576,
            5.3568833
          ],
          [
            100.3030576,
            5.3568832
          ],
          [
            100.3030576,
            5.3568831
          ],
          [
            100.3030576,
            5.356883
          ],
          [
            100.3030576,
            5.3568828
          ],
          [
            100.3030576,
            5.3568827
          ],
          [
            100.3030577,
            5.3568826
          ],
          [
            100.3030577,
            5.3568825
          ],
          [
            100.3030577,
            5.3568824
          ],
          [
            100.3030577,
            5.3568823
          ],
          [
            100.3030577,
            5.3568822
          ],
          [
            100.3030577,
            5.3568821
          ],
          [
            100.3030577,
            5.356882
          ],
          [
            100.3030577,
            5.3568819
          ],
          [
            100.3030577,
            5.3568818
          ],
          [
            100.3030577,
            5.3568817
          ],
          [
            100.3030577,
            5.3568816
          ],
          [
            100.3030577,
            5.3568815
          ],
          [
            100.3030577,
            5.3568814
          ],
          [
            100.3030577,
            5.3568813
          ],
          [
            100.3030577,
            5.3568812
          ],
          [
            100.3030577,
            5.3568811
          ],
          [
            100.3030577,
            5.3568809
          ],
          [
            100.3030576,
            5.3568808
          ],
          [
            100.3030576,
            5.3568807
          ],
          [
            100.3030576,
            5.3568806
          ],
          [
            100.3030576,
            5.3568805
          ],
          [
            100.3030576,
            5.3568804
          ],
          [
            100.3030576,
            5.3568803
          ],
          [
            100.3030576,
            5.3568802
          ],
          [
            100.3030576,
            5.3568801
          ],
          [
            100.3030575,
            5.3568801
          ],
          [
            100.3030575,
            5.35688
          ],
          [
            100.3030575,
            5.3568799
          ],
          [
            100.3030575,
            5.3568798
          ],
          [
            100.3030575,
            5.3568797
          ],
          [
            100.3030574,
            5.3568796
          ],
          [
            100.3030574,
            5.3568795
          ],
          [
            100.3030574,
            5.3568794
          ],
          [
            100.3030574,
            5.3568793
          ],
          [
            100.3030573,
            5.3568792
          ],
          [
            100.3030573,
            5.3568791
          ],
          [
            100.3030573,
            5.3568791
          ],
          [
            100.3030572,
            5.356879
          ],
          [
            100.3030572,
            5.3568789
          ],
          [
            100.3030572,
            5.3568788
          ],
          [
            100.3030571,
            5.3568788
          ],
          [
            100.3030571,
            5.3568787
          ],
          [
            100.3030571,
            5.3568786
          ],
          [
            100.303057,
            5.3568785
          ],
          [
            100.303057,
            5.3568785
          ],
          [
            100.303057,
            5.3568784
          ],
          [
            100.3030569,
            5.3568783
          ],
          [
            100.3030569,
            5.3568783
          ],
          [
            100.3030569,
            5.3568782
          ],
          [
            100.3030568,
            5.3568781
          ],
          [
            100.3030568,
            5.3568781
          ],
          [
            100.3030567,
            5.356878
          ],
          [
            100.3030567,
            5.356878
          ],
          [
            100.3030567,
            5.3568779
          ],
          [
            100.3030566,
            5.3568778
          ],
          [
            100.3030566,
            5.3568778
          ],
          [
            100.3030565,
            5.3568777
          ],
          [
            100.3030565,
            5.3568777
          ],
          [
            100.3030565,
            5.3568776
          ],
          [
            100.3030564,
            5.3568776
          ],
          [
            100.3030564,
            5.3568775
          ],
          [
            100.3030564,
            5.3568775
          ],
          [
            100.3030563,
            5.3568774
          ],
          [
            100.3030563,
            5.3568774
          ],
          [
            100.3030563,
            5.3568773
          ],
          [
            100.3030563,
            5.3568773
          ],
          [
            100.3030562,
            5.3568772
          ],
          [
            100.3030562,
            5.3568772
          ],
          [
            100.3030562,
            5.3568772
          ],
          [
            100.3030562,
            5.3568771
          ],
          [
            100.3030561,
            5.3568771
          ],
          [
            100.3030561,
            5.356877
          ],
          [
            100.3030561,
            5.356877
          ],
          [
            100.3030561,
            5.356877
          ],
          [
            100.3030561,
            5.3568769
          ],
          [
            100.303056,
            5.3568769
          ],
          [
            100.303056,
            5.3568769
          ],
          [
            100.303056,
            5.3568768
          ],
          [
            100.303056,
            5.3568768
          ],
          [
            100.303056,
            5.3568768
          ],
          [
            100.303056,
            5.3568767
          ],
          [
            100.303056,
            5.3568767
          ],
          [
            100.303056,
            5.3568767
          ],
          [
            100.3030559,
            5.3568766
          ],
          [
            100.3030559,
            5.3568766
          ],
          [
            100.3030559,
            5.3568766
          ],
          [
            100.3030559,
            5.3568766
          ],
          [
            100.3030559,
            5.3568765
          ],
          [
            100.3030559,
            5.3568765
          ],
          [
            100.3030559,
            5.3568765
          ],
          [
            100.3030559,
            5.3568764
          ],
          [
            100.3030559,
            5.3568764
          ],
          [
            100.3030559,
            5.3568764
          ],
          [
            100.303056,
            5.3568764
          ],
          [
            100.303056,
            5.3568763
          ],
          [
            100.303056,
            5.3568763
          ],
          [
            100.303056,
            5.3568763
          ],
          [
            100.303056,
            5.3568763
          ],
          [
            100.303056,
            5.3568763
          ],
          [
            100.303056,
            5.3568762
          ],
          [
            100.3030561,
            5.3568762
          ],
          [
            100.3030561,
            5.3568762
          ],
          [
            100.3030561,
            5.3568762
          ],
          [
            100.3030561,
            5.3568761
          ],
          [
            100.3030561,
            5.3568761
          ],
          [
            100.3030562,
            5.3568761
          ],
          [
            100.3030562,
            5.3568761
          ],
          [
            100.3030562,
            5.3568761
          ],
          [
            100.3030563,
            5.3568761
          ],
          [
            100.3030563,
            5.3568761
          ],
          [
            100.3030563,
            5.3568761
          ],
          [
            100.3030564,
            5.3568761
          ],
          [
            100.3030564,
            5.3568761
          ],
          [
            100.3030565,
            5.3568761
          ],
          [
            100.3030565,
            5.3568761
          ],
          [
            100.3030565,
            5.3568761
          ],
          [
            100.3030566,
            5.3568761
          ],
          [
            100.3030566,
            5.3568761
          ],
          [
            100.3030567,
            5.3568761
          ],
          [
            100.3030567,
            5.3568761
          ],
          [
            100.3030568,
            5.3568761
          ],
          [
            100.3030568,
            5.3568761
          ],
          [
            100.3030569,
            5.3568761
          ],
          [
            100.3030569,
            5.3568761
          ],
          [
            100.303057,
            5.3568761
          ],
          [
            100.303057,
            5.3568761
          ],
          [
            100.3030571,
            5.3568761
          ],
          [
            100.3030571,
            5.3568761
          ],
          [
            100.3030572,
            5.3568761
          ],
          [
            100.3030573,
            5.3568761
          ],
          [
            100.3030573,
            5.3568762
          ],
          [
            100.3030574,
            5.3568762
          ],
          [
            100.3030575,
            5.3568762
          ],
          [
            100.3030575,
            5.3568762
          ],
          [
            100.3030576,
            5.3568762
          ],
          [
            100.3030577,
            5.3568763
          ],
          [
            100.3030578,
            5.3568763
          ],
          [
            100.3030578,
            5.3568763
          ],
          [
            100.3030579,
            5.3568764
          ],
          [
            100.303058,
            5.3568764
          ],
          [
            100.3030581,
            5.3568764
          ],
          [
            100.3030582,
            5.3568765
          ],
          [
            100.3030583,
            5.3568765
          ],
          [
            100.3030583,
            5.3568766
          ],
          [
            100.3030584,
            5.3568766
          ],
          [
            100.3030585,
            5.3568767
          ],
          [
            100.3030586,
            5.3568767
          ],
          [
            100.3030587,
            5.3568768
          ],
          [
            100.3030588,
            5.3568768
          ],
          [
            100.3030589,
            5.3568769
          ],
          [
            100.303059,
            5.3568769
          ],
          [
            100.3030591,
            5.356877
          ],
          [
            100.3030592,
            5.3568771
          ],
          [
            100.3030593,
            5.3568771
          ],
          [
            100.3030594,
            5.3568772
          ],
          [
            100.3030595,
            5.3568773
          ],
          [
            100.3030596,
            5.3568773
          ],
          [
            100.3030597,
            5.3568774
          ],
          [
            100.3030598,
            5.3568774
          ],
          [
            100.30306,
            5.3568775
          ],
          [
            100.3030601,
            5.3568776
          ],
          [
            100.3030602,
            5.3568777
          ],
          [
            100.3030603,
            5.3568777
          ],
          [
            100.3030604,
            5.3568778
          ],
          [
            100.3030605,
            5.3568779
          ],
          [
            100.3030607,
            5.3568779
          ],
          [
            100.3030608,
            5.356878
          ],
          [
            100.3030609,
            5.3568781
          ],
          [
            100.303061,
            5.3568781
          ],
          [
            100.3030611,
            5.3568782
          ],
          [
            100.3030613,
            5.3568783
          ],
          [
            100.3030614,
            5.3568784
          ],
          [
            100.3030615,
            5.3568784
          ],
          [
            100.3030617,
            5.3568785
          ],
          [
            100.3030618,
            5.3568786
          ],
          [
            100.3030619,
            5.3568786
          ],
          [
            100.303062,
            5.3568787
          ],
          [
            100.3030622,
            5.3568788
          ],
          [
            100.3030623,
            5.3568789
          ],
          [
            100.3030624,
            5.3568789
          ],
          [
            100.3030626,
            5.356879
          ],
          [
            100.3030627,
            5.3568791
          ],
          [
            100.3030628,
            5.3568792
          ],
          [
            100.303063,
            5.3568792
          ],
          [
            100.3030631,
            5.3568793
          ],
          [
            100.3030632,
            5.3568794
          ],
          [
            100.3030634,
            5.3568794
          ],
          [
            100.3030635,
            5.3568795
          ],
          [
            100.3030636,
            5.3568796
          ],
          [
            100.3030637,
            5.3568796
          ],
          [
            100.3030639,
            5.3568797
          ],
          [
            100.303064,
            5.3568798
          ],
          [
            100.3030641,
            5.3568798
          ],
          [
            100.3030643,
            5.3568799
          ],
          [
            100.3030644,
            5.3568799
          ],
          [
            100.3030645,
            5.35688
          ],
          [
            100.3030646,
            5.3568801
          ],
          [
            100.3030648,
            5.3568801
          ],
          [
            100.3030649,
            5.3568802
          ],
          [
            100.303065,
            5.3568802
          ],
          [
            100.3030651,
            5.3568803
          ],
          [
            100.3030653,
            5.3568803
          ],
          [
            100.3030654,
            5.3568804
          ],
          [
            100.3030655,
            5.3568804
          ],
          [
            100.3030656,
            5.3568805
          ],
          [
            100.3030658,
            5.3568805
          ],
          [
            100.3030659,
            5.3568805
          ],
          [
            100.303066,
            5.3568806
          ],
          [
            100.3030661,
            5.3568806
          ],
          [
            100.3030663,
            5.3568807
          ],
          [
            100.3030664,
            5.3568807
          ],
          [
            100.3030665,
            5.3568807
          ],
          [
            100.3030666,
            5.3568808
          ],
          [
            100.3030667,
            5.3568808
          ],
          [
            100.3030668,
            5.3568809
          ],
          [
            100.3030669,
            5.3568809
          ],
          [
            100.303067,
            5.3568809
          ],
          [
            100.3030671,
            5.356881
          ],
          [
            100.3030672,
            5.356881
          ],
          [
            100.3030673,
            5.3568811
          ],
          [
            100.3030674,
            5.3568811
          ],
          [
            100.3030675,
            5.3568811
          ],
          [
            100.3030676,
            5.3568812
          ],
          [
            100.3030677,
            5.3568812
          ],
          [
            100.3030678,
            5.3568812
          ],
          [
            100.3030678,
            5.3568813
          ],
          [
            100.3030679,
            5.3568813
          ],
          [
            100.303068,
            5.3568813
          ],
          [
            100.303068,
            5.3568813
          ],
          [
            100.3030681,
            5.3568814
          ],
          [
            100.3030682,
            5.3568814
          ],
          [
            100.3030682,
            5.3568814
          ],
          [
            100.3030683,
            5.3568815
          ],
          [
            100.3030683,
            5.3568815
          ],
          [
            100.3030684,
            5.3568815
          ],
          [
            100.3030685,
            5.3568815
          ],
          [
            100.3030685,
            5.3568816
          ],
          [
            100.3030685,
            5.3568816
          ],
          [
            100.3030686,
            5.3568816
          ],
          [
            100.3030686,
            5.3568816
          ],
          [
            100.3030687,
            5.3568817
          ],
          [
            100.3030687,
            5.3568817
          ],
          [
            100.3030688,
            5.3568817
          ],
          [
            100.3030688,
            5.3568818
          ],
          [
            100.3030688,
            5.3568818
          ],
          [
            100.3030689,
            5.3568818
          ],
          [
            100.3030689,
            5.3568818
          ],
          [
            100.3030689,
            5.3568819
          ],
          [
            100.303069,
            5.3568819
          ],
          [
            100.303069,
            5.3568819
          ],
          [
            100.303069,
            5.3568819
          ],
          [
            100.3030691,
            5.3568819
          ],
          [
            100.3030691,
            5.356882
          ],
          [
            100.3030691,
            5.356882
          ],
          [
            100.3030691,
            5.356882
          ],
          [
            100.3030691,
            5.356882
          ],
          [
            100.3030691,
            5.356882
          ],
          [
            100.3030692,
            5.356882
          ],
          [
            100.3030692,
            5.356882
          ],
          [
            100.3030692,
            5.356882
          ],
          [
            100.3030692,
            5.356882
          ],
          [
            100.3030692,
            5.356882
          ],
          [
            100.3030692,
            5.3568821
          ],
          [
            100.3030692,
            5.3568821
          ],
          [
            100.3030692,
            5.3568821
          ],
          [
            100.3030692,
            5.3568821
          ],
          [
            100.3030692,
            5.356882
          ],
          [
            100.3030693,
            5.356882
          ],
          [
            100.3030693,
            5.356882
          ],
          [
            100.3030693,
            5.356882
          ],
          [
            100.3030693,
            5.356882
          ],
          [
            100.3030693,
            5.356882
          ],
          [
            100.3030693,
            5.356882
          ],
          [
            100.3030693,
            5.3568819
          ],
          [
            100.3030693,
            5.3568819
          ],
          [
            100.3030694,
            5.3568819
          ],
          [
            100.3030694,
            5.3568819
          ],
          [
            100.3030694,
            5.3568819
          ],
          [
            100.3030694,
            5.3568818
          ],
          [
            100.3030695,
            5.3568818
          ],
          [
            100.3030695,
            5.3568818
          ],
          [
            100.3030696,
            5.3568817
          ],
          [
            100.3030696,
            5.3568817
          ],
          [
            100.3030696,
            5.3568817
          ],
          [
            100.3030697,
            5.3568817
          ],
          [
            100.3030697,
            5.3568816
          ],
          [
            100.3030698,
            5.3568816
          ],
          [
            100.3030698,
            5.3568816
          ],
          [
            100.3030699,
            5.3568816
          ],
          [
            100.3030699,
            5.3568815
          ],
          [
            100.30307,
            5.3568815
          ],
          [
            100.30307,
            5.3568815
          ],
          [
            100.3030701,
            5.3568814
          ],
          [
            100.3030702,
            5.3568814
          ],
          [
            100.3030702,
            5.3568814
          ],
          [
            100.3030703,
            5.3568814
          ],
          [
            100.3030703,
            5.3568813
          ],
          [
            100.3030704,
            5.3568813
          ],
          [
            100.3030704,
            5.3568813
          ],
          [
            100.3030705,
            5.3568813
          ],
          [
            100.3030706,
            5.3568813
          ],
          [
            100.3030706,
            5.3568812
          ],
          [
            100.3030707,
            5.3568812
          ],
          [
            100.3030708,
            5.3568812
          ],
          [
            100.3030708,
            5.3568812
          ],
          [
            100.3030709,
            5.3568812
          ],
          [
            100.303071,
            5.3568812
          ],
          [
            100.3030711,
            5.3568812
          ],
          [
            100.3030711,
            5.3568812
          ],
          [
            100.3030712,
            5.3568812
          ],
          [
            100.3030713,
            5.3568812
          ],
          [
            100.3030714,
            5.3568812
          ],
          [
            100.3030714,
            5.3568812
          ],
          [
            100.3030715,
            5.3568812
          ],
          [
            100.3030716,
            5.3568812
          ],
          [
            100.3030717,
            5.3568812
          ],
          [
            100.3030718,
            5.3568813
          ],
          [
            100.3030718,
            5.3568813
          ],
          [
            100.3030719,
            5.3568813
          ],
          [
            100.303072,
            5.3568813
          ],
          [
            100.3030721,
            5.3568814
          ],
          [
            100.3030722,
            5.3568814
          ],
          [
            100.3030722,
            5.3568814
          ],
          [
            100.3030723,
            5.3568815
          ],
          [
            100.3030724,
            5.3568815
          ],
          [
            100.3030725,
            5.3568816
          ],
          [
            100.3030726,
            5.3568816
          ],
          [
            100.3030727,
            5.3568817
          ],
          [
            100.3030727,
            5.3568817
          ],
          [
            100.3030728,
            5.3568818
          ],
          [
            100.3030729,
            5.3568818
          ],
          [
            100.303073,
            5.3568819
          ],
          [
            100.3030731,
            5.3568819
          ],
          [
            100.3030732,
            5.356882
          ],
          [
            100.3030733,
            5.3568821
          ],
          [
            100.3030733,
            5.3568821
          ],
          [
            100.3030734,
            5.3568822
          ],
          [
            100.3030735,
            5.3568823
          ],
          [
            100.3030736,
            5.3568824
          ],
          [
            100.3030737,
            5.3568824
          ],
          [
            100.3030737,
            5.3568825
          ],
          [
            100.3030738,
            5.3568826
          ],
          [
            100.3030739,
            5.3568827
          ],
          [
            100.303074,
            5.3568828
          ],
          [
            100.3030741,
            5.3568828
          ],
          [
            100.3030742,
            5.3568829
          ],
          [
            100.3030742,
            5.356883
          ],
          [
            100.3030743,
            5.3568831
          ],
          [
            100.3030744,
            5.3568832
          ],
          [
            100.3030745,
            5.3568832
          ],
          [
            100.3030746,
            5.3568833
          ],
          [
            100.3030747,
            5.3568834
          ],
          [
            100.3030748,
            5.3568835
          ],
          [
            100.3030749,
            5.3568836
          ],
          [
            100.303075,
            5.3568837
          ],
          [
            100.3030751,
            5.3568838
          ],
          [
            100.3030752,
            5.3568838
          ],
          [
            100.3030753,
            5.3568839
          ],
          [
            100.3030754,
            5.356884
          ],
          [
            100.3030755,
            5.3568841
          ],
          [
            100.3030756,
            5.3568842
          ],
          [
            100.3030757,
            5.3568843
          ],
          [
            100.3030758,
            5.3568843
          ],
          [
            100.3030759,
            5.3568844
          ],
          [
            100.303076,
            5.3568845
          ],
          [
            100.3030761,
            5.3568846
          ],
          [
            100.3030762,
            5.3568847
          ],
          [
            100.3030763,
            5.3568847
          ],
          [
            100.3030764,
            5.3568848
          ],
          [
            100.3030765,
            5.3568849
          ],
          [
            100.3030766,
            5.3568849
          ],
          [
            100.3030767,
            5.356885
          ],
          [
            100.3030768,
            5.3568851
          ],
          [
            100.3030769,
            5.3568851
          ],
          [
            100.303077,
            5.3568852
          ],
          [
            100.3030771,
            5.3568853
          ],
          [
            100.3030772,
            5.3568853
          ],
          [
            100.3030773,
            5.3568854
          ],
          [
            100.3030774,
            5.3568854
          ],
          [
            100.3030776,
            5.3568855
          ],
          [
            100.3030777,
            5.3568855
          ],
          [
            100.3030778,
            5.3568856
          ],
          [
            100.3030779,
            5.3568856
          ],
          [
            100.303078,
            5.3568857
          ],
          [
            100.3030781,
            5.3568857
          ],
          [
            100.3030782,
            5.3568857
          ],
          [
            100.3030783,
            5.3568858
          ],
          [
            100.3030785,
            5.3568858
          ],
          [
            100.3030786,
            5.3568859
          ],
          [
            100.3030787,
            5.3568859
          ],
          [
            100.3030788,
            5.3568859
          ],
          [
            100.3030789,
            5.356886
          ],
          [
            100.303079,
            5.356886
          ],
          [
            100.3030792,
            5.356886
          ],
          [
            100.3030793,
            5.3568861
          ],
          [
            100.3030794,
            5.3568861
          ],
          [
            100.3030795,
            5.3568861
          ],
          [
            100.3030796,
            5.3568861
          ],
          [
            100.3030798,
            5.3568861
          ],
          [
            100.3030799,
            5.3568862
          ],
          [
            100.30308,
            5.3568862
          ],
          [
            100.3030801,
            5.3568862
          ],
          [
            100.3030802,
            5.3568862
          ],
          [
            100.3030804,
            5.3568862
          ],
          [
            100.3030805,
            5.3568862
          ],
          [
            100.3030806,
            5.3568862
          ],
          [
            100.3030807,
            5.3568862
          ],
          [
            100.3030808,
            5.3568862
          ],
          [
            100.303081,
            5.3568862
          ],
          [
            100.3030811,
            5.3568862
          ],
          [
            100.3030812,
            5.3568862
          ],
          [
            100.3030813,
            5.3568862
          ],
          [
            100.3030814,
            5.3568862
          ],
          [
            100.3030816,
            5.3568862
          ],
          [
            100.3030817,
            5.3568862
          ],
          [
            100.3030818,
            5.3568862
          ],
          [
            100.3030819,
            5.3568861
          ],
          [
            100.303082,
            5.3568861
          ],
          [
            100.3030821,
            5.3568861
          ],
          [
            100.3030823,
            5.3568861
          ],
          [
            100.3030824,
            5.356886
          ],
          [
            100.3030825,
            5.356886
          ],
          [
            100.3030826,
            5.356886
          ],
          [
            100.3030827,
            5.3568859
          ],
          [
            100.3030828,
            5.3568859
          ],
          [
            100.3030829,
            5.3568859
          ],
          [
            100.303083,
            5.3568858
          ],
          [
            100.3030831,
            5.3568858
          ],
          [
            100.3030832,
            5.3568857
          ],
          [
            100.3030833,
            5.3568857
          ],
          [
            100.3030834,
            5.3568856
          ],
          [
            100.3030834,
            5.3568856
          ],
          [
            100.3030835,
            5.3568855
          ],
          [
            100.3030836,
            5.3568855
          ],
          [
            100.3030837,
            5.3568854
          ],
          [
            100.3030838,
            5.3568854
          ],
          [
            100.3030839,
            5.3568853
          ],
          [
            100.3030839,
            5.3568852
          ],
          [
            100.303084,
            5.3568852
          ],
          [
            100.3030841,
            5.3568851
          ],
          [
            100.3030842,
            5.356885
          ],
          [
            100.3030842,
            5.356885
          ],
          [
            100.3030843,
            5.3568849
          ],
          [
            100.3030844,
            5.3568849
          ],
          [
            100.3030844,
            5.3568848
          ],
          [
            100.3030845,
            5.3568847
          ],
          [
            100.3030846,
            5.3568847
          ],
          [
            100.3030847,
            5.3568846
          ],
          [
            100.3030847,
            5.3568845
          ],
          [
            100.3030848,
            5.3568845
          ],
          [
            100.3030848,
            5.3568844
          ],
          [
            100.3030849,
            5.3568843
          ],
          [
            100.303085,
            5.3568842
          ],
          [
            100.303085,
            5.3568842
          ],
          [
            100.3030851,
            5.3568841
          ],
          [
            100.3030852,
            5.356884
          ],
          [
            100.3030852,
            5.356884
          ],
          [
            100.3030853,
            5.3568839
          ],
          [
            100.3030853,
            5.3568838
          ],
          [
            100.3030854,
            5.3568838
          ],
          [
            100.3030854,
            5.3568837
          ],
          [
            100.3030855,
            5.3568836
          ],
          [
            100.3030855,
            5.3568835
          ],
          [
            100.3030856,
            5.3568835
          ],
          [
            100.3030856,
            5.3568834
          ],
          [
            100.3030857,
            5.3568833
          ],
          [
            100.3030857,
            5.3568832
          ],
          [
            100.3030857,
            5.3568831
          ],
          [
            100.3030858,
            5.3568831
          ],
          [
            100.3030858,
            5.356883
          ],
          [
            100.3030858,
            5.3568829
          ],
          [
            100.3030859,
            5.3568828
          ],
          [
            100.3030859,
            5.3568827
          ],
          [
            100.303086,
            5.3568826
          ],
          [
            100.303086,
            5.3568825
          ],
          [
            100.303086,
            5.3568825
          ],
          [
            100.303086,
            5.3568824
          ],
          [
            100.3030861,
            5.3568823
          ],
          [
            100.3030861,
            5.3568822
          ],
          [
            100.3030861,
            5.3568821
          ],
          [
            100.3030862,
            5.356882
          ],
          [
            100.3030862,
            5.3568819
          ],
          [
            100.3030862,
            5.3568818
          ],
          [
            100.3030862,
            5.3568817
          ],
          [
            100.3030863,
            5.3568816
          ],
          [
            100.3030863,
            5.3568815
          ],
          [
            100.3030863,
            5.3568814
          ],
          [
            100.3030863,
            5.3568813
          ],
          [
            100.3030864,
            5.3568812
          ],
          [
            100.3030864,
            5.3568811
          ],
          [
            100.3030864,
            5.356881
          ],
          [
            100.3030864,
            5.3568808
          ],
          [
            100.3030865,
            5.3568807
          ],
          [
            100.3030865,
            5.3568806
          ],
          [
            100.3030865,
            5.3568805
          ],
          [
            100.3030866,
            5.3568804
          ],
          [
            100.3030866,
            5.3568803
          ],
          [
            100.3030866,
            5.3568802
          ],
          [
            100.3030866,
            5.3568801
          ],
          [
            100.3030867,
            5.35688
          ],
          [
            100.3030867,
            5.3568799
          ],
          [
            100.3030867,
            5.3568798
          ],
          [
            100.3030868,
            5.3568796
          ],
          [
            100.3030868,
            5.3568795
          ],
          [
            100.3030868,
            5.3568794
          ],
          [
            100.3030869,
            5.3568793
          ],
          [
            100.3030869,
            5.3568792
          ],
          [
            100.3030869,
            5.3568791
          ],
          [
            100.3030869,
            5.3568789
          ],
          [
            100.303087,
            5.3568788
          ],
          [
            100.303087,
            5.3568787
          ],
          [
            100.303087,
            5.3568786
          ],
          [
            100.303087,
            5.3568784
          ],
          [
            100.3030871,
            5.3568783
          ],
          [
            100.3030871,
            5.3568782
          ],
          [
            100.3030871,
            5.3568781
          ],
          [
            100.3030871,
            5.3568779
          ],
          [
            100.3030871,
            5.3568778
          ],
          [
            100.3030872,
            5.3568777
          ],
          [
            100.3030872,
            5.3568776
          ],
          [
            100.3030872,
            5.3568774
          ],
          [
            100.3030872,
            5.3568773
          ],
          [
            100.3030872,
            5.3568772
          ],
          [
            100.3030873,
            5.356877
          ],
          [
            100.3030873,
            5.3568769
          ],
          [
            100.3030873,
            5.3568768
          ],
          [
            100.3030873,
            5.3568767
          ],
          [
            100.3030873,
            5.3568765
          ],
          [
            100.3030873,
            5.3568764
          ],
          [
            100.3030874,
            5.3568763
          ],
          [
            100.3030874,
            5.3568762
          ],
          [
            100.3030874,
            5.3568761
          ],
          [
            100.3030874,
            5.356876
          ],
          [
            100.3030874,
            5.3568758
          ],
          [
            100.3030874,
            5.3568757
          ],
          [
            100.3030874,
            5.3568756
          ],
          [
            100.3030875,
            5.3568755
          ],
          [
            100.3030875,
            5.3568754
          ],
          [
            100.3030875,
            5.3568753
          ],
          [
            100.3030875,
            5.3568752
          ],
          [
            100.3030875,
            5.3568751
          ],
          [
            100.3030875,
            5.356875
          ],
          [
            100.3030875,
            5.3568749
          ],
          [
            100.3030876,
            5.3568748
          ],
          [
            100.3030876,
            5.3568748
          ],
          [
            100.3030876,
            5.3568747
          ],
          [
            100.3030876,
            5.3568746
          ],
          [
            100.3030876,
            5.3568745
          ],
          [
            100.3030876,
            5.3568744
          ],
          [
            100.3030876,
            5.3568744
          ],
          [
            100.3030877,
            5.3568743
          ],
          [
            100.3030877,
            5.3568742
          ],
          [
            100.3030877,
            5.3568741
          ],
          [
            100.3030877,
            5.3568741
          ],
          [
            100.3030877,
            5.356874
          ],
          [
            100.3030877,
            5.3568739
          ],
          [
            100.3030877,
            5.3568739
          ],
          [
            100.3030878,
            5.3568738
          ],
          [
            100.3030878,
            5.3568737
          ],
          [
            100.3030878,
            5.3568737
          ],
          [
            100.3030878,
            5.3568736
          ],
          [
            100.3030878,
            5.3568736
          ],
          [
            100.3030879,
            5.3568735
          ],
          [
            100.3030879,
            5.3568735
          ],
          [
            100.3030879,
            5.3568734
          ],
          [
            100.3030879,
            5.3568734
          ],
          [
            100.3030879,
            5.3568734
          ],
          [
            100.303088,
            5.3568733
          ],
          [
            100.303088,
            5.3568733
          ],
          [
            100.303088,
            5.3568733
          ],
          [
            100.303088,
            5.3568732
          ],
          [
            100.3030881,
            5.3568732
          ],
          [
            100.3030881,
            5.3568732
          ],
          [
            100.3030881,
            5.3568731
          ],
          [
            100.3030881,
            5.3568731
          ],
          [
            100.3030882,
            5.3568731
          ],
          [
            100.3030882,
            5.3568731
          ],
          [
            100.3030882,
            5.356873
          ],
          [
            100.3030882,
            5.356873
          ],
          [
            100.3030882,
            5.356873
          ],
          [
            100.3030883,
            5.356873
          ],
          [
            100.3030883,
            5.356873
          ],
          [
            100.3030883,
            5.356873
          ],
          [
            100.3030883,
            5.3568729
          ],
          [
            100.3030884,
            5.3568729
          ],
          [
            100.3030884,
            5.3568729
          ],
          [
            100.3030884,
            5.3568729
          ],
          [
            100.3030884,
            5.3568729
          ],
          [
            100.3030885,
            5.3568729
          ],
          [
            100.3030885,
            5.3568729
          ],
          [
            100.3030885,
            5.3568729
          ],
          [
            100.3030885,
            5.3568729
          ],
          [
            100.3030886,
            5.3568728
          ],
          [
            100.3030886,
            5.3568728
          ],
          [
            100.3030886,
            5.3568728
          ],
          [
            100.3030886,
            5.3568728
          ],
          [
            100.3030887,
            5.3568728
          ],
          [
            100.3030887,
            5.3568728
          ],
          [
            100.3030887,
            5.3568728
          ],
          [
            100.3030887,
            5.3568728
          ],
          [
            100.3030888,
            5.3568727
          ],
          [
            100.3030888,
            5.3568727
          ],
          [
            100.3030888,
            5.3568727
          ],
          [
            100.3030888,
            5.3568727
          ],
          [
            100.3030889,
            5.3568727
          ],
          [
            100.3030889,
            5.3568726
          ],
          [
            100.3030889,
            5.3568726
          ],
          [
            100.303089,
            5.3568726
          ],
          [
            100.303089,
            5.3568726
          ],
          [
            100.3030891,
            5.3568726
          ],
          [
            100.3030891,
            5.3568726
          ],
          [
            100.3030891,
            5.3568725
          ],
          [
            100.3030892,
            5.3568725
          ],
          [
            100.3030892,
            5.3568725
          ],
          [
            100.3030892,
            5.3568725
          ],
          [
            100.3030893,
            5.3568724
          ],
          [
            100.3030893,
            5.3568724
          ],
          [
            100.3030894,
            5.3568724
          ],
          [
            100.3030894,
            5.3568724
          ],
          [
            100.3030894,
            5.3568723
          ],
          [
            100.3030895,
            5.3568723
          ],
          [
            100.3030895,
            5.3568723
          ],
          [
            100.3030896,
            5.3568722
          ],
          [
            100.3030896,
            5.3568722
          ],
          [
            100.3030897,
            5.3568722
          ],
          [
            100.3030897,
            5.3568721
          ],
          [
            100.3030898,
            5.3568721
          ],
          [
            100.3030898,
            5.3568721
          ],
          [
            100.3030898,
            5.356872
          ],
          [
            100.3030899,
            5.356872
          ],
          [
            100.3030899,
            5.3568719
          ],
          [
            100.30309,
            5.3568719
          ],
          [
            100.30309,
            5.3568719
          ],
          [
            100.3030901,
            5.3568718
          ],
          [
            100.3030901,
            5.3568718
          ],
          [
            100.3030902,
            5.3568717
          ],
          [
            100.3030902,
            5.3568717
          ],
          [
            100.3030903,
            5.3568716
          ],
          [
            100.3030903,
            5.3568716
          ],
          [
            100.3030904,
            5.3568715
          ],
          [
            100.3030904,
            5.3568715
          ],
          [
            100.3030905,
            5.3568714
          ],
          [
            100.3030905,
            5.3568713
          ],
          [
            100.3030906,
            5.3568713
          ],
          [
            100.3030907,
            5.3568712
          ],
          [
            100.3030907,
            5.3568712
          ],
          [
            100.3030908,
            5.3568711
          ],
          [
            100.3030908,
            5.3568711
          ],
          [
            100.3030909,
            5.356871
          ],
          [
            100.303091,
            5.356871
          ],
          [
            100.303091,
            5.3568709
          ],
          [
            100.3030911,
            5.3568709
          ],
          [
            100.3030912,
            5.3568708
          ],
          [
            100.3030912,
            5.3568708
          ],
          [
            100.3030913,
            5.3568707
          ],
          [
            100.3030914,
            5.3568707
          ],
          [
            100.3030915,
            5.3568706
          ],
          [
            100.3030916,
            5.3568706
          ],
          [
            100.3030916,
            5.3568705
          ],
          [
            100.3030917,
            5.3568705
          ],
          [
            100.3030918,
            5.3568705
          ],
          [
            100.3030919,
            5.3568704
          ],
          [
            100.3030919,
            5.3568704
          ],
          [
            100.303092,
            5.3568703
          ],
          [
            100.3030921,
            5.3568703
          ],
          [
            100.3030922,
            5.3568702
          ],
          [
            100.3030923,
            5.3568702
          ],
          [
            100.3030923,
            5.3568702
          ],
          [
            100.3030924,
            5.3568701
          ],
          [
            100.3030925,
            5.3568701
          ],
          [
            100.3030926,
            5.3568701
          ],
          [
            100.3030927,
            5.35687
          ],
          [
            100.3030927,
            5.35687
          ],
          [
            100.3030928,
            5.3568699
          ],
          [
            100.3030929,
            5.3568699
          ],
          [
            100.303093,
            5.3568699
          ],
          [
            100.303093,
            5.3568698
          ],
          [
            100.3030931,
            5.3568698
          ],
          [
            100.3030932,
            5.3568698
          ],
          [
            100.3030932,
            5.3568697
          ],
          [
            100.3030933,
            5.3568697
          ],
          [
            100.3030934,
            5.3568697
          ],
          [
            100.3030934,
            5.3568696
          ],
          [
            100.3030935,
            5.3568696
          ],
          [
            100.3030936,
            5.3568695
          ],
          [
            100.3030936,
            5.3568695
          ],
          [
            100.3030937,
            5.3568695
          ],
          [
            100.3030937,
            5.3568694
          ],
          [
            100.3030938,
            5.3568694
          ],
          [
            100.3030938,
            5.3568693
          ],
          [
            100.3030939,
            5.3568693
          ],
          [
            100.303094,
            5.3568692
          ],
          [
            100.303094,
            5.3568692
          ],
          [
            100.303094,
            5.3568692
          ],
          [
            100.3030941,
            5.3568691
          ],
          [
            100.3030941,
            5.3568691
          ],
          [
            100.3030942,
            5.356869
          ],
          [
            100.3030942,
            5.356869
          ],
          [
            100.3030942,
            5.356869
          ],
          [
            100.3030943,
            5.3568689
          ],
          [
            100.3030943,
            5.3568689
          ],
          [
            100.3030943,
            5.3568688
          ],
          [
            100.3030944,
            5.3568688
          ],
          [
            100.3030944,
            5.3568688
          ],
          [
            100.3030944,
            5.3568687
          ],
          [
            100.3030944,
            5.3568687
          ],
          [
            100.3030944,
            5.3568687
          ],
          [
            100.3030944,
            5.3568686
          ],
          [
            100.3030944,
            5.3568686
          ],
          [
            100.3030944,
            5.3568685
          ],
          [
            100.3030944,
            5.3568685
          ],
          [
            100.3030944,
            5.3568685
          ],
          [
            100.3030944,
            5.3568684
          ],
          [
            100.3030944,
            5.3568684
          ],
          [
            100.3030944,
            5.3568683
          ],
          [
            100.3030944,
            5.3568683
          ],
          [
            100.3030944,
            5.3568683
          ],
          [
            100.3030943,
            5.3568682
          ],
          [
            100.3030943,
            5.3568682
          ],
          [
            100.3030943,
            5.3568681
          ],
          [
            100.3030942,
            5.3568681
          ],
          [
            100.3030942,
            5.356868
          ],
          [
            100.3030942,
            5.356868
          ],
          [
            100.3030941,
            5.3568679
          ],
          [
            100.3030941,
            5.3568679
          ],
          [
            100.3030941,
            5.3568679
          ],
          [
            100.303094,
            5.3568678
          ],
          [
            100.303094,
            5.3568678
          ],
          [
            100.3030939,
            5.3568677
          ],
          [
            100.3030939,
            5.3568677
          ],
          [
            100.3030938,
            5.3568677
          ],
          [
            100.3030938,
            5.3568676
          ],
          [
            100.3030937,
            5.3568676
          ],
          [
            100.3030937,
            5.3568676
          ],
          [
            100.3030936,
            5.3568675
          ],
          [
            100.3030936,
            5.3568675
          ],
          [
            100.3030935,
            5.3568675
          ],
          [
            100.3030935,
            5.3568674
          ],
          [
            100.3030934,
            5.3568674
          ],
          [
            100.3030934,
            5.3568674
          ],
          [
            100.3030933,
            5.3568674
          ],
          [
            100.3030933,
            5.3568673
          ],
          [
            100.3030932,
            5.3568673
          ],
          [
            100.3030932,
            5.3568673
          ],
          [
            100.3030931,
            5.3568673
          ],
          [
            100.3030931,
            5.3568673
          ],
          [
            100.303093,
            5.3568673
          ],
          [
            100.303093,
            5.3568673
          ],
          [
            100.3030929,
            5.3568673
          ],
          [
            100.3030929,
            5.3568673
          ],
          [
            100.3030928,
            5.3568672
          ],
          [
            100.3030928,
            5.3568672
          ],
          [
            100.3030927,
            5.3568672
          ],
          [
            100.3030927,
            5.3568672
          ],
          [
            100.3030926,
            5.3568672
          ],
          [
            100.3030926,
            5.3568672
          ],
          [
            100.3030925,
            5.3568672
          ],
          [
            100.3030925,
            5.3568672
          ],
          [
            100.3030924,
            5.3568672
          ],
          [
            100.3030924,
            5.3568672
          ],
          [
            100.3030924,
            5.3568672
          ],
          [
            100.3030923,
            5.3568672
          ],
          [
            100.3030923,
            5.3568673
          ],
          [
            100.3030922,
            5.3568673
          ],
          [
            100.3030922,
            5.3568673
          ],
          [
            100.3030922,
            5.3568673
          ],
          [
            100.3030922,
            5.3568673
          ],
          [
            100.3030921,
            5.3568673
          ],
          [
            100.3030921,
            5.3568673
          ],
          [
            100.3030921,
            5.3568673
          ],
          [
            100.3030921,
            5.3568674
          ],
          [
            100.303092,
            5.3568674
          ],
          [
            100.303092,
            5.3568674
          ],
          [
            100.303092,
            5.3568674
          ],
          [
            100.303092,
            5.3568675
          ],
          [
            100.303092,
            5.3568675
          ],
          [
            100.303092,
            5.3568675
          ],
          [
            100.303092,
            5.3568675
          ],
          [
            100.303092,
            5.3568675
          ],
          [
            100.303092,
            5.3568676
          ],
          [
            100.303092,
            5.3568676
          ],
          [
            100.303092,
            5.3568676
          ],
          [
            100.303092,
            5.3568676
          ],
          [
            100.303092,
            5.3568677
          ],
          [
            100.303092,
            5.3568677
          ],
          [
            100.303092,
            5.3568677
          ],
          [
            100.303092,
            5.3568677
          ],
          [
            100.303092,
            5.3568678
          ],
          [
            100.303092,
            5.3568678
          ],
          [
            100.3030921,
            5.3568678
          ],
          [
            100.3030921,
            5.3568678
          ],
          [
            100.3030921,
            5.3568679
          ],
          [
            100.3030922,
            5.3568679
          ],
          [
            100.3030922,
            5.356868
          ],
          [
            100.3030923,
            5.356868
          ],
          [
            100.3030923,
            5.3568681
          ],
          [
            100.3030924,
            5.3568681
          ],
          [
            100.3030924,
            5.3568682
          ],
          [
            100.3030925,
            5.3568682
          ],
          [
            100.3030925,
            5.3568683
          ],
          [
            100.3030926,
            5.3568683
          ],
          [
            100.3030926,
            5.3568684
          ],
          [
            100.3030927,
            5.3568685
          ],
          [
            100.3030927,
            5.3568686
          ],
          [
            100.3030928,
            5.3568686
          ],
          [
            100.3030929,
            5.3568687
          ],
          [
            100.3030929,
            5.3568688
          ],
          [
            100.303093,
            5.3568689
          ],
          [
            100.303093,
            5.356869
          ],
          [
            100.3030931,
            5.356869
          ],
          [
            100.3030932,
            5.3568691
          ],
          [
            100.3030932,
            5.3568692
          ],
          [
            100.3030933,
            5.3568693
          ],
          [
            100.3030934,
            5.3568694
          ],
          [
            100.3030934,
            5.3568695
          ],
          [
            100.3030935,
            5.3568696
          ],
          [
            100.3030936,
            5.3568697
          ],
          [
            100.3030937,
            5.3568698
          ],
          [
            100.3030937,
            5.3568699
          ],
          [
            100.3030938,
            5.35687
          ],
          [
            100.3030939,
            5.3568701
          ],
          [
            100.303094,
            5.3568701
          ],
          [
            100.3030941,
            5.3568702
          ],
          [
            100.3030941,
            5.3568703
          ],
          [
            100.3030942,
            5.3568704
          ],
          [
            100.3030943,
            5.3568705
          ],
          [
            100.3030944,
            5.3568706
          ],
          [
            100.3030945,
            5.3568706
          ],
          [
            100.3030945,
            5.3568707
          ],
          [
            100.3030946,
            5.3568708
          ],
          [
            100.3030947,
            5.3568709
          ],
          [
            100.3030948,
            5.356871
          ],
          [
            100.3030949,
            5.356871
          ],
          [
            100.303095,
            5.3568711
          ],
          [
            100.303095,
            5.3568712
          ],
          [
            100.3030951,
            5.3568713
          ],
          [
            100.3030952,
            5.3568713
          ],
          [
            100.3030953,
            5.3568714
          ],
          [
            100.3030954,
            5.3568715
          ],
          [
            100.3030955,
            5.3568715
          ],
          [
            100.3030956,
            5.3568716
          ],
          [
            100.3030956,
            5.3568717
          ],
          [
            100.3030957,
            5.3568718
          ],
          [
            100.3030958,
            5.3568718
          ],
          [
            100.3030959,
            5.3568719
          ],
          [
            100.303096,
            5.356872
          ],
          [
            100.3030961,
            5.356872
          ],
          [
            100.3030961,
            5.3568721
          ],
          [
            100.3030962,
            5.3568722
          ],
          [
            100.3030963,
            5.3568722
          ],
          [
            100.3030963,
            5.3568723
          ],
          [
            100.3030964,
            5.3568724
          ],
          [
            100.3030964,
            5.3568724
          ],
          [
            100.3030965,
            5.3568725
          ],
          [
            100.3030965,
            5.3568726
          ],
          [
            100.3030966,
            5.3568726
          ],
          [
            100.3030966,
            5.3568727
          ],
          [
            100.3030966,
            5.3568727
          ],
          [
            100.3030967,
            5.3568728
          ],
          [
            100.3030967,
            5.3568728
          ],
          [
            100.3030967,
            5.3568729
          ],
          [
            100.3030967,
            5.3568729
          ],
          [
            100.3030967,
            5.356873
          ],
          [
            100.3030968,
            5.356873
          ],
          [
            100.3030968,
            5.3568731
          ],
          [
            100.3030968,
            5.3568731
          ],
          [
            100.3030968,
            5.3568732
          ],
          [
            100.3030968,
            5.3568733
          ],
          [
            100.3030968,
            5.3568733
          ],
          [
            100.3030968,
            5.3568734
          ],
          [
            100.3030968,
            5.3568735
          ],
          [
            100.3030968,
            5.3568735
          ],
          [
            100.3030968,
            5.3568736
          ],
          [
            100.3030968,
            5.3568737
          ],
          [
            100.3030968,
            5.3568738
          ],
          [
            100.3030968,
            5.3568739
          ],
          [
            100.3030968,
            5.3568739
          ],
          [
            100.3030968,
            5.356874
          ],
          [
            100.3030968,
            5.3568741
          ],
          [
            100.3030968,
            5.3568742
          ],
          [
            100.3030968,
            5.3568744
          ],
          [
            100.3030968,
            5.3568745
          ],
          [
            100.3030967,
            5.3568746
          ],
          [
            100.3030967,
            5.3568747
          ],
          [
            100.3030967,
            5.3568749
          ],
          [
            100.3030967,
            5.356875
          ],
          [
            100.3030967,
            5.3568751
          ],
          [
            100.3030967,
            5.3568753
          ],
          [
            100.3030966,
            5.3568754
          ],
          [
            100.3030966,
            5.3568756
          ],
          [
            100.3030966,
            5.3568758
          ],
          [
            100.3030966,
            5.3568759
          ],
          [
            100.3030966,
            5.3568761
          ],
          [
            100.3030965,
            5.3568763
          ],
          [
            100.3030965,
            5.3568765
          ],
          [
            100.3030965,
            5.3568767
          ],
          [
            100.3030965,
            5.3568769
          ],
          [
            100.3030965,
            5.3568771
          ],
          [
            100.3030965,
            5.3568773
          ],
          [
            100.3030964,
            5.3568775
          ],
          [
            100.3030964,
            5.3568777
          ],
          [
            100.3030964,
            5.3568779
          ],
          [
            100.3030964,
            5.3568781
          ],
          [
            100.3030964,
            5.3568784
          ],
          [
            100.3030964,
            5.3568786
          ],
          [
            100.3030964,
            5.3568788
          ],
          [
            100.3030963,
            5.3568791
          ],
          [
            100.3030963,
            5.3568793
          ],
          [
            100.3030963,
            5.3568795
          ],
          [
            100.3030963,
            5.3568798
          ],
          [
            100.3030963,
            5.35688
          ],
          [
            100.3030963,
            5.3568803
          ],
          [
            100.3030963,
            5.3568805
          ],
          [
            100.3030963,
            5.3568808
          ],
          [
            100.3030963,
            5.356881
          ],
          [
            100.3030963,
            5.3568813
          ],
          [
            100.3030963,
            5.3568815
          ],
          [
            100.3030963,
            5.3568818
          ],
          [
            100.3030963,
            5.356882
          ],
          [
            100.3030963,
            5.3568823
          ],
          [
            100.3030964,
            5.3568825
          ],
          [
            100.3030964,
            5.3568828
          ],
          [
            100.3030964,
            5.356883
          ],
          [
            100.3030964,
            5.3568833
          ],
          [
            100.3030965,
            5.3568835
          ],
          [
            100.3030965,
            5.3568837
          ],
          [
            100.3030965,
            5.356884
          ],
          [
            100.3030965,
            5.3568842
          ],
          [
            100.3030966,
            5.3568844
          ],
          [
            100.3030966,
            5.3568847
          ],
          [
            100.3030967,
            5.3568849
          ],
          [
            100.3030967,
            5.3568851
          ],
          [
            100.3030967,
            5.3568854
          ],
          [
            100.3030968,
            5.3568856
          ],
          [
            100.3030968,
            5.3568858
          ],
          [
            100.3030969,
            5.356886
          ],
          [
            100.3030969,
            5.3568862
          ],
          [
            100.3030969,
            5.3568864
          ],
          [
            100.303097,
            5.3568866
          ],
          [
            100.303097,
            5.3568868
          ],
          [
            100.3030971,
            5.356887
          ],
          [
            100.3030972,
            5.3568872
          ],
          [
            100.3030972,
            5.3568874
          ],
          [
            100.3030973,
            5.3568876
          ],
          [
            100.3030973,
            5.3568878
          ],
          [
            100.3030974,
            5.356888
          ],
          [
            100.3030975,
            5.3568881
          ],
          [
            100.3030975,
            5.3568883
          ],
          [
            100.3030976,
            5.3568885
          ],
          [
            100.3030976,
            5.3568887
          ],
          [
            100.3030977,
            5.3568888
          ],
          [
            100.3030978,
            5.356889
          ],
          [
            100.3030978,
            5.3568891
          ],
          [
            100.3030979,
            5.3568893
          ],
          [
            100.303098,
            5.3568894
          ],
          [
            100.303098,
            5.3568896
          ],
          [
            100.3030981,
            5.3568897
          ],
          [
            100.3030981,
            5.3568899
          ],
          [
            100.3030982,
            5.35689
          ],
          [
            100.3030982,
            5.3568901
          ],
          [
            100.3030983,
            5.3568903
          ],
          [
            100.3030983,
            5.3568904
          ],
          [
            100.3030984,
            5.3568905
          ],
          [
            100.3030984,
            5.3568906
          ],
          [
            100.3030985,
            5.3568908
          ],
          [
            100.3030985,
            5.3568909
          ],
          [
            100.3030986,
            5.356891
          ],
          [
            100.3030986,
            5.3568911
          ],
          [
            100.3030986,
            5.3568912
          ],
          [
            100.3030987,
            5.3568914
          ],
          [
            100.3030987,
            5.3568915
          ],
          [
            100.3030988,
            5.3568916
          ],
          [
            100.3030988,
            5.3568917
          ],
          [
            100.3030988,
            5.3568918
          ],
          [
            100.3030989,
            5.3568919
          ],
          [
            100.3030989,
            5.356892
          ],
          [
            100.3030989,
            5.3568921
          ],
          [
            100.303099,
            5.3568922
          ],
          [
            100.303099,
            5.3568923
          ],
          [
            100.303099,
            5.3568924
          ],
          [
            100.3030991,
            5.3568925
          ],
          [
            100.3030991,
            5.3568926
          ],
          [
            100.3030991,
            5.3568927
          ],
          [
            100.3030991,
            5.3568928
          ],
          [
            100.3030992,
            5.3568929
          ],
          [
            100.3030992,
            5.356893
          ],
          [
            100.3030992,
            5.3568931
          ],
          [
            100.3030992,
            5.3568931
          ],
          [
            100.3030993,
            5.3568932
          ],
          [
            100.3030993,
            5.3568933
          ],
          [
            100.3030993,
            5.3568934
          ],
          [
            100.3030994,
            5.3568935
          ],
          [
            100.3030994,
            5.3568936
          ],
          [
            100.3030994,
            5.3568937
          ],
          [
            100.3030994,
            5.3568938
          ],
          [
            100.3030995,
            5.3568938
          ],
          [
            100.3030995,
            5.3568939
          ],
          [
            100.3030995,
            5.356894
          ],
          [
            100.3030996,
            5.3568941
          ],
          [
            100.3030996,
            5.3568942
          ],
          [
            100.3030996,
            5.3568942
          ],
          [
            100.3030997,
            5.3568943
          ],
          [
            100.3030997,
            5.3568944
          ],
          [
            100.3030997,
            5.3568945
          ],
          [
            100.3030998,
            5.3568945
          ],
          [
            100.3030998,
            5.3568946
          ],
          [
            100.3030999,
            5.3568947
          ],
          [
            100.3030999,
            5.3568947
          ],
          [
            100.3030999,
            5.3568948
          ],
          [
            100.3031,
            5.3568949
          ],
          [
            100.3031,
            5.356895
          ],
          [
            100.3031001,
            5.356895
          ],
          [
            100.3031001,
            5.3568951
          ],
          [
            100.3031002,
            5.3568951
          ],
          [
            100.3031002,
            5.3568952
          ],
          [
            100.3031003,
            5.3568952
          ],
          [
            100.3031003,
            5.3568953
          ],
          [
            100.3031004,
            5.3568954
          ],
          [
            100.3031005,
            5.3568954
          ],
          [
            100.3031005,
            5.3568954
          ],
          [
            100.3031006,
            5.3568955
          ],
          [
            100.3031007,
            5.3568955
          ],
          [
            100.3031007,
            5.3568956
          ],
          [
            100.3031008,
            5.3568956
          ],
          [
            100.3031009,
            5.3568956
          ],
          [
            100.303101,
            5.3568956
          ],
          [
            100.3031011,
            5.3568957
          ],
          [
            100.3031011,
            5.3568957
          ],
          [
            100.3031012,
            5.3568957
          ],
          [
            100.3031013,
            5.3568957
          ],
          [
            100.3031014,
            5.3568957
          ],
          [
            100.3031015,
            5.3568957
          ],
          [
            100.3031016,
            5.3568957
          ],
          [
            100.3031017,
            5.3568957
          ],
          [
            100.3031018,
            5.3568957
          ],
          [
            100.3031019,
            5.3568956
          ],
          [
            100.303102,
            5.3568956
          ],
          [
            100.3031021,
            5.3568956
          ],
          [
            100.3031022,
            5.3568956
          ],
          [
            100.3031023,
            5.3568955
          ],
          [
            100.3031024,
            5.3568955
          ],
          [
            100.3031026,
            5.3568955
          ],
          [
            100.3031027,
            5.3568954
          ],
          [
            100.3031028,
            5.3568954
          ],
          [
            100.3031029,
            5.3568953
          ],
          [
            100.303103,
            5.3568952
          ],
          [
            100.3031032,
            5.3568952
          ],
          [
            100.3031033,
            5.3568951
          ],
          [
            100.3031034,
            5.356895
          ],
          [
            100.3031035,
            5.356895
          ],
          [
            100.3031037,
            5.3568949
          ],
          [
            100.3031038,
            5.3568948
          ],
          [
            100.3031039,
            5.3568947
          ],
          [
            100.3031041,
            5.3568946
          ],
          [
            100.3031042,
            5.3568945
          ],
          [
            100.3031043,
            5.3568944
          ],
          [
            100.3031044,
            5.3568943
          ],
          [
            100.3031046,
            5.3568942
          ],
          [
            100.3031047,
            5.3568941
          ],
          [
            100.3031048,
            5.356894
          ],
          [
            100.3031049,
            5.3568939
          ],
          [
            100.3031051,
            5.3568937
          ],
          [
            100.3031052,
            5.3568936
          ],
          [
            100.3031053,
            5.3568935
          ],
          [
            100.3031054,
            5.3568934
          ],
          [
            100.3031055,
            5.3568932
          ],
          [
            100.3031056,
            5.3568931
          ],
          [
            100.3031057,
            5.3568929
          ],
          [
            100.3031058,
            5.3568928
          ],
          [
            100.303106,
            5.3568926
          ],
          [
            100.3031061,
            5.3568925
          ],
          [
            100.3031062,
            5.3568923
          ],
          [
            100.3031063,
            5.3568921
          ],
          [
            100.3031064,
            5.356892
          ],
          [
            100.3031065,
            5.3568918
          ],
          [
            100.3031066,
            5.3568916
          ],
          [
            100.3031067,
            5.3568915
          ],
          [
            100.3031068,
            5.3568913
          ],
          [
            100.3031069,
            5.3568911
          ],
          [
            100.303107,
            5.3568909
          ],
          [
            100.3031071,
            5.3568907
          ],
          [
            100.3031072,
            5.3568906
          ],
          [
            100.3031073,
            5.3568904
          ],
          [
            100.3031074,
            5.3568902
          ],
          [
            100.3031075,
            5.35689
          ],
          [
            100.3031075,
            5.3568898
          ],
          [
            100.3031076,
            5.3568897
          ],
          [
            100.3031077,
            5.3568895
          ],
          [
            100.3031078,
            5.3568893
          ],
          [
            100.3031079,
            5.3568891
          ],
          [
            100.303108,
            5.3568889
          ],
          [
            100.3031081,
            5.3568887
          ],
          [
            100.3031082,
            5.3568886
          ],
          [
            100.3031083,
            5.3568884
          ],
          [
            100.3031083,
            5.3568882
          ],
          [
            100.3031084,
            5.356888
          ],
          [
            100.3031085,
            5.3568879
          ],
          [
            100.3031086,
            5.3568877
          ],
          [
            100.3031087,
            5.3568875
          ],
          [
            100.3031088,
            5.3568873
          ],
          [
            100.3031088,
            5.3568872
          ],
          [
            100.3031089,
            5.356887
          ],
          [
            100.303109,
            5.3568868
          ],
          [
            100.3031091,
            5.3568867
          ],
          [
            100.3031092,
            5.3568865
          ],
          [
            100.3031092,
            5.3568863
          ],
          [
            100.3031093,
            5.3568862
          ],
          [
            100.3031094,
            5.356886
          ],
          [
            100.3031095,
            5.3568858
          ],
          [
            100.3031095,
            5.3568857
          ],
          [
            100.3031096,
            5.3568855
          ],
          [
            100.3031097,
            5.3568854
          ],
          [
            100.3031097,
            5.3568852
          ],
          [
            100.3031098,
            5.3568851
          ],
          [
            100.3031099,
            5.3568849
          ],
          [
            100.3031099,
            5.3568848
          ],
          [
            100.30311,
            5.3568847
          ],
          [
            100.3031101,
            5.3568845
          ],
          [
            100.3031101,
            5.3568844
          ],
          [
            100.3031102,
            5.3568842
          ],
          [
            100.3031102,
            5.3568841
          ],
          [
            100.3031103,
            5.356884
          ],
          [
            100.3031103,
            5.3568839
          ],
          [
            100.3031104,
            5.3568837
          ],
          [
            100.3031104,
            5.3568836
          ],
          [
            100.3031105,
            5.3568835
          ],
          [
            100.3031105,
            5.3568834
          ],
          [
            100.3031106,
            5.3568833
          ],
          [
            100.3031106,
            5.3568832
          ],
          [
            100.3031107,
            5.3568831
          ],
          [
            100.3031107,
            5.356883
          ],
          [
            100.3031108,
            5.3568829
          ],
          [
            100.3031108,
            5.3568828
          ],
          [
            100.3031109,
            5.3568827
          ],
          [
            100.3031109,
            5.3568826
          ],
          [
            100.303111,
            5.3568825
          ],
          [
            100.303111,
            5.3568825
          ],
          [
            100.3031111,
            5.3568824
          ],
          [
            100.3031111,
            5.3568823
          ],
          [
            100.3031112,
            5.3568822
          ],
          [
            100.3031112,
            5.3568822
          ],
          [
            100.3031112,
            5.3568821
          ],
          [
            100.3031113,
            5.356882
          ],
          [
            100.3031113,
            5.356882
          ],
          [
            100.3031114,
            5.3568819
          ],
          [
            100.3031114,
            5.3568818
          ],
          [
            100.3031114,
            5.3568818
          ],
          [
            100.3031115,
            5.3568817
          ],
          [
            100.3031115,
            5.3568817
          ],
          [
            100.3031115,
            5.3568816
          ],
          [
            100.3031116,
            5.3568815
          ],
          [
            100.3031116,
            5.3568815
          ],
          [
            100.3031116,
            5.3568814
          ],
          [
            100.3031116,
            5.3568814
          ],
          [
            100.3031117,
            5.3568814
          ],
          [
            100.3031117,
            5.3568813
          ],
          [
            100.3031117,
            5.3568813
          ],
          [
            100.3031117,
            5.3568812
          ],
          [
            100.3031118,
            5.3568812
          ],
          [
            100.3031118,
            5.3568812
          ],
          [
            100.3031118,
            5.3568811
          ],
          [
            100.3031118,
            5.3568811
          ],
          [
            100.3031118,
            5.3568811
          ],
          [
            100.3031118,
            5.356881
          ],
          [
            100.3031118,
            5.356881
          ],
          [
            100.3031118,
            5.356881
          ],
          [
            100.3031118,
            5.3568809
          ],
          [
            100.3031118,
            5.3568809
          ],
          [
            100.3031118,
            5.3568809
          ],
          [
            100.3031118,
            5.3568809
          ],
          [
            100.3031119,
            5.3568808
          ],
          [
            100.3031119,
            5.3568808
          ],
          [
            100.3031119,
            5.3568808
          ],
          [
            100.3031119,
            5.3568808
          ],
          [
            100.3031119,
            5.3568807
          ],
          [
            100.3031119,
            5.3568807
          ],
          [
            100.3031119,
            5.3568807
          ],
          [
            100.3031119,
            5.3568807
          ],
          [
            100.3031119,
            5.3568806
          ],
          [
            100.3031118,
            5.3568806
          ],
          [
            100.3031118,
            5.3568806
          ],
          [
            100.3031118,
            5.3568806
          ],
          [
            100.3031118,
            5.3568806
          ],
          [
            100.3031118,
            5.3568805
          ],
          [
            100.3031118,
            5.3568805
          ],
          [
            100.3031118,
            5.3568805
          ],
          [
            100.3031118,
            5.3568805
          ],
          [
            100.3031118,
            5.3568805
          ],
          [
            100.3031118,
            5.3568805
          ],
          [
            100.3031118,
            5.3568805
          ],
          [
            100.3031118,
            5.3568804
          ],
          [
            100.3031117,
            5.3568804
          ],
          [
            100.3031117,
            5.3568804
          ],
          [
            100.3031117,
            5.3568804
          ],
          [
            100.3031117,
            5.3568804
          ],
          [
            100.3031116,
            5.3568804
          ],
          [
            100.3031116,
            5.3568804
          ],
          [
            100.3031116,
            5.3568804
          ],
          [
            100.3031116,
            5.3568804
          ],
          [
            100.3031115,
            5.3568804
          ],
          [
            100.3031115,
            5.3568803
          ],
          [
            100.3031115,
            5.3568803
          ],
          [
            100.3031114,
            5.3568803
          ],
          [
            100.3031114,
            5.3568803
          ],
          [
            100.3031113,
            5.3568803
          ],
          [
            100.3031113,
            5.3568803
          ],
          [
            100.3031112,
            5.3568803
          ],
          [
            100.3031112,
            5.3568803
          ],
          [
            100.3031111,
            5.3568803
          ],
          [
            100.3031111,
            5.3568803
          ],
          [
            100.303111,
            5.3568803
          ],
          [
            100.303111,
            5.3568802
          ],
          [
            100.3031109,
            5.3568802
          ],
          [
            100.3031109,
            5.3568802
          ],
          [
            100.3031108,
            5.3568802
          ],
          [
            100.3031108,
            5.3568802
          ],
          [
            100.3031107,
            5.3568802
          ],
          [
            100.3031106,
            5.3568802
          ],
          [
            100.3031106,
            5.3568801
          ],
          [
            100.3031105,
            5.3568801
          ],
          [
            100.3031104,
            5.3568801
          ],
          [
            100.3031104,
            5.3568801
          ],
          [
            100.3031103,
            5.35688
          ],
          [
            100.3031102,
            5.35688
          ],
          [
            100.3031102,
            5.35688
          ],
          [
            100.3031101,
            5.35688
          ],
          [
            100.30311,
            5.3568799
          ],
          [
            100.30311,
            5.3568799
          ],
          [
            100.3031099,
            5.3568799
          ],
          [
            100.3031098,
            5.3568799
          ],
          [
            100.3031098,
            5.3568798
          ],
          [
            100.3031097,
            5.3568798
          ],
          [
            100.3031096,
            5.3568798
          ],
          [
            100.3031095,
            5.3568798
          ],
          [
            100.3031095,
            5.3568797
          ],
          [
            100.3031094,
            5.3568797
          ],
          [
            100.3031093,
            5.3568797
          ],
          [
            100.3031093,
            5.3568797
          ],
          [
            100.3031092,
            5.3568796
          ],
          [
            100.3031091,
            5.3568796
          ],
          [
            100.303109,
            5.3568796
          ],
          [
            100.303109,
            5.3568795
          ],
          [
            100.3031089,
            5.3568795
          ],
          [
            100.3031088,
            5.3568795
          ],
          [
            100.3031087,
            5.3568794
          ],
          [
            100.3031087,
            5.3568794
          ],
          [
            100.3031086,
            5.3568794
          ],
          [
            100.3031085,
            5.3568793
          ],
          [
            100.3031084,
            5.3568793
          ],
          [
            100.3031084,
            5.3568793
          ],
          [
            100.3031083,
            5.3568792
          ],
          [
            100.3031082,
            5.3568792
          ],
          [
            100.3031082,
            5.3568791
          ],
          [
            100.3031081,
            5.3568791
          ],
          [
            100.303108,
            5.3568791
          ],
          [
            100.303108,
            5.356879
          ],
          [
            100.3031079,
            5.356879
          ],
          [
            100.3031078,
            5.3568789
          ],
          [
            100.3031078,
            5.3568789
          ],
          [
            100.3031077,
            5.3568789
          ],
          [
            100.3031077,
            5.3568788
          ],
          [
            100.3031076,
            5.3568788
          ],
          [
            100.3031075,
            5.3568787
          ],
          [
            100.3031075,
            5.3568787
          ],
          [
            100.3031074,
            5.3568786
          ],
          [
            100.3031074,
            5.3568786
          ],
          [
            100.3031073,
            5.3568786
          ],
          [
            100.3031073,
            5.3568785
          ],
          [
            100.3031072,
            5.3568785
          ],
          [
            100.3031072,
            5.3568785
          ],
          [
            100.3031072,
            5.3568784
          ],
          [
            100.3031071,
            5.3568784
          ],
          [
            100.3031071,
            5.3568784
          ],
          [
            100.303107,
            5.3568783
          ],
          [
            100.303107,
            5.3568783
          ],
          [
            100.303107,
            5.3568783
          ],
          [
            100.3031069,
            5.3568782
          ],
          [
            100.3031069,
            5.3568782
          ],
          [
            100.3031069,
            5.3568782
          ],
          [
            100.3031068,
            5.3568781
          ],
          [
            100.3031068,
            5.3568781
          ],
          [
            100.3031068,
            5.3568781
          ],
          [
            100.3031068,
            5.356878
          ],
          [
            100.3031067,
            5.356878
          ],
          [
            100.3031067,
            5.356878
          ],
          [
            100.3031067,
            5.3568779
          ],
          [
            100.3031067,
            5.3568779
          ],
          [
            100.3031066,
            5.3568779
          ],
          [
            100.3031066,
            5.3568779
          ],
          [
            100.3031066,
            5.3568778
          ],
          [
            100.3031066,
            5.3568778
          ],
          [
            100.3031066,
            5.3568778
          ],
          [
            100.3031066,
            5.3568778
          ],
          [
            100.3031066,
            5.3568777
          ],
          [
            100.3031066,
            5.3568777
          ],
          [
            100.3031066,
            5.3568777
          ],
          [
            100.3031066,
            5.3568777
          ],
          [
            100.3031066,
            5.3568776
          ],
          [
            100.3031066,
            5.3568776
          ],
          [
            100.3031066,
            5.3568776
          ],
          [
            100.3031066,
            5.3568776
          ],
          [
            100.3031066,
            5.3568775
          ],
          [
            100.3031066,
            5.3568775
          ],
          [
            100.3031066,
            5.3568775
          ],
          [
            100.3031066,
            5.3568775
          ],
          [
            100.3031066,
            5.3568775
          ],
          [
            100.3031066,
            5.3568774
          ],
          [
            100.3031066,
            5.3568774
          ],
          [
            100.3031066,
            5.3568774
          ],
          [
            100.3031066,
            5.3568774
          ],
          [
            100.3031066,
            5.3568774
          ],
          [
            100.3031066,
            5.3568773
          ],
          [
            100.3031067,
            5.3568773
          ],
          [
            100.3031067,
            5.3568773
          ],
          [
            100.3031067,
            5.3568773
          ],
          [
            100.3031067,
            5.3568773
          ],
          [
            100.3031067,
            5.3568773
          ],
          [
            100.3031067,
            5.3568772
          ],
          [
            100.3031067,
            5.3568772
          ],
          [
            100.3031068,
            5.3568772
          ],
          [
            100.3031068,
            5.3568772
          ],
          [
            100.3031068,
            5.3568772
          ],
          [
            100.3031068,
            5.3568772
          ],
          [
            100.3031068,
            5.3568771
          ],
          [
            100.3031068,
            5.3568771
          ],
          [
            100.3031069,
            5.3568771
          ],
          [
            100.3031069,
            5.3568771
          ],
          [
            100.3031069,
            5.3568771
          ],
          [
            100.3031069,
            5.3568771
          ],
          [
            100.3031069,
            5.356877
          ],
          [
            100.303107,
            5.356877
          ],
          [
            100.303107,
            5.356877
          ],
          [
            100.303107,
            5.356877
          ],
          [
            100.303107,
            5.356877
          ],
          [
            100.303107,
            5.356877
          ],
          [
            100.3031071,
            5.3568769
          ],
          [
            100.3031071,
            5.3568769
          ],
          [
            100.3031071,
            5.3568769
          ],
          [
            100.3031071,
            5.3568769
          ],
          [
            100.3031071,
            5.3568769
          ],
          [
            100.3031072,
            5.3568769
          ],
          [
            100.3031072,
            5.3568769
          ],
          [
            100.3031072,
            5.3568769
          ],
          [
            100.3031072,
            5.3568769
          ],
          [
            100.3031072,
            5.3568768
          ],
          [
            100.3031073,
            5.3568768
          ],
          [
            100.3031073,
            5.3568768
          ],
          [
            100.3031073,
            5.3568768
          ],
          [
            100.3031073,
            5.3568768
          ],
          [
            100.3031073,
            5.3568768
          ],
          [
            100.3031073,
            5.3568768
          ],
          [
            100.3031074,
            5.3568768
          ],
          [
            100.3031074,
            5.3568767
          ],
          [
            100.3031074,
            5.3568767
          ],
          [
            100.3031074,
            5.3568767
          ],
          [
            100.3031074,
            5.3568767
          ],
          [
            100.3031074,
            5.3568767
          ],
          [
            100.3031074,
            5.3568767
          ],
          [
            100.3031074,
            5.3568767
          ],
          [
            100.3031074,
            5.3568767
          ],
          [
            100.3031075,
            5.3568766
          ],
          [
            100.3031075,
            5.3568766
          ],
          [
            100.3031075,
            5.3568766
          ],
          [
            100.3031075,
            5.3568766
          ],
          [
            100.3031075,
            5.3568766
          ],
          [
            100.3031075,
            5.3568766
          ],
          [
            100.3031075,
            5.3568766
          ],
          [
            100.3031075,
            5.3568766
          ],
          [
            100.3031075,
            5.3568766
          ],
          [
            100.3031075,
            5.3568766
          ],
          [
            100.3031075,
            5.3568766
          ],
          [
            100.3031075,
            5.3568766
          ],
          [
            100.3031075,
            5.3568766
          ],
          [
            100.3031075,
            5.3568766
          ],
          [
            100.3031075,
            5.3568766
          ],
          [
            100.3031075,
            5.3568766
          ],
          [
            100.3031076,
            5.3568766
          ],
          [
            100.3031076,
            5.3568766
          ],
          [
            100.3031076,
            5.3568766
          ],
          [
            100.3031076,
            5.3568766
          ],
          [
            100.3031076,
            5.3568766
          ],
          [
            100.3031075,
            5.3568766
          ],
          [
            100.3031075,
            5.3568766
          ],
          [
            100.3031075,
            5.3568766
          ],
          [
            100.3031075,
            5.3568766
          ],
          [
            100.3031075,
            5.3568767
          ],
          [
            100.3031075,
            5.3568767
          ],
          [
            100.3031075,
            5.3568767
          ],
          [
            100.3031075,
            5.3568767
          ],
          [
            100.3031075,
            5.3568767
          ],
          [
            100.3031075,
            5.3568767
          ],
          [
            100.3031075,
            5.3568767
          ],
          [
            100.3031075,
            5.3568767
          ],
          [
            100.3031075,
            5.3568767
          ],
          [
            100.3031075,
            5.3568767
          ],
          [
            100.3031074,
            5.3568767
          ],
          [
            100.3031074,
            5.3568768
          ],
          [
            100.3031074,
            5.3568768
          ],
          [
            100.3031074,
            5.3568768
          ],
          [
            100.3031074,
            5.3568768
          ],
          [
            100.3031074,
            5.3568768
          ],
          [
            100.3031074,
            5.3568768
          ],
          [
            100.3031073,
            5.3568769
          ],
          [
            100.3031073,
            5.3568769
          ],
          [
            100.3031073,
            5.3568769
          ],
          [
            100.3031073,
            5.3568769
          ],
          [
            100.3031073,
            5.356877
          ],
          [
            100.3031073,
            5.356877
          ],
          [
            100.3031072,
            5.356877
          ],
          [
            100.3031072,
            5.3568771
          ],
          [
            100.3031072,
            5.3568771
          ],
          [
            100.3031071,
            5.3568771
          ],
          [
            100.3031071,
            5.3568772
          ],
          [
            100.3031071,
            5.3568772
          ],
          [
            100.303107,
            5.3568773
          ],
          [
            100.303107,
            5.3568773
          ],
          [
            100.303107,
            5.3568773
          ],
          [
            100.3031069,
            5.3568774
          ],
          [
            100.3031069,
            5.3568774
          ],
          [
            100.3031069,
            5.3568775
          ],
          [
            100.3031068,
            5.3568775
          ],
          [
            100.3031068,
            5.3568776
          ],
          [
            100.3031068,
            5.3568777
          ],
          [
            100.3031067,
            5.3568777
          ],
          [
            100.3031067,
            5.3568778
          ],
          [
            100.3031066,
            5.3568778
          ],
          [
            100.3031066,
            5.3568779
          ],
          [
            100.3031065,
            5.356878
          ],
          [
            100.3031065,
            5.356878
          ],
          [
            100.3031064,
            5.3568781
          ],
          [
            100.3031064,
            5.3568782
          ],
          [
            100.3031063,
            5.3568782
          ],
          [
            100.3031062,
            5.3568783
          ],
          [
            100.3031062,
            5.3568784
          ],
          [
            100.3031061,
            5.3568785
          ],
          [
            100.3031061,
            5.3568785
          ],
          [
            100.303106,
            5.3568786
          ],
          [
            100.3031059,
            5.3568787
          ],
          [
            100.3031059,
            5.3568787
          ],
          [
            100.3031058,
            5.3568788
          ],
          [
            100.3031057,
            5.3568789
          ],
          [
            100.3031057,
            5.356879
          ],
          [
            100.3031056,
            5.356879
          ],
          [
            100.3031055,
            5.3568791
          ],
          [
            100.3031055,
            5.3568792
          ],
          [
            100.3031054,
            5.3568792
          ],
          [
            100.3031053,
            5.3568793
          ],
          [
            100.3031052,
            5.3568794
          ],
          [
            100.3031052,
            5.3568794
          ],
          [
            100.3031051,
            5.3568795
          ],
          [
            100.303105,
            5.3568796
          ],
          [
            100.3031049,
            5.3568796
          ],
          [
            100.3031049,
            5.3568797
          ],
          [
            100.3031048,
            5.3568798
          ],
          [
            100.3031047,
            5.3568798
          ],
          [
            100.3031046,
            5.3568799
          ],
          [
            100.3031046,
            5.3568799
          ],
          [
            100.3031045,
            5.35688
          ],
          [
            100.3031044,
            5.3568801
          ],
          [
            100.3031043,
            5.3568801
          ],
          [
            100.3031042,
            5.3568802
          ],
          [
            100.3031042,
            5.3568802
          ],
          [
            100.3031041,
            5.3568803
          ],
          [
            100.303104,
            5.3568803
          ],
          [
            100.3031039,
            5.3568804
          ],
          [
            100.3031038,
            5.3568804
          ],
          [
            100.3031038,
            5.3568804
          ],
          [
            100.3031037,
            5.3568805
          ],
          [
            100.3031036,
            5.3568805
          ],
          [
            100.3031035,
            5.3568806
          ],
          [
            100.3031034,
            5.3568806
          ],
          [
            100.3031034,
            5.3568806
          ],
          [
            100.3031033,
            5.3568806
          ],
          [
            100.3031032,
            5.3568807
          ],
          [
            100.3031031,
            5.3568807
          ],
          [
            100.3031031,
            5.3568807
          ],
          [
            100.303103,
            5.3568807
          ],
          [
            100.3031029,
            5.3568807
          ],
          [
            100.3031028,
            5.3568807
          ],
          [
            100.3031028,
            5.3568807
          ],
          [
            100.3031027,
            5.3568808
          ],
          [
            100.3031026,
            5.3568808
          ],
          [
            100.3031026,
            5.3568807
          ],
          [
            100.3031025,
            5.3568807
          ],
          [
            100.3031024,
            5.3568807
          ],
          [
            100.3031023,
            5.3568807
          ],
          [
            100.3031023,
            5.3568807
          ],
          [
            100.3031022,
            5.3568807
          ],
          [
            100.3031021,
            5.3568806
          ],
          [
            100.3031021,
            5.3568806
          ],
          [
            100.303102,
            5.3568806
          ],
          [
            100.3031019,
            5.3568805
          ],
          [
            100.3031019,
            5.3568805
          ],
          [
            100.3031018,
            5.3568805
          ],
          [
            100.3031017,
            5.3568804
          ],
          [
            100.3031017,
            5.3568804
          ],
          [
            100.3031016,
            5.3568803
          ],
          [
            100.3031015,
            5.3568803
          ],
          [
            100.3031015,
            5.3568802
          ],
          [
            100.3031014,
            5.3568802
          ],
          [
            100.3031013,
            5.3568801
          ],
          [
            100.3031013,
            5.3568801
          ],
          [
            100.3031012,
            5.35688
          ],
          [
            100.3031011,
            5.3568799
          ],
          [
            100.3031011,
            5.3568799
          ],
          [
            100.303101,
            5.3568798
          ],
          [
            100.3031009,
            5.3568797
          ],
          [
            100.3031008,
            5.3568797
          ],
          [
            100.3031008,
            5.3568796
          ],
          [
            100.3031007,
            5.3568795
          ],
          [
            100.3031006,
            5.3568795
          ],
          [
            100.3031005,
            5.3568794
          ],
          [
            100.3031005,
            5.3568793
          ],
          [
            100.3031004,
            5.3568792
          ],
          [
            100.3031003,
            5.3568792
          ],
          [
            100.3031002,
            5.3568791
          ],
          [
            100.3031002,
            5.356879
          ],
          [
            100.3031001,
            5.3568789
          ],
          [
            100.3031,
            5.3568789
          ],
          [
            100.3030999,
            5.3568788
          ],
          [
            100.3030998,
            5.3568787
          ],
          [
            100.3030998,
            5.3568786
          ],
          [
            100.3030997,
            5.3568785
          ],
          [
            100.3030996,
            5.3568784
          ],
          [
            100.3030995,
            5.3568783
          ],
          [
            100.3030994,
            5.3568783
          ],
          [
            100.3030993,
            5.3568782
          ],
          [
            100.3030992,
            5.3568781
          ],
          [
            100.3030992,
            5.356878
          ],
          [
            100.3030991,
            5.3568779
          ],
          [
            100.303099,
            5.3568778
          ],
          [
            100.3030989,
            5.3568777
          ],
          [
            100.3030988,
            5.3568776
          ],
          [
            100.3030987,
            5.3568775
          ],
          [
            100.3030986,
            5.3568774
          ],
          [
            100.3030985,
            5.3568773
          ],
          [
            100.3030984,
            5.3568772
          ],
          [
            100.3030984,
            5.3568771
          ],
          [
            100.3030983,
            5.356877
          ],
          [
            100.3030982,
            5.3568768
          ],
          [
            100.3030981,
            5.3568767
          ],
          [
            100.303098,
            5.3568766
          ],
          [
            100.3030979,
            5.3568765
          ],
          [
            100.3030978,
            5.3568764
          ],
          [
            100.3030977,
            5.3568763
          ],
          [
            100.3030977,
            5.3568762
          ],
          [
            100.3030976,
            5.3568761
          ],
          [
            100.3030975,
            5.356876
          ],
          [
            100.3030974,
            5.3568759
          ],
          [
            100.3030973,
            5.3568758
          ],
          [
            100.3030972,
            5.3568757
          ],
          [
            100.3030972,
            5.3568756
          ],
          [
            100.3030971,
            5.3568755
          ],
          [
            100.303097,
            5.3568754
          ],
          [
            100.3030969,
            5.3568753
          ],
          [
            100.3030969,
            5.3568752
          ],
          [
            100.3030968,
            5.3568751
          ],
          [
            100.3030967,
            5.356875
          ],
          [
            100.3030967,
            5.3568749
          ],
          [
            100.3030966,
            5.3568748
          ],
          [
            100.3030965,
            5.3568747
          ],
          [
            100.3030965,
            5.3568746
          ],
          [
            100.3030964,
            5.3568745
          ],
          [
            100.3030964,
            5.3568744
          ],
          [
            100.3030963,
            5.3568743
          ],
          [
            100.3030962,
            5.3568742
          ],
          [
            100.3030962,
            5.3568741
          ],
          [
            100.3030961,
            5.356874
          ],
          [
            100.3030961,
            5.3568739
          ],
          [
            100.303096,
            5.3568738
          ],
          [
            100.303096,
            5.3568737
          ],
          [
            100.3030959,
            5.3568736
          ],
          [
            100.3030959,
            5.3568735
          ],
          [
            100.3030958,
            5.3568734
          ],
          [
            100.3030958,
            5.3568733
          ],
          [
            100.3030957,
            5.3568732
          ],
          [
            100.3030957,
            5.3568731
          ],
          [
            100.3030956,
            5.356873
          ],
          [
            100.3030956,
            5.3568729
          ],
          [
            100.3030956,
            5.3568728
          ],
          [
            100.3030955,
            5.3568727
          ],
          [
            100.3030955,
            5.3568726
          ],
          [
            100.3030954,
            5.3568725
          ],
          [
            100.3030954,
            5.3568724
          ],
          [
            100.3030953,
            5.3568723
          ],
          [
            100.3030953,
            5.3568723
          ],
          [
            100.3030953,
            5.3568722
          ],
          [
            100.3030952,
            5.3568721
          ],
          [
            100.3030952,
            5.356872
          ],
          [
            100.3030952,
            5.3568719
          ],
          [
            100.3030951,
            5.3568719
          ],
          [
            100.3030951,
            5.3568718
          ],
          [
            100.303095,
            5.3568717
          ],
          [
            100.303095,
            5.3568717
          ],
          [
            100.303095,
            5.3568716
          ],
          [
            100.3030949,
            5.3568715
          ],
          [
            100.3030949,
            5.3568715
          ],
          [
            100.3030949,
            5.3568714
          ],
          [
            100.3030948,
            5.3568713
          ],
          [
            100.3030948,
            5.3568713
          ],
          [
            100.3030948,
            5.3568712
          ],
          [
            100.3030947,
            5.3568712
          ],
          [
            100.3030947,
            5.3568711
          ],
          [
            100.3030947,
            5.3568711
          ],
          [
            100.3030946,
            5.356871
          ],
          [
            100.3030946,
            5.3568709
          ],
          [
            100.3030946,
            5.3568709
          ],
          [
            100.3030945,
            5.3568708
          ],
          [
            100.3030945,
            5.3568708
          ],
          [
            100.3030945,
            5.3568707
          ],
          [
            100.3030944,
            5.3568707
          ],
          [
            100.3030944,
            5.3568706
          ],
          [
            100.3030944,
            5.3568706
          ],
          [
            100.3030944,
            5.3568706
          ],
          [
            100.3030943,
            5.3568705
          ],
          [
            100.3030943,
            5.3568705
          ],
          [
            100.3030943,
            5.3568704
          ],
          [
            100.3030943,
            5.3568704
          ],
          [
            100.3030943,
            5.3568703
          ],
          [
            100.3030943,
            5.3568703
          ],
          [
            100.3030943,
            5.3568702
          ],
          [
            100.3030943,
            5.3568702
          ],
          [
            100.3030943,
            5.3568702
          ],
          [
            100.3030943,
            5.3568701
          ],
          [
            100.3030943,
            5.3568701
          ],
          [
            100.3030944,
            5.35687
          ],
          [
            100.3030944,
            5.35687
          ],
          [
            100.3030944,
            5.35687
          ],
          [
            100.3030945,
            5.3568699
          ],
          [
            100.3030945,
            5.3568699
          ],
          [
            100.3030946,
            5.3568699
          ],
          [
            100.3030946,
            5.3568698
          ],
          [
            100.3030947,
            5.3568698
          ],
          [
            100.3030948,
            5.3568698
          ],
          [
            100.3030948,
            5.3568697
          ],
          [
            100.3030949,
            5.3568697
          ],
          [
            100.303095,
            5.3568696
          ],
          [
            100.3030951,
            5.3568696
          ],
          [
            100.3030952,
            5.3568696
          ],
          [
            100.3030953,
            5.3568695
          ],
          [
            100.3030954,
            5.3568695
          ],
          [
            100.3030955,
            5.3568694
          ],
          [
            100.3030956,
            5.3568694
          ],
          [
            100.3030957,
            5.3568693
          ],
          [
            100.3030959,
            5.3568693
          ],
          [
            100.303096,
            5.3568692
          ],
          [
            100.3030962,
            5.3568692
          ],
          [
            100.3030963,
            5.3568691
          ],
          [
            100.3030965,
            5.3568691
          ],
          [
            100.3030966,
            5.356869
          ],
          [
            100.3030968,
            5.356869
          ],
          [
            100.3030969,
            5.3568689
          ],
          [
            100.3030971,
            5.3568688
          ],
          [
            100.3030973,
            5.3568688
          ],
          [
            100.3030975,
            5.3568687
          ],
          [
            100.3030976,
            5.3568686
          ],
          [
            100.3030978,
            5.3568685
          ],
          [
            100.303098,
            5.3568685
          ],
          [
            100.3030982,
            5.3568684
          ],
          [
            100.3030984,
            5.3568683
          ],
          [
            100.3030986,
            5.3568682
          ],
          [
            100.3030989,
            5.3568682
          ],
          [
            100.3030991,
            5.3568681
          ],
          [
            100.3030993,
            5.356868
          ],
          [
            100.3030995,
            5.3568679
          ],
          [
            100.3030997,
            5.3568678
          ],
          [
            100.3031,
            5.3568678
          ],
          [
            100.3031002,
            5.3568677
          ],
          [
            100.3031005,
            5.3568676
          ],
          [
            100.3031007,
            5.3568675
          ],
          [
            100.303101,
            5.3568674
          ],
          [
            100.3031012,
            5.3568673
          ],
          [
            100.3031015,
            5.3568673
          ],
          [
            100.3031017,
            5.3568672
          ],
          [
            100.303102,
            5.3568671
          ],
          [
            100.3031022,
            5.356867
          ],
          [
            100.3031025,
            5.3568669
          ],
          [
            100.3031027,
            5.3568669
          ],
          [
            100.303103,
            5.3568668
          ],
          [
            100.3031032,
            5.3568667
          ],
          [
            100.3031035,
            5.3568667
          ],
          [
            100.3031037,
            5.3568666
          ],
          [
            100.3031039,
            5.3568666
          ],
          [
            100.3031042,
            5.3568665
          ],
          [
            100.3031044,
            5.3568665
          ],
          [
            100.3031046,
            5.3568664
          ],
          [
            100.3031048,
            5.3568664
          ],
          [
            100.303105,
            5.3568663
          ],
          [
            100.3031052,
            5.3568663
          ],
          [
            100.3031054,
            5.3568662
          ],
          [
            100.3031056,
            5.3568662
          ],
          [
            100.3031058,
            5.3568662
          ],
          [
            100.303106,
            5.3568662
          ],
          [
            100.3031062,
            5.3568661
          ],
          [
            100.3031063,
            5.3568661
          ],
          [
            100.3031065,
            5.3568661
          ],
          [
            100.3031067,
            5.3568661
          ],
          [
            100.3031068,
            5.3568661
          ],
          [
            100.3031069,
            5.3568661
          ],
          [
            100.3031071,
            5.3568661
          ],
          [
            100.3031072,
            5.3568662
          ],
          [
            100.3031073,
            5.3568662
          ],
          [
            100.3031074,
            5.3568662
          ],
          [
            100.3031075,
            5.3568663
          ],
          [
            100.3031076,
            5.3568663
          ],
          [
            100.3031077,
            5.3568663
          ],
          [
            100.3031078,
            5.3568664
          ],
          [
            100.3031079,
            5.3568664
          ],
          [
            100.3031079,
            5.3568665
          ],
          [
            100.303108,
            5.3568665
          ],
          [
            100.3031081,
            5.3568666
          ],
          [
            100.3031081,
            5.3568667
          ],
          [
            100.3031081,
            5.3568667
          ],
          [
            100.3031082,
            5.3568668
          ],
          [
            100.3031082,
            5.3568669
          ],
          [
            100.3031083,
            5.356867
          ],
          [
            100.3031083,
            5.356867
          ],
          [
            100.3031083,
            5.3568671
          ],
          [
            100.3031083,
            5.3568672
          ],
          [
            100.3031083,
            5.3568673
          ],
          [
            100.3031083,
            5.3568674
          ],
          [
            100.3031083,
            5.3568674
          ],
          [
            100.3031083,
            5.3568675
          ],
          [
            100.3031083,
            5.3568676
          ],
          [
            100.3031083,
            5.3568677
          ],
          [
            100.3031082,
            5.3568678
          ],
          [
            100.3031082,
            5.3568679
          ],
          [
            100.3031082,
            5.356868
          ],
          [
            100.3031081,
            5.3568681
          ],
          [
            100.3031081,
            5.3568682
          ],
          [
            100.303108,
            5.3568683
          ],
          [
            100.3031079,
            5.3568684
          ],
          [
            100.3031078,
            5.3568685
          ],
          [
            100.3031078,
            5.3568686
          ],
          [
            100.3031077,
            5.3568687
          ],
          [
            100.3031076,
            5.3568687
          ],
          [
            100.3031075,
            5.3568688
          ],
          [
            100.3031074,
            5.3568689
          ],
          [
            100.3031073,
            5.356869
          ],
          [
            100.3031072,
            5.3568691
          ],
          [
            100.3031071,
            5.3568692
          ],
          [
            100.3031069,
            5.3568693
          ],
          [
            100.3031068,
            5.3568693
          ],
          [
            100.3031067,
            5.3568694
          ],
          [
            100.3031066,
            5.3568695
          ],
          [
            100.3031065,
            5.3568696
          ],
          [
            100.3031064,
            5.3568697
          ],
          [
            100.3031062,
            5.3568697
          ],
          [
            100.3031061,
            5.3568698
          ],
          [
            100.303106,
            5.3568699
          ],
          [
            100.3031059,
            5.3568699
          ],
          [
            100.3031058,
            5.35687
          ],
          [
            100.3031056,
            5.3568701
          ],
          [
            100.3031055,
            5.3568701
          ],
          [
            100.3031054,
            5.3568702
          ],
          [
            100.3031053,
            5.3568703
          ],
          [
            100.3031052,
            5.3568703
          ],
          [
            100.3031051,
            5.3568704
          ],
          [
            100.303105,
            5.3568704
          ],
          [
            100.3031048,
            5.3568705
          ],
          [
            100.3031047,
            5.3568705
          ],
          [
            100.3031046,
            5.3568706
          ],
          [
            100.3031045,
            5.3568706
          ],
          [
            100.3031045,
            5.3568706
          ],
          [
            100.3031044,
            5.3568707
          ],
          [
            100.3031043,
            5.3568707
          ],
          [
            100.3031042,
            5.3568707
          ],
          [
            100.3031041,
            5.3568708
          ],
          [
            100.303104,
            5.3568708
          ],
          [
            100.3031039,
            5.3568708
          ],
          [
            100.3031039,
            5.3568709
          ],
          [
            100.3031038,
            5.3568709
          ],
          [
            100.3031037,
            5.3568709
          ],
          [
            100.3031036,
            5.356871
          ],
          [
            100.3031035,
            5.356871
          ],
          [
            100.3031035,
            5.356871
          ],
          [
            100.3031034,
            5.3568711
          ],
          [
            100.3031033,
            5.3568711
          ],
          [
            100.3031032,
            5.3568712
          ],
          [
            100.3031031,
            5.3568712
          ],
          [
            100.303103,
            5.3568713
          ],
          [
            100.303103,
            5.3568713
          ],
          [
            100.3031029,
            5.3568713
          ],
          [
            100.3031028,
            5.3568714
          ],
          [
            100.3031027,
            5.3568714
          ],
          [
            100.3031027,
            5.3568715
          ],
          [
            100.3031026,
            5.3568715
          ],
          [
            100.3031025,
            5.3568716
          ],
          [
            100.3031024,
            5.3568717
          ],
          [
            100.3031024,
            5.3568717
          ],
          [
            100.3031023,
            5.3568718
          ],
          [
            100.3031022,
            5.3568718
          ],
          [
            100.3031022,
            5.3568719
          ],
          [
            100.3031021,
            5.3568719
          ],
          [
            100.3031021,
            5.356872
          ],
          [
            100.3031021,
            5.3568721
          ],
          [
            100.303102,
            5.3568721
          ],
          [
            100.303102,
            5.3568722
          ],
          [
            100.303102,
            5.3568723
          ],
          [
            100.303102,
            5.3568724
          ],
          [
            100.3031019,
            5.3568724
          ],
          [
            100.3031019,
            5.3568725
          ],
          [
            100.3031019,
            5.3568726
          ],
          [
            100.3031019,
            5.3568727
          ],
          [
            100.3031019,
            5.3568728
          ],
          [
            100.3031019,
            5.3568729
          ],
          [
            100.3031019,
            5.3568729
          ],
          [
            100.3031019,
            5.356873
          ],
          [
            100.3031019,
            5.3568731
          ],
          [
            100.3031019,
            5.3568732
          ],
          [
            100.3031019,
            5.3568733
          ],
          [
            100.3031019,
            5.3568734
          ],
          [
            100.303102,
            5.3568735
          ],
          [
            100.303102,
            5.3568736
          ],
          [
            100.303102,
            5.3568737
          ],
          [
            100.303102,
            5.3568738
          ],
          [
            100.303102,
            5.3568739
          ],
          [
            100.303102,
            5.356874
          ],
          [
            100.303102,
            5.3568741
          ],
          [
            100.3031021,
            5.3568742
          ],
          [
            100.3031021,
            5.3568743
          ],
          [
            100.3031021,
            5.3568744
          ],
          [
            100.3031021,
            5.3568745
          ],
          [
            100.3031022,
            5.3568746
          ],
          [
            100.3031022,
            5.3568748
          ],
          [
            100.3031022,
            5.3568749
          ],
          [
            100.3031022,
            5.356875
          ],
          [
            100.3031022,
            5.3568752
          ],
          [
            100.3031022,
            5.3568753
          ],
          [
            100.3031023,
            5.3568755
          ],
          [
            100.3031023,
            5.3568756
          ],
          [
            100.3031023,
            5.3568757
          ],
          [
            100.3031023,
            5.3568759
          ],
          [
            100.3031024,
            5.356876
          ],
          [
            100.3031024,
            5.3568762
          ],
          [
            100.3031024,
            5.3568763
          ],
          [
            100.3031024,
            5.3568765
          ],
          [
            100.3031025,
            5.3568766
          ],
          [
            100.3031025,
            5.3568767
          ],
          [
            100.3031025,
            5.3568769
          ],
          [
            100.3031026,
            5.356877
          ],
          [
            100.3031026,
            5.3568772
          ],
          [
            100.3031026,
            5.3568773
          ],
          [
            100.3031027,
            5.3568775
          ],
          [
            100.3031027,
            5.3568776
          ],
          [
            100.3031027,
            5.3568777
          ],
          [
            100.3031028,
            5.3568779
          ],
          [
            100.3031028,
            5.356878
          ],
          [
            100.3031028,
            5.3568782
          ],
          [
            100.3031028,
            5.3568783
          ],
          [
            100.3031029,
            5.3568784
          ],
          [
            100.3031029,
            5.3568786
          ],
          [
            100.3031029,
            5.3568787
          ],
          [
            100.3031029,
            5.3568789
          ],
          [
            100.303103,
            5.356879
          ],
          [
            100.303103,
            5.3568791
          ],
          [
            100.303103,
            5.3568793
          ],
          [
            100.303103,
            5.3568794
          ],
          [
            100.303103,
            5.3568795
          ],
          [
            100.303103,
            5.3568797
          ],
          [
            100.303103,
            5.3568798
          ],
          [
            100.303103,
            5.3568799
          ],
          [
            100.303103,
            5.35688
          ],
          [
            100.303103,
            5.3568802
          ],
          [
            100.303103,
            5.3568803
          ],
          [
            100.3031029,
            5.3568804
          ],
          [
            100.3031029,
            5.3568806
          ],
          [
            100.3031029,
            5.3568807
          ],
          [
            100.3031029,
            5.3568808
          ],
          [
            100.3031029,
            5.356881
          ],
          [
            100.3031029,
            5.3568811
          ],
          [
            100.3031028,
            5.3568812
          ],
          [
            100.3031028,
            5.3568813
          ],
          [
            100.3031028,
            5.3568815
          ],
          [
            100.3031028,
            5.3568816
          ],
          [
            100.3031027,
            5.3568817
          ],
          [
            100.3031027,
            5.3568818
          ],
          [
            100.3031027,
            5.3568819
          ],
          [
            100.3031027,
            5.356882
          ],
          [
            100.3031026,
            5.3568821
          ],
          [
            100.3031026,
            5.3568822
          ],
          [
            100.3031025,
            5.3568823
          ],
          [
            100.3031025,
            5.3568824
          ],
          [
            100.3031025,
            5.3568825
          ],
          [
            100.3031024,
            5.3568826
          ],
          [
            100.3031024,
            5.3568827
          ],
          [
            100.3031024,
            5.3568828
          ],
          [
            100.3031023,
            5.3568828
          ],
          [
            100.3031023,
            5.3568829
          ],
          [
            100.3031022,
            5.356883
          ],
          [
            100.3031022,
            5.356883
          ],
          [
            100.3031022,
            5.3568831
          ],
          [
            100.3031021,
            5.3568832
          ],
          [
            100.3031021,
            5.3568832
          ],
          [
            100.3031021,
            5.3568833
          ],
          [
            100.303102,
            5.3568833
          ],
          [
            100.303102,
            5.3568834
          ],
          [
            100.303102,
            5.3568834
          ],
          [
            100.3031019,
            5.3568835
          ],
          [
            100.3031019,
            5.3568835
          ],
          [
            100.3031019,
            5.3568836
          ],
          [
            100.3031018,
            5.3568836
          ],
          [
            100.3031018,
            5.3568837
          ],
          [
            100.3031018,
            5.3568837
          ],
          [
            100.3031017,
            5.3568837
          ],
          [
            100.3031017,
            5.3568838
          ],
          [
            100.3031017,
            5.3568838
          ],
          [
            100.3031017,
            5.3568838
          ],
          [
            100.3031016,
            5.3568839
          ],
          [
            100.3031016,
            5.3568839
          ],
          [
            100.3031016,
            5.3568839
          ],
          [
            100.3031015,
            5.356884
          ],
          [
            100.3031015,
            5.356884
          ],
          [
            100.3031015,
            5.356884
          ],
          [
            100.3031015,
            5.3568841
          ],
          [
            100.3031014,
            5.3568841
          ],
          [
            100.3031014,
            5.3568841
          ],
          [
            100.3031014,
            5.3568841
          ],
          [
            100.3031014,
            5.3568842
          ],
          [
            100.3031013,
            5.3568842
          ],
          [
            100.3031013,
            5.3568842
          ],
          [
            100.3031013,
            5.3568842
          ],
          [
            100.3031013,
            5.3568842
          ],
          [
            100.3031012,
            5.3568842
          ],
          [
            100.3031012,
            5.3568843
          ],
          [
            100.3031012,
            5.3568843
          ],
          [
            100.3031012,
            5.3568843
          ],
          [
            100.3031011,
            5.3568843
          ],
          [
            100.3031011,
            5.3568843
          ],
          [
            100.3031011,
            5.3568843
          ],
          [
            100.3031011,
            5.3568843
          ],
          [
            100.3031011,
            5.3568843
          ],
          [
            100.303101,
            5.3568843
          ],
          [
            100.303101,
            5.3568843
          ],
          [
            100.303101,
            5.3568844
          ],
          [
            100.303101,
            5.3568844
          ],
          [
            100.303101,
            5.3568844
          ],
          [
            100.303101,
            5.3568844
          ],
          [
            100.3031009,
            5.3568844
          ],
          [
            100.3031009,
            5.3568844
          ],
          [
            100.3031009,
            5.3568844
          ],
          [
            100.3031009,
            5.3568844
          ],
          [
            100.3031009,
            5.3568844
          ],
          [
            100.3031009,
            5.3568844
          ],
          [
            100.3031009,
            5.3568844
          ],
          [
            100.3031009,
            5.3568844
          ],
          [
            100.3031009,
            5.3568844
          ],
          [
            100.3031009,
            5.3568844
          ],
          [
            100.3031009,
            5.3568845
          ],
          [
            100.3031009,
            5.3568845
          ],
          [
            100.3031009,
            5.3568845
          ],
          [
            100.3031009,
            5.3568845
          ],
          [
            100.3031009,
            5.3568845
          ],
          [
            100.3031009,
            5.3568845
          ],
          [
            100.3031009,
            5.3568845
          ],
          [
            100.3031009,
            5.3568845
          ],
          [
            100.3031009,
            5.3568845
          ],
          [
            100.3031009,
            5.3568845
          ],
          [
            100.3031008,
            5.3568844
          ],
          [
            100.3031008,
            5.3568844
          ],
          [
            100.3031008,
            5.3568844
          ],
          [
            100.3031008,
            5.3568844
          ],
          [
            100.3031008,
            5.3568844
          ],
          [
            100.3031008,
            5.3568844
          ],
          [
            100.3031008,
            5.3568843
          ],
          [
            100.3031008,
            5.3568843
          ],
          [
            100.3031008,
            5.3568843
          ],
          [
            100.3031007,
            5.3568842
          ],
          [
            100.3031007,
            5.3568842
          ],
          [
            100.3031007,
            5.3568842
          ],
          [
            100.3031007,
            5.3568841
          ],
          [
            100.3031007,
            5.3568841
          ],
          [
            100.3031006,
            5.356884
          ],
          [
            100.3031006,
            5.356884
          ],
          [
            100.3031006,
            5.3568839
          ],
          [
            100.3031006,
            5.3568839
          ],
          [
            100.3031006,
            5.3568838
          ],
          [
            100.3031005,
            5.3568838
          ],
          [
            100.3031005,
            5.3568837
          ],
          [
            100.3031005,
            5.3568837
          ],
          [
            100.3031004,
            5.3568836
          ],
          [
            100.3031004,
            5.3568835
          ],
          [
            100.3031004,
            5.3568835
          ],
          [
            100.3031003,
            5.3568834
          ],
          [
            100.3031003,
            5.3568833
          ],
          [
            100.3031003,
            5.3568832
          ],
          [
            100.3031002,
            5.3568832
          ],
          [
            100.3031002,
            5.3568831
          ],
          [
            100.3031001,
            5.356883
          ],
          [
            100.3031001,
            5.3568829
          ],
          [
            100.3031001,
            5.3568828
          ],
          [
            100.3031,
            5.3568828
          ],
          [
            100.3031,
            5.3568827
          ],
          [
            100.3030999,
            5.3568826
          ],
          [
            100.3030998,
            5.3568825
          ],
          [
            100.3030998,
            5.3568824
          ],
          [
            100.3030997,
            5.3568823
          ],
          [
            100.3030997,
            5.3568822
          ],
          [
            100.3030996,
            5.3568821
          ],
          [
            100.3030995,
            5.3568819
          ],
          [
            100.3030995,
            5.3568818
          ],
          [
            100.3030994,
            5.3568817
          ],
          [
            100.3030993,
            5.3568816
          ],
          [
            100.3030992,
            5.3568815
          ],
          [
            100.3030991,
            5.3568814
          ],
          [
            100.303099,
            5.3568813
          ],
          [
            100.3030989,
            5.3568812
          ],
          [
            100.3030988,
            5.3568811
          ],
          [
            100.3030987,
            5.3568809
          ],
          [
            100.3030986,
            5.3568808
          ],
          [
            100.3030985,
            5.3568807
          ],
          [
            100.3030983,
            5.3568806
          ],
          [
            100.3030982,
            5.3568805
          ],
          [
            100.3030981,
            5.3568803
          ],
          [
            100.303098,
            5.3568802
          ],
          [
            100.3030978,
            5.3568801
          ],
          [
            100.3030977,
            5.35688
          ],
          [
            100.3030976,
            5.3568799
          ],
          [
            100.3030974,
            5.3568797
          ],
          [
            100.3030973,
            5.3568796
          ],
          [
            100.3030972,
            5.3568795
          ],
          [
            100.3030971,
            5.3568794
          ],
          [
            100.3030969,
            5.3568793
          ],
          [
            100.3030968,
            5.3568792
          ],
          [
            100.3030967,
            5.356879
          ],
          [
            100.3030966,
            5.3568789
          ],
          [
            100.3030965,
            5.3568788
          ],
          [
            100.3030963,
            5.3568787
          ],
          [
            100.3030962,
            5.3568786
          ],
          [
            100.3030961,
            5.3568785
          ],
          [
            100.303096,
            5.3568784
          ],
          [
            100.3030958,
            5.3568783
          ],
          [
            100.3030957,
            5.3568782
          ],
          [
            100.3030956,
            5.3568781
          ],
          [
            100.3030955,
            5.356878
          ],
          [
            100.3030953,
            5.3568779
          ],
          [
            100.3030952,
            5.3568778
          ],
          [
            100.3030951,
            5.3568777
          ],
          [
            100.303095,
            5.3568776
          ],
          [
            100.3030949,
            5.3568775
          ],
          [
            100.3030947,
            5.3568774
          ],
          [
            100.3030946,
            5.3568773
          ],
          [
            100.3030945,
            5.3568772
          ],
          [
            100.3030944,
            5.3568771
          ],
          [
            100.3030943,
            5.356877
          ],
          [
            100.3030942,
            5.3568769
          ],
          [
            100.303094,
            5.3568768
          ],
          [
            100.3030939,
            5.3568768
          ],
          [
            100.3030938,
            5.3568767
          ],
          [
            100.3030937,
            5.3568766
          ],
          [
            100.3030936,
            5.3568765
          ],
          [
            100.3030935,
            5.3568765
          ],
          [
            100.3030934,
            5.3568764
          ],
          [
            100.3030933,
            5.3568763
          ],
          [
            100.3030931,
            5.3568763
          ],
          [
            100.303093,
            5.3568762
          ],
          [
            100.3030929,
            5.3568761
          ],
          [
            100.3030928,
            5.3568761
          ],
          [
            100.3030927,
            5.356876
          ],
          [
            100.3030926,
            5.356876
          ],
          [
            100.3030925,
            5.3568759
          ],
          [
            100.3030924,
            5.3568759
          ],
          [
            100.3030923,
            5.3568758
          ],
          [
            100.3030922,
            5.3568757
          ],
          [
            100.3030922,
            5.3568757
          ],
          [
            100.3030921,
            5.3568756
          ],
          [
            100.303092,
            5.3568756
          ],
          [
            100.3030919,
            5.3568755
          ],
          [
            100.3030918,
            5.3568754
          ],
          [
            100.3030918,
            5.3568754
          ],
          [
            100.3030917,
            5.3568753
          ],
          [
            100.3030916,
            5.3568753
          ],
          [
            100.3030916,
            5.3568752
          ],
          [
            100.3030915,
            5.3568752
          ],
          [
            100.3030914,
            5.3568751
          ],
          [
            100.3030913,
            5.3568751
          ],
          [
            100.3030913,
            5.3568751
          ],
          [
            100.3030912,
            5.356875
          ],
          [
            100.3030911,
            5.356875
          ],
          [
            100.3030911,
            5.3568749
          ],
          [
            100.303091,
            5.3568749
          ],
          [
            100.3030909,
            5.3568749
          ],
          [
            100.3030909,
            5.3568748
          ],
          [
            100.3030908,
            5.3568748
          ],
          [
            100.3030907,
            5.3568748
          ],
          [
            100.3030907,
            5.3568747
          ],
          [
            100.3030906,
            5.3568747
          ],
          [
            100.3030905,
            5.3568747
          ],
          [
            100.3030905,
            5.3568747
          ],
          [
            100.3030904,
            5.3568746
          ],
          [
            100.3030903,
            5.3568746
          ],
          [
            100.3030903,
            5.3568746
          ],
          [
            100.3030902,
            5.3568746
          ],
          [
            100.3030901,
            5.3568746
          ],
          [
            100.3030901,
            5.3568746
          ],
          [
            100.30309,
            5.3568745
          ],
          [
            100.30309,
            5.3568745
          ],
          [
            100.3030899,
            5.3568745
          ],
          [
            100.3030898,
            5.3568745
          ],
          [
            100.3030898,
            5.3568745
          ],
          [
            100.3030897,
            5.3568745
          ],
          [
            100.3030896,
            5.3568745
          ],
          [
            100.3030896,
            5.3568745
          ],
          [
            100.3030895,
            5.3568745
          ],
          [
            100.3030894,
            5.3568745
          ],
          [
            100.3030894,
            5.3568745
          ],
          [
            100.3030893,
            5.3568745
          ],
          [
            100.3030893,
            5.3568744
          ],
          [
            100.3030892,
            5.3568744
          ],
          [
            100.3030891,
            5.3568744
          ],
          [
            100.3030891,
            5.3568744
          ],
          [
            100.303089,
            5.3568744
          ],
          [
            100.303089,
            5.3568744
          ],
          [
            100.3030889,
            5.3568744
          ],
          [
            100.3030888,
            5.3568744
          ],
          [
            100.3030888,
            5.3568744
          ],
          [
            100.3030887,
            5.3568744
          ],
          [
            100.3030887,
            5.3568744
          ],
          [
            100.3030886,
            5.3568744
          ],
          [
            100.3030886,
            5.3568744
          ],
          [
            100.3030885,
            5.3568744
          ],
          [
            100.3030885,
            5.3568744
          ],
          [
            100.3030884,
            5.3568744
          ],
          [
            100.3030883,
            5.3568744
          ],
          [
            100.3030883,
            5.3568744
          ],
          [
            100.3030882,
            5.3568744
          ],
          [
            100.3030882,
            5.3568744
          ],
          [
            100.3030881,
            5.3568744
          ],
          [
            100.3030881,
            5.3568744
          ],
          [
            100.303088,
            5.3568744
          ],
          [
            100.303088,
            5.3568744
          ],
          [
            100.303088,
            5.3568744
          ],
          [
            100.3030879,
            5.3568744
          ],
          [
            100.3030879,
            5.3568745
          ],
          [
            100.3030878,
            5.3568745
          ],
          [
            100.3030878,
            5.3568745
          ],
          [
            100.3030878,
            5.3568745
          ],
          [
            100.3030877,
            5.3568745
          ],
          [
            100.3030877,
            5.3568745
          ],
          [
            100.3030876,
            5.3568745
          ],
          [
            100.3030876,
            5.3568745
          ],
          [
            100.3030876,
            5.3568745
          ],
          [
            100.3030875,
            5.3568745
          ],
          [
            100.3030875,
            5.3568746
          ],
          [
            100.3030874,
            5.3568746
          ],
          [
            100.3030874,
            5.3568746
          ],
          [
            100.3030874,
            5.3568746
          ],
          [
            100.3030873,
            5.3568747
          ],
          [
            100.3030873,
            5.3568747
          ],
          [
            100.3030872,
            5.3568747
          ],
          [
            100.3030872,
            5.3568747
          ],
          [
            100.3030871,
            5.3568748
          ],
          [
            100.3030871,
            5.3568748
          ],
          [
            100.303087,
            5.3568749
          ],
          [
            100.303087,
            5.3568749
          ],
          [
            100.3030869,
            5.356875
          ],
          [
            100.3030868,
            5.356875
          ],
          [
            100.3030868,
            5.3568751
          ],
          [
            100.3030867,
            5.3568751
          ],
          [
            100.3030867,
            5.3568752
          ],
          [
            100.3030866,
            5.3568752
          ],
          [
            100.3030866,
            5.3568753
          ],
          [
            100.3030865,
            5.3568754
          ],
          [
            100.3030865,
            5.3568755
          ],
          [
            100.3030864,
            5.3568755
          ],
          [
            100.3030864,
            5.3568756
          ],
          [
            100.3030863,
            5.3568757
          ],
          [
            100.3030863,
            5.3568758
          ],
          [
            100.3030862,
            5.3568759
          ],
          [
            100.3030862,
            5.3568759
          ],
          [
            100.3030861,
            5.356876
          ],
          [
            100.303086,
            5.3568761
          ],
          [
            100.303086,
            5.3568762
          ],
          [
            100.303086,
            5.3568763
          ],
          [
            100.3030859,
            5.3568764
          ],
          [
            100.3030859,
            5.3568765
          ],
          [
            100.3030858,
            5.3568766
          ],
          [
            100.3030858,
            5.3568767
          ],
          [
            100.3030857,
            5.3568768
          ],
          [
            100.3030857,
            5.3568769
          ],
          [
            100.3030856,
            5.356877
          ],
          [
            100.3030856,
            5.3568771
          ],
          [
            100.3030856,
            5.3568772
          ],
          [
            100.3030855,
            5.3568774
          ],
          [
            100.3030855,
            5.3568775
          ],
          [
            100.3030854,
            5.3568776
          ],
          [
            100.3030854,
            5.3568777
          ],
          [
            100.3030854,
            5.3568778
          ],
          [
            100.3030853,
            5.3568779
          ],
          [
            100.3030853,
            5.3568781
          ],
          [
            100.3030853,
            5.3568782
          ],
          [
            100.3030852,
            5.3568783
          ],
          [
            100.3030852,
            5.3568785
          ],
          [
            100.3030852,
            5.3568786
          ],
          [
            100.3030851,
            5.3568787
          ],
          [
            100.3030851,
            5.3568789
          ],
          [
            100.3030851,
            5.356879
          ],
          [
            100.303085,
            5.3568792
          ],
          [
            100.303085,
            5.3568793
          ],
          [
            100.303085,
            5.3568795
          ],
          [
            100.303085,
            5.3568796
          ],
          [
            100.303085,
            5.3568798
          ],
          [
            100.3030849,
            5.3568799
          ],
          [
            100.3030849,
            5.3568801
          ],
          [
            100.3030849,
            5.3568802
          ],
          [
            100.3030849,
            5.3568804
          ],
          [
            100.3030849,
            5.3568805
          ],
          [
            100.3030849,
            5.3568807
          ],
          [
            100.3030849,
            5.3568808
          ],
          [
            100.3030849,
            5.356881
          ],
          [
            100.3030849,
            5.3568811
          ],
          [
            100.303085,
            5.3568812
          ],
          [
            100.303085,
            5.3568814
          ],
          [
            100.303085,
            5.3568815
          ],
          [
            100.303085,
            5.3568817
          ],
          [
            100.3030851,
            5.3568818
          ],
          [
            100.3030851,
            5.3568819
          ],
          [
            100.3030851,
            5.3568821
          ],
          [
            100.3030852,
            5.3568822
          ],
          [
            100.3030852,
            5.3568823
          ],
          [
            100.3030852,
            5.3568824
          ],
          [
            100.3030853,
            5.3568826
          ],
          [
            100.3030853,
            5.3568827
          ],
          [
            100.3030854,
            5.3568828
          ],
          [
            100.3030854,
            5.3568829
          ],
          [
            100.3030854,
            5.356883
          ],
          [
            100.3030855,
            5.3568831
          ],
          [
            100.3030855,
            5.3568832
          ],
          [
            100.3030856,
            5.3568834
          ],
          [
            100.3030856,
            5.3568835
          ],
          [
            100.3030856,
            5.3568836
          ],
          [
            100.3030857,
            5.3568837
          ],
          [
            100.3030857,
            5.3568838
          ],
          [
            100.3030857,
            5.3568839
          ],
          [
            100.3030858,
            5.356884
          ],
          [
            100.3030858,
            5.3568841
          ],
          [
            100.3030858,
            5.3568842
          ],
          [
            100.3030859,
            5.3568844
          ],
          [
            100.3030859,
            5.3568845
          ],
          [
            100.3030859,
            5.3568846
          ],
          [
            100.303086,
            5.3568847
          ],
          [
            100.303086,
            5.3568848
          ],
          [
            100.303086,
            5.3568849
          ],
          [
            100.3030861,
            5.356885
          ],
          [
            100.3030861,
            5.3568851
          ],
          [
            100.3030862,
            5.3568852
          ],
          [
            100.3030862,
            5.3568853
          ],
          [
            100.3030862,
            5.3568853
          ],
          [
            100.3030863,
            5.3568854
          ],
          [
            100.3030863,
            5.3568855
          ],
          [
            100.3030864,
            5.3568856
          ],
          [
            100.3030864,
            5.3568857
          ],
          [
            100.3030864,
            5.3568858
          ],
          [
            100.3030865,
            5.3568858
          ],
          [
            100.3030865,
            5.3568859
          ],
          [
            100.3030866,
            5.356886
          ],
          [
            100.3030866,
            5.356886
          ],
          [
            100.3030867,
            5.3568861
          ],
          [
            100.3030867,
            5.3568862
          ],
          [
            100.3030867,
            5.3568862
          ]
        ]
      },
      "properties": {
        "session": "session_1_2026-09-17_morning_M08_to_DTSP",
        "date": "2026-09-17",
        "condition": "Sunny morning induction transit (queue bottleneck)",
        "direction": "TO_DTSP",
        "raw_distance_m": 4310.3,
        "filtered_distance_m": 2224.0,
        "jitter_reduction_pct": 48.4
      }
    },
    {
      "type": "Feature",
      "geometry": {
        "type": "Point",
        "coordinates": [
          100.2898076,
          5.3572768
        ]
      },
      "properties": {
        "name": "Origin",
        "time": "06:47:12",
        "location": "Desasiswa Restu (M08 Pavilion)"
      }
    },
    {
      "type": "Feature",
      "geometry": {
        "type": "Point",
        "coordinates": [
          100.3030867,
          5.3568862
        ]
      },
      "properties": {
        "name": "Destination",
        "time": "09:18:57",
        "location": "Dewan Tuanku Syed Putra (DTSP)"
      }
    }
  ]
}